submission_period,federal_account_symbol,treasury_account_symbol,program_activity_reporting_key,program_activity_code,object_class_code,direct_or_reimbursable_funding_source,disaster_emergency_fund_code,transaction_obligated_amount,award_unique_key,award_id_piid,parent_award_id_piid,award_id_fain,award_id_uri,recipient_uei,recipient_name,recipient_parent_uei,recipient_parent_name,prime_award_base_transaction_description,usaspending_permalink,last_modified_date,source_row_id,source_zip_path,source_member,source_file_path,source_line_number,component,source_url,recipient_type
FY2025P09,070-0540,070-2022/2022-0540-000,,0005,25.2,D,Q,,CONT_AWD_70CMSW19C00000006_7012_-NONE-_-NONE-,70CMSW19C00000006,,,,LCJ3MDABAV97,"MAVAGI ENTERPRISES, INC.",LCJ3MDABAV97,"MAVAGI ENTERPRISES, INC.",GROUNDS AND CUSTODIAL SERVICES - PORT ISABEL SPC.,localhost:3000/award/CONT_AWD_70CMSW19C00000006_7012_-NONE-_-NONE-/,2025-08-13,DHS_FY2025P12_c:FY2025P01-P12_070_TAS_Contracts_AccountBreakdownByAward_2026-09-16_H02M56S53_01.csv:row:172,data/raw/DHS_FY2025P12_c/FY2025P01-P12_070_TAS_AccountBreakdownByAward_2026-09-16_H02M54S16646960.zip,FY2025P01-P12_070_TAS_Contracts_AccountBreakdownByAward_2026-09-16_H02M56S53_01.csv,data/raw/DHS_FY2025P12_c/FY2025P01-P12_070_TAS_AccountBreakdownByAward_2026-09-16_H02M54S16646960.zip!FY2025P01-P12_070_TAS_Contracts_AccountBreakdownByAward_2026-09-16_H02M56S53_01.csv,172,Contracts,https://files.usaspending.gov/generated_downloads/FY2025P01-P12_070_TAS_AccountBreakdownByAward_2026-09-16_H02M54S16646960.zip,Other public or nonprofit entities
FY2025P09,070-0540,070-2024/2024-0540-000,,0005,25.2,D,Q,,CONT_AWD_70CMSW19C00000006_7012_-NONE-_-NONE-,70CMSW19C00000006,,,,LCJ3MDABAV97,"MAVAGI ENTERPRISES, INC.",LCJ3MDABAV97,"MAVAGI ENTERPRISES, INC.",GROUNDS AND CUSTODIAL SERVICES - PORT ISABEL SPC.,localhost:3000/award/CONT_AWD_70CMSW19C00000006_7012_-NONE-_-NONE-/,2025-08-13,DHS_FY2025P12_c:FY2025P01-P12_070_TAS_Contracts_AccountBreakdownByAward_2026-09-16_H02M56S53_01.csv:row:173,data/raw/DHS_FY2025P12_c/FY2025P01-P12_070_TAS_AccountBreakdownByAward_2026-09-16_H02M54S16646960.zip,FY2025P01-P12_070_TAS_Contracts_AccountBreakdownByAward_2026-09-16_H02M56S53_01.csv,data/raw/DHS_FY2025P12_c/FY2025P01-P12_070_TAS_AccountBreakdownByAward_2026-09-16_H02M54S16646960.zip!FY2025P01-P12_070_TAS_Contracts_AccountBreakdownByAward_2026-09-16_H02M56S53_01.csv,173,Contracts,https://files.usaspending.gov/generated_downloads/FY2025P01-P12_070_TAS_AccountBreakdownByAward_2026-09-16_H02M54S16646960.zip,Other public or nonprofit entities
FY2025P11,070-0540,070-2024/2024-0540-000,,0005,25.2,D,Q,,CONT_AWD_70CMSW19C00000006_7012_-NONE-_-NONE-,70CMSW19C00000006,,,,LCJ3MDABAV97,"MAVAGI ENTERPRISES, INC.",LCJ3MDABAV97,"MAVAGI ENTERPRISES, INC.",GROUNDS AND CUSTODIAL SERVICES - PORT ISABEL SPC.,localhost:3000/award/CONT_AWD_70CMSW19C00000006_7012_-NONE-_-NONE-/,2025-12-05,DHS_FY2025P12_c:FY2025P01-P12_070_TAS_Contracts_AccountBreakdownByAward_2026-09-16_H02M56S53_01.csv:row:174,data/raw/DHS_FY2025P12_c/FY2025P01-P12_070_TAS_AccountBreakdownByAward_2026-09-16_H02M54S16646960.zip,FY2025P01-P12_070_TAS_Contracts_AccountBreakdownByAward_2026-09-16_H02M56S53_01.csv,data/raw/DHS_FY2025P12_c/FY2025P01-P12_070_TAS_AccountBreakdownByAward_2026-09-16_H02M54S16646960.zip!FY2025P01-P12_070_TAS_Contracts_AccountBreakdownByAward_2026-09-16_H02M56S53_01.csv,174,Contracts,https://files.usaspending.gov/generated_downloads/FY2025P01-P12_070_TAS_AccountBreakdownByAward_2026-09-16_H02M54S16646960.zip,Other public or nonprofit entities
FY2025P11,070-0540,070-2023/2023-0540-000,,0005,25.2,D,Q,,CONT_AWD_70CMSW19C00000006_7012_-NONE-_-NONE-,70CMSW19C00000006,,,,LCJ3MDABAV97,"MAVAGI ENTERPRISES, INC.",LCJ3MDABAV97,"MAVAGI ENTERPRISES, INC.",GROUNDS AND CUSTODIAL SERVICES - PORT ISABEL SPC.,localhost:3000/award/CONT_AWD_70CMSW19C00000006_7012_-NONE-_-NONE-/,2025-12-05,DHS_FY2025P12_c:FY2025P01-P12_070_TAS_Contracts_AccountBreakdownByAward_2026-09-16_H02M56S53_01.csv:row:175,data/raw/DHS_FY2025P12_c/FY2025P01-P12_070_TAS_AccountBreakdownByAward_2026-09-16_H02M54S16646960.zip,FY2025P01-P12_070_TAS_Contracts_AccountBreakdownByAward_2026-09-16_H02M56S53_01.csv,data/raw/DHS_FY2025P12_c/FY2025P01-P12_070_TAS_AccountBreakdownByAward_2026-09-16_H02M54S16646960.zip!FY2025P01-P12_070_TAS_Contracts_AccountBreakdownByAward_2026-09-16_H02M56S53_01.csv,175,Contracts,https://files.usaspending.gov/generated_downloads/FY2025P01-P12_070_TAS_AccountBreakdownByAward_2026-09-16_H02M54S16646960.zip,Other public or nonprofit entities
FY2025P12,070-0540,070-2022/2022-0540-000,,0005,25.2,D,Q,,CONT_AWD_70CMSW19C00000006_7012_-NONE-_-NONE-,70CMSW19C00000006,,,,LCJ3MDABAV97,"MAVAGI ENTERPRISES, INC.",LCJ3MDABAV97,"MAVAGI ENTERPRISES, INC.",GROUNDS AND CUSTODIAL SERVICES - PORT ISABEL SPC.,localhost:3000/award/CONT_AWD_70CMSW19C00000006_7012_-NONE-_-NONE-/,2025-12-05,DHS_FY2025P12_c:FY2025P01-P12_070_TAS_Contracts_AccountBreakdownByAward_2026-09-16_H02M56S53_01.csv:row:176,data/raw/DHS_FY2025P12_c/FY2025P01-P12_070_TAS_AccountBreakdownByAward_2026-09-16_H02M54S16646960.zip,FY2025P01-P12_070_TAS_Contracts_AccountBreakdownByAward_2026-09-16_H02M56S53_01.csv,data/raw/DHS_FY2025P12_c/FY2025P01-P12_070_TAS_AccountBreakdownByAward_2026-09-16_H02M54S16646960.zip!FY2025P01-P12_070_TAS_Contracts_AccountBreakdownByAward_2026-09-16_H02M56S53_01.csv,176,Contracts,https://files.usaspending.gov/generated_downloads/FY2025P01-P12_070_TAS_AccountBreakdownByAward_2026-09-16_H02M54S16646960.zip,Other public or nonprofit entities
FY2025P12,070-0540,070-2023/2023-0540-000,,0005,25.2,D,Q,,CONT_AWD_70CMSW19C00000006_7012_-NONE-_-NONE-,70CMSW19C00000006,,,,LCJ3MDABAV97,"MAVAGI ENTERPRISES, INC.",LCJ3MDABAV97,"MAVAGI ENTERPRISES, INC.",GROUNDS AND CUSTODIAL SERVICES - PORT ISABEL SPC.,localhost:3000/award/CONT_AWD_70CMSW19C00000006_7012_-NONE-_-NONE-/,2025-12-05,DHS_FY2025P12_c:FY2025P01-P12_070_TAS_Contracts_AccountBreakdownByAward_2026-09-16_H02M56S53_01.csv:row:177,data/raw/DHS_FY2025P12_c/FY2025P01-P12_070_TAS_AccountBreakdownByAward_2026-09-16_H02M54S16646960.zip,FY2025P01-P12_070_TAS_Contracts_AccountBreakdownByAward_2026-09-16_H02M56S53_01.csv,data/raw/DHS_FY2025P12_c/FY2025P01-P12_070_TAS_AccountBreakdownByAward_2026-09-16_H02M54S16646960.zip!FY2025P01-P12_070_TAS_Contracts_AccountBreakdownByAward_2026-09-16_H02M56S53_01.csv,177,Contracts,https://files.usaspending.gov/generated_downloads/FY2025P01-P12_070_TAS_AccountBreakdownByAward_2026-09-16_H02M54S16646960.zip,Other public or nonprofit entities
FY2025P08,070-0540,070-2022/2022-0540-000,,0005,25.2,D,Q,,CONT_AWD_70CMSW19C00000006_7012_-NONE-_-NONE-,70CMSW19C00000006,,,,LCJ3MDABAV97,"MAVAGI ENTERPRISES, INC.",LCJ3MDABAV97,"MAVAGI ENTERPRISES, INC.",GROUNDS AND CUSTODIAL SERVICES - PORT ISABEL SPC.,localhost:3000/award/CONT_AWD_70CMSW19C00000006_7012_-NONE-_-NONE-/,2025-07-01,DHS_FY2025P12_c:FY2025P01-P12_070_TAS_Contracts_AccountBreakdownByAward_2026-09-16_H02M56S53_01.csv:row:178,data/raw/DHS_FY2025P12_c/FY2025P01-P12_070_TAS_AccountBreakdownByAward_2026-09-16_H02M54S16646960.zip,FY2025P01-P12_070_TAS_Contracts_AccountBreakdownByAward_2026-09-16_H02M56S53_01.csv,data/raw/DHS_FY2025P12_c/FY2025P01-P12_070_TAS_AccountBreakdownByAward_2026-09-16_H02M54S16646960.zip!FY2025P01-P12_070_TAS_Contracts_AccountBreakdownByAward_2026-09-16_H02M56S53_01.csv,178,Contracts,https://files.usaspending.gov/generated_downloads/FY2025P01-P12_070_TAS_AccountBreakdownByAward_2026-09-16_H02M54S16646960.zip,Other public or nonprofit entities
FY2025P08,070-0540,070-2025/2025-0540-000,,0005,25.2,D,Q,,CONT_AWD_70CMSW19C00000006_7012_-NONE-_-NONE-,70CMSW19C00000006,,,,LCJ3MDABAV97,"MAVAGI ENTERPRISES, INC.",LCJ3MDABAV97,"MAVAGI ENTERPRISES, INC.",GROUNDS AND CUSTODIAL SERVICES - PORT ISABEL SPC.,localhost:3000/award/CONT_AWD_70CMSW19C00000006_7012_-NONE-_-NONE-/,2025-07-01,DHS_FY2025P12_c:FY2025P01-P12_070_TAS_Contracts_AccountBreakdownByAward_2026-09-16_H02M56S53_01.csv:row:179,data/raw/DHS_FY2025P12_c/FY2025P01-P12_070_TAS_AccountBreakdownByAward_2026-09-16_H02M54S16646960.zip,FY2025P01-P12_070_TAS_Contracts_AccountBreakdownByAward_2026-09-16_H02M56S53_01.csv,data/raw/DHS_FY2025P12_c/FY2025P01-P12_070_TAS_AccountBreakdownByAward_2026-09-16_H02M54S16646960.zip!FY2025P01-P12_070_TAS_Contracts_AccountBreakdownByAward_2026-09-16_H02M56S53_01.csv,179,Contracts,https://files.usaspending.gov/generated_downloads/FY2025P01-P12_070_TAS_AccountBreakdownByAward_2026-09-16_H02M54S16646960.zip,Other public or nonprofit entities
FY2025P09,070-0540,070-2025/2025-0540-000,,0005,25.2,D,Q,6550.92,CONT_AWD_70CMSW19C00000006_7012_-NONE-_-NONE-,70CMSW19C00000006,,,,LCJ3MDABAV97,"MAVAGI ENTERPRISES, INC.",LCJ3MDABAV97,"MAVAGI ENTERPRISES, INC.",GROUNDS AND CUSTODIAL SERVICES - PORT ISABEL SPC.,localhost:3000/award/CONT_AWD_70CMSW19C00000006_7012_-NONE-_-NONE-/,2025-08-13,DHS_FY2025P12_c:FY2025P01-P12_070_TAS_Contracts_AccountBreakdownByAward_2026-09-16_H02M56S53_01.csv:row:180,data/raw/DHS_FY2025P12_c/FY2025P01-P12_070_TAS_AccountBreakdownByAward_2026-09-16_H02M54S16646960.zip,FY2025P01-P12_070_TAS_Contracts_AccountBreakdownByAward_2026-09-16_H02M56S53_01.csv,data/raw/DHS_FY2025P12_c/FY2025P01-P12_070_TAS_AccountBreakdownByAward_2026-09-16_H02M54S16646960.zip!FY2025P01-P12_070_TAS_Contracts_AccountBreakdownByAward_2026-09-16_H02M56S53_01.csv,180,Contracts,https://files.usaspending.gov/generated_downloads/FY2025P01-P12_070_TAS_AccountBreakdownByAward_2026-09-16_H02M54S16646960.zip,Other public or nonprofit entities
FY2025P06,070-0540,070-2024/2024-0540-000,,0005,25.2,D,Q,,CONT_AWD_70CMSW19C00000006_7012_-NONE-_-NONE-,70CMSW19C00000006,,,,LCJ3MDABAV97,"MAVAGI ENTERPRISES, INC.",LCJ3MDABAV97,"MAVAGI ENTERPRISES, INC.",GROUNDS AND CUSTODIAL SERVICES - PORT ISABEL SPC.,localhost:3000/award/CONT_AWD_70CMSW19C00000006_7012_-NONE-_-NONE-/,2025-05-15,DHS_FY2025P12_c:FY2025P01-P12_070_TAS_Contracts_AccountBreakdownByAward_2026-09-16_H02M56S53_01.csv:row:183,data/raw/DHS_FY2025P12_c/FY2025P01-P12_070_TAS_AccountBreakdownByAward_2026-09-16_H02M54S16646960.zip,FY2025P01-P12_070_TAS_Contracts_AccountBreakdownByAward_2026-09-16_H02M56S53_01.csv,data/raw/DHS_FY2025P12_c/FY2025P01-P12_070_TAS_AccountBreakdownByAward_2026-09-16_H02M54S16646960.zip!FY2025P01-P12_070_TAS_Contracts_AccountBreakdownByAward_2026-09-16_H02M56S53_01.csv,183,Contracts,https://files.usaspending.gov/generated_downloads/FY2025P01-P12_070_TAS_AccountBreakdownByAward_2026-09-16_H02M54S16646960.zip,Other public or nonprofit entities
FY2025P07,070-0540,070-2025/2025-0540-000,,0005,25.2,D,Q,,CONT_AWD_70CMSW19C00000006_7012_-NONE-_-NONE-,70CMSW19C00000006,,,,LCJ3MDABAV97,"MAVAGI ENTERPRISES, INC.",LCJ3MDABAV97,"MAVAGI ENTERPRISES, INC.",GROUNDS AND CUSTODIAL SERVICES - PORT ISABEL SPC.,localhost:3000/award/CONT_AWD_70CMSW19C00000006_7012_-NONE-_-NONE-/,2025-05-30,DHS_FY2025P12_c:FY2025P01-P12_070_TAS_Contracts_AccountBreakdownByAward_2026-09-16_H02M56S53_01.csv:row:184,data/raw/DHS_FY2025P12_c/FY2025P01-P12_070_TAS_AccountBreakdownByAward_2026-09-16_H02M54S16646960.zip,FY2025P01-P12_070_TAS_Contracts_AccountBreakdownByAward_2026-09-16_H02M56S53_01.csv,data/raw/DHS_FY2025P12_c/FY2025P01-P12_070_TAS_AccountBreakdownByAward_2026-09-16_H02M54S16646960.zip!FY2025P01-P12_070_TAS_Contracts_AccountBreakdownByAward_2026-09-16_H02M56S53_01.csv,184,Contracts,https://files.usaspending.gov/generated_downloads/FY2025P01-P12_070_TAS_AccountBreakdownByAward_2026-09-16_H02M54S16646960.zip,Other public or nonprofit entities
FY2025P11,070-0540,070-2025/2025-0540-000,,0005,25.2,D,Q,,CONT_AWD_70CMSW19C00000006_7012_-NONE-_-NONE-,70CMSW19C00000006,,,,LCJ3MDABAV97,"MAVAGI ENTERPRISES, INC.",LCJ3MDABAV97,"MAVAGI ENTERPRISES, INC.",GROUNDS AND CUSTODIAL SERVICES - PORT ISABEL SPC.,localhost:3000/award/CONT_AWD_70CMSW19C00000006_7012_-NONE-_-NONE-/,2025-12-05,DHS_FY2025P12_c:FY2025P01-P12_070_TAS_Contracts_AccountBreakdownByAward_2026-09-16_H02M56S53_01.csv:row:186,data/raw/DHS_FY2025P12_c/FY2025P01-P12_070_TAS_AccountBreakdownByAward_2026-09-16_H02M54S16646960.zip,FY2025P01-P12_070_TAS_Contracts_AccountBreakdownByAward_2026-09-16_H02M56S53_01.csv,data/raw/DHS_FY2025P12_c/FY2025P01-P12_070_TAS_AccountBreakdownByAward_2026-09-16_H02M54S16646960.zip!FY2025P01-P12_070_TAS_Contracts_AccountBreakdownByAward_2026-09-16_H02M56S53_01.csv,186,Contracts,https://files.usaspending.gov/generated_downloads/FY2025P01-P12_070_TAS_AccountBreakdownByAward_2026-09-16_H02M54S16646960.zip,Other public or nonprofit entities
FY2025P12,070-0540,070-2025/2025-0540-000,,0005,25.2,D,Q,,CONT_AWD_70CMSW19C00000006_7012_-NONE-_-NONE-,70CMSW19C00000006,,,,LCJ3MDABAV97,"MAVAGI ENTERPRISES, INC.",LCJ3MDABAV97,"MAVAGI ENTERPRISES, INC.",GROUNDS AND CUSTODIAL SERVICES - PORT ISABEL SPC.,localhost:3000/award/CONT_AWD_70CMSW19C00000006_7012_-NONE-_-NONE-/,2025-12-05,DHS_FY2025P12_c:FY2025P01-P12_070_TAS_Contracts_AccountBreakdownByAward_2026-09-16_H02M56S53_01.csv:row:187,data/raw/DHS_FY2025P12_c/FY2025P01-P12_070_TAS_AccountBreakdownByAward_2026-09-16_H02M54S16646960.zip,FY2025P01-P12_070_TAS_Contracts_AccountBreakdownByAward_2026-09-16_H02M56S53_01.csv,data/raw/DHS_FY2025P12_c/FY2025P01-P12_070_TAS_AccountBreakdownByAward_2026-09-16_H02M54S16646960.zip!FY2025P01-P12_070_TAS_Contracts_AccountBreakdownByAward_2026-09-16_H02M56S53_01.csv,187,Contracts,https://files.usaspending.gov/generated_downloads/FY2025P01-P12_070_TAS_AccountBreakdownByAward_2026-09-16_H02M54S16646960.zip,Other public or nonprofit entities
FY2025P12,070-0540,070-2024/2024-0540-000,,0005,25.2,D,Q,,CONT_AWD_70CMSW19C00000006_7012_-NONE-_-NONE-,70CMSW19C00000006,,,,LCJ3MDABAV97,"MAVAGI ENTERPRISES, INC.",LCJ3MDABAV97,"MAVAGI ENTERPRISES, INC.",GROUNDS AND CUSTODIAL SERVICES - PORT ISABEL SPC.,localhost:3000/award/CONT_AWD_70CMSW19C00000006_7012_-NONE-_-NONE-/,2025-12-05,DHS_FY2025P12_c:FY2025P01-P12_070_TAS_Contracts_AccountBreakdownByAward_2026-09-16_H02M56S53_01.csv:row:188,data/raw/DHS_FY2025P12_c/FY2025P01-P12_070_TAS_AccountBreakdownByAward_2026-09-16_H02M54S16646960.zip,FY2025P01-P12_070_TAS_Contracts_AccountBreakdownByAward_2026-09-16_H02M56S53_01.csv,data/raw/DHS_FY2025P12_c/FY2025P01-P12_070_TAS_AccountBreakdownByAward_2026-09-16_H02M54S16646960.zip!FY2025P01-P12_070_TAS_Contracts_AccountBreakdownByAward_2026-09-16_H02M56S53_01.csv,188,Contracts,https://files.usaspending.gov/generated_downloads/FY2025P01-P12_070_TAS_AccountBreakdownByAward_2026-09-16_H02M54S16646960.zip,Other public or nonprofit entities
FY2025P10,070-0540,070-2022/2022-0540-000,,0005,25.2,D,Q,,CONT_AWD_70CMSW19C00000006_7012_-NONE-_-NONE-,70CMSW19C00000006,,,,LCJ3MDABAV97,"MAVAGI ENTERPRISES, INC.",LCJ3MDABAV97,"MAVAGI ENTERPRISES, INC.",GROUNDS AND CUSTODIAL SERVICES - PORT ISABEL SPC.,localhost:3000/award/CONT_AWD_70CMSW19C00000006_7012_-NONE-_-NONE-/,2025-09-10,DHS_FY2025P12_c:FY2025P01-P12_070_TAS_Contracts_AccountBreakdownByAward_2026-09-16_H02M56S53_01.csv:row:189,data/raw/DHS_FY2025P12_c/FY2025P01-P12_070_TAS_AccountBreakdownByAward_2026-09-16_H02M54S16646960.zip,FY2025P01-P12_070_TAS_Contracts_AccountBreakdownByAward_2026-09-16_H02M56S53_01.csv,data/raw/DHS_FY2025P12_c/FY2025P01-P12_070_TAS_AccountBreakdownByAward_2026-09-16_H02M54S16646960.zip!FY2025P01-P12_070_TAS_Contracts_AccountBreakdownByAward_2026-09-16_H02M56S53_01.csv,189,Contracts,https://files.usaspending.gov/generated_downloads/FY2025P01-P12_070_TAS_AccountBreakdownByAward_2026-09-16_H02M54S16646960.zip,Other public or nonprofit entities
FY2025P10,070-0540,070-2023/2023-0540-000,,0005,25.2,D,Q,,CONT_AWD_70CMSW19C00000006_7012_-NONE-_-NONE-,70CMSW19C00000006,,,,LCJ3MDABAV97,"MAVAGI ENTERPRISES, INC.",LCJ3MDABAV97,"MAVAGI ENTERPRISES, INC.",GROUNDS AND CUSTODIAL SERVICES - PORT ISABEL SPC.,localhost:3000/award/CONT_AWD_70CMSW19C00000006_7012_-NONE-_-NONE-/,2025-09-10,DHS_FY2025P12_c:FY2025P01-P12_070_TAS_Contracts_AccountBreakdownByAward_2026-09-16_H02M56S53_01.csv:row:190,data/raw/DHS_FY2025P12_c/FY2025P01-P12_070_TAS_AccountBreakdownByAward_2026-09-16_H02M54S16646960.zip,FY2025P01-P12_070_TAS_Contracts_AccountBreakdownByAward_2026-09-16_H02M56S53_01.csv,data/raw/DHS_FY2025P12_c/FY2025P01-P12_070_TAS_AccountBreakdownByAward_2026-09-16_H02M54S16646960.zip!FY2025P01-P12_070_TAS_Contracts_AccountBreakdownByAward_2026-09-16_H02M56S53_01.csv,190,Contracts,https://files.usaspending.gov/generated_downloads/FY2025P01-P12_070_TAS_AccountBreakdownByAward_2026-09-16_H02M54S16646960.zip,Other public or nonprofit entities
FY2025P10,070-0540,070-2025/2025-0540-000,,0005,25.2,D,Q,,CONT_AWD_70CMSW19C00000006_7012_-NONE-_-NONE-,70CMSW19C00000006,,,,LCJ3MDABAV97,"MAVAGI ENTERPRISES, INC.",LCJ3MDABAV97,"MAVAGI ENTERPRISES, INC.",GROUNDS AND CUSTODIAL SERVICES - PORT ISABEL SPC.,localhost:3000/award/CONT_AWD_70CMSW19C00000006_7012_-NONE-_-NONE-/,2025-09-10,DHS_FY2025P12_c:FY2025P01-P12_070_TAS_Contracts_AccountBreakdownByAward_2026-09-16_H02M56S53_01.csv:row:191,data/raw/DHS_FY2025P12_c/FY2025P01-P12_070_TAS_AccountBreakdownByAward_2026-09-16_H02M54S16646960.zip,FY2025P01-P12_070_TAS_Contracts_AccountBreakdownByAward_2026-09-16_H02M56S53_01.csv,data/raw/DHS_FY2025P12_c/FY2025P01-P12_070_TAS_AccountBreakdownByAward_2026-09-16_H02M54S16646960.zip!FY2025P01-P12_070_TAS_Contracts_AccountBreakdownByAward_2026-09-16_H02M56S53_01.csv,191,Contracts,https://files.usaspending.gov/generated_downloads/FY2025P01-P12_070_TAS_AccountBreakdownByAward_2026-09-16_H02M54S16646960.zip,Other public or nonprofit entities
FY2025P10,070-0540,070-2024/2024-0540-000,,0005,25.2,D,Q,,CONT_AWD_70CMSW19C00000006_7012_-NONE-_-NONE-,70CMSW19C00000006,,,,LCJ3MDABAV97,"MAVAGI ENTERPRISES, INC.",LCJ3MDABAV97,"MAVAGI ENTERPRISES, INC.",GROUNDS AND CUSTODIAL SERVICES - PORT ISABEL SPC.,localhost:3000/award/CONT_AWD_70CMSW19C00000006_7012_-NONE-_-NONE-/,2025-09-10,DHS_FY2025P12_c:FY2025P01-P12_070_TAS_Contracts_AccountBreakdownByAward_2026-09-16_H02M56S53_01.csv:row:192,data/raw/DHS_FY2025P12_c/FY2025P01-P12_070_TAS_AccountBreakdownByAward_2026-09-16_H02M54S16646960.zip,FY2025P01-P12_070_TAS_Contracts_AccountBreakdownByAward_2026-09-16_H02M56S53_01.csv,data/raw/DHS_FY2025P12_c/FY2025P01-P12_070_TAS_AccountBreakdownByAward_2026-09-16_H02M54S16646960.zip!FY2025P01-P12_070_TAS_Contracts_AccountBreakdownByAward_2026-09-16_H02M56S53_01.csv,192,Contracts,https://files.usaspending.gov/generated_downloads/FY2025P01-P12_070_TAS_AccountBreakdownByAward_2026-09-16_H02M54S16646960.zip,Other public or nonprofit entities
FY2025P05,070-0540,070-2022/2022-0540-000,,0005,25.2,D,Q,,CONT_AWD_70CMSW19C00000006_7012_-NONE-_-NONE-,70CMSW19C00000006,,,,LCJ3MDABAV97,"MAVAGI ENTERPRISES, INC.",LCJ3MDABAV97,"MAVAGI ENTERPRISES, INC.",GROUNDS AND CUSTODIAL SERVICES - PORT ISABEL SPC.,localhost:3000/award/CONT_AWD_70CMSW19C00000006_7012_-NONE-_-NONE-/,2025-05-15,DHS_FY2025P12_c:FY2025P01-P12_070_TAS_Contracts_AccountBreakdownByAward_2026-09-16_H02M56S53_01.csv:row:193,data/raw/DHS_FY2025P12_c/FY2025P01-P12_070_TAS_AccountBreakdownByAward_2026-09-16_H02M54S16646960.zip,FY2025P01-P12_070_TAS_Contracts_AccountBreakdownByAward_2026-09-16_H02M56S53_01.csv,data/raw/DHS_FY2025P12_c/FY2025P01-P12_070_TAS_AccountBreakdownByAward_2026-09-16_H02M54S16646960.zip!FY2025P01-P12_070_TAS_Contracts_AccountBreakdownByAward_2026-09-16_H02M56S53_01.csv,193,Contracts,https://files.usaspending.gov/generated_downloads/FY2025P01-P12_070_TAS_AccountBreakdownByAward_2026-09-16_H02M54S16646960.zip,Other public or nonprofit entities
FY2025P07,070-0540,070-2024/2024-0540-000,,0005,25.2,D,Q,,CONT_AWD_70CMSW19C00000006_7012_-NONE-_-NONE-,70CMSW19C00000006,,,,LCJ3MDABAV97,"MAVAGI ENTERPRISES, INC.",LCJ3MDABAV97,"MAVAGI ENTERPRISES, INC.",GROUNDS AND CUSTODIAL SERVICES - PORT ISABEL SPC.,localhost:3000/award/CONT_AWD_70CMSW19C00000006_7012_-NONE-_-NONE-/,2025-05-30,DHS_FY2025P12_c:FY2025P01-P12_070_TAS_Contracts_AccountBreakdownByAward_2026-09-16_H02M56S53_01.csv:row:194,data/raw/DHS_FY2025P12_c/FY2025P01-P12_070_TAS_AccountBreakdownByAward_2026-09-16_H02M54S16646960.zip,FY2025P01-P12_070_TAS_Contracts_AccountBreakdownByAward_2026-09-16_H02M56S53_01.csv,data/raw/DHS_FY2025P12_c/FY2025P01-P12_070_TAS_AccountBreakdownByAward_2026-09-16_H02M54S16646960.zip!FY2025P01-P12_070_TAS_Contracts_AccountBreakdownByAward_2026-09-16_H02M56S53_01.csv,194,Contracts,https://files.usaspending.gov/generated_downloads/FY2025P01-P12_070_TAS_AccountBreakdownByAward_2026-09-16_H02M54S16646960.zip,Other public or nonprofit entities
FY2025P09,070-0540,070-2023/2023-0540-000,,0005,25.2,D,Q,,CONT_AWD_70CMSW19C00000006_7012_-NONE-_-NONE-,70CMSW19C00000006,,,,LCJ3MDABAV97,"MAVAGI ENTERPRISES, INC.",LCJ3MDABAV97,"MAVAGI ENTERPRISES, INC.",GROUNDS AND CUSTODIAL SERVICES - PORT ISABEL SPC.,localhost:3000/award/CONT_AWD_70CMSW19C00000006_7012_-NONE-_-NONE-/,2025-08-13,DHS_FY2025P12_c:FY2025P01-P12_070_TAS_Contracts_AccountBreakdownByAward_2026-09-16_H02M56S53_01.csv:row:195,data/raw/DHS_FY2025P12_c/FY2025P01-P12_070_TAS_AccountBreakdownByAward_2026-09-16_H02M54S16646960.zip,FY2025P01-P12_070_TAS_Contracts_AccountBreakdownByAward_2026-09-16_H02M56S53_01.csv,data/raw/DHS_FY2025P12_c/FY2025P01-P12_070_TAS_AccountBreakdownByAward_2026-09-16_H02M54S16646960.zip!FY2025P01-P12_070_TAS_Contracts_AccountBreakdownByAward_2026-09-16_H02M56S53_01.csv,195,Contracts,https://files.usaspending.gov/generated_downloads/FY2025P01-P12_070_TAS_AccountBreakdownByAward_2026-09-16_H02M54S16646960.zip,Other public or nonprofit entities
FY2025P06,070-0540,070-2022/2022-0540-000,,0005,25.2,D,Q,,CONT_AWD_70CMSW19C00000006_7012_-NONE-_-NONE-,70CMSW19C00000006,,,,LCJ3MDABAV97,"MAVAGI ENTERPRISES, INC.",LCJ3MDABAV97,"MAVAGI ENTERPRISES, INC.",GROUNDS AND CUSTODIAL SERVICES - PORT ISABEL SPC.,localhost:3000/award/CONT_AWD_70CMSW19C00000006_7012_-NONE-_-NONE-/,2025-05-15,DHS_FY2025P12_c:FY2025P01-P12_070_TAS_Contracts_AccountBreakdownByAward_2026-09-16_H02M56S53_01.csv:row:196,data/raw/DHS_FY2025P12_c/FY2025P01-P12_070_TAS_AccountBreakdownByAward_2026-09-16_H02M54S16646960.zip,FY2025P01-P12_070_TAS_Contracts_AccountBreakdownByAward_2026-09-16_H02M56S53_01.csv,data/raw/DHS_FY2025P12_c/FY2025P01-P12_070_TAS_AccountBreakdownByAward_2026-09-16_H02M54S16646960.zip!FY2025P01-P12_070_TAS_Contracts_AccountBreakdownByAward_2026-09-16_H02M56S53_01.csv,196,Contracts,https://files.usaspending.gov/generated_downloads/FY2025P01-P12_070_TAS_AccountBreakdownByAward_2026-09-16_H02M54S16646960.zip,Other public or nonprofit entities
FY2025P05,070-0540,070-2025/2025-0540-000,,0005,25.2,D,Q,3027.96,CONT_AWD_70CMSW19C00000006_7012_-NONE-_-NONE-,70CMSW19C00000006,,,,LCJ3MDABAV97,"MAVAGI ENTERPRISES, INC.",LCJ3MDABAV97,"MAVAGI ENTERPRISES, INC.",GROUNDS AND CUSTODIAL SERVICES - PORT ISABEL SPC.,localhost:3000/award/CONT_AWD_70CMSW19C00000006_7012_-NONE-_-NONE-/,2025-05-15,DHS_FY2025P12_c:FY2025P01-P12_070_TAS_Contracts_AccountBreakdownByAward_2026-09-16_H02M56S53_01.csv:row:197,data/raw/DHS_FY2025P12_c/FY2025P01-P12_070_TAS_AccountBreakdownByAward_2026-09-16_H02M54S16646960.zip,FY2025P01-P12_070_TAS_Contracts_AccountBreakdownByAward_2026-09-16_H02M56S53_01.csv,data/raw/DHS_FY2025P12_c/FY2025P01-P12_070_TAS_AccountBreakdownByAward_2026-09-16_H02M54S16646960.zip!FY2025P01-P12_070_TAS_Contracts_AccountBreakdownByAward_2026-09-16_H02M56S53_01.csv,197,Contracts,https://files.usaspending.gov/generated_downloads/FY2025P01-P12_070_TAS_AccountBreakdownByAward_2026-09-16_H02M54S16646960.zip,Other public or nonprofit entities
FY2025P07,070-0540,070-2022/2022-0540-000,,0005,25.2,D,Q,,CONT_AWD_70CMSW19C00000006_7012_-NONE-_-NONE-,70CMSW19C00000006,,,,LCJ3MDABAV97,"MAVAGI ENTERPRISES, INC.",LCJ3MDABAV97,"MAVAGI ENTERPRISES, INC.",GROUNDS AND CUSTODIAL SERVICES - PORT ISABEL SPC.,localhost:3000/award/CONT_AWD_70CMSW19C00000006_7012_-NONE-_-NONE-/,2025-05-30,DHS_FY2025P12_c:FY2025P01-P12_070_TAS_Contracts_AccountBreakdownByAward_2026-09-16_H02M56S53_01.csv:row:198,data/raw/DHS_FY2025P12_c/FY2025P01-P12_070_TAS_AccountBreakdownByAward_2026-09-16_H02M54S16646960.zip,FY2025P01-P12_070_TAS_Contracts_AccountBreakdownByAward_2026-09-16_H02M56S53_01.csv,data/raw/DHS_FY2025P12_c/FY2025P01-P12_070_TAS_AccountBreakdownByAward_2026-09-16_H02M54S16646960.zip!FY2025P01-P12_070_TAS_Contracts_AccountBreakdownByAward_2026-09-16_H02M56S53_01.csv,198,Contracts,https://files.usaspending.gov/generated_downloads/FY2025P01-P12_070_TAS_AccountBreakdownByAward_2026-09-16_H02M54S16646960.zip,Other public or nonprofit entities
FY2025P07,070-0540,070-2025/2025-0540-000,,0005,25.2,D,Q,538994.80,CONT_AWD_70CMSW19C00000006_7012_-NONE-_-NONE-,70CMSW19C00000006,,,,LCJ3MDABAV97,"MAVAGI ENTERPRISES, INC.",LCJ3MDABAV97,"MAVAGI ENTERPRISES, INC.",GROUNDS AND CUSTODIAL SERVICES - PORT ISABEL SPC.,localhost:3000/award/CONT_AWD_70CMSW19C00000006_7012_-NONE-_-NONE-/,2025-05-30,DHS_FY2025P12_c:FY2025P01-P12_070_TAS_Contracts_AccountBreakdownByAward_2026-09-16_H02M56S53_01.csv:row:199,data/raw/DHS_FY2025P12_c/FY2025P01-P12_070_TAS_AccountBreakdownByAward_2026-09-16_H02M54S16646960.zip,FY2025P01-P12_070_TAS_Contracts_AccountBreakdownByAward_2026-09-16_H02M56S53_01.csv,data/raw/DHS_FY2025P12_c/FY2025P01-P12_070_TAS_AccountBreakdownByAward_2026-09-16_H02M54S16646960.zip!FY2025P01-P12_070_TAS_Contracts_AccountBreakdownByAward_2026-09-16_H02M56S53_01.csv,199,Contracts,https://files.usaspending.gov/generated_downloads/FY2025P01-P12_070_TAS_AccountBreakdownByAward_2026-09-16_H02M54S16646960.zip,Other public or nonprofit entities
FY2025P05,070-0540,070-2024/2024-0540-000,,0005,25.2,D,Q,,CONT_AWD_70CMSW19C00000006_7012_-NONE-_-NONE-,70CMSW19C00000006,,,,LCJ3MDABAV97,"MAVAGI ENTERPRISES, INC.",LCJ3MDABAV97,"MAVAGI ENTERPRISES, INC.",GROUNDS AND CUSTODIAL SERVICES - PORT ISABEL SPC.,localhost:3000/award/CONT_AWD_70CMSW19C00000006_7012_-NONE-_-NONE-/,2025-05-15,DHS_FY2025P12_c:FY2025P01-P12_070_TAS_Contracts_AccountBreakdownByAward_2026-09-16_H02M56S53_01.csv:row:200,data/raw/DHS_FY2025P12_c/FY2025P01-P12_070_TAS_AccountBreakdownByAward_2026-09-16_H02M54S16646960.zip,FY2025P01-P12_070_TAS_Contracts_AccountBreakdownByAward_2026-09-16_H02M56S53_01.csv,data/raw/DHS_FY2025P12_c/FY2025P01-P12_070_TAS_AccountBreakdownByAward_2026-09-16_H02M54S16646960.zip!FY2025P01-P12_070_TAS_Contracts_AccountBreakdownByAward_2026-09-16_H02M56S53_01.csv,200,Contracts,https://files.usaspending.gov/generated_downloads/FY2025P01-P12_070_TAS_AccountBreakdownByAward_2026-09-16_H02M54S16646960.zip,Other public or nonprofit entities
FY2025P09,070-0540,070-2025/2025-0540-000,,0005,25.2,D,Q,,CONT_AWD_70CMSW19C00000006_7012_-NONE-_-NONE-,70CMSW19C00000006,,,,LCJ3MDABAV97,"MAVAGI ENTERPRISES, INC.",LCJ3MDABAV97,"MAVAGI ENTERPRISES, INC.",GROUNDS AND CUSTODIAL SERVICES - PORT ISABEL SPC.,localhost:3000/award/CONT_AWD_70CMSW19C00000006_7012_-NONE-_-NONE-/,2025-08-13,DHS_FY2025P12_c:FY2025P01-P12_070_TAS_Contracts_AccountBreakdownByAward_2026-09-16_H02M56S53_01.csv:row:201,data/raw/DHS_FY2025P12_c/FY2025P01-P12_070_TAS_AccountBreakdownByAward_2026-09-16_H02M54S16646960.zip,FY2025P01-P12_070_TAS_Contracts_AccountBreakdownByAward_2026-09-16_H02M56S53_01.csv,data/raw/DHS_FY2025P12_c/FY2025P01-P12_070_TAS_AccountBreakdownByAward_2026-09-16_H02M54S16646960.zip!FY2025P01-P12_070_TAS_Contracts_AccountBreakdownByAward_2026-09-16_H02M56S53_01.csv,201,Contracts,https://files.usaspending.gov/generated_downloads/FY2025P01-P12_070_TAS_AccountBreakdownByAward_2026-09-16_H02M54S16646960.zip,Other public or nonprofit entities
FY2025P08,070-0540,070-2024/2024-0540-000,,0005,25.2,D,Q,,CONT_AWD_70CMSW19C00000006_7012_-NONE-_-NONE-,70CMSW19C00000006,,,,LCJ3MDABAV97,"MAVAGI ENTERPRISES, INC.",LCJ3MDABAV97,"MAVAGI ENTERPRISES, INC.",GROUNDS AND CUSTODIAL SERVICES - PORT ISABEL SPC.,localhost:3000/award/CONT_AWD_70CMSW19C00000006_7012_-NONE-_-NONE-/,2025-07-01,DHS_FY2025P12_c:FY2025P01-P12_070_TAS_Contracts_AccountBreakdownByAward_2026-09-16_H02M56S53_01.csv:row:202,data/raw/DHS_FY2025P12_c/FY2025P01-P12_070_TAS_AccountBreakdownByAward_2026-09-16_H02M54S16646960.zip,FY2025P01-P12_070_TAS_Contracts_AccountBreakdownByAward_2026-09-16_H02M56S53_01.csv,data/raw/DHS_FY2025P12_c/FY2025P01-P12_070_TAS_AccountBreakdownByAward_2026-09-16_H02M54S16646960.zip!FY2025P01-P12_070_TAS_Contracts_AccountBreakdownByAward_2026-09-16_H02M56S53_01.csv,202,Contracts,https://files.usaspending.gov/generated_downloads/FY2025P01-P12_070_TAS_AccountBreakdownByAward_2026-09-16_H02M54S16646960.zip,Other public or nonprofit entities
FY2025P11,070-0540,070-2022/2022-0540-000,,0005,25.2,D,Q,,CONT_AWD_70CMSW19C00000006_7012_-NONE-_-NONE-,70CMSW19C00000006,,,,LCJ3MDABAV97,"MAVAGI ENTERPRISES, INC.",LCJ3MDABAV97,"MAVAGI ENTERPRISES, INC.",GROUNDS AND CUSTODIAL SERVICES - PORT ISABEL SPC.,localhost:3000/award/CONT_AWD_70CMSW19C00000006_7012_-NONE-_-NONE-/,2025-12-05,DHS_FY2025P12_c:FY2025P01-P12_070_TAS_Contracts_AccountBreakdownByAward_2026-09-16_H02M56S53_01.csv:row:203,data/raw/DHS_FY2025P12_c/FY2025P01-P12_070_TAS_AccountBreakdownByAward_2026-09-16_H02M54S16646960.zip,FY2025P01-P12_070_TAS_Contracts_AccountBreakdownByAward_2026-09-16_H02M56S53_01.csv,data/raw/DHS_FY2025P12_c/FY2025P01-P12_070_TAS_AccountBreakdownByAward_2026-09-16_H02M54S16646960.zip!FY2025P01-P12_070_TAS_Contracts_AccountBreakdownByAward_2026-09-16_H02M56S53_01.csv,203,Contracts,https://files.usaspending.gov/generated_downloads/FY2025P01-P12_070_TAS_AccountBreakdownByAward_2026-09-16_H02M54S16646960.zip,Other public or nonprofit entities
FY2025P12,070-0540,070-2025/2025-0540-000,,0004,25.7,D,Q,100136.00,CONT_AWD_70CMSD25P00000044_7012_-NONE-_-NONE-,70CMSD25P00000044,,,,CU82DUZEEL81,SAN DIEGO ASSOCIATION OF GOVERNMENTS,CU82DUZEEL81,SAN DIEGO ASSOCIATION OF GOVERNMENTS,THIS AWARD PROVIDES ACCESS TO THE AUTOMATED REGIONAL JUSTICE INFORMATION SYSTEM FOR THE HOMELAND SECURITY INVESTIGATIONS SAN DIEGO OFFICE TO GATHER INFORMATION FOR CRIMINAL INVESTIGATIONS.,localhost:3000/award/CONT_AWD_70CMSD25P00000044_7012_-NONE-_-NONE-/,2025-12-05,DHS_FY2025P12_c:FY2025P01-P12_070_TAS_Contracts_AccountBreakdownByAward_2026-09-16_H02M56S53_01.csv:row:1998,data/raw/DHS_FY2025P12_c/FY2025P01-P12_070_TAS_AccountBreakdownByAward_2026-09-16_H02M54S16646960.zip,FY2025P01-P12_070_TAS_Contracts_AccountBreakdownByAward_2026-09-16_H02M56S53_01.csv,data/raw/DHS_FY2025P12_c/FY2025P01-P12_070_TAS_AccountBreakdownByAward_2026-09-16_H02M54S16646960.zip!FY2025P01-P12_070_TAS_Contracts_AccountBreakdownByAward_2026-09-16_H02M56S53_01.csv,1998,Contracts,https://files.usaspending.gov/generated_downloads/FY2025P01-P12_070_TAS_AccountBreakdownByAward_2026-09-16_H02M54S16646960.zip,State and local governments
FY2025P07,070-0540,070-2023/2023-0540-000,,0003,25.4,D,Q,,CONT_AWD_70CMSW23P00000022_7012_-NONE-_-NONE-,70CMSW23P00000022,,,,KHFLCLB4BW91,"FEDERAL PRISON INDUSTRIES, INC",NW2RJN8TQQW1,GOVERNMENT OF THE UNITED STATES,"FURNITURE, DELIVERY, AND INSTALLATION SERVICES FOR OPLA PHOENIX, ELOY DETENTION CENTER SUB-OFFICE",localhost:3000/award/CONT_AWD_70CMSW23P00000022_7012_-NONE-_-NONE-/,2025-05-30,DHS_FY2025P12_c:FY2025P01-P12_070_TAS_Contracts_AccountBreakdownByAward_2026-09-16_H02M56S53_01.csv:row:7209,data/raw/DHS_FY2025P12_c/FY2025P01-P12_070_TAS_AccountBreakdownByAward_2026-09-16_H02M54S16646960.zip,FY2025P01-P12_070_TAS_Contracts_AccountBreakdownByAward_2026-09-16_H02M56S53_01.csv,data/raw/DHS_FY2025P12_c/FY2025P01-P12_070_TAS_AccountBreakdownByAward_2026-09-16_H02M54S16646960.zip!FY2025P01-P12_070_TAS_Contracts_AccountBreakdownByAward_2026-09-16_H02M56S53_01.csv,7209,Contracts,https://files.usaspending.gov/generated_downloads/FY2025P01-P12_070_TAS_AccountBreakdownByAward_2026-09-16_H02M54S16646960.zip,Other public or nonprofit entities
FY2025P05,070-0540,070-2023/2023-0540-000,,0003,25.4,D,Q,,CONT_AWD_70CMSW23P00000022_7012_-NONE-_-NONE-,70CMSW23P00000022,,,,KHFLCLB4BW91,"FEDERAL PRISON INDUSTRIES, INC",NW2RJN8TQQW1,GOVERNMENT OF THE UNITED STATES,"FURNITURE, DELIVERY, AND INSTALLATION SERVICES FOR OPLA PHOENIX, ELOY DETENTION CENTER SUB-OFFICE",localhost:3000/award/CONT_AWD_70CMSW23P00000022_7012_-NONE-_-NONE-/,2025-05-15,DHS_FY2025P12_c:FY2025P01-P12_070_TAS_Contracts_AccountBreakdownByAward_2026-09-16_H02M56S53_01.csv:row:7210,data/raw/DHS_FY2025P12_c/FY2025P01-P12_070_TAS_AccountBreakdownByAward_2026-09-16_H02M54S16646960.zip,FY2025P01-P12_070_TAS_Contracts_AccountBreakdownByAward_2026-09-16_H02M56S53_01.csv,data/raw/DHS_FY2025P12_c/FY2025P01-P12_070_TAS_AccountBreakdownByAward_2026-09-16_H02M54S16646960.zip!FY2025P01-P12_070_TAS_Contracts_AccountBreakdownByAward_2026-09-16_H02M56S53_01.csv,7210,Contracts,https://files.usaspending.gov/generated_downloads/FY2025P01-P12_070_TAS_AccountBreakdownByAward_2026-09-16_H02M54S16646960.zip,Other public or nonprofit entities
FY2025P06,070-0540,070-2023/2023-0540-000,,0003,25.4,D,Q,,CONT_AWD_70CMSW23P00000022_7012_-NONE-_-NONE-,70CMSW23P00000022,,,,KHFLCLB4BW91,"FEDERAL PRISON INDUSTRIES, INC",NW2RJN8TQQW1,GOVERNMENT OF THE UNITED STATES,"FURNITURE, DELIVERY, AND INSTALLATION SERVICES FOR OPLA PHOENIX, ELOY DETENTION CENTER SUB-OFFICE",localhost:3000/award/CONT_AWD_70CMSW23P00000022_7012_-NONE-_-NONE-/,2025-05-15,DHS_FY2025P12_c:FY2025P01-P12_070_TAS_Contracts_AccountBreakdownByAward_2026-09-16_H02M56S53_01.csv:row:7211,data/raw/DHS_FY2025P12_c/FY2025P01-P12_070_TAS_AccountBreakdownByAward_2026-09-16_H02M54S16646960.zip,FY2025P01-P12_070_TAS_Contracts_AccountBreakdownByAward_2026-09-16_H02M56S53_01.csv,data/raw/DHS_FY2025P12_c/FY2025P01-P12_070_TAS_AccountBreakdownByAward_2026-09-16_H02M54S16646960.zip!FY2025P01-P12_070_TAS_Contracts_AccountBreakdownByAward_2026-09-16_H02M56S53_01.csv,7211,Contracts,https://files.usaspending.gov/generated_downloads/FY2025P01-P12_070_TAS_AccountBreakdownByAward_2026-09-16_H02M54S16646960.zip,Other public or nonprofit entities
FY2025P11,070-0540,070-2023/2023-0540-000,,0003,25.4,D,Q,,CONT_AWD_70CMSW23P00000022_7012_-NONE-_-NONE-,70CMSW23P00000022,,,,KHFLCLB4BW91,"FEDERAL PRISON INDUSTRIES, INC",NW2RJN8TQQW1,GOVERNMENT OF THE UNITED STATES,"FURNITURE, DELIVERY, AND INSTALLATION SERVICES FOR OPLA PHOENIX, ELOY DETENTION CENTER SUB-OFFICE",localhost:3000/award/CONT_AWD_70CMSW23P00000022_7012_-NONE-_-NONE-/,2025-12-05,DHS_FY2025P12_c:FY2025P01-P12_070_TAS_Contracts_AccountBreakdownByAward_2026-09-16_H02M56S53_01.csv:row:7213,data/raw/DHS_FY2025P12_c/FY2025P01-P12_070_TAS_AccountBreakdownByAward_2026-09-16_H02M54S16646960.zip,FY2025P01-P12_070_TAS_Contracts_AccountBreakdownByAward_2026-09-16_H02M56S53_01.csv,data/raw/DHS_FY2025P12_c/FY2025P01-P12_070_TAS_AccountBreakdownByAward_2026-09-16_H02M54S16646960.zip!FY2025P01-P12_070_TAS_Contracts_AccountBreakdownByAward_2026-09-16_H02M56S53_01.csv,7213,Contracts,https://files.usaspending.gov/generated_downloads/FY2025P01-P12_070_TAS_AccountBreakdownByAward_2026-09-16_H02M54S16646960.zip,Other public or nonprofit entities
FY2025P12,070-0540,070-2023/2023-0540-000,,0003,25.4,D,Q,,CONT_AWD_70CMSW23P00000022_7012_-NONE-_-NONE-,70CMSW23P00000022,,,,KHFLCLB4BW91,"FEDERAL PRISON INDUSTRIES, INC",NW2RJN8TQQW1,GOVERNMENT OF THE UNITED STATES,"FURNITURE, DELIVERY, AND INSTALLATION SERVICES FOR OPLA PHOENIX, ELOY DETENTION CENTER SUB-OFFICE",localhost:3000/award/CONT_AWD_70CMSW23P00000022_7012_-NONE-_-NONE-/,2025-12-05,DHS_FY2025P12_c:FY2025P01-P12_070_TAS_Contracts_AccountBreakdownByAward_2026-09-16_H02M56S53_01.csv:row:7214,data/raw/DHS_FY2025P12_c/FY2025P01-P12_070_TAS_AccountBreakdownByAward_2026-09-16_H02M54S16646960.zip,FY2025P01-P12_070_TAS_Contracts_AccountBreakdownByAward_2026-09-16_H02M56S53_01.csv,data/raw/DHS_FY2025P12_c/FY2025P01-P12_070_TAS_AccountBreakdownByAward_2026-09-16_H02M54S16646960.zip!FY2025P01-P12_070_TAS_Contracts_AccountBreakdownByAward_2026-09-16_H02M56S53_01.csv,7214,Contracts,https://files.usaspending.gov/generated_downloads/FY2025P01-P12_070_TAS_AccountBreakdownByAward_2026-09-16_H02M54S16646960.zip,Other public or nonprofit entities
FY2025P09,070-0540,070-2023/2023-0540-000,,0003,25.4,D,Q,,CONT_AWD_70CMSW23P00000022_7012_-NONE-_-NONE-,70CMSW23P00000022,,,,KHFLCLB4BW91,"FEDERAL PRISON INDUSTRIES, INC",NW2RJN8TQQW1,GOVERNMENT OF THE UNITED STATES,"FURNITURE, DELIVERY, AND INSTALLATION SERVICES FOR OPLA PHOENIX, ELOY DETENTION CENTER SUB-OFFICE",localhost:3000/award/CONT_AWD_70CMSW23P00000022_7012_-NONE-_-NONE-/,2025-08-13,DHS_FY2025P12_c:FY2025P01-P12_070_TAS_Contracts_AccountBreakdownByAward_2026-09-16_H02M56S53_01.csv:row:7215,data/raw/DHS_FY2025P12_c/FY2025P01-P12_070_TAS_AccountBreakdownByAward_2026-09-16_H02M54S16646960.zip,FY2025P01-P12_070_TAS_Contracts_AccountBreakdownByAward_2026-09-16_H02M56S53_01.csv,data/raw/DHS_FY2025P12_c/FY2025P01-P12_070_TAS_AccountBreakdownByAward_2026-09-16_H02M54S16646960.zip!FY2025P01-P12_070_TAS_Contracts_AccountBreakdownByAward_2026-09-16_H02M56S53_01.csv,7215,Contracts,https://files.usaspending.gov/generated_downloads/FY2025P01-P12_070_TAS_AccountBreakdownByAward_2026-09-16_H02M54S16646960.zip,Other public or nonprofit entities
FY2025P08,070-0540,070-2023/2023-0540-000,,0003,25.4,D,Q,,CONT_AWD_70CMSW23P00000022_7012_-NONE-_-NONE-,70CMSW23P00000022,,,,KHFLCLB4BW91,"FEDERAL PRISON INDUSTRIES, INC",NW2RJN8TQQW1,GOVERNMENT OF THE UNITED STATES,"FURNITURE, DELIVERY, AND INSTALLATION SERVICES FOR OPLA PHOENIX, ELOY DETENTION CENTER SUB-OFFICE",localhost:3000/award/CONT_AWD_70CMSW23P00000022_7012_-NONE-_-NONE-/,2025-07-01,DHS_FY2025P12_c:FY2025P01-P12_070_TAS_Contracts_AccountBreakdownByAward_2026-09-16_H02M56S53_01.csv:row:7216,data/raw/DHS_FY2025P12_c/FY2025P01-P12_070_TAS_AccountBreakdownByAward_2026-09-16_H02M54S16646960.zip,FY2025P01-P12_070_TAS_Contracts_AccountBreakdownByAward_2026-09-16_H02M56S53_01.csv,data/raw/DHS_FY2025P12_c/FY2025P01-P12_070_TAS_AccountBreakdownByAward_2026-09-16_H02M54S16646960.zip!FY2025P01-P12_070_TAS_Contracts_AccountBreakdownByAward_2026-09-16_H02M56S53_01.csv,7216,Contracts,https://files.usaspending.gov/generated_downloads/FY2025P01-P12_070_TAS_AccountBreakdownByAward_2026-09-16_H02M54S16646960.zip,Other public or nonprofit entities
FY2025P10,070-0540,070-2023/2023-0540-000,,0003,25.4,D,Q,,CONT_AWD_70CMSW23P00000022_7012_-NONE-_-NONE-,70CMSW23P00000022,,,,KHFLCLB4BW91,"FEDERAL PRISON INDUSTRIES, INC",NW2RJN8TQQW1,GOVERNMENT OF THE UNITED STATES,"FURNITURE, DELIVERY, AND INSTALLATION SERVICES FOR OPLA PHOENIX, ELOY DETENTION CENTER SUB-OFFICE",localhost:3000/award/CONT_AWD_70CMSW23P00000022_7012_-NONE-_-NONE-/,2025-09-10,DHS_FY2025P12_c:FY2025P01-P12_070_TAS_Contracts_AccountBreakdownByAward_2026-09-16_H02M56S53_01.csv:row:7217,data/raw/DHS_FY2025P12_c/FY2025P01-P12_070_TAS_AccountBreakdownByAward_2026-09-16_H02M54S16646960.zip,FY2025P01-P12_070_TAS_Contracts_AccountBreakdownByAward_2026-09-16_H02M56S53_01.csv,data/raw/DHS_FY2025P12_c/FY2025P01-P12_070_TAS_AccountBreakdownByAward_2026-09-16_H02M54S16646960.zip!FY2025P01-P12_070_TAS_Contracts_AccountBreakdownByAward_2026-09-16_H02M56S53_01.csv,7217,Contracts,https://files.usaspending.gov/generated_downloads/FY2025P01-P12_070_TAS_AccountBreakdownByAward_2026-09-16_H02M54S16646960.zip,Other public or nonprofit entities
FY2025P05,070-0540,070-2025/2025-0540-000,,0005,25.2,D,Q,9756.00,CONT_AWD_70CDCR25P00000007_7012_-NONE-_-NONE-,70CDCR25P00000007,,,,QWQDFDCNJ2H3,IMPERIAL VALLEY RIFLE & PISTOL ASSOCIATION INC,QWQDFDCNJ2H3,IMPERIAL VALLEY RIFLE & PISTOL ASSOCIATION INC,FIRING RANGE,localhost:3000/award/CONT_AWD_70CDCR25P00000007_7012_-NONE-_-NONE-/,2025-05-15,DHS_FY2025P12_c:FY2025P01-P12_070_TAS_Contracts_AccountBreakdownByAward_2026-09-16_H02M56S53_01.csv:row:14342,data/raw/DHS_FY2025P12_c/FY2025P01-P12_070_TAS_AccountBreakdownByAward_2026-09-16_H02M54S16646960.zip,FY2025P01-P12_070_TAS_Contracts_AccountBreakdownByAward_2026-09-16_H02M56S53_01.csv,data/raw/DHS_FY2025P12_c/FY2025P01-P12_070_TAS_AccountBreakdownByAward_2026-09-16_H02M54S16646960.zip!FY2025P01-P12_070_TAS_Contracts_AccountBreakdownByAward_2026-09-16_H02M56S53_01.csv,14342,Contracts,https://files.usaspending.gov/generated_downloads/FY2025P01-P12_070_TAS_AccountBreakdownByAward_2026-09-16_H02M54S16646960.zip,Other public or nonprofit entities
FY2025P06,070-0540,070-2024/2024-0540-000,,0002,31.0,D,Q,,CONT_AWD_70CMSD24P00000103_7012_-NONE-_-NONE-,70CMSD24P00000103,,,,UZA2MELMDZZ1,COUNTY OF PALM BEACH,UZA2MELMDZZ1,COUNTY OF PALM BEACH,RADII LICENSE,localhost:3000/award/CONT_AWD_70CMSD24P00000103_7012_-NONE-_-NONE-/,2025-05-15,DHS_FY2025P12_c:FY2025P01-P12_070_TAS_Contracts_AccountBreakdownByAward_2026-09-16_H02M56S53_01.csv:row:15014,data/raw/DHS_FY2025P12_c/FY2025P01-P12_070_TAS_AccountBreakdownByAward_2026-09-16_H02M54S16646960.zip,FY2025P01-P12_070_TAS_Contracts_AccountBreakdownByAward_2026-09-16_H02M56S53_01.csv,data/raw/DHS_FY2025P12_c/FY2025P01-P12_070_TAS_AccountBreakdownByAward_2026-09-16_H02M54S16646960.zip!FY2025P01-P12_070_TAS_Contracts_AccountBreakdownByAward_2026-09-16_H02M56S53_01.csv,15014,Contracts,https://files.usaspending.gov/generated_downloads/FY2025P01-P12_070_TAS_AccountBreakdownByAward_2026-09-16_H02M54S16646960.zip,State and local governments
FY2025P05,070-0540,070-2024/2024-0540-000,,0002,31.0,D,Q,,CONT_AWD_70CMSD24P00000103_7012_-NONE-_-NONE-,70CMSD24P00000103,,,,UZA2MELMDZZ1,COUNTY OF PALM BEACH,UZA2MELMDZZ1,COUNTY OF PALM BEACH,RADII LICENSE,localhost:3000/award/CONT_AWD_70CMSD24P00000103_7012_-NONE-_-NONE-/,2025-05-15,DHS_FY2025P12_c:FY2025P01-P12_070_TAS_Contracts_AccountBreakdownByAward_2026-09-16_H02M56S53_01.csv:row:15016,data/raw/DHS_FY2025P12_c/FY2025P01-P12_070_TAS_AccountBreakdownByAward_2026-09-16_H02M54S16646960.zip,FY2025P01-P12_070_TAS_Contracts_AccountBreakdownByAward_2026-09-16_H02M56S53_01.csv,data/raw/DHS_FY2025P12_c/FY2025P01-P12_070_TAS_AccountBreakdownByAward_2026-09-16_H02M54S16646960.zip!FY2025P01-P12_070_TAS_Contracts_AccountBreakdownByAward_2026-09-16_H02M56S53_01.csv,15016,Contracts,https://files.usaspending.gov/generated_downloads/FY2025P01-P12_070_TAS_AccountBreakdownByAward_2026-09-16_H02M54S16646960.zip,State and local governments
FY2025P09,070-0540,070-2024/2024-0540-000,,0002,31.0,D,Q,,CONT_AWD_70CMSD24P00000103_7012_-NONE-_-NONE-,70CMSD24P00000103,,,,UZA2MELMDZZ1,COUNTY OF PALM BEACH,UZA2MELMDZZ1,COUNTY OF PALM BEACH,RADII LICENSE,localhost:3000/award/CONT_AWD_70CMSD24P00000103_7012_-NONE-_-NONE-/,2025-08-13,DHS_FY2025P12_c:FY2025P01-P12_070_TAS_Contracts_AccountBreakdownByAward_2026-09-16_H02M56S53_01.csv:row:15017,data/raw/DHS_FY2025P12_c/FY2025P01-P12_070_TAS_AccountBreakdownByAward_2026-09-16_H02M54S16646960.zip,FY2025P01-P12_070_TAS_Contracts_AccountBreakdownByAward_2026-09-16_H02M56S53_01.csv,data/raw/DHS_FY2025P12_c/FY2025P01-P12_070_TAS_AccountBreakdownByAward_2026-09-16_H02M54S16646960.zip!FY2025P01-P12_070_TAS_Contracts_AccountBreakdownByAward_2026-09-16_H02M56S53_01.csv,15017,Contracts,https://files.usaspending.gov/generated_downloads/FY2025P01-P12_070_TAS_AccountBreakdownByAward_2026-09-16_H02M54S16646960.zip,State and local governments
FY2025P07,070-0540,070-2024/2024-0540-000,,0002,31.0,D,Q,,CONT_AWD_70CMSD24P00000103_7012_-NONE-_-NONE-,70CMSD24P00000103,,,,UZA2MELMDZZ1,COUNTY OF PALM BEACH,UZA2MELMDZZ1,COUNTY OF PALM BEACH,RADII LICENSE,localhost:3000/award/CONT_AWD_70CMSD24P00000103_7012_-NONE-_-NONE-/,2025-05-30,DHS_FY2025P12_c:FY2025P01-P12_070_TAS_Contracts_AccountBreakdownByAward_2026-09-16_H02M56S53_01.csv:row:15018,data/raw/DHS_FY2025P12_c/FY2025P01-P12_070_TAS_AccountBreakdownByAward_2026-09-16_H02M54S16646960.zip,FY2025P01-P12_070_TAS_Contracts_AccountBreakdownByAward_2026-09-16_H02M56S53_01.csv,data/raw/DHS_FY2025P12_c/FY2025P01-P12_070_TAS_AccountBreakdownByAward_2026-09-16_H02M54S16646960.zip!FY2025P01-P12_070_TAS_Contracts_AccountBreakdownByAward_2026-09-16_H02M56S53_01.csv,15018,Contracts,https://files.usaspending.gov/generated_downloads/FY2025P01-P12_070_TAS_AccountBreakdownByAward_2026-09-16_H02M54S16646960.zip,State and local governments
FY2025P08,070-0540,070-2024/2024-0540-000,,0002,31.0,D,Q,,CONT_AWD_70CMSD24P00000103_7012_-NONE-_-NONE-,70CMSD24P00000103,,,,UZA2MELMDZZ1,COUNTY OF PALM BEACH,UZA2MELMDZZ1,COUNTY OF PALM BEACH,RADII LICENSE,localhost:3000/award/CONT_AWD_70CMSD24P00000103_7012_-NONE-_-NONE-/,2025-07-01,DHS_FY2025P12_c:FY2025P01-P12_070_TAS_Contracts_AccountBreakdownByAward_2026-09-16_H02M56S53_01.csv:row:15019,data/raw/DHS_FY2025P12_c/FY2025P01-P12_070_TAS_AccountBreakdownByAward_2026-09-16_H02M54S16646960.zip,FY2025P01-P12_070_TAS_Contracts_AccountBreakdownByAward_2026-09-16_H02M56S53_01.csv,data/raw/DHS_FY2025P12_c/FY2025P01-P12_070_TAS_AccountBreakdownByAward_2026-09-16_H02M54S16646960.zip!FY2025P01-P12_070_TAS_Contracts_AccountBreakdownByAward_2026-09-16_H02M56S53_01.csv,15019,Contracts,https://files.usaspending.gov/generated_downloads/FY2025P01-P12_070_TAS_AccountBreakdownByAward_2026-09-16_H02M54S16646960.zip,State and local governments
FY2025P12,070-0540,070-2024/2024-0540-000,,0002,31.0,D,Q,,CONT_AWD_70CMSD24P00000103_7012_-NONE-_-NONE-,70CMSD24P00000103,,,,UZA2MELMDZZ1,COUNTY OF PALM BEACH,UZA2MELMDZZ1,COUNTY OF PALM BEACH,RADII LICENSE,localhost:3000/award/CONT_AWD_70CMSD24P00000103_7012_-NONE-_-NONE-/,2025-12-05,DHS_FY2025P12_c:FY2025P01-P12_070_TAS_Contracts_AccountBreakdownByAward_2026-09-16_H02M56S53_01.csv:row:15020,data/raw/DHS_FY2025P12_c/FY2025P01-P12_070_TAS_AccountBreakdownByAward_2026-09-16_H02M54S16646960.zip,FY2025P01-P12_070_TAS_Contracts_AccountBreakdownByAward_2026-09-16_H02M56S53_01.csv,data/raw/DHS_FY2025P12_c/FY2025P01-P12_070_TAS_AccountBreakdownByAward_2026-09-16_H02M54S16646960.zip!FY2025P01-P12_070_TAS_Contracts_AccountBreakdownByAward_2026-09-16_H02M56S53_01.csv,15020,Contracts,https://files.usaspending.gov/generated_downloads/FY2025P01-P12_070_TAS_AccountBreakdownByAward_2026-09-16_H02M54S16646960.zip,State and local governments
FY2025P10,070-0540,070-2024/2024-0540-000,,0002,31.0,D,Q,,CONT_AWD_70CMSD24P00000103_7012_-NONE-_-NONE-,70CMSD24P00000103,,,,UZA2MELMDZZ1,COUNTY OF PALM BEACH,UZA2MELMDZZ1,COUNTY OF PALM BEACH,RADII LICENSE,localhost:3000/award/CONT_AWD_70CMSD24P00000103_7012_-NONE-_-NONE-/,2025-09-10,DHS_FY2025P12_c:FY2025P01-P12_070_TAS_Contracts_AccountBreakdownByAward_2026-09-16_H02M56S53_01.csv:row:15022,data/raw/DHS_FY2025P12_c/FY2025P01-P12_070_TAS_AccountBreakdownByAward_2026-09-16_H02M54S16646960.zip,FY2025P01-P12_070_TAS_Contracts_AccountBreakdownByAward_2026-09-16_H02M56S53_01.csv,data/raw/DHS_FY2025P12_c/FY2025P01-P12_070_TAS_AccountBreakdownByAward_2026-09-16_H02M54S16646960.zip!FY2025P01-P12_070_TAS_Contracts_AccountBreakdownByAward_2026-09-16_H02M56S53_01.csv,15022,Contracts,https://files.usaspending.gov/generated_downloads/FY2025P01-P12_070_TAS_AccountBreakdownByAward_2026-09-16_H02M54S16646960.zip,State and local governments
FY2025P11,070-0540,070-2024/2024-0540-000,,0002,31.0,D,Q,,CONT_AWD_70CMSD24P00000103_7012_-NONE-_-NONE-,70CMSD24P00000103,,,,UZA2MELMDZZ1,COUNTY OF PALM BEACH,UZA2MELMDZZ1,COUNTY OF PALM BEACH,RADII LICENSE,localhost:3000/award/CONT_AWD_70CMSD24P00000103_7012_-NONE-_-NONE-/,2025-12-05,DHS_FY2025P12_c:FY2025P01-P12_070_TAS_Contracts_AccountBreakdownByAward_2026-09-16_H02M56S53_01.csv:row:15023,data/raw/DHS_FY2025P12_c/FY2025P01-P12_070_TAS_AccountBreakdownByAward_2026-09-16_H02M54S16646960.zip,FY2025P01-P12_070_TAS_Contracts_AccountBreakdownByAward_2026-09-16_H02M56S53_01.csv,data/raw/DHS_FY2025P12_c/FY2025P01-P12_070_TAS_AccountBreakdownByAward_2026-09-16_H02M54S16646960.zip!FY2025P01-P12_070_TAS_Contracts_AccountBreakdownByAward_2026-09-16_H02M56S53_01.csv,15023,Contracts,https://files.usaspending.gov/generated_downloads/FY2025P01-P12_070_TAS_AccountBreakdownByAward_2026-09-16_H02M54S16646960.zip,State and local governments
FY2025P08,070-0540,070-2025/2025-0540-000,,0005,25.4,D,Q,20550.00,CONT_AWD_70CDCR25P00000014_7012_-NONE-_-NONE-,70CDCR25P00000014,,,,KMXSSRURLT43,THE AMERICAN CORRECTIONAL ASSOCIATION,KMXSSRURLT43,THE AMERICAN CORRECTIONAL ASSOCIATION,THIS CONTRACT PROVIDES AMERICAN CORRECTIONAL ASSOCIATION (ACA) RE-ACCREDITATION SUPPORT AT THE PORT ISABEL DETENTION CENTER.,localhost:3000/award/CONT_AWD_70CDCR25P00000014_7012_-NONE-_-NONE-/,2025-07-01,DHS_FY2025P12_c:FY2025P01-P12_070_TAS_Contracts_AccountBreakdownByAward_2026-09-16_H02M56S53_01.csv:row:20604,data/raw/DHS_FY2025P12_c/FY2025P01-P12_070_TAS_AccountBreakdownByAward_2026-09-16_H02M54S16646960.zip,FY2025P01-P12_070_TAS_Contracts_AccountBreakdownByAward_2026-09-16_H02M56S53_01.csv,data/raw/DHS_FY2025P12_c/FY2025P01-P12_070_TAS_AccountBreakdownByAward_2026-09-16_H02M54S16646960.zip!FY2025P01-P12_070_TAS_Contracts_AccountBreakdownByAward_2026-09-16_H02M56S53_01.csv,20604,Contracts,https://files.usaspending.gov/generated_downloads/FY2025P01-P12_070_TAS_AccountBreakdownByAward_2026-09-16_H02M54S16646960.zip,Other public or nonprofit entities
FY2025P11,070-0540,070-2024/2024-0540-000,,0005,25.3,D,Q,,CONT_AWD_70CDCR21P00000019_7012_-NONE-_-NONE-,70CDCR21P00000019,,,,NMX3DMNLQHU5,OHIO DEPARTMENT OF ADMINISTRATIVE SERVICES,NMX3DMNLQHU5,OHIO DEPARTMENT OF ADMINISTRATIVE SERVICES,SUBSCRIPTION TO ACCESS STATE OF OHIO MULTI-AGENCY RADIO COMMUNICATION SYSTEM (MARCS),localhost:3000/award/CONT_AWD_70CDCR21P00000019_7012_-NONE-_-NONE-/,2025-12-05,DHS_FY2025P12_c:FY2025P01-P12_070_TAS_Contracts_AccountBreakdownByAward_2026-09-16_H02M56S53_01.csv:row:32227,data/raw/DHS_FY2025P12_c/FY2025P01-P12_070_TAS_AccountBreakdownByAward_2026-09-16_H02M54S16646960.zip,FY2025P01-P12_070_TAS_Contracts_AccountBreakdownByAward_2026-09-16_H02M56S53_01.csv,data/raw/DHS_FY2025P12_c/FY2025P01-P12_070_TAS_AccountBreakdownByAward_2026-09-16_H02M54S16646960.zip!FY2025P01-P12_070_TAS_Contracts_AccountBreakdownByAward_2026-09-16_H02M56S53_01.csv,32227,Contracts,https://files.usaspending.gov/generated_downloads/FY2025P01-P12_070_TAS_AccountBreakdownByAward_2026-09-16_H02M54S16646960.zip,State and local governments
FY2025P05,070-0540,070-2023/2023-0540-000,,0005,25.3,D,Q,,CONT_AWD_70CDCR21P00000019_7012_-NONE-_-NONE-,70CDCR21P00000019,,,,NMX3DMNLQHU5,OHIO DEPARTMENT OF ADMINISTRATIVE SERVICES,NMX3DMNLQHU5,OHIO DEPARTMENT OF ADMINISTRATIVE SERVICES,SUBSCRIPTION TO ACCESS STATE OF OHIO MULTI-AGENCY RADIO COMMUNICATION SYSTEM (MARCS),localhost:3000/award/CONT_AWD_70CDCR21P00000019_7012_-NONE-_-NONE-/,2025-05-15,DHS_FY2025P12_c:FY2025P01-P12_070_TAS_Contracts_AccountBreakdownByAward_2026-09-16_H02M56S53_01.csv:row:32228,data/raw/DHS_FY2025P12_c/FY2025P01-P12_070_TAS_AccountBreakdownByAward_2026-09-16_H02M54S16646960.zip,FY2025P01-P12_070_TAS_Contracts_AccountBreakdownByAward_2026-09-16_H02M56S53_01.csv,data/raw/DHS_FY2025P12_c/FY2025P01-P12_070_TAS_AccountBreakdownByAward_2026-09-16_H02M54S16646960.zip!FY2025P01-P12_070_TAS_Contracts_AccountBreakdownByAward_2026-09-16_H02M56S53_01.csv,32228,Contracts,https://files.usaspending.gov/generated_downloads/FY2025P01-P12_070_TAS_AccountBreakdownByAward_2026-09-16_H02M54S16646960.zip,State and local governments
FY2025P09,070-0540,070-2023/2023-0540-000,,0005,25.3,D,Q,,CONT_AWD_70CDCR21P00000019_7012_-NONE-_-NONE-,70CDCR21P00000019,,,,NMX3DMNLQHU5,OHIO DEPARTMENT OF ADMINISTRATIVE SERVICES,NMX3DMNLQHU5,OHIO DEPARTMENT OF ADMINISTRATIVE SERVICES,SUBSCRIPTION TO ACCESS STATE OF OHIO MULTI-AGENCY RADIO COMMUNICATION SYSTEM (MARCS),localhost:3000/award/CONT_AWD_70CDCR21P00000019_7012_-NONE-_-NONE-/,2025-08-13,DHS_FY2025P12_c:FY2025P01-P12_070_TAS_Contracts_AccountBreakdownByAward_2026-09-16_H02M56S53_01.csv:row:32229,data/raw/DHS_FY2025P12_c/FY2025P01-P12_070_TAS_AccountBreakdownByAward_2026-09-16_H02M54S16646960.zip,FY2025P01-P12_070_TAS_Contracts_AccountBreakdownByAward_2026-09-16_H02M56S53_01.csv,data/raw/DHS_FY2025P12_c/FY2025P01-P12_070_TAS_AccountBreakdownByAward_2026-09-16_H02M54S16646960.zip!FY2025P01-P12_070_TAS_Contracts_AccountBreakdownByAward_2026-09-16_H02M56S53_01.csv,32229,Contracts,https://files.usaspending.gov/generated_downloads/FY2025P01-P12_070_TAS_AccountBreakdownByAward_2026-09-16_H02M54S16646960.zip,State and local governments
FY2025P07,070-0540,070-2023/2023-0540-000,,0005,25.3,D,Q,,CONT_AWD_70CDCR21P00000019_7012_-NONE-_-NONE-,70CDCR21P00000019,,,,NMX3DMNLQHU5,OHIO DEPARTMENT OF ADMINISTRATIVE SERVICES,NMX3DMNLQHU5,OHIO DEPARTMENT OF ADMINISTRATIVE SERVICES,SUBSCRIPTION TO ACCESS STATE OF OHIO MULTI-AGENCY RADIO COMMUNICATION SYSTEM (MARCS),localhost:3000/award/CONT_AWD_70CDCR21P00000019_7012_-NONE-_-NONE-/,2025-05-30,DHS_FY2025P12_c:FY2025P01-P12_070_TAS_Contracts_AccountBreakdownByAward_2026-09-16_H02M56S53_01.csv:row:32230,data/raw/DHS_FY2025P12_c/FY2025P01-P12_070_TAS_AccountBreakdownByAward_2026-09-16_H02M54S16646960.zip,FY2025P01-P12_070_TAS_Contracts_AccountBreakdownByAward_2026-09-16_H02M56S53_01.csv,data/raw/DHS_FY2025P12_c/FY2025P01-P12_070_TAS_AccountBreakdownByAward_2026-09-16_H02M54S16646960.zip!FY2025P01-P12_070_TAS_Contracts_AccountBreakdownByAward_2026-09-16_H02M56S53_01.csv,32230,Contracts,https://files.usaspending.gov/generated_downloads/FY2025P01-P12_070_TAS_AccountBreakdownByAward_2026-09-16_H02M54S16646960.zip,State and local governments
FY2025P06,070-0540,070-2023/2023-0540-000,,0005,25.3,D,Q,,CONT_AWD_70CDCR21P00000019_7012_-NONE-_-NONE-,70CDCR21P00000019,,,,NMX3DMNLQHU5,OHIO DEPARTMENT OF ADMINISTRATIVE SERVICES,NMX3DMNLQHU5,OHIO DEPARTMENT OF ADMINISTRATIVE SERVICES,SUBSCRIPTION TO ACCESS STATE OF OHIO MULTI-AGENCY RADIO COMMUNICATION SYSTEM (MARCS),localhost:3000/award/CONT_AWD_70CDCR21P00000019_7012_-NONE-_-NONE-/,2025-05-15,DHS_FY2025P12_c:FY2025P01-P12_070_TAS_Contracts_AccountBreakdownByAward_2026-09-16_H02M56S53_01.csv:row:32231,data/raw/DHS_FY2025P12_c/FY2025P01-P12_070_TAS_AccountBreakdownByAward_2026-09-16_H02M54S16646960.zip,FY2025P01-P12_070_TAS_Contracts_AccountBreakdownByAward_2026-09-16_H02M56S53_01.csv,data/raw/DHS_FY2025P12_c/FY2025P01-P12_070_TAS_AccountBreakdownByAward_2026-09-16_H02M54S16646960.zip!FY2025P01-P12_070_TAS_Contracts_AccountBreakdownByAward_2026-09-16_H02M56S53_01.csv,32231,Contracts,https://files.usaspending.gov/generated_downloads/FY2025P01-P12_070_TAS_AccountBreakdownByAward_2026-09-16_H02M54S16646960.zip,State and local governments
FY2025P08,070-0540,070-2023/2023-0540-000,,0005,25.3,D,Q,,CONT_AWD_70CDCR21P00000019_7012_-NONE-_-NONE-,70CDCR21P00000019,,,,NMX3DMNLQHU5,OHIO DEPARTMENT OF ADMINISTRATIVE SERVICES,NMX3DMNLQHU5,OHIO DEPARTMENT OF ADMINISTRATIVE SERVICES,SUBSCRIPTION TO ACCESS STATE OF OHIO MULTI-AGENCY RADIO COMMUNICATION SYSTEM (MARCS),localhost:3000/award/CONT_AWD_70CDCR21P00000019_7012_-NONE-_-NONE-/,2025-07-01,DHS_FY2025P12_c:FY2025P01-P12_070_TAS_Contracts_AccountBreakdownByAward_2026-09-16_H02M56S53_01.csv:row:32232,data/raw/DHS_FY2025P12_c/FY2025P01-P12_070_TAS_AccountBreakdownByAward_2026-09-16_H02M54S16646960.zip,FY2025P01-P12_070_TAS_Contracts_AccountBreakdownByAward_2026-09-16_H02M56S53_01.csv,data/raw/DHS_FY2025P12_c/FY2025P01-P12_070_TAS_AccountBreakdownByAward_2026-09-16_H02M54S16646960.zip!FY2025P01-P12_070_TAS_Contracts_AccountBreakdownByAward_2026-09-16_H02M56S53_01.csv,32232,Contracts,https://files.usaspending.gov/generated_downloads/FY2025P01-P12_070_TAS_AccountBreakdownByAward_2026-09-16_H02M54S16646960.zip,State and local governments
FY2025P11,070-0540,070-2023/2023-0540-000,,0005,25.3,D,Q,,CONT_AWD_70CDCR21P00000019_7012_-NONE-_-NONE-,70CDCR21P00000019,,,,NMX3DMNLQHU5,OHIO DEPARTMENT OF ADMINISTRATIVE SERVICES,NMX3DMNLQHU5,OHIO DEPARTMENT OF ADMINISTRATIVE SERVICES,SUBSCRIPTION TO ACCESS STATE OF OHIO MULTI-AGENCY RADIO COMMUNICATION SYSTEM (MARCS),localhost:3000/award/CONT_AWD_70CDCR21P00000019_7012_-NONE-_-NONE-/,2025-12-05,DHS_FY2025P12_c:FY2025P01-P12_070_TAS_Contracts_AccountBreakdownByAward_2026-09-16_H02M56S53_01.csv:row:32233,data/raw/DHS_FY2025P12_c/FY2025P01-P12_070_TAS_AccountBreakdownByAward_2026-09-16_H02M54S16646960.zip,FY2025P01-P12_070_TAS_Contracts_AccountBreakdownByAward_2026-09-16_H02M56S53_01.csv,data/raw/DHS_FY2025P12_c/FY2025P01-P12_070_TAS_AccountBreakdownByAward_2026-09-16_H02M54S16646960.zip!FY2025P01-P12_070_TAS_Contracts_AccountBreakdownByAward_2026-09-16_H02M56S53_01.csv,32233,Contracts,https://files.usaspending.gov/generated_downloads/FY2025P01-P12_070_TAS_AccountBreakdownByAward_2026-09-16_H02M54S16646960.zip,State and local governments
FY2025P12,070-0540,070-2024/2024-0540-000,,0005,25.3,D,Q,,CONT_AWD_70CDCR21P00000019_7012_-NONE-_-NONE-,70CDCR21P00000019,,,,NMX3DMNLQHU5,OHIO DEPARTMENT OF ADMINISTRATIVE SERVICES,NMX3DMNLQHU5,OHIO DEPARTMENT OF ADMINISTRATIVE SERVICES,SUBSCRIPTION TO ACCESS STATE OF OHIO MULTI-AGENCY RADIO COMMUNICATION SYSTEM (MARCS),localhost:3000/award/CONT_AWD_70CDCR21P00000019_7012_-NONE-_-NONE-/,2025-12-05,DHS_FY2025P12_c:FY2025P01-P12_070_TAS_Contracts_AccountBreakdownByAward_2026-09-16_H02M56S53_01.csv:row:32234,data/raw/DHS_FY2025P12_c/FY2025P01-P12_070_TAS_AccountBreakdownByAward_2026-09-16_H02M54S16646960.zip,FY2025P01-P12_070_TAS_Contracts_AccountBreakdownByAward_2026-09-16_H02M56S53_01.csv,data/raw/DHS_FY2025P12_c/FY2025P01-P12_070_TAS_AccountBreakdownByAward_2026-09-16_H02M54S16646960.zip!FY2025P01-P12_070_TAS_Contracts_AccountBreakdownByAward_2026-09-16_H02M56S53_01.csv,32234,Contracts,https://files.usaspending.gov/generated_downloads/FY2025P01-P12_070_TAS_AccountBreakdownByAward_2026-09-16_H02M54S16646960.zip,State and local governments
FY2025P12,070-0540,070-2023/2023-0540-000,,0005,25.3,D,Q,,CONT_AWD_70CDCR21P00000019_7012_-NONE-_-NONE-,70CDCR21P00000019,,,,NMX3DMNLQHU5,OHIO DEPARTMENT OF ADMINISTRATIVE SERVICES,NMX3DMNLQHU5,OHIO DEPARTMENT OF ADMINISTRATIVE SERVICES,SUBSCRIPTION TO ACCESS STATE OF OHIO MULTI-AGENCY RADIO COMMUNICATION SYSTEM (MARCS),localhost:3000/award/CONT_AWD_70CDCR21P00000019_7012_-NONE-_-NONE-/,2025-12-05,DHS_FY2025P12_c:FY2025P01-P12_070_TAS_Contracts_AccountBreakdownByAward_2026-09-16_H02M56S53_01.csv:row:32235,data/raw/DHS_FY2025P12_c/FY2025P01-P12_070_TAS_AccountBreakdownByAward_2026-09-16_H02M54S16646960.zip,FY2025P01-P12_070_TAS_Contracts_AccountBreakdownByAward_2026-09-16_H02M56S53_01.csv,data/raw/DHS_FY2025P12_c/FY2025P01-P12_070_TAS_AccountBreakdownByAward_2026-09-16_H02M54S16646960.zip!FY2025P01-P12_070_TAS_Contracts_AccountBreakdownByAward_2026-09-16_H02M56S53_01.csv,32235,Contracts,https://files.usaspending.gov/generated_downloads/FY2025P01-P12_070_TAS_AccountBreakdownByAward_2026-09-16_H02M54S16646960.zip,State and local governments
FY2025P07,070-0540,070-2025/2025-0540-000,,0005,25.3,D,Q,15000.00,CONT_AWD_70CDCR21P00000019_7012_-NONE-_-NONE-,70CDCR21P00000019,,,,NMX3DMNLQHU5,OHIO DEPARTMENT OF ADMINISTRATIVE SERVICES,NMX3DMNLQHU5,OHIO DEPARTMENT OF ADMINISTRATIVE SERVICES,SUBSCRIPTION TO ACCESS STATE OF OHIO MULTI-AGENCY RADIO COMMUNICATION SYSTEM (MARCS),localhost:3000/award/CONT_AWD_70CDCR21P00000019_7012_-NONE-_-NONE-/,2025-05-30,DHS_FY2025P12_c:FY2025P01-P12_070_TAS_Contracts_AccountBreakdownByAward_2026-09-16_H02M56S53_01.csv:row:32238,data/raw/DHS_FY2025P12_c/FY2025P01-P12_070_TAS_AccountBreakdownByAward_2026-09-16_H02M54S16646960.zip,FY2025P01-P12_070_TAS_Contracts_AccountBreakdownByAward_2026-09-16_H02M56S53_01.csv,data/raw/DHS_FY2025P12_c/FY2025P01-P12_070_TAS_AccountBreakdownByAward_2026-09-16_H02M54S16646960.zip!FY2025P01-P12_070_TAS_Contracts_AccountBreakdownByAward_2026-09-16_H02M56S53_01.csv,32238,Contracts,https://files.usaspending.gov/generated_downloads/FY2025P01-P12_070_TAS_AccountBreakdownByAward_2026-09-16_H02M54S16646960.zip,State and local governments
FY2025P10,070-0540,070-2023/2023-0540-000,,0005,25.3,D,Q,,CONT_AWD_70CDCR21P00000019_7012_-NONE-_-NONE-,70CDCR21P00000019,,,,NMX3DMNLQHU5,OHIO DEPARTMENT OF ADMINISTRATIVE SERVICES,NMX3DMNLQHU5,OHIO DEPARTMENT OF ADMINISTRATIVE SERVICES,SUBSCRIPTION TO ACCESS STATE OF OHIO MULTI-AGENCY RADIO COMMUNICATION SYSTEM (MARCS),localhost:3000/award/CONT_AWD_70CDCR21P00000019_7012_-NONE-_-NONE-/,2025-09-10,DHS_FY2025P12_c:FY2025P01-P12_070_TAS_Contracts_AccountBreakdownByAward_2026-09-16_H02M56S53_01.csv:row:32240,data/raw/DHS_FY2025P12_c/FY2025P01-P12_070_TAS_AccountBreakdownByAward_2026-09-16_H02M54S16646960.zip,FY2025P01-P12_070_TAS_Contracts_AccountBreakdownByAward_2026-09-16_H02M56S53_01.csv,data/raw/DHS_FY2025P12_c/FY2025P01-P12_070_TAS_AccountBreakdownByAward_2026-09-16_H02M54S16646960.zip!FY2025P01-P12_070_TAS_Contracts_AccountBreakdownByAward_2026-09-16_H02M56S53_01.csv,32240,Contracts,https://files.usaspending.gov/generated_downloads/FY2025P01-P12_070_TAS_AccountBreakdownByAward_2026-09-16_H02M54S16646960.zip,State and local governments
FY2025P10,070-0540,070-2024/2024-0540-000,,0004,25.2,D,Q,,CONT_AWD_70CMSD24P00000173_7012_-NONE-_-NONE-,70CMSD24P00000173,,,,YWJJK1EQNDD7,CITY OF KANSAS CITY,YWJJK1EQNDD7,CITY OF KANSAS CITY,ACCESS TO RADIO NETWORK,localhost:3000/award/CONT_AWD_70CMSD24P00000173_7012_-NONE-_-NONE-/,2025-09-10,DHS_FY2025P12_c:FY2025P01-P12_070_TAS_Contracts_AccountBreakdownByAward_2026-09-16_H02M56S53_01.csv:row:35017,data/raw/DHS_FY2025P12_c/FY2025P01-P12_070_TAS_AccountBreakdownByAward_2026-09-16_H02M54S16646960.zip,FY2025P01-P12_070_TAS_Contracts_AccountBreakdownByAward_2026-09-16_H02M56S53_01.csv,data/raw/DHS_FY2025P12_c/FY2025P01-P12_070_TAS_AccountBreakdownByAward_2026-09-16_H02M54S16646960.zip!FY2025P01-P12_070_TAS_Contracts_AccountBreakdownByAward_2026-09-16_H02M56S53_01.csv,35017,Contracts,https://files.usaspending.gov/generated_downloads/FY2025P01-P12_070_TAS_AccountBreakdownByAward_2026-09-16_H02M54S16646960.zip,State and local governments
FY2025P11,070-0540,070-2024/2024-0540-000,,0004,25.2,D,Q,,CONT_AWD_70CMSD24P00000173_7012_-NONE-_-NONE-,70CMSD24P00000173,,,,YWJJK1EQNDD7,CITY OF KANSAS CITY,YWJJK1EQNDD7,CITY OF KANSAS CITY,ACCESS TO RADIO NETWORK,localhost:3000/award/CONT_AWD_70CMSD24P00000173_7012_-NONE-_-NONE-/,2025-12-05,DHS_FY2025P12_c:FY2025P01-P12_070_TAS_Contracts_AccountBreakdownByAward_2026-09-16_H02M56S53_01.csv:row:35018,data/raw/DHS_FY2025P12_c/FY2025P01-P12_070_TAS_AccountBreakdownByAward_2026-09-16_H02M54S16646960.zip,FY2025P01-P12_070_TAS_Contracts_AccountBreakdownByAward_2026-09-16_H02M56S53_01.csv,data/raw/DHS_FY2025P12_c/FY2025P01-P12_070_TAS_AccountBreakdownByAward_2026-09-16_H02M54S16646960.zip!FY2025P01-P12_070_TAS_Contracts_AccountBreakdownByAward_2026-09-16_H02M56S53_01.csv,35018,Contracts,https://files.usaspending.gov/generated_downloads/FY2025P01-P12_070_TAS_AccountBreakdownByAward_2026-09-16_H02M54S16646960.zip,State and local governments
FY2025P12,070-0540,070-2025/2025-0540-000,,0004,25.2,D,Q,25601.04,CONT_AWD_70CMSD24P00000173_7012_-NONE-_-NONE-,70CMSD24P00000173,,,,YWJJK1EQNDD7,CITY OF KANSAS CITY,YWJJK1EQNDD7,CITY OF KANSAS CITY,ACCESS TO RADIO NETWORK,localhost:3000/award/CONT_AWD_70CMSD24P00000173_7012_-NONE-_-NONE-/,2025-12-05,DHS_FY2025P12_c:FY2025P01-P12_070_TAS_Contracts_AccountBreakdownByAward_2026-09-16_H02M56S53_01.csv:row:35019,data/raw/DHS_FY2025P12_c/FY2025P01-P12_070_TAS_AccountBreakdownByAward_2026-09-16_H02M54S16646960.zip,FY2025P01-P12_070_TAS_Contracts_AccountBreakdownByAward_2026-09-16_H02M56S53_01.csv,data/raw/DHS_FY2025P12_c/FY2025P01-P12_070_TAS_AccountBreakdownByAward_2026-09-16_H02M54S16646960.zip!FY2025P01-P12_070_TAS_Contracts_AccountBreakdownByAward_2026-09-16_H02M56S53_01.csv,35019,Contracts,https://files.usaspending.gov/generated_downloads/FY2025P01-P12_070_TAS_AccountBreakdownByAward_2026-09-16_H02M54S16646960.zip,State and local governments
FY2025P12,070-0540,070-2024/2024-0540-000,,0004,25.2,D,Q,,CONT_AWD_70CMSD24P00000173_7012_-NONE-_-NONE-,70CMSD24P00000173,,,,YWJJK1EQNDD7,CITY OF KANSAS CITY,YWJJK1EQNDD7,CITY OF KANSAS CITY,ACCESS TO RADIO NETWORK,localhost:3000/award/CONT_AWD_70CMSD24P00000173_7012_-NONE-_-NONE-/,2025-12-05,DHS_FY2025P12_c:FY2025P01-P12_070_TAS_Contracts_AccountBreakdownByAward_2026-09-16_H02M56S53_01.csv:row:35020,data/raw/DHS_FY2025P12_c/FY2025P01-P12_070_TAS_AccountBreakdownByAward_2026-09-16_H02M54S16646960.zip,FY2025P01-P12_070_TAS_Contracts_AccountBreakdownByAward_2026-09-16_H02M56S53_01.csv,data/raw/DHS_FY2025P12_c/FY2025P01-P12_070_TAS_AccountBreakdownByAward_2026-09-16_H02M54S16646960.zip!FY2025P01-P12_070_TAS_Contracts_AccountBreakdownByAward_2026-09-16_H02M56S53_01.csv,35020,Contracts,https://files.usaspending.gov/generated_downloads/FY2025P01-P12_070_TAS_AccountBreakdownByAward_2026-09-16_H02M54S16646960.zip,State and local governments
FY2025P10,070-0540,070-2024/2024-0540-000,,0005,25.2,D,Q,,CONT_AWD_70CMSW18C00000006_7012_-NONE-_-NONE-,70CMSW18C00000006,,,,LCJ3MDABAV97,"MAVAGI ENTERPRISES, INC.",LCJ3MDABAV97,"MAVAGI ENTERPRISES, INC.",GROUNDS AND CUSTODIAL SERVICES - PORT ISABEL SPC.,localhost:3000/award/CONT_AWD_70CMSW18C00000006_7012_-NONE-_-NONE-/,2025-09-10,DHS_FY2025P12_c:FY2025P01-P12_070_TAS_Contracts_AccountBreakdownByAward_2026-09-16_H02M56S53_01.csv:row:36251,data/raw/DHS_FY2025P12_c/FY2025P01-P12_070_TAS_AccountBreakdownByAward_2026-09-16_H02M54S16646960.zip,FY2025P01-P12_070_TAS_Contracts_AccountBreakdownByAward_2026-09-16_H02M56S53_01.csv,data/raw/DHS_FY2025P12_c/FY2025P01-P12_070_TAS_AccountBreakdownByAward_2026-09-16_H02M54S16646960.zip!FY2025P01-P12_070_TAS_Contracts_AccountBreakdownByAward_2026-09-16_H02M56S53_01.csv,36251,Contracts,https://files.usaspending.gov/generated_downloads/FY2025P01-P12_070_TAS_AccountBreakdownByAward_2026-09-16_H02M54S16646960.zip,Other public or nonprofit entities
FY2025P07,070-0540,070-2024/2024-0540-000,,0005,25.2,D,Q,,CONT_AWD_70CMSW18C00000006_7012_-NONE-_-NONE-,70CMSW18C00000006,,,,LCJ3MDABAV97,"MAVAGI ENTERPRISES, INC.",LCJ3MDABAV97,"MAVAGI ENTERPRISES, INC.",GROUNDS AND CUSTODIAL SERVICES - PORT ISABEL SPC.,localhost:3000/award/CONT_AWD_70CMSW18C00000006_7012_-NONE-_-NONE-/,2025-05-30,DHS_FY2025P12_c:FY2025P01-P12_070_TAS_Contracts_AccountBreakdownByAward_2026-09-16_H02M56S53_01.csv:row:36252,data/raw/DHS_FY2025P12_c/FY2025P01-P12_070_TAS_AccountBreakdownByAward_2026-09-16_H02M54S16646960.zip,FY2025P01-P12_070_TAS_Contracts_AccountBreakdownByAward_2026-09-16_H02M56S53_01.csv,data/raw/DHS_FY2025P12_c/FY2025P01-P12_070_TAS_AccountBreakdownByAward_2026-09-16_H02M54S16646960.zip!FY2025P01-P12_070_TAS_Contracts_AccountBreakdownByAward_2026-09-16_H02M56S53_01.csv,36252,Contracts,https://files.usaspending.gov/generated_downloads/FY2025P01-P12_070_TAS_AccountBreakdownByAward_2026-09-16_H02M54S16646960.zip,Other public or nonprofit entities
FY2025P05,070-0540,070-2025/2025-0540-000,,0005,25.2,D,Q,13793.16,CONT_AWD_70CMSW18C00000006_7012_-NONE-_-NONE-,70CMSW18C00000006,,,,LCJ3MDABAV97,"MAVAGI ENTERPRISES, INC.",LCJ3MDABAV97,"MAVAGI ENTERPRISES, INC.",GROUNDS AND CUSTODIAL SERVICES - PORT ISABEL SPC.,localhost:3000/award/CONT_AWD_70CMSW18C00000006_7012_-NONE-_-NONE-/,2025-05-15,DHS_FY2025P12_c:FY2025P01-P12_070_TAS_Contracts_AccountBreakdownByAward_2026-09-16_H02M56S53_01.csv:row:36253,data/raw/DHS_FY2025P12_c/FY2025P01-P12_070_TAS_AccountBreakdownByAward_2026-09-16_H02M54S16646960.zip,FY2025P01-P12_070_TAS_Contracts_AccountBreakdownByAward_2026-09-16_H02M56S53_01.csv,data/raw/DHS_FY2025P12_c/FY2025P01-P12_070_TAS_AccountBreakdownByAward_2026-09-16_H02M54S16646960.zip!FY2025P01-P12_070_TAS_Contracts_AccountBreakdownByAward_2026-09-16_H02M56S53_01.csv,36253,Contracts,https://files.usaspending.gov/generated_downloads/FY2025P01-P12_070_TAS_AccountBreakdownByAward_2026-09-16_H02M54S16646960.zip,Other public or nonprofit entities
FY2025P05,070-0540,070-2024/2024-0540-000,,0005,25.2,D,Q,,CONT_AWD_70CMSW18C00000006_7012_-NONE-_-NONE-,70CMSW18C00000006,,,,LCJ3MDABAV97,"MAVAGI ENTERPRISES, INC.",LCJ3MDABAV97,"MAVAGI ENTERPRISES, INC.",GROUNDS AND CUSTODIAL SERVICES - PORT ISABEL SPC.,localhost:3000/award/CONT_AWD_70CMSW18C00000006_7012_-NONE-_-NONE-/,2025-05-15,DHS_FY2025P12_c:FY2025P01-P12_070_TAS_Contracts_AccountBreakdownByAward_2026-09-16_H02M56S53_01.csv:row:36254,data/raw/DHS_FY2025P12_c/FY2025P01-P12_070_TAS_AccountBreakdownByAward_2026-09-16_H02M54S16646960.zip,FY2025P01-P12_070_TAS_Contracts_AccountBreakdownByAward_2026-09-16_H02M56S53_01.csv,data/raw/DHS_FY2025P12_c/FY2025P01-P12_070_TAS_AccountBreakdownByAward_2026-09-16_H02M54S16646960.zip!FY2025P01-P12_070_TAS_Contracts_AccountBreakdownByAward_2026-09-16_H02M56S53_01.csv,36254,Contracts,https://files.usaspending.gov/generated_downloads/FY2025P01-P12_070_TAS_AccountBreakdownByAward_2026-09-16_H02M54S16646960.zip,Other public or nonprofit entities
FY2025P06,070-0540,070-2024/2024-0540-000,,0005,25.2,D,Q,,CONT_AWD_70CMSW18C00000006_7012_-NONE-_-NONE-,70CMSW18C00000006,,,,LCJ3MDABAV97,"MAVAGI ENTERPRISES, INC.",LCJ3MDABAV97,"MAVAGI ENTERPRISES, INC.",GROUNDS AND CUSTODIAL SERVICES - PORT ISABEL SPC.,localhost:3000/award/CONT_AWD_70CMSW18C00000006_7012_-NONE-_-NONE-/,2025-05-15,DHS_FY2025P12_c:FY2025P01-P12_070_TAS_Contracts_AccountBreakdownByAward_2026-09-16_H02M56S53_01.csv:row:36256,data/raw/DHS_FY2025P12_c/FY2025P01-P12_070_TAS_AccountBreakdownByAward_2026-09-16_H02M54S16646960.zip,FY2025P01-P12_070_TAS_Contracts_AccountBreakdownByAward_2026-09-16_H02M56S53_01.csv,data/raw/DHS_FY2025P12_c/FY2025P01-P12_070_TAS_AccountBreakdownByAward_2026-09-16_H02M54S16646960.zip!FY2025P01-P12_070_TAS_Contracts_AccountBreakdownByAward_2026-09-16_H02M56S53_01.csv,36256,Contracts,https://files.usaspending.gov/generated_downloads/FY2025P01-P12_070_TAS_AccountBreakdownByAward_2026-09-16_H02M54S16646960.zip,Other public or nonprofit entities
FY2025P08,070-0540,070-2022/2022-0540-000,,0005,25.2,D,Q,-1964.59,CONT_AWD_70CMSW18C00000006_7012_-NONE-_-NONE-,70CMSW18C00000006,,,,LCJ3MDABAV97,"MAVAGI ENTERPRISES, INC.",LCJ3MDABAV97,"MAVAGI ENTERPRISES, INC.",GROUNDS AND CUSTODIAL SERVICES - PORT ISABEL SPC.,localhost:3000/award/CONT_AWD_70CMSW18C00000006_7012_-NONE-_-NONE-/,2025-07-01,DHS_FY2025P12_c:FY2025P01-P12_070_TAS_Contracts_AccountBreakdownByAward_2026-09-16_H02M56S53_01.csv:row:36257,data/raw/DHS_FY2025P12_c/FY2025P01-P12_070_TAS_AccountBreakdownByAward_2026-09-16_H02M54S16646960.zip,FY2025P01-P12_070_TAS_Contracts_AccountBreakdownByAward_2026-09-16_H02M56S53_01.csv,data/raw/DHS_FY2025P12_c/FY2025P01-P12_070_TAS_AccountBreakdownByAward_2026-09-16_H02M54S16646960.zip!FY2025P01-P12_070_TAS_Contracts_AccountBreakdownByAward_2026-09-16_H02M56S53_01.csv,36257,Contracts,https://files.usaspending.gov/generated_downloads/FY2025P01-P12_070_TAS_AccountBreakdownByAward_2026-09-16_H02M54S16646960.zip,Other public or nonprofit entities
FY2025P08,070-0540,070-2021/2021-0540-000,,0005,25.4,D,Q,-9.83,CONT_AWD_70CMSW18C00000006_7012_-NONE-_-NONE-,70CMSW18C00000006,,,,LCJ3MDABAV97,"MAVAGI ENTERPRISES, INC.",LCJ3MDABAV97,"MAVAGI ENTERPRISES, INC.",GROUNDS AND CUSTODIAL SERVICES - PORT ISABEL SPC.,localhost:3000/award/CONT_AWD_70CMSW18C00000006_7012_-NONE-_-NONE-/,2025-07-01,DHS_FY2025P12_c:FY2025P01-P12_070_TAS_Contracts_AccountBreakdownByAward_2026-09-16_H02M56S53_01.csv:row:36258,data/raw/DHS_FY2025P12_c/FY2025P01-P12_070_TAS_AccountBreakdownByAward_2026-09-16_H02M54S16646960.zip,FY2025P01-P12_070_TAS_Contracts_AccountBreakdownByAward_2026-09-16_H02M56S53_01.csv,data/raw/DHS_FY2025P12_c/FY2025P01-P12_070_TAS_AccountBreakdownByAward_2026-09-16_H02M54S16646960.zip!FY2025P01-P12_070_TAS_Contracts_AccountBreakdownByAward_2026-09-16_H02M56S53_01.csv,36258,Contracts,https://files.usaspending.gov/generated_downloads/FY2025P01-P12_070_TAS_AccountBreakdownByAward_2026-09-16_H02M54S16646960.zip,Other public or nonprofit entities
FY2025P08,070-0540,070-2023/2023-0540-000,,0005,25.2,D,Q,-5842.64,CONT_AWD_70CMSW18C00000006_7012_-NONE-_-NONE-,70CMSW18C00000006,,,,LCJ3MDABAV97,"MAVAGI ENTERPRISES, INC.",LCJ3MDABAV97,"MAVAGI ENTERPRISES, INC.",GROUNDS AND CUSTODIAL SERVICES - PORT ISABEL SPC.,localhost:3000/award/CONT_AWD_70CMSW18C00000006_7012_-NONE-_-NONE-/,2025-07-01,DHS_FY2025P12_c:FY2025P01-P12_070_TAS_Contracts_AccountBreakdownByAward_2026-09-16_H02M56S53_01.csv:row:36259,data/raw/DHS_FY2025P12_c/FY2025P01-P12_070_TAS_AccountBreakdownByAward_2026-09-16_H02M54S16646960.zip,FY2025P01-P12_070_TAS_Contracts_AccountBreakdownByAward_2026-09-16_H02M56S53_01.csv,data/raw/DHS_FY2025P12_c/FY2025P01-P12_070_TAS_AccountBreakdownByAward_2026-09-16_H02M54S16646960.zip!FY2025P01-P12_070_TAS_Contracts_AccountBreakdownByAward_2026-09-16_H02M56S53_01.csv,36259,Contracts,https://files.usaspending.gov/generated_downloads/FY2025P01-P12_070_TAS_AccountBreakdownByAward_2026-09-16_H02M54S16646960.zip,Other public or nonprofit entities
FY2025P08,070-0540,070-2024/2024-0540-000,,0005,25.2,D,Q,,CONT_AWD_70CMSW18C00000006_7012_-NONE-_-NONE-,70CMSW18C00000006,,,,LCJ3MDABAV97,"MAVAGI ENTERPRISES, INC.",LCJ3MDABAV97,"MAVAGI ENTERPRISES, INC.",GROUNDS AND CUSTODIAL SERVICES - PORT ISABEL SPC.,localhost:3000/award/CONT_AWD_70CMSW18C00000006_7012_-NONE-_-NONE-/,2025-07-01,DHS_FY2025P12_c:FY2025P01-P12_070_TAS_Contracts_AccountBreakdownByAward_2026-09-16_H02M56S53_01.csv:row:36260,data/raw/DHS_FY2025P12_c/FY2025P01-P12_070_TAS_AccountBreakdownByAward_2026-09-16_H02M54S16646960.zip,FY2025P01-P12_070_TAS_Contracts_AccountBreakdownByAward_2026-09-16_H02M56S53_01.csv,data/raw/DHS_FY2025P12_c/FY2025P01-P12_070_TAS_AccountBreakdownByAward_2026-09-16_H02M54S16646960.zip!FY2025P01-P12_070_TAS_Contracts_AccountBreakdownByAward_2026-09-16_H02M56S53_01.csv,36260,Contracts,https://files.usaspending.gov/generated_downloads/FY2025P01-P12_070_TAS_AccountBreakdownByAward_2026-09-16_H02M54S16646960.zip,Other public or nonprofit entities
FY2025P12,070-0540,070-2025/2025-0540-000,,0005,25.2,D,Q,,CONT_AWD_70CMSW18C00000006_7012_-NONE-_-NONE-,70CMSW18C00000006,,,,LCJ3MDABAV97,"MAVAGI ENTERPRISES, INC.",LCJ3MDABAV97,"MAVAGI ENTERPRISES, INC.",GROUNDS AND CUSTODIAL SERVICES - PORT ISABEL SPC.,localhost:3000/award/CONT_AWD_70CMSW18C00000006_7012_-NONE-_-NONE-/,2025-12-05,DHS_FY2025P12_c:FY2025P01-P12_070_TAS_Contracts_AccountBreakdownByAward_2026-09-16_H02M56S53_01.csv:row:36261,data/raw/DHS_FY2025P12_c/FY2025P01-P12_070_TAS_AccountBreakdownByAward_2026-09-16_H02M54S16646960.zip,FY2025P01-P12_070_TAS_Contracts_AccountBreakdownByAward_2026-09-16_H02M56S53_01.csv,data/raw/DHS_FY2025P12_c/FY2025P01-P12_070_TAS_AccountBreakdownByAward_2026-09-16_H02M54S16646960.zip!FY2025P01-P12_070_TAS_Contracts_AccountBreakdownByAward_2026-09-16_H02M56S53_01.csv,36261,Contracts,https://files.usaspending.gov/generated_downloads/FY2025P01-P12_070_TAS_AccountBreakdownByAward_2026-09-16_H02M54S16646960.zip,Other public or nonprofit entities
FY2025P09,070-0540,070-2024/2024-0540-000,,0005,25.2,D,Q,,CONT_AWD_70CMSW18C00000006_7012_-NONE-_-NONE-,70CMSW18C00000006,,,,LCJ3MDABAV97,"MAVAGI ENTERPRISES, INC.",LCJ3MDABAV97,"MAVAGI ENTERPRISES, INC.",GROUNDS AND CUSTODIAL SERVICES - PORT ISABEL SPC.,localhost:3000/award/CONT_AWD_70CMSW18C00000006_7012_-NONE-_-NONE-/,2025-08-13,DHS_FY2025P12_c:FY2025P01-P12_070_TAS_Contracts_AccountBreakdownByAward_2026-09-16_H02M56S53_01.csv:row:36263,data/raw/DHS_FY2025P12_c/FY2025P01-P12_070_TAS_AccountBreakdownByAward_2026-09-16_H02M54S16646960.zip,FY2025P01-P12_070_TAS_Contracts_AccountBreakdownByAward_2026-09-16_H02M56S53_01.csv,data/raw/DHS_FY2025P12_c/FY2025P01-P12_070_TAS_AccountBreakdownByAward_2026-09-16_H02M54S16646960.zip!FY2025P01-P12_070_TAS_Contracts_AccountBreakdownByAward_2026-09-16_H02M56S53_01.csv,36263,Contracts,https://files.usaspending.gov/generated_downloads/FY2025P01-P12_070_TAS_AccountBreakdownByAward_2026-09-16_H02M54S16646960.zip,Other public or nonprofit entities
FY2025P12,070-0540,070-2024/2024-0540-000,,0005,25.2,D,Q,,CONT_AWD_70CMSW18C00000006_7012_-NONE-_-NONE-,70CMSW18C00000006,,,,LCJ3MDABAV97,"MAVAGI ENTERPRISES, INC.",LCJ3MDABAV97,"MAVAGI ENTERPRISES, INC.",GROUNDS AND CUSTODIAL SERVICES - PORT ISABEL SPC.,localhost:3000/award/CONT_AWD_70CMSW18C00000006_7012_-NONE-_-NONE-/,2025-12-05,DHS_FY2025P12_c:FY2025P01-P12_070_TAS_Contracts_AccountBreakdownByAward_2026-09-16_H02M56S53_01.csv:row:36265,data/raw/DHS_FY2025P12_c/FY2025P01-P12_070_TAS_AccountBreakdownByAward_2026-09-16_H02M54S16646960.zip,FY2025P01-P12_070_TAS_Contracts_AccountBreakdownByAward_2026-09-16_H02M56S53_01.csv,data/raw/DHS_FY2025P12_c/FY2025P01-P12_070_TAS_AccountBreakdownByAward_2026-09-16_H02M54S16646960.zip!FY2025P01-P12_070_TAS_Contracts_AccountBreakdownByAward_2026-09-16_H02M56S53_01.csv,36265,Contracts,https://files.usaspending.gov/generated_downloads/FY2025P01-P12_070_TAS_AccountBreakdownByAward_2026-09-16_H02M54S16646960.zip,Other public or nonprofit entities
FY2025P11,070-0540,070-2025/2025-0540-000,,0005,25.2,D,Q,1933361.20,CONT_AWD_70CMSW18C00000006_7012_-NONE-_-NONE-,70CMSW18C00000006,,,,LCJ3MDABAV97,"MAVAGI ENTERPRISES, INC.",LCJ3MDABAV97,"MAVAGI ENTERPRISES, INC.",GROUNDS AND CUSTODIAL SERVICES - PORT ISABEL SPC.,localhost:3000/award/CONT_AWD_70CMSW18C00000006_7012_-NONE-_-NONE-/,2025-12-05,DHS_FY2025P12_c:FY2025P01-P12_070_TAS_Contracts_AccountBreakdownByAward_2026-09-16_H02M56S53_01.csv:row:36266,data/raw/DHS_FY2025P12_c/FY2025P01-P12_070_TAS_AccountBreakdownByAward_2026-09-16_H02M54S16646960.zip,FY2025P01-P12_070_TAS_Contracts_AccountBreakdownByAward_2026-09-16_H02M56S53_01.csv,data/raw/DHS_FY2025P12_c/FY2025P01-P12_070_TAS_AccountBreakdownByAward_2026-09-16_H02M54S16646960.zip!FY2025P01-P12_070_TAS_Contracts_AccountBreakdownByAward_2026-09-16_H02M56S53_01.csv,36266,Contracts,https://files.usaspending.gov/generated_downloads/FY2025P01-P12_070_TAS_AccountBreakdownByAward_2026-09-16_H02M54S16646960.zip,Other public or nonprofit entities
FY2025P11,070-0540,070-2024/2024-0540-000,,0005,25.2,D,Q,,CONT_AWD_70CMSW18C00000006_7012_-NONE-_-NONE-,70CMSW18C00000006,,,,LCJ3MDABAV97,"MAVAGI ENTERPRISES, INC.",LCJ3MDABAV97,"MAVAGI ENTERPRISES, INC.",GROUNDS AND CUSTODIAL SERVICES - PORT ISABEL SPC.,localhost:3000/award/CONT_AWD_70CMSW18C00000006_7012_-NONE-_-NONE-/,2025-12-05,DHS_FY2025P12_c:FY2025P01-P12_070_TAS_Contracts_AccountBreakdownByAward_2026-09-16_H02M56S53_01.csv:row:36267,data/raw/DHS_FY2025P12_c/FY2025P01-P12_070_TAS_AccountBreakdownByAward_2026-09-16_H02M54S16646960.zip,FY2025P01-P12_070_TAS_Contracts_AccountBreakdownByAward_2026-09-16_H02M56S53_01.csv,data/raw/DHS_FY2025P12_c/FY2025P01-P12_070_TAS_AccountBreakdownByAward_2026-09-16_H02M54S16646960.zip!FY2025P01-P12_070_TAS_Contracts_AccountBreakdownByAward_2026-09-16_H02M56S53_01.csv,36267,Contracts,https://files.usaspending.gov/generated_downloads/FY2025P01-P12_070_TAS_AccountBreakdownByAward_2026-09-16_H02M54S16646960.zip,Other public or nonprofit entities
FY2025P09,070-0540,070-2025/2025-0540-000,,0004,25.2,D,Q,,CONT_AWD_70CMSD19P00000101_7012_-NONE-_-NONE-,70CMSD19P00000101,,,,HH2TV6FXKD46,CITY OF HAVRE DE GRACE,HH2TV6FXKD46,CITY OF HAVRE DE GRACE,FIRING RANGE RENTAL,localhost:3000/award/CONT_AWD_70CMSD19P00000101_7012_-NONE-_-NONE-/,2025-08-13,DHS_FY2025P12_c:FY2025P01-P12_070_TAS_Contracts_AccountBreakdownByAward_2026-09-16_H02M56S53_01.csv:row:37765,data/raw/DHS_FY2025P12_c/FY2025P01-P12_070_TAS_AccountBreakdownByAward_2026-09-16_H02M54S16646960.zip,FY2025P01-P12_070_TAS_Contracts_AccountBreakdownByAward_2026-09-16_H02M56S53_01.csv,data/raw/DHS_FY2025P12_c/FY2025P01-P12_070_TAS_AccountBreakdownByAward_2026-09-16_H02M54S16646960.zip!FY2025P01-P12_070_TAS_Contracts_AccountBreakdownByAward_2026-09-16_H02M56S53_01.csv,37765,Contracts,https://files.usaspending.gov/generated_downloads/FY2025P01-P12_070_TAS_AccountBreakdownByAward_2026-09-16_H02M54S16646960.zip,State and local governments
FY2025P09,070-0540,070-2023/2023-0540-000,,0004,25.2,D,Q,,CONT_AWD_70CMSD19P00000101_7012_-NONE-_-NONE-,70CMSD19P00000101,,,,HH2TV6FXKD46,CITY OF HAVRE DE GRACE,HH2TV6FXKD46,CITY OF HAVRE DE GRACE,FIRING RANGE RENTAL,localhost:3000/award/CONT_AWD_70CMSD19P00000101_7012_-NONE-_-NONE-/,2025-08-13,DHS_FY2025P12_c:FY2025P01-P12_070_TAS_Contracts_AccountBreakdownByAward_2026-09-16_H02M56S53_01.csv:row:37766,data/raw/DHS_FY2025P12_c/FY2025P01-P12_070_TAS_AccountBreakdownByAward_2026-09-16_H02M54S16646960.zip,FY2025P01-P12_070_TAS_Contracts_AccountBreakdownByAward_2026-09-16_H02M56S53_01.csv,data/raw/DHS_FY2025P12_c/FY2025P01-P12_070_TAS_AccountBreakdownByAward_2026-09-16_H02M54S16646960.zip!FY2025P01-P12_070_TAS_Contracts_AccountBreakdownByAward_2026-09-16_H02M56S53_01.csv,37766,Contracts,https://files.usaspending.gov/generated_downloads/FY2025P01-P12_070_TAS_AccountBreakdownByAward_2026-09-16_H02M54S16646960.zip,State and local governments
FY2025P07,070-0540,070-2025/2025-0540-000,,0004,25.2,D,Q,,CONT_AWD_70CMSD19P00000101_7012_-NONE-_-NONE-,70CMSD19P00000101,,,,HH2TV6FXKD46,CITY OF HAVRE DE GRACE,HH2TV6FXKD46,CITY OF HAVRE DE GRACE,FIRING RANGE RENTAL,localhost:3000/award/CONT_AWD_70CMSD19P00000101_7012_-NONE-_-NONE-/,2025-05-30,DHS_FY2025P12_c:FY2025P01-P12_070_TAS_Contracts_AccountBreakdownByAward_2026-09-16_H02M56S53_01.csv:row:37767,data/raw/DHS_FY2025P12_c/FY2025P01-P12_070_TAS_AccountBreakdownByAward_2026-09-16_H02M54S16646960.zip,FY2025P01-P12_070_TAS_Contracts_AccountBreakdownByAward_2026-09-16_H02M56S53_01.csv,data/raw/DHS_FY2025P12_c/FY2025P01-P12_070_TAS_AccountBreakdownByAward_2026-09-16_H02M54S16646960.zip!FY2025P01-P12_070_TAS_Contracts_AccountBreakdownByAward_2026-09-16_H02M56S53_01.csv,37767,Contracts,https://files.usaspending.gov/generated_downloads/FY2025P01-P12_070_TAS_AccountBreakdownByAward_2026-09-16_H02M54S16646960.zip,State and local governments
FY2025P07,070-0540,070-2023/2023-0540-000,,0004,25.2,D,Q,,CONT_AWD_70CMSD19P00000101_7012_-NONE-_-NONE-,70CMSD19P00000101,,,,HH2TV6FXKD46,CITY OF HAVRE DE GRACE,HH2TV6FXKD46,CITY OF HAVRE DE GRACE,FIRING RANGE RENTAL,localhost:3000/award/CONT_AWD_70CMSD19P00000101_7012_-NONE-_-NONE-/,2025-05-30,DHS_FY2025P12_c:FY2025P01-P12_070_TAS_Contracts_AccountBreakdownByAward_2026-09-16_H02M56S53_01.csv:row:37768,data/raw/DHS_FY2025P12_c/FY2025P01-P12_070_TAS_AccountBreakdownByAward_2026-09-16_H02M54S16646960.zip,FY2025P01-P12_070_TAS_Contracts_AccountBreakdownByAward_2026-09-16_H02M56S53_01.csv,data/raw/DHS_FY2025P12_c/FY2025P01-P12_070_TAS_AccountBreakdownByAward_2026-09-16_H02M54S16646960.zip!FY2025P01-P12_070_TAS_Contracts_AccountBreakdownByAward_2026-09-16_H02M56S53_01.csv,37768,Contracts,https://files.usaspending.gov/generated_downloads/FY2025P01-P12_070_TAS_AccountBreakdownByAward_2026-09-16_H02M54S16646960.zip,State and local governments
FY2025P11,070-0540,070-2025/2025-0540-000,,0004,25.2,D,Q,,CONT_AWD_70CMSD19P00000101_7012_-NONE-_-NONE-,70CMSD19P00000101,,,,HH2TV6FXKD46,CITY OF HAVRE DE GRACE,HH2TV6FXKD46,CITY OF HAVRE DE GRACE,FIRING RANGE RENTAL,localhost:3000/award/CONT_AWD_70CMSD19P00000101_7012_-NONE-_-NONE-/,2025-12-05,DHS_FY2025P12_c:FY2025P01-P12_070_TAS_Contracts_AccountBreakdownByAward_2026-09-16_H02M56S53_01.csv:row:37769,data/raw/DHS_FY2025P12_c/FY2025P01-P12_070_TAS_AccountBreakdownByAward_2026-09-16_H02M54S16646960.zip,FY2025P01-P12_070_TAS_Contracts_AccountBreakdownByAward_2026-09-16_H02M56S53_01.csv,data/raw/DHS_FY2025P12_c/FY2025P01-P12_070_TAS_AccountBreakdownByAward_2026-09-16_H02M54S16646960.zip!FY2025P01-P12_070_TAS_Contracts_AccountBreakdownByAward_2026-09-16_H02M56S53_01.csv,37769,Contracts,https://files.usaspending.gov/generated_downloads/FY2025P01-P12_070_TAS_AccountBreakdownByAward_2026-09-16_H02M54S16646960.zip,State and local governments
FY2025P12,070-0540,070-2025/2025-0540-000,,0004,25.2,D,Q,,CONT_AWD_70CMSD19P00000101_7012_-NONE-_-NONE-,70CMSD19P00000101,,,,HH2TV6FXKD46,CITY OF HAVRE DE GRACE,HH2TV6FXKD46,CITY OF HAVRE DE GRACE,FIRING RANGE RENTAL,localhost:3000/award/CONT_AWD_70CMSD19P00000101_7012_-NONE-_-NONE-/,2025-12-05,DHS_FY2025P12_c:FY2025P01-P12_070_TAS_Contracts_AccountBreakdownByAward_2026-09-16_H02M56S53_01.csv:row:37772,data/raw/DHS_FY2025P12_c/FY2025P01-P12_070_TAS_AccountBreakdownByAward_2026-09-16_H02M54S16646960.zip,FY2025P01-P12_070_TAS_Contracts_AccountBreakdownByAward_2026-09-16_H02M56S53_01.csv,data/raw/DHS_FY2025P12_c/FY2025P01-P12_070_TAS_AccountBreakdownByAward_2026-09-16_H02M54S16646960.zip!FY2025P01-P12_070_TAS_Contracts_AccountBreakdownByAward_2026-09-16_H02M56S53_01.csv,37772,Contracts,https://files.usaspending.gov/generated_downloads/FY2025P01-P12_070_TAS_AccountBreakdownByAward_2026-09-16_H02M54S16646960.zip,State and local governments
FY2025P05,070-0540,070-2023/2023-0540-000,,0004,25.2,D,Q,,CONT_AWD_70CMSD19P00000101_7012_-NONE-_-NONE-,70CMSD19P00000101,,,,HH2TV6FXKD46,CITY OF HAVRE DE GRACE,HH2TV6FXKD46,CITY OF HAVRE DE GRACE,FIRING RANGE RENTAL,localhost:3000/award/CONT_AWD_70CMSD19P00000101_7012_-NONE-_-NONE-/,2025-05-15,DHS_FY2025P12_c:FY2025P01-P12_070_TAS_Contracts_AccountBreakdownByAward_2026-09-16_H02M56S53_01.csv:row:37773,data/raw/DHS_FY2025P12_c/FY2025P01-P12_070_TAS_AccountBreakdownByAward_2026-09-16_H02M54S16646960.zip,FY2025P01-P12_070_TAS_Contracts_AccountBreakdownByAward_2026-09-16_H02M56S53_01.csv,data/raw/DHS_FY2025P12_c/FY2025P01-P12_070_TAS_AccountBreakdownByAward_2026-09-16_H02M54S16646960.zip!FY2025P01-P12_070_TAS_Contracts_AccountBreakdownByAward_2026-09-16_H02M56S53_01.csv,37773,Contracts,https://files.usaspending.gov/generated_downloads/FY2025P01-P12_070_TAS_AccountBreakdownByAward_2026-09-16_H02M54S16646960.zip,State and local governments
FY2025P06,070-0540,070-2025/2025-0540-000,,0004,25.2,D,Q,,CONT_AWD_70CMSD19P00000101_7012_-NONE-_-NONE-,70CMSD19P00000101,,,,HH2TV6FXKD46,CITY OF HAVRE DE GRACE,HH2TV6FXKD46,CITY OF HAVRE DE GRACE,FIRING RANGE RENTAL,localhost:3000/award/CONT_AWD_70CMSD19P00000101_7012_-NONE-_-NONE-/,2025-05-15,DHS_FY2025P12_c:FY2025P01-P12_070_TAS_Contracts_AccountBreakdownByAward_2026-09-16_H02M56S53_01.csv:row:37774,data/raw/DHS_FY2025P12_c/FY2025P01-P12_070_TAS_AccountBreakdownByAward_2026-09-16_H02M54S16646960.zip,FY2025P01-P12_070_TAS_Contracts_AccountBreakdownByAward_2026-09-16_H02M56S53_01.csv,data/raw/DHS_FY2025P12_c/FY2025P01-P12_070_TAS_AccountBreakdownByAward_2026-09-16_H02M54S16646960.zip!FY2025P01-P12_070_TAS_Contracts_AccountBreakdownByAward_2026-09-16_H02M56S53_01.csv,37774,Contracts,https://files.usaspending.gov/generated_downloads/FY2025P01-P12_070_TAS_AccountBreakdownByAward_2026-09-16_H02M54S16646960.zip,State and local governments
FY2025P06,070-0540,070-2023/2023-0540-000,,0004,25.2,D,Q,,CONT_AWD_70CMSD19P00000101_7012_-NONE-_-NONE-,70CMSD19P00000101,,,,HH2TV6FXKD46,CITY OF HAVRE DE GRACE,HH2TV6FXKD46,CITY OF HAVRE DE GRACE,FIRING RANGE RENTAL,localhost:3000/award/CONT_AWD_70CMSD19P00000101_7012_-NONE-_-NONE-/,2025-05-15,DHS_FY2025P12_c:FY2025P01-P12_070_TAS_Contracts_AccountBreakdownByAward_2026-09-16_H02M56S53_01.csv:row:37775,data/raw/DHS_FY2025P12_c/FY2025P01-P12_070_TAS_AccountBreakdownByAward_2026-09-16_H02M54S16646960.zip,FY2025P01-P12_070_TAS_Contracts_AccountBreakdownByAward_2026-09-16_H02M56S53_01.csv,data/raw/DHS_FY2025P12_c/FY2025P01-P12_070_TAS_AccountBreakdownByAward_2026-09-16_H02M54S16646960.zip!FY2025P01-P12_070_TAS_Contracts_AccountBreakdownByAward_2026-09-16_H02M56S53_01.csv,37775,Contracts,https://files.usaspending.gov/generated_downloads/FY2025P01-P12_070_TAS_AccountBreakdownByAward_2026-09-16_H02M54S16646960.zip,State and local governments
FY2025P05,070-0540,070-2025/2025-0540-000,,0004,25.2,D,Q,,CONT_AWD_70CMSD19P00000101_7012_-NONE-_-NONE-,70CMSD19P00000101,,,,HH2TV6FXKD46,CITY OF HAVRE DE GRACE,HH2TV6FXKD46,CITY OF HAVRE DE GRACE,FIRING RANGE RENTAL,localhost:3000/award/CONT_AWD_70CMSD19P00000101_7012_-NONE-_-NONE-/,2025-05-15,DHS_FY2025P12_c:FY2025P01-P12_070_TAS_Contracts_AccountBreakdownByAward_2026-09-16_H02M56S53_01.csv:row:37776,data/raw/DHS_FY2025P12_c/FY2025P01-P12_070_TAS_AccountBreakdownByAward_2026-09-16_H02M54S16646960.zip,FY2025P01-P12_070_TAS_Contracts_AccountBreakdownByAward_2026-09-16_H02M56S53_01.csv,data/raw/DHS_FY2025P12_c/FY2025P01-P12_070_TAS_AccountBreakdownByAward_2026-09-16_H02M54S16646960.zip!FY2025P01-P12_070_TAS_Contracts_AccountBreakdownByAward_2026-09-16_H02M56S53_01.csv,37776,Contracts,https://files.usaspending.gov/generated_downloads/FY2025P01-P12_070_TAS_AccountBreakdownByAward_2026-09-16_H02M54S16646960.zip,State and local governments
FY2025P08,070-0540,070-2023/2023-0540-000,,0004,25.2,D,Q,,CONT_AWD_70CMSD19P00000101_7012_-NONE-_-NONE-,70CMSD19P00000101,,,,HH2TV6FXKD46,CITY OF HAVRE DE GRACE,HH2TV6FXKD46,CITY OF HAVRE DE GRACE,FIRING RANGE RENTAL,localhost:3000/award/CONT_AWD_70CMSD19P00000101_7012_-NONE-_-NONE-/,2025-07-01,DHS_FY2025P12_c:FY2025P01-P12_070_TAS_Contracts_AccountBreakdownByAward_2026-09-16_H02M56S53_01.csv:row:37777,data/raw/DHS_FY2025P12_c/FY2025P01-P12_070_TAS_AccountBreakdownByAward_2026-09-16_H02M54S16646960.zip,FY2025P01-P12_070_TAS_Contracts_AccountBreakdownByAward_2026-09-16_H02M56S53_01.csv,data/raw/DHS_FY2025P12_c/FY2025P01-P12_070_TAS_AccountBreakdownByAward_2026-09-16_H02M54S16646960.zip!FY2025P01-P12_070_TAS_Contracts_AccountBreakdownByAward_2026-09-16_H02M56S53_01.csv,37777,Contracts,https://files.usaspending.gov/generated_downloads/FY2025P01-P12_070_TAS_AccountBreakdownByAward_2026-09-16_H02M54S16646960.zip,State and local governments
FY2025P08,070-0540,070-2025/2025-0540-000,,0004,25.2,D,Q,,CONT_AWD_70CMSD19P00000101_7012_-NONE-_-NONE-,70CMSD19P00000101,,,,HH2TV6FXKD46,CITY OF HAVRE DE GRACE,HH2TV6FXKD46,CITY OF HAVRE DE GRACE,FIRING RANGE RENTAL,localhost:3000/award/CONT_AWD_70CMSD19P00000101_7012_-NONE-_-NONE-/,2025-07-01,DHS_FY2025P12_c:FY2025P01-P12_070_TAS_Contracts_AccountBreakdownByAward_2026-09-16_H02M56S53_01.csv:row:37778,data/raw/DHS_FY2025P12_c/FY2025P01-P12_070_TAS_AccountBreakdownByAward_2026-09-16_H02M54S16646960.zip,FY2025P01-P12_070_TAS_Contracts_AccountBreakdownByAward_2026-09-16_H02M56S53_01.csv,data/raw/DHS_FY2025P12_c/FY2025P01-P12_070_TAS_AccountBreakdownByAward_2026-09-16_H02M54S16646960.zip!FY2025P01-P12_070_TAS_Contracts_AccountBreakdownByAward_2026-09-16_H02M56S53_01.csv,37778,Contracts,https://files.usaspending.gov/generated_downloads/FY2025P01-P12_070_TAS_AccountBreakdownByAward_2026-09-16_H02M54S16646960.zip,State and local governments
FY2025P12,070-0540,070-2023/2023-0540-000,,0004,25.2,D,Q,,CONT_AWD_70CMSD19P00000101_7012_-NONE-_-NONE-,70CMSD19P00000101,,,,HH2TV6FXKD46,CITY OF HAVRE DE GRACE,HH2TV6FXKD46,CITY OF HAVRE DE GRACE,FIRING RANGE RENTAL,localhost:3000/award/CONT_AWD_70CMSD19P00000101_7012_-NONE-_-NONE-/,2025-12-05,DHS_FY2025P12_c:FY2025P01-P12_070_TAS_Contracts_AccountBreakdownByAward_2026-09-16_H02M56S53_01.csv:row:37779,data/raw/DHS_FY2025P12_c/FY2025P01-P12_070_TAS_AccountBreakdownByAward_2026-09-16_H02M54S16646960.zip,FY2025P01-P12_070_TAS_Contracts_AccountBreakdownByAward_2026-09-16_H02M56S53_01.csv,data/raw/DHS_FY2025P12_c/FY2025P01-P12_070_TAS_AccountBreakdownByAward_2026-09-16_H02M54S16646960.zip!FY2025P01-P12_070_TAS_Contracts_AccountBreakdownByAward_2026-09-16_H02M56S53_01.csv,37779,Contracts,https://files.usaspending.gov/generated_downloads/FY2025P01-P12_070_TAS_AccountBreakdownByAward_2026-09-16_H02M54S16646960.zip,State and local governments
FY2025P10,070-0540,070-2025/2025-0540-000,,0004,25.2,D,Q,,CONT_AWD_70CMSD19P00000101_7012_-NONE-_-NONE-,70CMSD19P00000101,,,,HH2TV6FXKD46,CITY OF HAVRE DE GRACE,HH2TV6FXKD46,CITY OF HAVRE DE GRACE,FIRING RANGE RENTAL,localhost:3000/award/CONT_AWD_70CMSD19P00000101_7012_-NONE-_-NONE-/,2025-09-10,DHS_FY2025P12_c:FY2025P01-P12_070_TAS_Contracts_AccountBreakdownByAward_2026-09-16_H02M56S53_01.csv:row:37780,data/raw/DHS_FY2025P12_c/FY2025P01-P12_070_TAS_AccountBreakdownByAward_2026-09-16_H02M54S16646960.zip,FY2025P01-P12_070_TAS_Contracts_AccountBreakdownByAward_2026-09-16_H02M56S53_01.csv,data/raw/DHS_FY2025P12_c/FY2025P01-P12_070_TAS_AccountBreakdownByAward_2026-09-16_H02M54S16646960.zip!FY2025P01-P12_070_TAS_Contracts_AccountBreakdownByAward_2026-09-16_H02M56S53_01.csv,37780,Contracts,https://files.usaspending.gov/generated_downloads/FY2025P01-P12_070_TAS_AccountBreakdownByAward_2026-09-16_H02M54S16646960.zip,State and local governments
FY2025P10,070-0540,070-2023/2023-0540-000,,0004,25.2,D,Q,,CONT_AWD_70CMSD19P00000101_7012_-NONE-_-NONE-,70CMSD19P00000101,,,,HH2TV6FXKD46,CITY OF HAVRE DE GRACE,HH2TV6FXKD46,CITY OF HAVRE DE GRACE,FIRING RANGE RENTAL,localhost:3000/award/CONT_AWD_70CMSD19P00000101_7012_-NONE-_-NONE-/,2025-09-10,DHS_FY2025P12_c:FY2025P01-P12_070_TAS_Contracts_AccountBreakdownByAward_2026-09-16_H02M56S53_01.csv:row:37781,data/raw/DHS_FY2025P12_c/FY2025P01-P12_070_TAS_AccountBreakdownByAward_2026-09-16_H02M54S16646960.zip,FY2025P01-P12_070_TAS_Contracts_AccountBreakdownByAward_2026-09-16_H02M56S53_01.csv,data/raw/DHS_FY2025P12_c/FY2025P01-P12_070_TAS_AccountBreakdownByAward_2026-09-16_H02M54S16646960.zip!FY2025P01-P12_070_TAS_Contracts_AccountBreakdownByAward_2026-09-16_H02M56S53_01.csv,37781,Contracts,https://files.usaspending.gov/generated_downloads/FY2025P01-P12_070_TAS_AccountBreakdownByAward_2026-09-16_H02M54S16646960.zip,State and local governments
FY2025P11,070-0540,070-2023/2023-0540-000,,0004,25.2,D,Q,,CONT_AWD_70CMSD19P00000101_7012_-NONE-_-NONE-,70CMSD19P00000101,,,,HH2TV6FXKD46,CITY OF HAVRE DE GRACE,HH2TV6FXKD46,CITY OF HAVRE DE GRACE,FIRING RANGE RENTAL,localhost:3000/award/CONT_AWD_70CMSD19P00000101_7012_-NONE-_-NONE-/,2025-12-05,DHS_FY2025P12_c:FY2025P01-P12_070_TAS_Contracts_AccountBreakdownByAward_2026-09-16_H02M56S53_01.csv:row:37782,data/raw/DHS_FY2025P12_c/FY2025P01-P12_070_TAS_AccountBreakdownByAward_2026-09-16_H02M54S16646960.zip,FY2025P01-P12_070_TAS_Contracts_AccountBreakdownByAward_2026-09-16_H02M56S53_01.csv,data/raw/DHS_FY2025P12_c/FY2025P01-P12_070_TAS_AccountBreakdownByAward_2026-09-16_H02M54S16646960.zip!FY2025P01-P12_070_TAS_Contracts_AccountBreakdownByAward_2026-09-16_H02M56S53_01.csv,37782,Contracts,https://files.usaspending.gov/generated_downloads/FY2025P01-P12_070_TAS_AccountBreakdownByAward_2026-09-16_H02M54S16646960.zip,State and local governments
FY2025P09,070-0540,070-2024/2024-0540-000,,0004,25.4,D,Q,,CONT_AWD_70CMSD23P00000069_7012_-NONE-_-NONE-,70CMSD23P00000069,,,,KBETVELWWR23,COUNTY OF IMPERIAL,KBETVELWWR23,COUNTY OF IMPERIAL,JUVENILE DETAINEE SERVICES,localhost:3000/award/CONT_AWD_70CMSD23P00000069_7012_-NONE-_-NONE-/,2025-08-13,DHS_FY2025P12_c:FY2025P01-P12_070_TAS_Contracts_AccountBreakdownByAward_2026-09-16_H02M56S53_01.csv:row:42366,data/raw/DHS_FY2025P12_c/FY2025P01-P12_070_TAS_AccountBreakdownByAward_2026-09-16_H02M54S16646960.zip,FY2025P01-P12_070_TAS_Contracts_AccountBreakdownByAward_2026-09-16_H02M56S53_01.csv,data/raw/DHS_FY2025P12_c/FY2025P01-P12_070_TAS_AccountBreakdownByAward_2026-09-16_H02M54S16646960.zip!FY2025P01-P12_070_TAS_Contracts_AccountBreakdownByAward_2026-09-16_H02M56S53_01.csv,42366,Contracts,https://files.usaspending.gov/generated_downloads/FY2025P01-P12_070_TAS_AccountBreakdownByAward_2026-09-16_H02M54S16646960.zip,State and local governments
FY2025P06,070-0540,070-2024/2024-0540-000,,0004,25.4,D,Q,,CONT_AWD_70CMSD23P00000069_7012_-NONE-_-NONE-,70CMSD23P00000069,,,,KBETVELWWR23,COUNTY OF IMPERIAL,KBETVELWWR23,COUNTY OF IMPERIAL,JUVENILE DETAINEE SERVICES,localhost:3000/award/CONT_AWD_70CMSD23P00000069_7012_-NONE-_-NONE-/,2025-05-15,DHS_FY2025P12_c:FY2025P01-P12_070_TAS_Contracts_AccountBreakdownByAward_2026-09-16_H02M56S53_01.csv:row:42367,data/raw/DHS_FY2025P12_c/FY2025P01-P12_070_TAS_AccountBreakdownByAward_2026-09-16_H02M54S16646960.zip,FY2025P01-P12_070_TAS_Contracts_AccountBreakdownByAward_2026-09-16_H02M56S53_01.csv,data/raw/DHS_FY2025P12_c/FY2025P01-P12_070_TAS_AccountBreakdownByAward_2026-09-16_H02M54S16646960.zip!FY2025P01-P12_070_TAS_Contracts_AccountBreakdownByAward_2026-09-16_H02M56S53_01.csv,42367,Contracts,https://files.usaspending.gov/generated_downloads/FY2025P01-P12_070_TAS_AccountBreakdownByAward_2026-09-16_H02M54S16646960.zip,State and local governments
FY2025P05,070-0540,070-2025/2025-0540-000,,0004,25.4,D,Q,,CONT_AWD_70CMSD23P00000069_7012_-NONE-_-NONE-,70CMSD23P00000069,,,,KBETVELWWR23,COUNTY OF IMPERIAL,KBETVELWWR23,COUNTY OF IMPERIAL,JUVENILE DETAINEE SERVICES,localhost:3000/award/CONT_AWD_70CMSD23P00000069_7012_-NONE-_-NONE-/,2025-05-15,DHS_FY2025P12_c:FY2025P01-P12_070_TAS_Contracts_AccountBreakdownByAward_2026-09-16_H02M56S53_01.csv:row:42368,data/raw/DHS_FY2025P12_c/FY2025P01-P12_070_TAS_AccountBreakdownByAward_2026-09-16_H02M54S16646960.zip,FY2025P01-P12_070_TAS_Contracts_AccountBreakdownByAward_2026-09-16_H02M56S53_01.csv,data/raw/DHS_FY2025P12_c/FY2025P01-P12_070_TAS_AccountBreakdownByAward_2026-09-16_H02M54S16646960.zip!FY2025P01-P12_070_TAS_Contracts_AccountBreakdownByAward_2026-09-16_H02M56S53_01.csv,42368,Contracts,https://files.usaspending.gov/generated_downloads/FY2025P01-P12_070_TAS_AccountBreakdownByAward_2026-09-16_H02M54S16646960.zip,State and local governments
FY2025P09,070-0540,070-2024/2024-0540-000,,0004,26.0,D,Q,,CONT_AWD_70CMSD23P00000069_7012_-NONE-_-NONE-,70CMSD23P00000069,,,,KBETVELWWR23,COUNTY OF IMPERIAL,KBETVELWWR23,COUNTY OF IMPERIAL,JUVENILE DETAINEE SERVICES,localhost:3000/award/CONT_AWD_70CMSD23P00000069_7012_-NONE-_-NONE-/,2025-08-13,DHS_FY2025P12_c:FY2025P01-P12_070_TAS_Contracts_AccountBreakdownByAward_2026-09-16_H02M56S53_01.csv:row:42369,data/raw/DHS_FY2025P12_c/FY2025P01-P12_070_TAS_AccountBreakdownByAward_2026-09-16_H02M54S16646960.zip,FY2025P01-P12_070_TAS_Contracts_AccountBreakdownByAward_2026-09-16_H02M56S53_01.csv,data/raw/DHS_FY2025P12_c/FY2025P01-P12_070_TAS_AccountBreakdownByAward_2026-09-16_H02M54S16646960.zip!FY2025P01-P12_070_TAS_Contracts_AccountBreakdownByAward_2026-09-16_H02M56S53_01.csv,42369,Contracts,https://files.usaspending.gov/generated_downloads/FY2025P01-P12_070_TAS_AccountBreakdownByAward_2026-09-16_H02M54S16646960.zip,State and local governments
FY2025P09,070-0540,070-2025/2025-0540-000,,0004,25.4,D,Q,,CONT_AWD_70CMSD23P00000069_7012_-NONE-_-NONE-,70CMSD23P00000069,,,,KBETVELWWR23,COUNTY OF IMPERIAL,KBETVELWWR23,COUNTY OF IMPERIAL,JUVENILE DETAINEE SERVICES,localhost:3000/award/CONT_AWD_70CMSD23P00000069_7012_-NONE-_-NONE-/,2025-08-13,DHS_FY2025P12_c:FY2025P01-P12_070_TAS_Contracts_AccountBreakdownByAward_2026-09-16_H02M56S53_01.csv:row:42370,data/raw/DHS_FY2025P12_c/FY2025P01-P12_070_TAS_AccountBreakdownByAward_2026-09-16_H02M54S16646960.zip,FY2025P01-P12_070_TAS_Contracts_AccountBreakdownByAward_2026-09-16_H02M56S53_01.csv,data/raw/DHS_FY2025P12_c/FY2025P01-P12_070_TAS_AccountBreakdownByAward_2026-09-16_H02M54S16646960.zip!FY2025P01-P12_070_TAS_Contracts_AccountBreakdownByAward_2026-09-16_H02M56S53_01.csv,42370,Contracts,https://files.usaspending.gov/generated_downloads/FY2025P01-P12_070_TAS_AccountBreakdownByAward_2026-09-16_H02M54S16646960.zip,State and local governments
FY2025P08,070-0540,070-2024/2024-0540-000,,0004,26.0,D,Q,,CONT_AWD_70CMSD23P00000069_7012_-NONE-_-NONE-,70CMSD23P00000069,,,,KBETVELWWR23,COUNTY OF IMPERIAL,KBETVELWWR23,COUNTY OF IMPERIAL,JUVENILE DETAINEE SERVICES,localhost:3000/award/CONT_AWD_70CMSD23P00000069_7012_-NONE-_-NONE-/,2025-07-01,DHS_FY2025P12_c:FY2025P01-P12_070_TAS_Contracts_AccountBreakdownByAward_2026-09-16_H02M56S53_01.csv:row:42371,data/raw/DHS_FY2025P12_c/FY2025P01-P12_070_TAS_AccountBreakdownByAward_2026-09-16_H02M54S16646960.zip,FY2025P01-P12_070_TAS_Contracts_AccountBreakdownByAward_2026-09-16_H02M56S53_01.csv,data/raw/DHS_FY2025P12_c/FY2025P01-P12_070_TAS_AccountBreakdownByAward_2026-09-16_H02M54S16646960.zip!FY2025P01-P12_070_TAS_Contracts_AccountBreakdownByAward_2026-09-16_H02M56S53_01.csv,42371,Contracts,https://files.usaspending.gov/generated_downloads/FY2025P01-P12_070_TAS_AccountBreakdownByAward_2026-09-16_H02M54S16646960.zip,State and local governments
FY2025P07,070-0540,070-2024/2024-0540-000,,0004,25.4,D,Q,,CONT_AWD_70CMSD23P00000069_7012_-NONE-_-NONE-,70CMSD23P00000069,,,,KBETVELWWR23,COUNTY OF IMPERIAL,KBETVELWWR23,COUNTY OF IMPERIAL,JUVENILE DETAINEE SERVICES,localhost:3000/award/CONT_AWD_70CMSD23P00000069_7012_-NONE-_-NONE-/,2025-05-30,DHS_FY2025P12_c:FY2025P01-P12_070_TAS_Contracts_AccountBreakdownByAward_2026-09-16_H02M56S53_01.csv:row:42372,data/raw/DHS_FY2025P12_c/FY2025P01-P12_070_TAS_AccountBreakdownByAward_2026-09-16_H02M54S16646960.zip,FY2025P01-P12_070_TAS_Contracts_AccountBreakdownByAward_2026-09-16_H02M56S53_01.csv,data/raw/DHS_FY2025P12_c/FY2025P01-P12_070_TAS_AccountBreakdownByAward_2026-09-16_H02M54S16646960.zip!FY2025P01-P12_070_TAS_Contracts_AccountBreakdownByAward_2026-09-16_H02M56S53_01.csv,42372,Contracts,https://files.usaspending.gov/generated_downloads/FY2025P01-P12_070_TAS_AccountBreakdownByAward_2026-09-16_H02M54S16646960.zip,State and local governments
FY2025P06,070-0540,070-2025/2025-0540-000,,0004,25.4,D,Q,,CONT_AWD_70CMSD23P00000069_7012_-NONE-_-NONE-,70CMSD23P00000069,,,,KBETVELWWR23,COUNTY OF IMPERIAL,KBETVELWWR23,COUNTY OF IMPERIAL,JUVENILE DETAINEE SERVICES,localhost:3000/award/CONT_AWD_70CMSD23P00000069_7012_-NONE-_-NONE-/,2025-05-15,DHS_FY2025P12_c:FY2025P01-P12_070_TAS_Contracts_AccountBreakdownByAward_2026-09-16_H02M56S53_01.csv:row:42373,data/raw/DHS_FY2025P12_c/FY2025P01-P12_070_TAS_AccountBreakdownByAward_2026-09-16_H02M54S16646960.zip,FY2025P01-P12_070_TAS_Contracts_AccountBreakdownByAward_2026-09-16_H02M56S53_01.csv,data/raw/DHS_FY2025P12_c/FY2025P01-P12_070_TAS_AccountBreakdownByAward_2026-09-16_H02M54S16646960.zip!FY2025P01-P12_070_TAS_Contracts_AccountBreakdownByAward_2026-09-16_H02M56S53_01.csv,42373,Contracts,https://files.usaspending.gov/generated_downloads/FY2025P01-P12_070_TAS_AccountBreakdownByAward_2026-09-16_H02M54S16646960.zip,State and local governments
FY2025P11,070-0540,070-2024/2024-0540-000,,0004,26.0,D,Q,,CONT_AWD_70CMSD23P00000069_7012_-NONE-_-NONE-,70CMSD23P00000069,,,,KBETVELWWR23,COUNTY OF IMPERIAL,KBETVELWWR23,COUNTY OF IMPERIAL,JUVENILE DETAINEE SERVICES,localhost:3000/award/CONT_AWD_70CMSD23P00000069_7012_-NONE-_-NONE-/,2025-12-05,DHS_FY2025P12_c:FY2025P01-P12_070_TAS_Contracts_AccountBreakdownByAward_2026-09-16_H02M56S53_01.csv:row:42374,data/raw/DHS_FY2025P12_c/FY2025P01-P12_070_TAS_AccountBreakdownByAward_2026-09-16_H02M54S16646960.zip,FY2025P01-P12_070_TAS_Contracts_AccountBreakdownByAward_2026-09-16_H02M56S53_01.csv,data/raw/DHS_FY2025P12_c/FY2025P01-P12_070_TAS_AccountBreakdownByAward_2026-09-16_H02M54S16646960.zip!FY2025P01-P12_070_TAS_Contracts_AccountBreakdownByAward_2026-09-16_H02M56S53_01.csv,42374,Contracts,https://files.usaspending.gov/generated_downloads/FY2025P01-P12_070_TAS_AccountBreakdownByAward_2026-09-16_H02M54S16646960.zip,State and local governments
FY2025P12,070-0540,070-2025/2025-0540-000,,0004,25.4,D,Q,,CONT_AWD_70CMSD23P00000069_7012_-NONE-_-NONE-,70CMSD23P00000069,,,,KBETVELWWR23,COUNTY OF IMPERIAL,KBETVELWWR23,COUNTY OF IMPERIAL,JUVENILE DETAINEE SERVICES,localhost:3000/award/CONT_AWD_70CMSD23P00000069_7012_-NONE-_-NONE-/,2025-12-05,DHS_FY2025P12_c:FY2025P01-P12_070_TAS_Contracts_AccountBreakdownByAward_2026-09-16_H02M56S53_01.csv:row:42375,data/raw/DHS_FY2025P12_c/FY2025P01-P12_070_TAS_AccountBreakdownByAward_2026-09-16_H02M54S16646960.zip,FY2025P01-P12_070_TAS_Contracts_AccountBreakdownByAward_2026-09-16_H02M56S53_01.csv,data/raw/DHS_FY2025P12_c/FY2025P01-P12_070_TAS_AccountBreakdownByAward_2026-09-16_H02M54S16646960.zip!FY2025P01-P12_070_TAS_Contracts_AccountBreakdownByAward_2026-09-16_H02M56S53_01.csv,42375,Contracts,https://files.usaspending.gov/generated_downloads/FY2025P01-P12_070_TAS_AccountBreakdownByAward_2026-09-16_H02M54S16646960.zip,State and local governments
FY2025P12,070-0540,070-2024/2024-0540-000,,0004,25.4,D,Q,,CONT_AWD_70CMSD23P00000069_7012_-NONE-_-NONE-,70CMSD23P00000069,,,,KBETVELWWR23,COUNTY OF IMPERIAL,KBETVELWWR23,COUNTY OF IMPERIAL,JUVENILE DETAINEE SERVICES,localhost:3000/award/CONT_AWD_70CMSD23P00000069_7012_-NONE-_-NONE-/,2025-12-05,DHS_FY2025P12_c:FY2025P01-P12_070_TAS_Contracts_AccountBreakdownByAward_2026-09-16_H02M56S53_01.csv:row:42376,data/raw/DHS_FY2025P12_c/FY2025P01-P12_070_TAS_AccountBreakdownByAward_2026-09-16_H02M54S16646960.zip,FY2025P01-P12_070_TAS_Contracts_AccountBreakdownByAward_2026-09-16_H02M56S53_01.csv,data/raw/DHS_FY2025P12_c/FY2025P01-P12_070_TAS_AccountBreakdownByAward_2026-09-16_H02M54S16646960.zip!FY2025P01-P12_070_TAS_Contracts_AccountBreakdownByAward_2026-09-16_H02M56S53_01.csv,42376,Contracts,https://files.usaspending.gov/generated_downloads/FY2025P01-P12_070_TAS_AccountBreakdownByAward_2026-09-16_H02M54S16646960.zip,State and local governments
FY2025P10,070-0540,070-2024/2024-0540-000,,0004,26.0,D,Q,,CONT_AWD_70CMSD23P00000069_7012_-NONE-_-NONE-,70CMSD23P00000069,,,,KBETVELWWR23,COUNTY OF IMPERIAL,KBETVELWWR23,COUNTY OF IMPERIAL,JUVENILE DETAINEE SERVICES,localhost:3000/award/CONT_AWD_70CMSD23P00000069_7012_-NONE-_-NONE-/,2025-09-10,DHS_FY2025P12_c:FY2025P01-P12_070_TAS_Contracts_AccountBreakdownByAward_2026-09-16_H02M56S53_01.csv:row:42377,data/raw/DHS_FY2025P12_c/FY2025P01-P12_070_TAS_AccountBreakdownByAward_2026-09-16_H02M54S16646960.zip,FY2025P01-P12_070_TAS_Contracts_AccountBreakdownByAward_2026-09-16_H02M56S53_01.csv,data/raw/DHS_FY2025P12_c/FY2025P01-P12_070_TAS_AccountBreakdownByAward_2026-09-16_H02M54S16646960.zip!FY2025P01-P12_070_TAS_Contracts_AccountBreakdownByAward_2026-09-16_H02M56S53_01.csv,42377,Contracts,https://files.usaspending.gov/generated_downloads/FY2025P01-P12_070_TAS_AccountBreakdownByAward_2026-09-16_H02M54S16646960.zip,State and local governments
FY2025P10,070-0540,070-2025/2025-0540-000,,0004,25.4,D,Q,,CONT_AWD_70CMSD23P00000069_7012_-NONE-_-NONE-,70CMSD23P00000069,,,,KBETVELWWR23,COUNTY OF IMPERIAL,KBETVELWWR23,COUNTY OF IMPERIAL,JUVENILE DETAINEE SERVICES,localhost:3000/award/CONT_AWD_70CMSD23P00000069_7012_-NONE-_-NONE-/,2025-09-10,DHS_FY2025P12_c:FY2025P01-P12_070_TAS_Contracts_AccountBreakdownByAward_2026-09-16_H02M56S53_01.csv:row:42378,data/raw/DHS_FY2025P12_c/FY2025P01-P12_070_TAS_AccountBreakdownByAward_2026-09-16_H02M54S16646960.zip,FY2025P01-P12_070_TAS_Contracts_AccountBreakdownByAward_2026-09-16_H02M56S53_01.csv,data/raw/DHS_FY2025P12_c/FY2025P01-P12_070_TAS_AccountBreakdownByAward_2026-09-16_H02M54S16646960.zip!FY2025P01-P12_070_TAS_Contracts_AccountBreakdownByAward_2026-09-16_H02M56S53_01.csv,42378,Contracts,https://files.usaspending.gov/generated_downloads/FY2025P01-P12_070_TAS_AccountBreakdownByAward_2026-09-16_H02M54S16646960.zip,State and local governments
FY2025P10,070-0540,070-2024/2024-0540-000,,0004,25.4,D,Q,,CONT_AWD_70CMSD23P00000069_7012_-NONE-_-NONE-,70CMSD23P00000069,,,,KBETVELWWR23,COUNTY OF IMPERIAL,KBETVELWWR23,COUNTY OF IMPERIAL,JUVENILE DETAINEE SERVICES,localhost:3000/award/CONT_AWD_70CMSD23P00000069_7012_-NONE-_-NONE-/,2025-09-10,DHS_FY2025P12_c:FY2025P01-P12_070_TAS_Contracts_AccountBreakdownByAward_2026-09-16_H02M56S53_01.csv:row:42379,data/raw/DHS_FY2025P12_c/FY2025P01-P12_070_TAS_AccountBreakdownByAward_2026-09-16_H02M54S16646960.zip,FY2025P01-P12_070_TAS_Contracts_AccountBreakdownByAward_2026-09-16_H02M56S53_01.csv,data/raw/DHS_FY2025P12_c/FY2025P01-P12_070_TAS_AccountBreakdownByAward_2026-09-16_H02M54S16646960.zip!FY2025P01-P12_070_TAS_Contracts_AccountBreakdownByAward_2026-09-16_H02M56S53_01.csv,42379,Contracts,https://files.usaspending.gov/generated_downloads/FY2025P01-P12_070_TAS_AccountBreakdownByAward_2026-09-16_H02M54S16646960.zip,State and local governments
FY2025P07,070-0540,070-2025/2025-0540-000,,0004,25.4,D,Q,,CONT_AWD_70CMSD23P00000069_7012_-NONE-_-NONE-,70CMSD23P00000069,,,,KBETVELWWR23,COUNTY OF IMPERIAL,KBETVELWWR23,COUNTY OF IMPERIAL,JUVENILE DETAINEE SERVICES,localhost:3000/award/CONT_AWD_70CMSD23P00000069_7012_-NONE-_-NONE-/,2025-05-30,DHS_FY2025P12_c:FY2025P01-P12_070_TAS_Contracts_AccountBreakdownByAward_2026-09-16_H02M56S53_01.csv:row:42380,data/raw/DHS_FY2025P12_c/FY2025P01-P12_070_TAS_AccountBreakdownByAward_2026-09-16_H02M54S16646960.zip,FY2025P01-P12_070_TAS_Contracts_AccountBreakdownByAward_2026-09-16_H02M56S53_01.csv,data/raw/DHS_FY2025P12_c/FY2025P01-P12_070_TAS_AccountBreakdownByAward_2026-09-16_H02M54S16646960.zip!FY2025P01-P12_070_TAS_Contracts_AccountBreakdownByAward_2026-09-16_H02M56S53_01.csv,42380,Contracts,https://files.usaspending.gov/generated_downloads/FY2025P01-P12_070_TAS_AccountBreakdownByAward_2026-09-16_H02M54S16646960.zip,State and local governments
FY2025P08,070-0540,070-2025/2025-0540-000,,0004,25.4,D,Q,,CONT_AWD_70CMSD23P00000069_7012_-NONE-_-NONE-,70CMSD23P00000069,,,,KBETVELWWR23,COUNTY OF IMPERIAL,KBETVELWWR23,COUNTY OF IMPERIAL,JUVENILE DETAINEE SERVICES,localhost:3000/award/CONT_AWD_70CMSD23P00000069_7012_-NONE-_-NONE-/,2025-07-01,DHS_FY2025P12_c:FY2025P01-P12_070_TAS_Contracts_AccountBreakdownByAward_2026-09-16_H02M56S53_01.csv:row:42381,data/raw/DHS_FY2025P12_c/FY2025P01-P12_070_TAS_AccountBreakdownByAward_2026-09-16_H02M54S16646960.zip,FY2025P01-P12_070_TAS_Contracts_AccountBreakdownByAward_2026-09-16_H02M56S53_01.csv,data/raw/DHS_FY2025P12_c/FY2025P01-P12_070_TAS_AccountBreakdownByAward_2026-09-16_H02M54S16646960.zip!FY2025P01-P12_070_TAS_Contracts_AccountBreakdownByAward_2026-09-16_H02M56S53_01.csv,42381,Contracts,https://files.usaspending.gov/generated_downloads/FY2025P01-P12_070_TAS_AccountBreakdownByAward_2026-09-16_H02M54S16646960.zip,State and local governments
FY2025P08,070-0540,070-2024/2024-0540-000,,0004,25.4,D,Q,,CONT_AWD_70CMSD23P00000069_7012_-NONE-_-NONE-,70CMSD23P00000069,,,,KBETVELWWR23,COUNTY OF IMPERIAL,KBETVELWWR23,COUNTY OF IMPERIAL,JUVENILE DETAINEE SERVICES,localhost:3000/award/CONT_AWD_70CMSD23P00000069_7012_-NONE-_-NONE-/,2025-07-01,DHS_FY2025P12_c:FY2025P01-P12_070_TAS_Contracts_AccountBreakdownByAward_2026-09-16_H02M56S53_01.csv:row:42382,data/raw/DHS_FY2025P12_c/FY2025P01-P12_070_TAS_AccountBreakdownByAward_2026-09-16_H02M54S16646960.zip,FY2025P01-P12_070_TAS_Contracts_AccountBreakdownByAward_2026-09-16_H02M56S53_01.csv,data/raw/DHS_FY2025P12_c/FY2025P01-P12_070_TAS_AccountBreakdownByAward_2026-09-16_H02M54S16646960.zip!FY2025P01-P12_070_TAS_Contracts_AccountBreakdownByAward_2026-09-16_H02M56S53_01.csv,42382,Contracts,https://files.usaspending.gov/generated_downloads/FY2025P01-P12_070_TAS_AccountBreakdownByAward_2026-09-16_H02M54S16646960.zip,State and local governments
FY2025P05,070-0540,070-2024/2024-0540-000,,0004,25.4,D,Q,,CONT_AWD_70CMSD23P00000069_7012_-NONE-_-NONE-,70CMSD23P00000069,,,,KBETVELWWR23,COUNTY OF IMPERIAL,KBETVELWWR23,COUNTY OF IMPERIAL,JUVENILE DETAINEE SERVICES,localhost:3000/award/CONT_AWD_70CMSD23P00000069_7012_-NONE-_-NONE-/,2025-05-15,DHS_FY2025P12_c:FY2025P01-P12_070_TAS_Contracts_AccountBreakdownByAward_2026-09-16_H02M56S53_01.csv:row:42383,data/raw/DHS_FY2025P12_c/FY2025P01-P12_070_TAS_AccountBreakdownByAward_2026-09-16_H02M54S16646960.zip,FY2025P01-P12_070_TAS_Contracts_AccountBreakdownByAward_2026-09-16_H02M56S53_01.csv,data/raw/DHS_FY2025P12_c/FY2025P01-P12_070_TAS_AccountBreakdownByAward_2026-09-16_H02M54S16646960.zip!FY2025P01-P12_070_TAS_Contracts_AccountBreakdownByAward_2026-09-16_H02M56S53_01.csv,42383,Contracts,https://files.usaspending.gov/generated_downloads/FY2025P01-P12_070_TAS_AccountBreakdownByAward_2026-09-16_H02M54S16646960.zip,State and local governments
FY2025P11,070-0540,070-2025/2025-0540-000,,0004,25.4,D,Q,,CONT_AWD_70CMSD23P00000069_7012_-NONE-_-NONE-,70CMSD23P00000069,,,,KBETVELWWR23,COUNTY OF IMPERIAL,KBETVELWWR23,COUNTY OF IMPERIAL,JUVENILE DETAINEE SERVICES,localhost:3000/award/CONT_AWD_70CMSD23P00000069_7012_-NONE-_-NONE-/,2025-12-05,DHS_FY2025P12_c:FY2025P01-P12_070_TAS_Contracts_AccountBreakdownByAward_2026-09-16_H02M56S53_01.csv:row:42386,data/raw/DHS_FY2025P12_c/FY2025P01-P12_070_TAS_AccountBreakdownByAward_2026-09-16_H02M54S16646960.zip,FY2025P01-P12_070_TAS_Contracts_AccountBreakdownByAward_2026-09-16_H02M56S53_01.csv,data/raw/DHS_FY2025P12_c/FY2025P01-P12_070_TAS_AccountBreakdownByAward_2026-09-16_H02M54S16646960.zip!FY2025P01-P12_070_TAS_Contracts_AccountBreakdownByAward_2026-09-16_H02M56S53_01.csv,42386,Contracts,https://files.usaspending.gov/generated_downloads/FY2025P01-P12_070_TAS_AccountBreakdownByAward_2026-09-16_H02M54S16646960.zip,State and local governments
FY2025P11,070-0540,070-2024/2024-0540-000,,0004,25.4,D,Q,,CONT_AWD_70CMSD23P00000069_7012_-NONE-_-NONE-,70CMSD23P00000069,,,,KBETVELWWR23,COUNTY OF IMPERIAL,KBETVELWWR23,COUNTY OF IMPERIAL,JUVENILE DETAINEE SERVICES,localhost:3000/award/CONT_AWD_70CMSD23P00000069_7012_-NONE-_-NONE-/,2025-12-05,DHS_FY2025P12_c:FY2025P01-P12_070_TAS_Contracts_AccountBreakdownByAward_2026-09-16_H02M56S53_01.csv:row:42387,data/raw/DHS_FY2025P12_c/FY2025P01-P12_070_TAS_AccountBreakdownByAward_2026-09-16_H02M54S16646960.zip,FY2025P01-P12_070_TAS_Contracts_AccountBreakdownByAward_2026-09-16_H02M56S53_01.csv,data/raw/DHS_FY2025P12_c/FY2025P01-P12_070_TAS_AccountBreakdownByAward_2026-09-16_H02M54S16646960.zip!FY2025P01-P12_070_TAS_Contracts_AccountBreakdownByAward_2026-09-16_H02M56S53_01.csv,42387,Contracts,https://files.usaspending.gov/generated_downloads/FY2025P01-P12_070_TAS_AccountBreakdownByAward_2026-09-16_H02M54S16646960.zip,State and local governments
FY2025P12,070-0540,070-2024/2024-0540-000,,0004,26.0,D,Q,,CONT_AWD_70CMSD23P00000069_7012_-NONE-_-NONE-,70CMSD23P00000069,,,,KBETVELWWR23,COUNTY OF IMPERIAL,KBETVELWWR23,COUNTY OF IMPERIAL,JUVENILE DETAINEE SERVICES,localhost:3000/award/CONT_AWD_70CMSD23P00000069_7012_-NONE-_-NONE-/,2025-12-05,DHS_FY2025P12_c:FY2025P01-P12_070_TAS_Contracts_AccountBreakdownByAward_2026-09-16_H02M56S53_01.csv:row:42388,data/raw/DHS_FY2025P12_c/FY2025P01-P12_070_TAS_AccountBreakdownByAward_2026-09-16_H02M54S16646960.zip,FY2025P01-P12_070_TAS_Contracts_AccountBreakdownByAward_2026-09-16_H02M56S53_01.csv,data/raw/DHS_FY2025P12_c/FY2025P01-P12_070_TAS_AccountBreakdownByAward_2026-09-16_H02M54S16646960.zip!FY2025P01-P12_070_TAS_Contracts_AccountBreakdownByAward_2026-09-16_H02M56S53_01.csv,42388,Contracts,https://files.usaspending.gov/generated_downloads/FY2025P01-P12_070_TAS_AccountBreakdownByAward_2026-09-16_H02M54S16646960.zip,State and local governments
FY2025P05,070-0540,070-2024/2024-0540-000,,0004,25.3,D,Q,2500.00,CONT_AWD_70CMSD24P00000137_7012_-NONE-_-NONE-,70CMSD24P00000137,,,,NRRRALJ1H919,DALLAS CHILDRENS ADVOCACY CENTER,NRRRALJ1H919,DALLAS CHILDRENS ADVOCACY CENTER,VICARIOUS HUMAN TRAFFICKING TRAUMA AWARENESS TRAINING,localhost:3000/award/CONT_AWD_70CMSD24P00000137_7012_-NONE-_-NONE-/,2025-05-15,DHS_FY2025P12_c:FY2025P01-P12_070_TAS_Contracts_AccountBreakdownByAward_2026-09-16_H02M56S53_01.csv:row:59372,data/raw/DHS_FY2025P12_c/FY2025P01-P12_070_TAS_AccountBreakdownByAward_2026-09-16_H02M54S16646960.zip,FY2025P01-P12_070_TAS_Contracts_AccountBreakdownByAward_2026-09-16_H02M56S53_01.csv,data/raw/DHS_FY2025P12_c/FY2025P01-P12_070_TAS_AccountBreakdownByAward_2026-09-16_H02M54S16646960.zip!FY2025P01-P12_070_TAS_Contracts_AccountBreakdownByAward_2026-09-16_H02M56S53_01.csv,59372,Contracts,https://files.usaspending.gov/generated_downloads/FY2025P01-P12_070_TAS_AccountBreakdownByAward_2026-09-16_H02M54S16646960.zip,Other public or nonprofit entities
FY2025P05,070-0540,070-2025/2025-0540-000,,0004,25.2,D,Q,7500.00,CONT_AWD_70CMSD24P00000137_7012_-NONE-_-NONE-,70CMSD24P00000137,,,,NRRRALJ1H919,DALLAS CHILDRENS ADVOCACY CENTER,NRRRALJ1H919,DALLAS CHILDRENS ADVOCACY CENTER,VICARIOUS HUMAN TRAFFICKING TRAUMA AWARENESS TRAINING,localhost:3000/award/CONT_AWD_70CMSD24P00000137_7012_-NONE-_-NONE-/,2025-05-15,DHS_FY2025P12_c:FY2025P01-P12_070_TAS_Contracts_AccountBreakdownByAward_2026-09-16_H02M56S53_01.csv:row:59373,data/raw/DHS_FY2025P12_c/FY2025P01-P12_070_TAS_AccountBreakdownByAward_2026-09-16_H02M54S16646960.zip,FY2025P01-P12_070_TAS_Contracts_AccountBreakdownByAward_2026-09-16_H02M56S53_01.csv,data/raw/DHS_FY2025P12_c/FY2025P01-P12_070_TAS_AccountBreakdownByAward_2026-09-16_H02M54S16646960.zip!FY2025P01-P12_070_TAS_Contracts_AccountBreakdownByAward_2026-09-16_H02M56S53_01.csv,59373,Contracts,https://files.usaspending.gov/generated_downloads/FY2025P01-P12_070_TAS_AccountBreakdownByAward_2026-09-16_H02M54S16646960.zip,Other public or nonprofit entities
FY2025P11,070-0540,070-2025/2025-0540-000,,0004,25.2,D,Q,63000.00,CONT_AWD_70CMSD24P00000137_7012_-NONE-_-NONE-,70CMSD24P00000137,,,,NRRRALJ1H919,DALLAS CHILDRENS ADVOCACY CENTER,NRRRALJ1H919,DALLAS CHILDRENS ADVOCACY CENTER,VICARIOUS HUMAN TRAFFICKING TRAUMA AWARENESS TRAINING,localhost:3000/award/CONT_AWD_70CMSD24P00000137_7012_-NONE-_-NONE-/,2025-12-05,DHS_FY2025P12_c:FY2025P01-P12_070_TAS_Contracts_AccountBreakdownByAward_2026-09-16_H02M56S53_01.csv:row:59374,data/raw/DHS_FY2025P12_c/FY2025P01-P12_070_TAS_AccountBreakdownByAward_2026-09-16_H02M54S16646960.zip,FY2025P01-P12_070_TAS_Contracts_AccountBreakdownByAward_2026-09-16_H02M56S53_01.csv,data/raw/DHS_FY2025P12_c/FY2025P01-P12_070_TAS_AccountBreakdownByAward_2026-09-16_H02M54S16646960.zip!FY2025P01-P12_070_TAS_Contracts_AccountBreakdownByAward_2026-09-16_H02M56S53_01.csv,59374,Contracts,https://files.usaspending.gov/generated_downloads/FY2025P01-P12_070_TAS_AccountBreakdownByAward_2026-09-16_H02M54S16646960.zip,Other public or nonprofit entities
FY2025P12,070-0540,070-2024/2024-0540-000,,0004,25.3,D,Q,,CONT_AWD_70CMSD24P00000137_7012_-NONE-_-NONE-,70CMSD24P00000137,,,,NRRRALJ1H919,DALLAS CHILDRENS ADVOCACY CENTER,NRRRALJ1H919,DALLAS CHILDRENS ADVOCACY CENTER,VICARIOUS HUMAN TRAFFICKING TRAUMA AWARENESS TRAINING,localhost:3000/award/CONT_AWD_70CMSD24P00000137_7012_-NONE-_-NONE-/,2025-12-05,DHS_FY2025P12_c:FY2025P01-P12_070_TAS_Contracts_AccountBreakdownByAward_2026-09-16_H02M56S53_01.csv:row:59375,data/raw/DHS_FY2025P12_c/FY2025P01-P12_070_TAS_AccountBreakdownByAward_2026-09-16_H02M54S16646960.zip,FY2025P01-P12_070_TAS_Contracts_AccountBreakdownByAward_2026-09-16_H02M56S53_01.csv,data/raw/DHS_FY2025P12_c/FY2025P01-P12_070_TAS_AccountBreakdownByAward_2026-09-16_H02M54S16646960.zip!FY2025P01-P12_070_TAS_Contracts_AccountBreakdownByAward_2026-09-16_H02M56S53_01.csv,59375,Contracts,https://files.usaspending.gov/generated_downloads/FY2025P01-P12_070_TAS_AccountBreakdownByAward_2026-09-16_H02M54S16646960.zip,Other public or nonprofit entities
FY2025P12,070-0540,070-2025/2025-0540-000,,0004,25.2,D,Q,,CONT_AWD_70CMSD24P00000137_7012_-NONE-_-NONE-,70CMSD24P00000137,,,,NRRRALJ1H919,DALLAS CHILDRENS ADVOCACY CENTER,NRRRALJ1H919,DALLAS CHILDRENS ADVOCACY CENTER,VICARIOUS HUMAN TRAFFICKING TRAUMA AWARENESS TRAINING,localhost:3000/award/CONT_AWD_70CMSD24P00000137_7012_-NONE-_-NONE-/,2025-12-05,DHS_FY2025P12_c:FY2025P01-P12_070_TAS_Contracts_AccountBreakdownByAward_2026-09-16_H02M56S53_01.csv:row:59376,data/raw/DHS_FY2025P12_c/FY2025P01-P12_070_TAS_AccountBreakdownByAward_2026-09-16_H02M54S16646960.zip,FY2025P01-P12_070_TAS_Contracts_AccountBreakdownByAward_2026-09-16_H02M56S53_01.csv,data/raw/DHS_FY2025P12_c/FY2025P01-P12_070_TAS_AccountBreakdownByAward_2026-09-16_H02M54S16646960.zip!FY2025P01-P12_070_TAS_Contracts_AccountBreakdownByAward_2026-09-16_H02M56S53_01.csv,59376,Contracts,https://files.usaspending.gov/generated_downloads/FY2025P01-P12_070_TAS_AccountBreakdownByAward_2026-09-16_H02M54S16646960.zip,Other public or nonprofit entities
FY2025P11,070-0540,070-2025/2025-0540-000,,0004,25.2,D,Q,10000.00,CONT_AWD_70CMSD23P00000144_7012_-NONE-_-NONE-,70CMSD23P00000144,,,,EMJ7NFQSNK93,MONTGOMERY COUNTY FIRE ACADEMY,EMJ7NFQSNK93,MONTGOMERY COUNTY FIRE ACADEMY,RENTAL OF FIRING RANGE FACILITY,localhost:3000/award/CONT_AWD_70CMSD23P00000144_7012_-NONE-_-NONE-/,2025-12-05,DHS_FY2025P12_c:FY2025P01-P12_070_TAS_Contracts_AccountBreakdownByAward_2026-09-16_H02M56S53_01.csv:row:62586,data/raw/DHS_FY2025P12_c/FY2025P01-P12_070_TAS_AccountBreakdownByAward_2026-09-16_H02M54S16646960.zip,FY2025P01-P12_070_TAS_Contracts_AccountBreakdownByAward_2026-09-16_H02M56S53_01.csv,data/raw/DHS_FY2025P12_c/FY2025P01-P12_070_TAS_AccountBreakdownByAward_2026-09-16_H02M54S16646960.zip!FY2025P01-P12_070_TAS_Contracts_AccountBreakdownByAward_2026-09-16_H02M56S53_01.csv,62586,Contracts,https://files.usaspending.gov/generated_downloads/FY2025P01-P12_070_TAS_AccountBreakdownByAward_2026-09-16_H02M54S16646960.zip,State and local governments
FY2025P10,070-0540,070-2023/2023-0540-000,,0005,25.2,D,Q,-3241.00,CONT_AWD_70CDCR20P00000088_7012_-NONE-_-NONE-,70CDCR20P00000088,,,,G5CPENQNTPK1,"PUBLIC SAFETY & CORRECTIONAL SERVICES, MARYLAND DEPT OF",EJEEH8S7HW17,STATE OF MARYLAND,CJIS ACCESS DATABASE SYSTEM,localhost:3000/award/CONT_AWD_70CDCR20P00000088_7012_-NONE-_-NONE-/,2025-09-10,DHS_FY2025P12_c:FY2025P01-P12_070_TAS_Contracts_AccountBreakdownByAward_2026-09-16_H02M56S53_01.csv:row:69491,data/raw/DHS_FY2025P12_c/FY2025P01-P12_070_TAS_AccountBreakdownByAward_2026-09-16_H02M54S16646960.zip,FY2025P01-P12_070_TAS_Contracts_AccountBreakdownByAward_2026-09-16_H02M56S53_01.csv,data/raw/DHS_FY2025P12_c/FY2025P01-P12_070_TAS_AccountBreakdownByAward_2026-09-16_H02M54S16646960.zip!FY2025P01-P12_070_TAS_Contracts_AccountBreakdownByAward_2026-09-16_H02M56S53_01.csv,69491,Contracts,https://files.usaspending.gov/generated_downloads/FY2025P01-P12_070_TAS_AccountBreakdownByAward_2026-09-16_H02M54S16646960.zip,State and local governments
FY2025P10,070-0540,070-2023/2023-0540-000,,0005,25.2,D,Q,,CONT_AWD_70CDCR20P00000088_7012_-NONE-_-NONE-,70CDCR20P00000088,,,,G5CPENQNTPK1,"PUBLIC SAFETY & CORRECTIONAL SERVICES, MARYLAND DEPT OF",EJEEH8S7HW17,STATE OF MARYLAND,CJIS ACCESS DATABASE SYSTEM,localhost:3000/award/CONT_AWD_70CDCR20P00000088_7012_-NONE-_-NONE-/,2025-09-10,DHS_FY2025P12_c:FY2025P01-P12_070_TAS_Contracts_AccountBreakdownByAward_2026-09-16_H02M56S53_01.csv:row:69492,data/raw/DHS_FY2025P12_c/FY2025P01-P12_070_TAS_AccountBreakdownByAward_2026-09-16_H02M54S16646960.zip,FY2025P01-P12_070_TAS_Contracts_AccountBreakdownByAward_2026-09-16_H02M56S53_01.csv,data/raw/DHS_FY2025P12_c/FY2025P01-P12_070_TAS_AccountBreakdownByAward_2026-09-16_H02M54S16646960.zip!FY2025P01-P12_070_TAS_Contracts_AccountBreakdownByAward_2026-09-16_H02M56S53_01.csv,69492,Contracts,https://files.usaspending.gov/generated_downloads/FY2025P01-P12_070_TAS_AccountBreakdownByAward_2026-09-16_H02M54S16646960.zip,State and local governments
FY2025P10,070-0540,070-2024/2024-0540-000,,0005,25.2,D,Q,,CONT_AWD_70CDCR20P00000088_7012_-NONE-_-NONE-,70CDCR20P00000088,,,,G5CPENQNTPK1,"PUBLIC SAFETY & CORRECTIONAL SERVICES, MARYLAND DEPT OF",EJEEH8S7HW17,STATE OF MARYLAND,CJIS ACCESS DATABASE SYSTEM,localhost:3000/award/CONT_AWD_70CDCR20P00000088_7012_-NONE-_-NONE-/,2025-09-10,DHS_FY2025P12_c:FY2025P01-P12_070_TAS_Contracts_AccountBreakdownByAward_2026-09-16_H02M56S53_01.csv:row:69493,data/raw/DHS_FY2025P12_c/FY2025P01-P12_070_TAS_AccountBreakdownByAward_2026-09-16_H02M54S16646960.zip,FY2025P01-P12_070_TAS_Contracts_AccountBreakdownByAward_2026-09-16_H02M56S53_01.csv,data/raw/DHS_FY2025P12_c/FY2025P01-P12_070_TAS_AccountBreakdownByAward_2026-09-16_H02M54S16646960.zip!FY2025P01-P12_070_TAS_Contracts_AccountBreakdownByAward_2026-09-16_H02M56S53_01.csv,69493,Contracts,https://files.usaspending.gov/generated_downloads/FY2025P01-P12_070_TAS_AccountBreakdownByAward_2026-09-16_H02M54S16646960.zip,State and local governments
FY2025P07,070-0540,070-2023/2023-0540-000,,0005,25.2,D,Q,,CONT_AWD_70CDCR20P00000088_7012_-NONE-_-NONE-,70CDCR20P00000088,,,,G5CPENQNTPK1,"PUBLIC SAFETY & CORRECTIONAL SERVICES, MARYLAND DEPT OF",EJEEH8S7HW17,STATE OF MARYLAND,CJIS ACCESS DATABASE SYSTEM,localhost:3000/award/CONT_AWD_70CDCR20P00000088_7012_-NONE-_-NONE-/,2025-05-30,DHS_FY2025P12_c:FY2025P01-P12_070_TAS_Contracts_AccountBreakdownByAward_2026-09-16_H02M56S53_01.csv:row:69495,data/raw/DHS_FY2025P12_c/FY2025P01-P12_070_TAS_AccountBreakdownByAward_2026-09-16_H02M54S16646960.zip,FY2025P01-P12_070_TAS_Contracts_AccountBreakdownByAward_2026-09-16_H02M56S53_01.csv,data/raw/DHS_FY2025P12_c/FY2025P01-P12_070_TAS_AccountBreakdownByAward_2026-09-16_H02M54S16646960.zip!FY2025P01-P12_070_TAS_Contracts_AccountBreakdownByAward_2026-09-16_H02M56S53_01.csv,69495,Contracts,https://files.usaspending.gov/generated_downloads/FY2025P01-P12_070_TAS_AccountBreakdownByAward_2026-09-16_H02M54S16646960.zip,State and local governments
FY2025P06,070-0540,070-2023/2023-0540-000,,0005,25.2,D,Q,,CONT_AWD_70CDCR20P00000088_7012_-NONE-_-NONE-,70CDCR20P00000088,,,,G5CPENQNTPK1,"PUBLIC SAFETY & CORRECTIONAL SERVICES, MARYLAND DEPT OF",EJEEH8S7HW17,STATE OF MARYLAND,CJIS ACCESS DATABASE SYSTEM,localhost:3000/award/CONT_AWD_70CDCR20P00000088_7012_-NONE-_-NONE-/,2025-05-15,DHS_FY2025P12_c:FY2025P01-P12_070_TAS_Contracts_AccountBreakdownByAward_2026-09-16_H02M56S53_01.csv:row:69496,data/raw/DHS_FY2025P12_c/FY2025P01-P12_070_TAS_AccountBreakdownByAward_2026-09-16_H02M54S16646960.zip,FY2025P01-P12_070_TAS_Contracts_AccountBreakdownByAward_2026-09-16_H02M56S53_01.csv,data/raw/DHS_FY2025P12_c/FY2025P01-P12_070_TAS_AccountBreakdownByAward_2026-09-16_H02M54S16646960.zip!FY2025P01-P12_070_TAS_Contracts_AccountBreakdownByAward_2026-09-16_H02M56S53_01.csv,69496,Contracts,https://files.usaspending.gov/generated_downloads/FY2025P01-P12_070_TAS_AccountBreakdownByAward_2026-09-16_H02M54S16646960.zip,State and local governments
FY2025P05,070-0540,070-2023/2023-0540-000,,0005,25.2,D,Q,,CONT_AWD_70CDCR20P00000088_7012_-NONE-_-NONE-,70CDCR20P00000088,,,,G5CPENQNTPK1,"PUBLIC SAFETY & CORRECTIONAL SERVICES, MARYLAND DEPT OF",EJEEH8S7HW17,STATE OF MARYLAND,CJIS ACCESS DATABASE SYSTEM,localhost:3000/award/CONT_AWD_70CDCR20P00000088_7012_-NONE-_-NONE-/,2025-05-15,DHS_FY2025P12_c:FY2025P01-P12_070_TAS_Contracts_AccountBreakdownByAward_2026-09-16_H02M56S53_01.csv:row:69498,data/raw/DHS_FY2025P12_c/FY2025P01-P12_070_TAS_AccountBreakdownByAward_2026-09-16_H02M54S16646960.zip,FY2025P01-P12_070_TAS_Contracts_AccountBreakdownByAward_2026-09-16_H02M56S53_01.csv,data/raw/DHS_FY2025P12_c/FY2025P01-P12_070_TAS_AccountBreakdownByAward_2026-09-16_H02M54S16646960.zip!FY2025P01-P12_070_TAS_Contracts_AccountBreakdownByAward_2026-09-16_H02M56S53_01.csv,69498,Contracts,https://files.usaspending.gov/generated_downloads/FY2025P01-P12_070_TAS_AccountBreakdownByAward_2026-09-16_H02M54S16646960.zip,State and local governments
FY2025P09,070-0540,070-2024/2024-0540-000,,0005,25.2,D,Q,,CONT_AWD_70CDCR20P00000088_7012_-NONE-_-NONE-,70CDCR20P00000088,,,,G5CPENQNTPK1,"PUBLIC SAFETY & CORRECTIONAL SERVICES, MARYLAND DEPT OF",EJEEH8S7HW17,STATE OF MARYLAND,CJIS ACCESS DATABASE SYSTEM,localhost:3000/award/CONT_AWD_70CDCR20P00000088_7012_-NONE-_-NONE-/,2025-08-13,DHS_FY2025P12_c:FY2025P01-P12_070_TAS_Contracts_AccountBreakdownByAward_2026-09-16_H02M56S53_01.csv:row:69500,data/raw/DHS_FY2025P12_c/FY2025P01-P12_070_TAS_AccountBreakdownByAward_2026-09-16_H02M54S16646960.zip,FY2025P01-P12_070_TAS_Contracts_AccountBreakdownByAward_2026-09-16_H02M56S53_01.csv,data/raw/DHS_FY2025P12_c/FY2025P01-P12_070_TAS_AccountBreakdownByAward_2026-09-16_H02M54S16646960.zip!FY2025P01-P12_070_TAS_Contracts_AccountBreakdownByAward_2026-09-16_H02M56S53_01.csv,69500,Contracts,https://files.usaspending.gov/generated_downloads/FY2025P01-P12_070_TAS_AccountBreakdownByAward_2026-09-16_H02M54S16646960.zip,State and local governments
FY2025P09,070-0540,070-2023/2023-0540-000,,0005,25.2,D,Q,,CONT_AWD_70CDCR20P00000088_7012_-NONE-_-NONE-,70CDCR20P00000088,,,,G5CPENQNTPK1,"PUBLIC SAFETY & CORRECTIONAL SERVICES, MARYLAND DEPT OF",EJEEH8S7HW17,STATE OF MARYLAND,CJIS ACCESS DATABASE SYSTEM,localhost:3000/award/CONT_AWD_70CDCR20P00000088_7012_-NONE-_-NONE-/,2025-08-13,DHS_FY2025P12_c:FY2025P01-P12_070_TAS_Contracts_AccountBreakdownByAward_2026-09-16_H02M56S53_01.csv:row:69501,data/raw/DHS_FY2025P12_c/FY2025P01-P12_070_TAS_AccountBreakdownByAward_2026-09-16_H02M54S16646960.zip,FY2025P01-P12_070_TAS_Contracts_AccountBreakdownByAward_2026-09-16_H02M56S53_01.csv,data/raw/DHS_FY2025P12_c/FY2025P01-P12_070_TAS_AccountBreakdownByAward_2026-09-16_H02M54S16646960.zip!FY2025P01-P12_070_TAS_Contracts_AccountBreakdownByAward_2026-09-16_H02M56S53_01.csv,69501,Contracts,https://files.usaspending.gov/generated_downloads/FY2025P01-P12_070_TAS_AccountBreakdownByAward_2026-09-16_H02M54S16646960.zip,State and local governments
FY2025P08,070-0540,070-2023/2023-0540-000,,0005,25.2,D,Q,,CONT_AWD_70CDCR20P00000088_7012_-NONE-_-NONE-,70CDCR20P00000088,,,,G5CPENQNTPK1,"PUBLIC SAFETY & CORRECTIONAL SERVICES, MARYLAND DEPT OF",EJEEH8S7HW17,STATE OF MARYLAND,CJIS ACCESS DATABASE SYSTEM,localhost:3000/award/CONT_AWD_70CDCR20P00000088_7012_-NONE-_-NONE-/,2025-07-01,DHS_FY2025P12_c:FY2025P01-P12_070_TAS_Contracts_AccountBreakdownByAward_2026-09-16_H02M56S53_01.csv:row:69502,data/raw/DHS_FY2025P12_c/FY2025P01-P12_070_TAS_AccountBreakdownByAward_2026-09-16_H02M54S16646960.zip,FY2025P01-P12_070_TAS_Contracts_AccountBreakdownByAward_2026-09-16_H02M56S53_01.csv,data/raw/DHS_FY2025P12_c/FY2025P01-P12_070_TAS_AccountBreakdownByAward_2026-09-16_H02M54S16646960.zip!FY2025P01-P12_070_TAS_Contracts_AccountBreakdownByAward_2026-09-16_H02M56S53_01.csv,69502,Contracts,https://files.usaspending.gov/generated_downloads/FY2025P01-P12_070_TAS_AccountBreakdownByAward_2026-09-16_H02M54S16646960.zip,State and local governments
FY2025P11,070-0540,070-2024/2024-0540-000,,0005,25.2,D,Q,,CONT_AWD_70CDCR20P00000088_7012_-NONE-_-NONE-,70CDCR20P00000088,,,,G5CPENQNTPK1,"PUBLIC SAFETY & CORRECTIONAL SERVICES, MARYLAND DEPT OF",EJEEH8S7HW17,STATE OF MARYLAND,CJIS ACCESS DATABASE SYSTEM,localhost:3000/award/CONT_AWD_70CDCR20P00000088_7012_-NONE-_-NONE-/,2025-12-05,DHS_FY2025P12_c:FY2025P01-P12_070_TAS_Contracts_AccountBreakdownByAward_2026-09-16_H02M56S53_01.csv:row:69503,data/raw/DHS_FY2025P12_c/FY2025P01-P12_070_TAS_AccountBreakdownByAward_2026-09-16_H02M54S16646960.zip,FY2025P01-P12_070_TAS_Contracts_AccountBreakdownByAward_2026-09-16_H02M56S53_01.csv,data/raw/DHS_FY2025P12_c/FY2025P01-P12_070_TAS_AccountBreakdownByAward_2026-09-16_H02M54S16646960.zip!FY2025P01-P12_070_TAS_Contracts_AccountBreakdownByAward_2026-09-16_H02M56S53_01.csv,69503,Contracts,https://files.usaspending.gov/generated_downloads/FY2025P01-P12_070_TAS_AccountBreakdownByAward_2026-09-16_H02M54S16646960.zip,State and local governments
FY2025P12,070-0540,070-2023/2023-0540-000,,0005,25.2,D,Q,,CONT_AWD_70CDCR20P00000088_7012_-NONE-_-NONE-,70CDCR20P00000088,,,,G5CPENQNTPK1,"PUBLIC SAFETY & CORRECTIONAL SERVICES, MARYLAND DEPT OF",EJEEH8S7HW17,STATE OF MARYLAND,CJIS ACCESS DATABASE SYSTEM,localhost:3000/award/CONT_AWD_70CDCR20P00000088_7012_-NONE-_-NONE-/,2025-12-05,DHS_FY2025P12_c:FY2025P01-P12_070_TAS_Contracts_AccountBreakdownByAward_2026-09-16_H02M56S53_01.csv:row:69504,data/raw/DHS_FY2025P12_c/FY2025P01-P12_070_TAS_AccountBreakdownByAward_2026-09-16_H02M54S16646960.zip,FY2025P01-P12_070_TAS_Contracts_AccountBreakdownByAward_2026-09-16_H02M56S53_01.csv,data/raw/DHS_FY2025P12_c/FY2025P01-P12_070_TAS_AccountBreakdownByAward_2026-09-16_H02M54S16646960.zip!FY2025P01-P12_070_TAS_Contracts_AccountBreakdownByAward_2026-09-16_H02M56S53_01.csv,69504,Contracts,https://files.usaspending.gov/generated_downloads/FY2025P01-P12_070_TAS_AccountBreakdownByAward_2026-09-16_H02M54S16646960.zip,State and local governments
FY2025P11,070-0540,070-2023/2023-0540-000,,0005,25.2,D,Q,,CONT_AWD_70CDCR20P00000088_7012_-NONE-_-NONE-,70CDCR20P00000088,,,,G5CPENQNTPK1,"PUBLIC SAFETY & CORRECTIONAL SERVICES, MARYLAND DEPT OF",EJEEH8S7HW17,STATE OF MARYLAND,CJIS ACCESS DATABASE SYSTEM,localhost:3000/award/CONT_AWD_70CDCR20P00000088_7012_-NONE-_-NONE-/,2025-12-05,DHS_FY2025P12_c:FY2025P01-P12_070_TAS_Contracts_AccountBreakdownByAward_2026-09-16_H02M56S53_01.csv:row:69505,data/raw/DHS_FY2025P12_c/FY2025P01-P12_070_TAS_AccountBreakdownByAward_2026-09-16_H02M54S16646960.zip,FY2025P01-P12_070_TAS_Contracts_AccountBreakdownByAward_2026-09-16_H02M56S53_01.csv,data/raw/DHS_FY2025P12_c/FY2025P01-P12_070_TAS_AccountBreakdownByAward_2026-09-16_H02M54S16646960.zip!FY2025P01-P12_070_TAS_Contracts_AccountBreakdownByAward_2026-09-16_H02M56S53_01.csv,69505,Contracts,https://files.usaspending.gov/generated_downloads/FY2025P01-P12_070_TAS_AccountBreakdownByAward_2026-09-16_H02M54S16646960.zip,State and local governments
FY2025P12,070-0540,070-2024/2024-0540-000,,0005,25.2,D,Q,,CONT_AWD_70CDCR20P00000088_7012_-NONE-_-NONE-,70CDCR20P00000088,,,,G5CPENQNTPK1,"PUBLIC SAFETY & CORRECTIONAL SERVICES, MARYLAND DEPT OF",EJEEH8S7HW17,STATE OF MARYLAND,CJIS ACCESS DATABASE SYSTEM,localhost:3000/award/CONT_AWD_70CDCR20P00000088_7012_-NONE-_-NONE-/,2025-12-05,DHS_FY2025P12_c:FY2025P01-P12_070_TAS_Contracts_AccountBreakdownByAward_2026-09-16_H02M56S53_01.csv:row:69506,data/raw/DHS_FY2025P12_c/FY2025P01-P12_070_TAS_AccountBreakdownByAward_2026-09-16_H02M54S16646960.zip,FY2025P01-P12_070_TAS_Contracts_AccountBreakdownByAward_2026-09-16_H02M56S53_01.csv,data/raw/DHS_FY2025P12_c/FY2025P01-P12_070_TAS_AccountBreakdownByAward_2026-09-16_H02M54S16646960.zip!FY2025P01-P12_070_TAS_Contracts_AccountBreakdownByAward_2026-09-16_H02M56S53_01.csv,69506,Contracts,https://files.usaspending.gov/generated_downloads/FY2025P01-P12_070_TAS_AccountBreakdownByAward_2026-09-16_H02M54S16646960.zip,State and local governments
FY2025P05,070-0540,070-2024/2024-0540-000,,0005,25.2,D,Q,-650.00,CONT_AWD_70CDCR24P00000014_7012_-NONE-_-NONE-,70CDCR24P00000014,,,,KMXSSRURLT43,THE AMERICAN CORRECTIONAL ASSOCIATION,KMXSSRURLT43,THE AMERICAN CORRECTIONAL ASSOCIATION,TO OBTAIN REACCREDITATION AS MANDATED BY ICE ERO HQ FOR THE FLORENCE DETENTION CENTER,localhost:3000/award/CONT_AWD_70CDCR24P00000014_7012_-NONE-_-NONE-/,2025-05-15,DHS_FY2025P12_c:FY2025P01-P12_070_TAS_Contracts_AccountBreakdownByAward_2026-09-16_H02M56S53_01.csv:row:76978,data/raw/DHS_FY2025P12_c/FY2025P01-P12_070_TAS_AccountBreakdownByAward_2026-09-16_H02M54S16646960.zip,FY2025P01-P12_070_TAS_Contracts_AccountBreakdownByAward_2026-09-16_H02M56S53_01.csv,data/raw/DHS_FY2025P12_c/FY2025P01-P12_070_TAS_AccountBreakdownByAward_2026-09-16_H02M54S16646960.zip!FY2025P01-P12_070_TAS_Contracts_AccountBreakdownByAward_2026-09-16_H02M56S53_01.csv,76978,Contracts,https://files.usaspending.gov/generated_downloads/FY2025P01-P12_070_TAS_AccountBreakdownByAward_2026-09-16_H02M54S16646960.zip,Other public or nonprofit entities
FY2025P07,070-0540,070-2024/2024-0540-000,,0004,25.2,D,Q,,CONT_AWD_70CMSD21P00000064_7012_-NONE-_-NONE-,70CMSD21P00000064,,,,H8YFF5F9TM53,THE HIGHLANDS RANCH LAW ENFORCEMENT TRAINING FOUNDATION,H8YFF5F9TM53,THE HIGHLANDS RANCH LAW ENFORCEMENT TRAINING FOUNDATION,ANNUAL REQUISITION CONTRACT FOR FIRING RANGE SERVICES - BASE YEAR AND 5 OPTION YEARS,localhost:3000/award/CONT_AWD_70CMSD21P00000064_7012_-NONE-_-NONE-/,2025-05-30,DHS_FY2025P12_c:FY2025P01-P12_070_TAS_Contracts_AccountBreakdownByAward_2026-09-16_H02M56S53_01.csv:row:79206,data/raw/DHS_FY2025P12_c/FY2025P01-P12_070_TAS_AccountBreakdownByAward_2026-09-16_H02M54S16646960.zip,FY2025P01-P12_070_TAS_Contracts_AccountBreakdownByAward_2026-09-16_H02M56S53_01.csv,data/raw/DHS_FY2025P12_c/FY2025P01-P12_070_TAS_AccountBreakdownByAward_2026-09-16_H02M54S16646960.zip!FY2025P01-P12_070_TAS_Contracts_AccountBreakdownByAward_2026-09-16_H02M56S53_01.csv,79206,Contracts,https://files.usaspending.gov/generated_downloads/FY2025P01-P12_070_TAS_AccountBreakdownByAward_2026-09-16_H02M54S16646960.zip,Other public or nonprofit entities
FY2025P07,070-0540,070-2024/2024-0540-000,,0004,25.1,D,Q,,CONT_AWD_70CMSD21P00000064_7012_-NONE-_-NONE-,70CMSD21P00000064,,,,H8YFF5F9TM53,THE HIGHLANDS RANCH LAW ENFORCEMENT TRAINING FOUNDATION,H8YFF5F9TM53,THE HIGHLANDS RANCH LAW ENFORCEMENT TRAINING FOUNDATION,ANNUAL REQUISITION CONTRACT FOR FIRING RANGE SERVICES - BASE YEAR AND 5 OPTION YEARS,localhost:3000/award/CONT_AWD_70CMSD21P00000064_7012_-NONE-_-NONE-/,2025-05-30,DHS_FY2025P12_c:FY2025P01-P12_070_TAS_Contracts_AccountBreakdownByAward_2026-09-16_H02M56S53_01.csv:row:79207,data/raw/DHS_FY2025P12_c/FY2025P01-P12_070_TAS_AccountBreakdownByAward_2026-09-16_H02M54S16646960.zip,FY2025P01-P12_070_TAS_Contracts_AccountBreakdownByAward_2026-09-16_H02M56S53_01.csv,data/raw/DHS_FY2025P12_c/FY2025P01-P12_070_TAS_AccountBreakdownByAward_2026-09-16_H02M54S16646960.zip!FY2025P01-P12_070_TAS_Contracts_AccountBreakdownByAward_2026-09-16_H02M56S53_01.csv,79207,Contracts,https://files.usaspending.gov/generated_downloads/FY2025P01-P12_070_TAS_AccountBreakdownByAward_2026-09-16_H02M54S16646960.zip,Other public or nonprofit entities
FY2025P06,070-0540,070-2024/2024-0540-000,,0004,25.1,D,Q,,CONT_AWD_70CMSD21P00000064_7012_-NONE-_-NONE-,70CMSD21P00000064,,,,H8YFF5F9TM53,THE HIGHLANDS RANCH LAW ENFORCEMENT TRAINING FOUNDATION,H8YFF5F9TM53,THE HIGHLANDS RANCH LAW ENFORCEMENT TRAINING FOUNDATION,ANNUAL REQUISITION CONTRACT FOR FIRING RANGE SERVICES - BASE YEAR AND 5 OPTION YEARS,localhost:3000/award/CONT_AWD_70CMSD21P00000064_7012_-NONE-_-NONE-/,2025-05-15,DHS_FY2025P12_c:FY2025P01-P12_070_TAS_Contracts_AccountBreakdownByAward_2026-09-16_H02M56S53_01.csv:row:79208,data/raw/DHS_FY2025P12_c/FY2025P01-P12_070_TAS_AccountBreakdownByAward_2026-09-16_H02M54S16646960.zip,FY2025P01-P12_070_TAS_Contracts_AccountBreakdownByAward_2026-09-16_H02M56S53_01.csv,data/raw/DHS_FY2025P12_c/FY2025P01-P12_070_TAS_AccountBreakdownByAward_2026-09-16_H02M54S16646960.zip!FY2025P01-P12_070_TAS_Contracts_AccountBreakdownByAward_2026-09-16_H02M56S53_01.csv,79208,Contracts,https://files.usaspending.gov/generated_downloads/FY2025P01-P12_070_TAS_AccountBreakdownByAward_2026-09-16_H02M54S16646960.zip,Other public or nonprofit entities
FY2025P11,070-0540,070-2025/2025-0540-000,,0004,25.1,D,Q,,CONT_AWD_70CMSD21P00000064_7012_-NONE-_-NONE-,70CMSD21P00000064,,,,H8YFF5F9TM53,THE HIGHLANDS RANCH LAW ENFORCEMENT TRAINING FOUNDATION,H8YFF5F9TM53,THE HIGHLANDS RANCH LAW ENFORCEMENT TRAINING FOUNDATION,ANNUAL REQUISITION CONTRACT FOR FIRING RANGE SERVICES - BASE YEAR AND 5 OPTION YEARS,localhost:3000/award/CONT_AWD_70CMSD21P00000064_7012_-NONE-_-NONE-/,2025-12-05,DHS_FY2025P12_c:FY2025P01-P12_070_TAS_Contracts_AccountBreakdownByAward_2026-09-16_H02M56S53_01.csv:row:79209,data/raw/DHS_FY2025P12_c/FY2025P01-P12_070_TAS_AccountBreakdownByAward_2026-09-16_H02M54S16646960.zip,FY2025P01-P12_070_TAS_Contracts_AccountBreakdownByAward_2026-09-16_H02M56S53_01.csv,data/raw/DHS_FY2025P12_c/FY2025P01-P12_070_TAS_AccountBreakdownByAward_2026-09-16_H02M54S16646960.zip!FY2025P01-P12_070_TAS_Contracts_AccountBreakdownByAward_2026-09-16_H02M56S53_01.csv,79209,Contracts,https://files.usaspending.gov/generated_downloads/FY2025P01-P12_070_TAS_AccountBreakdownByAward_2026-09-16_H02M54S16646960.zip,Other public or nonprofit entities
FY2025P08,070-0540,070-2024/2024-0540-000,,0004,25.2,D,Q,,CONT_AWD_70CMSD21P00000064_7012_-NONE-_-NONE-,70CMSD21P00000064,,,,H8YFF5F9TM53,THE HIGHLANDS RANCH LAW ENFORCEMENT TRAINING FOUNDATION,H8YFF5F9TM53,THE HIGHLANDS RANCH LAW ENFORCEMENT TRAINING FOUNDATION,ANNUAL REQUISITION CONTRACT FOR FIRING RANGE SERVICES - BASE YEAR AND 5 OPTION YEARS,localhost:3000/award/CONT_AWD_70CMSD21P00000064_7012_-NONE-_-NONE-/,2025-07-01,DHS_FY2025P12_c:FY2025P01-P12_070_TAS_Contracts_AccountBreakdownByAward_2026-09-16_H02M56S53_01.csv:row:79210,data/raw/DHS_FY2025P12_c/FY2025P01-P12_070_TAS_AccountBreakdownByAward_2026-09-16_H02M54S16646960.zip,FY2025P01-P12_070_TAS_Contracts_AccountBreakdownByAward_2026-09-16_H02M56S53_01.csv,data/raw/DHS_FY2025P12_c/FY2025P01-P12_070_TAS_AccountBreakdownByAward_2026-09-16_H02M54S16646960.zip!FY2025P01-P12_070_TAS_Contracts_AccountBreakdownByAward_2026-09-16_H02M56S53_01.csv,79210,Contracts,https://files.usaspending.gov/generated_downloads/FY2025P01-P12_070_TAS_AccountBreakdownByAward_2026-09-16_H02M54S16646960.zip,Other public or nonprofit entities
FY2025P08,070-0540,070-2025/2025-0540-000,,0004,25.2,D,Q,,CONT_AWD_70CMSD21P00000064_7012_-NONE-_-NONE-,70CMSD21P00000064,,,,H8YFF5F9TM53,THE HIGHLANDS RANCH LAW ENFORCEMENT TRAINING FOUNDATION,H8YFF5F9TM53,THE HIGHLANDS RANCH LAW ENFORCEMENT TRAINING FOUNDATION,ANNUAL REQUISITION CONTRACT FOR FIRING RANGE SERVICES - BASE YEAR AND 5 OPTION YEARS,localhost:3000/award/CONT_AWD_70CMSD21P00000064_7012_-NONE-_-NONE-/,2025-07-01,DHS_FY2025P12_c:FY2025P01-P12_070_TAS_Contracts_AccountBreakdownByAward_2026-09-16_H02M56S53_01.csv:row:79211,data/raw/DHS_FY2025P12_c/FY2025P01-P12_070_TAS_AccountBreakdownByAward_2026-09-16_H02M54S16646960.zip,FY2025P01-P12_070_TAS_Contracts_AccountBreakdownByAward_2026-09-16_H02M56S53_01.csv,data/raw/DHS_FY2025P12_c/FY2025P01-P12_070_TAS_AccountBreakdownByAward_2026-09-16_H02M54S16646960.zip!FY2025P01-P12_070_TAS_Contracts_AccountBreakdownByAward_2026-09-16_H02M56S53_01.csv,79211,Contracts,https://files.usaspending.gov/generated_downloads/FY2025P01-P12_070_TAS_AccountBreakdownByAward_2026-09-16_H02M54S16646960.zip,Other public or nonprofit entities
FY2025P10,070-0540,070-2024/2024-0540-000,,0004,25.2,D,Q,,CONT_AWD_70CMSD21P00000064_7012_-NONE-_-NONE-,70CMSD21P00000064,,,,H8YFF5F9TM53,THE HIGHLANDS RANCH LAW ENFORCEMENT TRAINING FOUNDATION,H8YFF5F9TM53,THE HIGHLANDS RANCH LAW ENFORCEMENT TRAINING FOUNDATION,ANNUAL REQUISITION CONTRACT FOR FIRING RANGE SERVICES - BASE YEAR AND 5 OPTION YEARS,localhost:3000/award/CONT_AWD_70CMSD21P00000064_7012_-NONE-_-NONE-/,2025-09-10,DHS_FY2025P12_c:FY2025P01-P12_070_TAS_Contracts_AccountBreakdownByAward_2026-09-16_H02M56S53_01.csv:row:79212,data/raw/DHS_FY2025P12_c/FY2025P01-P12_070_TAS_AccountBreakdownByAward_2026-09-16_H02M54S16646960.zip,FY2025P01-P12_070_TAS_Contracts_AccountBreakdownByAward_2026-09-16_H02M56S53_01.csv,data/raw/DHS_FY2025P12_c/FY2025P01-P12_070_TAS_AccountBreakdownByAward_2026-09-16_H02M54S16646960.zip!FY2025P01-P12_070_TAS_Contracts_AccountBreakdownByAward_2026-09-16_H02M56S53_01.csv,79212,Contracts,https://files.usaspending.gov/generated_downloads/FY2025P01-P12_070_TAS_AccountBreakdownByAward_2026-09-16_H02M54S16646960.zip,Other public or nonprofit entities
FY2025P10,070-0540,070-2025/2025-0540-000,,0004,25.2,D,Q,,CONT_AWD_70CMSD21P00000064_7012_-NONE-_-NONE-,70CMSD21P00000064,,,,H8YFF5F9TM53,THE HIGHLANDS RANCH LAW ENFORCEMENT TRAINING FOUNDATION,H8YFF5F9TM53,THE HIGHLANDS RANCH LAW ENFORCEMENT TRAINING FOUNDATION,ANNUAL REQUISITION CONTRACT FOR FIRING RANGE SERVICES - BASE YEAR AND 5 OPTION YEARS,localhost:3000/award/CONT_AWD_70CMSD21P00000064_7012_-NONE-_-NONE-/,2025-09-10,DHS_FY2025P12_c:FY2025P01-P12_070_TAS_Contracts_AccountBreakdownByAward_2026-09-16_H02M56S53_01.csv:row:79213,data/raw/DHS_FY2025P12_c/FY2025P01-P12_070_TAS_AccountBreakdownByAward_2026-09-16_H02M54S16646960.zip,FY2025P01-P12_070_TAS_Contracts_AccountBreakdownByAward_2026-09-16_H02M56S53_01.csv,data/raw/DHS_FY2025P12_c/FY2025P01-P12_070_TAS_AccountBreakdownByAward_2026-09-16_H02M54S16646960.zip!FY2025P01-P12_070_TAS_Contracts_AccountBreakdownByAward_2026-09-16_H02M56S53_01.csv,79213,Contracts,https://files.usaspending.gov/generated_downloads/FY2025P01-P12_070_TAS_AccountBreakdownByAward_2026-09-16_H02M54S16646960.zip,Other public or nonprofit entities
FY2025P10,070-0540,070-2024/2024-0540-000,,0004,25.1,D,Q,,CONT_AWD_70CMSD21P00000064_7012_-NONE-_-NONE-,70CMSD21P00000064,,,,H8YFF5F9TM53,THE HIGHLANDS RANCH LAW ENFORCEMENT TRAINING FOUNDATION,H8YFF5F9TM53,THE HIGHLANDS RANCH LAW ENFORCEMENT TRAINING FOUNDATION,ANNUAL REQUISITION CONTRACT FOR FIRING RANGE SERVICES - BASE YEAR AND 5 OPTION YEARS,localhost:3000/award/CONT_AWD_70CMSD21P00000064_7012_-NONE-_-NONE-/,2025-09-10,DHS_FY2025P12_c:FY2025P01-P12_070_TAS_Contracts_AccountBreakdownByAward_2026-09-16_H02M56S53_01.csv:row:79214,data/raw/DHS_FY2025P12_c/FY2025P01-P12_070_TAS_AccountBreakdownByAward_2026-09-16_H02M54S16646960.zip,FY2025P01-P12_070_TAS_Contracts_AccountBreakdownByAward_2026-09-16_H02M56S53_01.csv,data/raw/DHS_FY2025P12_c/FY2025P01-P12_070_TAS_AccountBreakdownByAward_2026-09-16_H02M54S16646960.zip!FY2025P01-P12_070_TAS_Contracts_AccountBreakdownByAward_2026-09-16_H02M56S53_01.csv,79214,Contracts,https://files.usaspending.gov/generated_downloads/FY2025P01-P12_070_TAS_AccountBreakdownByAward_2026-09-16_H02M54S16646960.zip,Other public or nonprofit entities
FY2025P09,070-0540,070-2024/2024-0540-000,,0004,25.2,D,Q,,CONT_AWD_70CMSD21P00000064_7012_-NONE-_-NONE-,70CMSD21P00000064,,,,H8YFF5F9TM53,THE HIGHLANDS RANCH LAW ENFORCEMENT TRAINING FOUNDATION,H8YFF5F9TM53,THE HIGHLANDS RANCH LAW ENFORCEMENT TRAINING FOUNDATION,ANNUAL REQUISITION CONTRACT FOR FIRING RANGE SERVICES - BASE YEAR AND 5 OPTION YEARS,localhost:3000/award/CONT_AWD_70CMSD21P00000064_7012_-NONE-_-NONE-/,2025-08-13,DHS_FY2025P12_c:FY2025P01-P12_070_TAS_Contracts_AccountBreakdownByAward_2026-09-16_H02M56S53_01.csv:row:79216,data/raw/DHS_FY2025P12_c/FY2025P01-P12_070_TAS_AccountBreakdownByAward_2026-09-16_H02M54S16646960.zip,FY2025P01-P12_070_TAS_Contracts_AccountBreakdownByAward_2026-09-16_H02M56S53_01.csv,data/raw/DHS_FY2025P12_c/FY2025P01-P12_070_TAS_AccountBreakdownByAward_2026-09-16_H02M54S16646960.zip!FY2025P01-P12_070_TAS_Contracts_AccountBreakdownByAward_2026-09-16_H02M56S53_01.csv,79216,Contracts,https://files.usaspending.gov/generated_downloads/FY2025P01-P12_070_TAS_AccountBreakdownByAward_2026-09-16_H02M54S16646960.zip,Other public or nonprofit entities
FY2025P05,070-0540,070-2025/2025-0540-000,,0004,25.2,D,Q,,CONT_AWD_70CMSD21P00000064_7012_-NONE-_-NONE-,70CMSD21P00000064,,,,H8YFF5F9TM53,THE HIGHLANDS RANCH LAW ENFORCEMENT TRAINING FOUNDATION,H8YFF5F9TM53,THE HIGHLANDS RANCH LAW ENFORCEMENT TRAINING FOUNDATION,ANNUAL REQUISITION CONTRACT FOR FIRING RANGE SERVICES - BASE YEAR AND 5 OPTION YEARS,localhost:3000/award/CONT_AWD_70CMSD21P00000064_7012_-NONE-_-NONE-/,2025-05-15,DHS_FY2025P12_c:FY2025P01-P12_070_TAS_Contracts_AccountBreakdownByAward_2026-09-16_H02M56S53_01.csv:row:79217,data/raw/DHS_FY2025P12_c/FY2025P01-P12_070_TAS_AccountBreakdownByAward_2026-09-16_H02M54S16646960.zip,FY2025P01-P12_070_TAS_Contracts_AccountBreakdownByAward_2026-09-16_H02M56S53_01.csv,data/raw/DHS_FY2025P12_c/FY2025P01-P12_070_TAS_AccountBreakdownByAward_2026-09-16_H02M54S16646960.zip!FY2025P01-P12_070_TAS_Contracts_AccountBreakdownByAward_2026-09-16_H02M56S53_01.csv,79217,Contracts,https://files.usaspending.gov/generated_downloads/FY2025P01-P12_070_TAS_AccountBreakdownByAward_2026-09-16_H02M54S16646960.zip,Other public or nonprofit entities
FY2025P12,070-0540,070-2025/2025-0540-000,,0004,25.2,D,Q,,CONT_AWD_70CMSD21P00000064_7012_-NONE-_-NONE-,70CMSD21P00000064,,,,H8YFF5F9TM53,THE HIGHLANDS RANCH LAW ENFORCEMENT TRAINING FOUNDATION,H8YFF5F9TM53,THE HIGHLANDS RANCH LAW ENFORCEMENT TRAINING FOUNDATION,ANNUAL REQUISITION CONTRACT FOR FIRING RANGE SERVICES - BASE YEAR AND 5 OPTION YEARS,localhost:3000/award/CONT_AWD_70CMSD21P00000064_7012_-NONE-_-NONE-/,2025-12-05,DHS_FY2025P12_c:FY2025P01-P12_070_TAS_Contracts_AccountBreakdownByAward_2026-09-16_H02M56S53_01.csv:row:79218,data/raw/DHS_FY2025P12_c/FY2025P01-P12_070_TAS_AccountBreakdownByAward_2026-09-16_H02M54S16646960.zip,FY2025P01-P12_070_TAS_Contracts_AccountBreakdownByAward_2026-09-16_H02M56S53_01.csv,data/raw/DHS_FY2025P12_c/FY2025P01-P12_070_TAS_AccountBreakdownByAward_2026-09-16_H02M54S16646960.zip!FY2025P01-P12_070_TAS_Contracts_AccountBreakdownByAward_2026-09-16_H02M56S53_01.csv,79218,Contracts,https://files.usaspending.gov/generated_downloads/FY2025P01-P12_070_TAS_AccountBreakdownByAward_2026-09-16_H02M54S16646960.zip,Other public or nonprofit entities
FY2025P12,070-0540,070-2025/2025-0540-000,,0004,25.1,D,Q,,CONT_AWD_70CMSD21P00000064_7012_-NONE-_-NONE-,70CMSD21P00000064,,,,H8YFF5F9TM53,THE HIGHLANDS RANCH LAW ENFORCEMENT TRAINING FOUNDATION,H8YFF5F9TM53,THE HIGHLANDS RANCH LAW ENFORCEMENT TRAINING FOUNDATION,ANNUAL REQUISITION CONTRACT FOR FIRING RANGE SERVICES - BASE YEAR AND 5 OPTION YEARS,localhost:3000/award/CONT_AWD_70CMSD21P00000064_7012_-NONE-_-NONE-/,2025-12-05,DHS_FY2025P12_c:FY2025P01-P12_070_TAS_Contracts_AccountBreakdownByAward_2026-09-16_H02M56S53_01.csv:row:79219,data/raw/DHS_FY2025P12_c/FY2025P01-P12_070_TAS_AccountBreakdownByAward_2026-09-16_H02M54S16646960.zip,FY2025P01-P12_070_TAS_Contracts_AccountBreakdownByAward_2026-09-16_H02M56S53_01.csv,data/raw/DHS_FY2025P12_c/FY2025P01-P12_070_TAS_AccountBreakdownByAward_2026-09-16_H02M54S16646960.zip!FY2025P01-P12_070_TAS_Contracts_AccountBreakdownByAward_2026-09-16_H02M56S53_01.csv,79219,Contracts,https://files.usaspending.gov/generated_downloads/FY2025P01-P12_070_TAS_AccountBreakdownByAward_2026-09-16_H02M54S16646960.zip,Other public or nonprofit entities
FY2025P08,070-0540,070-2025/2025-0540-000,,0004,25.2,D,Q,20502.50,CONT_AWD_70CMSD21P00000064_7012_-NONE-_-NONE-,70CMSD21P00000064,,,,H8YFF5F9TM53,THE HIGHLANDS RANCH LAW ENFORCEMENT TRAINING FOUNDATION,H8YFF5F9TM53,THE HIGHLANDS RANCH LAW ENFORCEMENT TRAINING FOUNDATION,ANNUAL REQUISITION CONTRACT FOR FIRING RANGE SERVICES - BASE YEAR AND 5 OPTION YEARS,localhost:3000/award/CONT_AWD_70CMSD21P00000064_7012_-NONE-_-NONE-/,2025-07-01,DHS_FY2025P12_c:FY2025P01-P12_070_TAS_Contracts_AccountBreakdownByAward_2026-09-16_H02M56S53_01.csv:row:79221,data/raw/DHS_FY2025P12_c/FY2025P01-P12_070_TAS_AccountBreakdownByAward_2026-09-16_H02M54S16646960.zip,FY2025P01-P12_070_TAS_Contracts_AccountBreakdownByAward_2026-09-16_H02M56S53_01.csv,data/raw/DHS_FY2025P12_c/FY2025P01-P12_070_TAS_AccountBreakdownByAward_2026-09-16_H02M54S16646960.zip!FY2025P01-P12_070_TAS_Contracts_AccountBreakdownByAward_2026-09-16_H02M56S53_01.csv,79221,Contracts,https://files.usaspending.gov/generated_downloads/FY2025P01-P12_070_TAS_AccountBreakdownByAward_2026-09-16_H02M54S16646960.zip,Other public or nonprofit entities
FY2025P11,070-0540,070-2024/2024-0540-000,,0004,25.1,D,Q,,CONT_AWD_70CMSD21P00000064_7012_-NONE-_-NONE-,70CMSD21P00000064,,,,H8YFF5F9TM53,THE HIGHLANDS RANCH LAW ENFORCEMENT TRAINING FOUNDATION,H8YFF5F9TM53,THE HIGHLANDS RANCH LAW ENFORCEMENT TRAINING FOUNDATION,ANNUAL REQUISITION CONTRACT FOR FIRING RANGE SERVICES - BASE YEAR AND 5 OPTION YEARS,localhost:3000/award/CONT_AWD_70CMSD21P00000064_7012_-NONE-_-NONE-/,2025-12-05,DHS_FY2025P12_c:FY2025P01-P12_070_TAS_Contracts_AccountBreakdownByAward_2026-09-16_H02M56S53_01.csv:row:79222,data/raw/DHS_FY2025P12_c/FY2025P01-P12_070_TAS_AccountBreakdownByAward_2026-09-16_H02M54S16646960.zip,FY2025P01-P12_070_TAS_Contracts_AccountBreakdownByAward_2026-09-16_H02M56S53_01.csv,data/raw/DHS_FY2025P12_c/FY2025P01-P12_070_TAS_AccountBreakdownByAward_2026-09-16_H02M54S16646960.zip!FY2025P01-P12_070_TAS_Contracts_AccountBreakdownByAward_2026-09-16_H02M56S53_01.csv,79222,Contracts,https://files.usaspending.gov/generated_downloads/FY2025P01-P12_070_TAS_AccountBreakdownByAward_2026-09-16_H02M54S16646960.zip,Other public or nonprofit entities
FY2025P11,070-0540,070-2024/2024-0540-000,,0004,25.2,D,Q,,CONT_AWD_70CMSD21P00000064_7012_-NONE-_-NONE-,70CMSD21P00000064,,,,H8YFF5F9TM53,THE HIGHLANDS RANCH LAW ENFORCEMENT TRAINING FOUNDATION,H8YFF5F9TM53,THE HIGHLANDS RANCH LAW ENFORCEMENT TRAINING FOUNDATION,ANNUAL REQUISITION CONTRACT FOR FIRING RANGE SERVICES - BASE YEAR AND 5 OPTION YEARS,localhost:3000/award/CONT_AWD_70CMSD21P00000064_7012_-NONE-_-NONE-/,2025-12-05,DHS_FY2025P12_c:FY2025P01-P12_070_TAS_Contracts_AccountBreakdownByAward_2026-09-16_H02M56S53_01.csv:row:79223,data/raw/DHS_FY2025P12_c/FY2025P01-P12_070_TAS_AccountBreakdownByAward_2026-09-16_H02M54S16646960.zip,FY2025P01-P12_070_TAS_Contracts_AccountBreakdownByAward_2026-09-16_H02M56S53_01.csv,data/raw/DHS_FY2025P12_c/FY2025P01-P12_070_TAS_AccountBreakdownByAward_2026-09-16_H02M54S16646960.zip!FY2025P01-P12_070_TAS_Contracts_AccountBreakdownByAward_2026-09-16_H02M56S53_01.csv,79223,Contracts,https://files.usaspending.gov/generated_downloads/FY2025P01-P12_070_TAS_AccountBreakdownByAward_2026-09-16_H02M54S16646960.zip,Other public or nonprofit entities
FY2025P12,070-0540,070-2024/2024-0540-000,,0004,25.2,D,Q,,CONT_AWD_70CMSD21P00000064_7012_-NONE-_-NONE-,70CMSD21P00000064,,,,H8YFF5F9TM53,THE HIGHLANDS RANCH LAW ENFORCEMENT TRAINING FOUNDATION,H8YFF5F9TM53,THE HIGHLANDS RANCH LAW ENFORCEMENT TRAINING FOUNDATION,ANNUAL REQUISITION CONTRACT FOR FIRING RANGE SERVICES - BASE YEAR AND 5 OPTION YEARS,localhost:3000/award/CONT_AWD_70CMSD21P00000064_7012_-NONE-_-NONE-/,2025-12-05,DHS_FY2025P12_c:FY2025P01-P12_070_TAS_Contracts_AccountBreakdownByAward_2026-09-16_H02M56S53_01.csv:row:79224,data/raw/DHS_FY2025P12_c/FY2025P01-P12_070_TAS_AccountBreakdownByAward_2026-09-16_H02M54S16646960.zip,FY2025P01-P12_070_TAS_Contracts_AccountBreakdownByAward_2026-09-16_H02M56S53_01.csv,data/raw/DHS_FY2025P12_c/FY2025P01-P12_070_TAS_AccountBreakdownByAward_2026-09-16_H02M54S16646960.zip!FY2025P01-P12_070_TAS_Contracts_AccountBreakdownByAward_2026-09-16_H02M56S53_01.csv,79224,Contracts,https://files.usaspending.gov/generated_downloads/FY2025P01-P12_070_TAS_AccountBreakdownByAward_2026-09-16_H02M54S16646960.zip,Other public or nonprofit entities
FY2025P12,070-0540,070-2024/2024-0540-000,,0004,25.1,D,Q,,CONT_AWD_70CMSD21P00000064_7012_-NONE-_-NONE-,70CMSD21P00000064,,,,H8YFF5F9TM53,THE HIGHLANDS RANCH LAW ENFORCEMENT TRAINING FOUNDATION,H8YFF5F9TM53,THE HIGHLANDS RANCH LAW ENFORCEMENT TRAINING FOUNDATION,ANNUAL REQUISITION CONTRACT FOR FIRING RANGE SERVICES - BASE YEAR AND 5 OPTION YEARS,localhost:3000/award/CONT_AWD_70CMSD21P00000064_7012_-NONE-_-NONE-/,2025-12-05,DHS_FY2025P12_c:FY2025P01-P12_070_TAS_Contracts_AccountBreakdownByAward_2026-09-16_H02M56S53_01.csv:row:79225,data/raw/DHS_FY2025P12_c/FY2025P01-P12_070_TAS_AccountBreakdownByAward_2026-09-16_H02M54S16646960.zip,FY2025P01-P12_070_TAS_Contracts_AccountBreakdownByAward_2026-09-16_H02M56S53_01.csv,data/raw/DHS_FY2025P12_c/FY2025P01-P12_070_TAS_AccountBreakdownByAward_2026-09-16_H02M54S16646960.zip!FY2025P01-P12_070_TAS_Contracts_AccountBreakdownByAward_2026-09-16_H02M56S53_01.csv,79225,Contracts,https://files.usaspending.gov/generated_downloads/FY2025P01-P12_070_TAS_AccountBreakdownByAward_2026-09-16_H02M54S16646960.zip,Other public or nonprofit entities
FY2025P07,070-0540,070-2025/2025-0540-000,,0004,25.2,D,Q,,CONT_AWD_70CMSD21P00000064_7012_-NONE-_-NONE-,70CMSD21P00000064,,,,H8YFF5F9TM53,THE HIGHLANDS RANCH LAW ENFORCEMENT TRAINING FOUNDATION,H8YFF5F9TM53,THE HIGHLANDS RANCH LAW ENFORCEMENT TRAINING FOUNDATION,ANNUAL REQUISITION CONTRACT FOR FIRING RANGE SERVICES - BASE YEAR AND 5 OPTION YEARS,localhost:3000/award/CONT_AWD_70CMSD21P00000064_7012_-NONE-_-NONE-/,2025-05-30,DHS_FY2025P12_c:FY2025P01-P12_070_TAS_Contracts_AccountBreakdownByAward_2026-09-16_H02M56S53_01.csv:row:79226,data/raw/DHS_FY2025P12_c/FY2025P01-P12_070_TAS_AccountBreakdownByAward_2026-09-16_H02M54S16646960.zip,FY2025P01-P12_070_TAS_Contracts_AccountBreakdownByAward_2026-09-16_H02M56S53_01.csv,data/raw/DHS_FY2025P12_c/FY2025P01-P12_070_TAS_AccountBreakdownByAward_2026-09-16_H02M54S16646960.zip!FY2025P01-P12_070_TAS_Contracts_AccountBreakdownByAward_2026-09-16_H02M56S53_01.csv,79226,Contracts,https://files.usaspending.gov/generated_downloads/FY2025P01-P12_070_TAS_AccountBreakdownByAward_2026-09-16_H02M54S16646960.zip,Other public or nonprofit entities
FY2025P06,070-0540,070-2024/2024-0540-000,,0004,25.2,D,Q,,CONT_AWD_70CMSD21P00000064_7012_-NONE-_-NONE-,70CMSD21P00000064,,,,H8YFF5F9TM53,THE HIGHLANDS RANCH LAW ENFORCEMENT TRAINING FOUNDATION,H8YFF5F9TM53,THE HIGHLANDS RANCH LAW ENFORCEMENT TRAINING FOUNDATION,ANNUAL REQUISITION CONTRACT FOR FIRING RANGE SERVICES - BASE YEAR AND 5 OPTION YEARS,localhost:3000/award/CONT_AWD_70CMSD21P00000064_7012_-NONE-_-NONE-/,2025-05-15,DHS_FY2025P12_c:FY2025P01-P12_070_TAS_Contracts_AccountBreakdownByAward_2026-09-16_H02M56S53_01.csv:row:79228,data/raw/DHS_FY2025P12_c/FY2025P01-P12_070_TAS_AccountBreakdownByAward_2026-09-16_H02M54S16646960.zip,FY2025P01-P12_070_TAS_Contracts_AccountBreakdownByAward_2026-09-16_H02M56S53_01.csv,data/raw/DHS_FY2025P12_c/FY2025P01-P12_070_TAS_AccountBreakdownByAward_2026-09-16_H02M54S16646960.zip!FY2025P01-P12_070_TAS_Contracts_AccountBreakdownByAward_2026-09-16_H02M56S53_01.csv,79228,Contracts,https://files.usaspending.gov/generated_downloads/FY2025P01-P12_070_TAS_AccountBreakdownByAward_2026-09-16_H02M54S16646960.zip,Other public or nonprofit entities
FY2025P06,070-0540,070-2025/2025-0540-000,,0004,25.2,D,Q,,CONT_AWD_70CMSD21P00000064_7012_-NONE-_-NONE-,70CMSD21P00000064,,,,H8YFF5F9TM53,THE HIGHLANDS RANCH LAW ENFORCEMENT TRAINING FOUNDATION,H8YFF5F9TM53,THE HIGHLANDS RANCH LAW ENFORCEMENT TRAINING FOUNDATION,ANNUAL REQUISITION CONTRACT FOR FIRING RANGE SERVICES - BASE YEAR AND 5 OPTION YEARS,localhost:3000/award/CONT_AWD_70CMSD21P00000064_7012_-NONE-_-NONE-/,2025-05-15,DHS_FY2025P12_c:FY2025P01-P12_070_TAS_Contracts_AccountBreakdownByAward_2026-09-16_H02M56S53_01.csv:row:79229,data/raw/DHS_FY2025P12_c/FY2025P01-P12_070_TAS_AccountBreakdownByAward_2026-09-16_H02M54S16646960.zip,FY2025P01-P12_070_TAS_Contracts_AccountBreakdownByAward_2026-09-16_H02M56S53_01.csv,data/raw/DHS_FY2025P12_c/FY2025P01-P12_070_TAS_AccountBreakdownByAward_2026-09-16_H02M54S16646960.zip!FY2025P01-P12_070_TAS_Contracts_AccountBreakdownByAward_2026-09-16_H02M56S53_01.csv,79229,Contracts,https://files.usaspending.gov/generated_downloads/FY2025P01-P12_070_TAS_AccountBreakdownByAward_2026-09-16_H02M54S16646960.zip,Other public or nonprofit entities
FY2025P09,070-0540,070-2025/2025-0540-000,,0004,25.2,D,Q,,CONT_AWD_70CMSD21P00000064_7012_-NONE-_-NONE-,70CMSD21P00000064,,,,H8YFF5F9TM53,THE HIGHLANDS RANCH LAW ENFORCEMENT TRAINING FOUNDATION,H8YFF5F9TM53,THE HIGHLANDS RANCH LAW ENFORCEMENT TRAINING FOUNDATION,ANNUAL REQUISITION CONTRACT FOR FIRING RANGE SERVICES - BASE YEAR AND 5 OPTION YEARS,localhost:3000/award/CONT_AWD_70CMSD21P00000064_7012_-NONE-_-NONE-/,2025-08-13,DHS_FY2025P12_c:FY2025P01-P12_070_TAS_Contracts_AccountBreakdownByAward_2026-09-16_H02M56S53_01.csv:row:79230,data/raw/DHS_FY2025P12_c/FY2025P01-P12_070_TAS_AccountBreakdownByAward_2026-09-16_H02M54S16646960.zip,FY2025P01-P12_070_TAS_Contracts_AccountBreakdownByAward_2026-09-16_H02M56S53_01.csv,data/raw/DHS_FY2025P12_c/FY2025P01-P12_070_TAS_AccountBreakdownByAward_2026-09-16_H02M54S16646960.zip!FY2025P01-P12_070_TAS_Contracts_AccountBreakdownByAward_2026-09-16_H02M56S53_01.csv,79230,Contracts,https://files.usaspending.gov/generated_downloads/FY2025P01-P12_070_TAS_AccountBreakdownByAward_2026-09-16_H02M54S16646960.zip,Other public or nonprofit entities
FY2025P05,070-0540,070-2024/2024-0540-000,,0004,25.1,D,Q,,CONT_AWD_70CMSD21P00000064_7012_-NONE-_-NONE-,70CMSD21P00000064,,,,H8YFF5F9TM53,THE HIGHLANDS RANCH LAW ENFORCEMENT TRAINING FOUNDATION,H8YFF5F9TM53,THE HIGHLANDS RANCH LAW ENFORCEMENT TRAINING FOUNDATION,ANNUAL REQUISITION CONTRACT FOR FIRING RANGE SERVICES - BASE YEAR AND 5 OPTION YEARS,localhost:3000/award/CONT_AWD_70CMSD21P00000064_7012_-NONE-_-NONE-/,2025-05-15,DHS_FY2025P12_c:FY2025P01-P12_070_TAS_Contracts_AccountBreakdownByAward_2026-09-16_H02M56S53_01.csv:row:79231,data/raw/DHS_FY2025P12_c/FY2025P01-P12_070_TAS_AccountBreakdownByAward_2026-09-16_H02M54S16646960.zip,FY2025P01-P12_070_TAS_Contracts_AccountBreakdownByAward_2026-09-16_H02M56S53_01.csv,data/raw/DHS_FY2025P12_c/FY2025P01-P12_070_TAS_AccountBreakdownByAward_2026-09-16_H02M54S16646960.zip!FY2025P01-P12_070_TAS_Contracts_AccountBreakdownByAward_2026-09-16_H02M56S53_01.csv,79231,Contracts,https://files.usaspending.gov/generated_downloads/FY2025P01-P12_070_TAS_AccountBreakdownByAward_2026-09-16_H02M54S16646960.zip,Other public or nonprofit entities
FY2025P05,070-0540,070-2024/2024-0540-000,,0004,25.2,D,Q,,CONT_AWD_70CMSD21P00000064_7012_-NONE-_-NONE-,70CMSD21P00000064,,,,H8YFF5F9TM53,THE HIGHLANDS RANCH LAW ENFORCEMENT TRAINING FOUNDATION,H8YFF5F9TM53,THE HIGHLANDS RANCH LAW ENFORCEMENT TRAINING FOUNDATION,ANNUAL REQUISITION CONTRACT FOR FIRING RANGE SERVICES - BASE YEAR AND 5 OPTION YEARS,localhost:3000/award/CONT_AWD_70CMSD21P00000064_7012_-NONE-_-NONE-/,2025-05-15,DHS_FY2025P12_c:FY2025P01-P12_070_TAS_Contracts_AccountBreakdownByAward_2026-09-16_H02M56S53_01.csv:row:79232,data/raw/DHS_FY2025P12_c/FY2025P01-P12_070_TAS_AccountBreakdownByAward_2026-09-16_H02M54S16646960.zip,FY2025P01-P12_070_TAS_Contracts_AccountBreakdownByAward_2026-09-16_H02M56S53_01.csv,data/raw/DHS_FY2025P12_c/FY2025P01-P12_070_TAS_AccountBreakdownByAward_2026-09-16_H02M54S16646960.zip!FY2025P01-P12_070_TAS_Contracts_AccountBreakdownByAward_2026-09-16_H02M56S53_01.csv,79232,Contracts,https://files.usaspending.gov/generated_downloads/FY2025P01-P12_070_TAS_AccountBreakdownByAward_2026-09-16_H02M54S16646960.zip,Other public or nonprofit entities
FY2025P09,070-0540,070-2024/2024-0540-000,,0004,25.1,D,Q,,CONT_AWD_70CMSD21P00000064_7012_-NONE-_-NONE-,70CMSD21P00000064,,,,H8YFF5F9TM53,THE HIGHLANDS RANCH LAW ENFORCEMENT TRAINING FOUNDATION,H8YFF5F9TM53,THE HIGHLANDS RANCH LAW ENFORCEMENT TRAINING FOUNDATION,ANNUAL REQUISITION CONTRACT FOR FIRING RANGE SERVICES - BASE YEAR AND 5 OPTION YEARS,localhost:3000/award/CONT_AWD_70CMSD21P00000064_7012_-NONE-_-NONE-/,2025-08-13,DHS_FY2025P12_c:FY2025P01-P12_070_TAS_Contracts_AccountBreakdownByAward_2026-09-16_H02M56S53_01.csv:row:79233,data/raw/DHS_FY2025P12_c/FY2025P01-P12_070_TAS_AccountBreakdownByAward_2026-09-16_H02M54S16646960.zip,FY2025P01-P12_070_TAS_Contracts_AccountBreakdownByAward_2026-09-16_H02M56S53_01.csv,data/raw/DHS_FY2025P12_c/FY2025P01-P12_070_TAS_AccountBreakdownByAward_2026-09-16_H02M54S16646960.zip!FY2025P01-P12_070_TAS_Contracts_AccountBreakdownByAward_2026-09-16_H02M56S53_01.csv,79233,Contracts,https://files.usaspending.gov/generated_downloads/FY2025P01-P12_070_TAS_AccountBreakdownByAward_2026-09-16_H02M54S16646960.zip,Other public or nonprofit entities
FY2025P08,070-0540,070-2024/2024-0540-000,,0004,25.1,D,Q,,CONT_AWD_70CMSD21P00000064_7012_-NONE-_-NONE-,70CMSD21P00000064,,,,H8YFF5F9TM53,THE HIGHLANDS RANCH LAW ENFORCEMENT TRAINING FOUNDATION,H8YFF5F9TM53,THE HIGHLANDS RANCH LAW ENFORCEMENT TRAINING FOUNDATION,ANNUAL REQUISITION CONTRACT FOR FIRING RANGE SERVICES - BASE YEAR AND 5 OPTION YEARS,localhost:3000/award/CONT_AWD_70CMSD21P00000064_7012_-NONE-_-NONE-/,2025-07-01,DHS_FY2025P12_c:FY2025P01-P12_070_TAS_Contracts_AccountBreakdownByAward_2026-09-16_H02M56S53_01.csv:row:79234,data/raw/DHS_FY2025P12_c/FY2025P01-P12_070_TAS_AccountBreakdownByAward_2026-09-16_H02M54S16646960.zip,FY2025P01-P12_070_TAS_Contracts_AccountBreakdownByAward_2026-09-16_H02M56S53_01.csv,data/raw/DHS_FY2025P12_c/FY2025P01-P12_070_TAS_AccountBreakdownByAward_2026-09-16_H02M54S16646960.zip!FY2025P01-P12_070_TAS_Contracts_AccountBreakdownByAward_2026-09-16_H02M56S53_01.csv,79234,Contracts,https://files.usaspending.gov/generated_downloads/FY2025P01-P12_070_TAS_AccountBreakdownByAward_2026-09-16_H02M54S16646960.zip,Other public or nonprofit entities
FY2025P11,070-0540,070-2025/2025-0540-000,,0004,25.2,D,Q,,CONT_AWD_70CMSD21P00000064_7012_-NONE-_-NONE-,70CMSD21P00000064,,,,H8YFF5F9TM53,THE HIGHLANDS RANCH LAW ENFORCEMENT TRAINING FOUNDATION,H8YFF5F9TM53,THE HIGHLANDS RANCH LAW ENFORCEMENT TRAINING FOUNDATION,ANNUAL REQUISITION CONTRACT FOR FIRING RANGE SERVICES - BASE YEAR AND 5 OPTION YEARS,localhost:3000/award/CONT_AWD_70CMSD21P00000064_7012_-NONE-_-NONE-/,2025-12-05,DHS_FY2025P12_c:FY2025P01-P12_070_TAS_Contracts_AccountBreakdownByAward_2026-09-16_H02M56S53_01.csv:row:79235,data/raw/DHS_FY2025P12_c/FY2025P01-P12_070_TAS_AccountBreakdownByAward_2026-09-16_H02M54S16646960.zip,FY2025P01-P12_070_TAS_Contracts_AccountBreakdownByAward_2026-09-16_H02M56S53_01.csv,data/raw/DHS_FY2025P12_c/FY2025P01-P12_070_TAS_AccountBreakdownByAward_2026-09-16_H02M54S16646960.zip!FY2025P01-P12_070_TAS_Contracts_AccountBreakdownByAward_2026-09-16_H02M56S53_01.csv,79235,Contracts,https://files.usaspending.gov/generated_downloads/FY2025P01-P12_070_TAS_AccountBreakdownByAward_2026-09-16_H02M54S16646960.zip,Other public or nonprofit entities
FY2025P10,070-0540,070-2024/2024-0540-000,,0005,25.2,D,Q,,CONT_AWD_70CDCR22P00000004_7012_-NONE-_-NONE-,70CDCR22P00000004,,,,QWQDFDCNJ2H3,IMPERIAL VALLEY RIFLE & PISTOL ASSOCIATION INC,QWQDFDCNJ2H3,IMPERIAL VALLEY RIFLE & PISTOL ASSOCIATION INC,FIRING RANGE,localhost:3000/award/CONT_AWD_70CDCR22P00000004_7012_-NONE-_-NONE-/,2025-09-10,DHS_FY2025P12_c:FY2025P01-P12_070_TAS_Contracts_AccountBreakdownByAward_2026-09-16_H02M56S53_01.csv:row:83701,data/raw/DHS_FY2025P12_c/FY2025P01-P12_070_TAS_AccountBreakdownByAward_2026-09-16_H02M54S16646960.zip,FY2025P01-P12_070_TAS_Contracts_AccountBreakdownByAward_2026-09-16_H02M56S53_01.csv,data/raw/DHS_FY2025P12_c/FY2025P01-P12_070_TAS_AccountBreakdownByAward_2026-09-16_H02M54S16646960.zip!FY2025P01-P12_070_TAS_Contracts_AccountBreakdownByAward_2026-09-16_H02M56S53_01.csv,83701,Contracts,https://files.usaspending.gov/generated_downloads/FY2025P01-P12_070_TAS_AccountBreakdownByAward_2026-09-16_H02M54S16646960.zip,Other public or nonprofit entities
FY2025P09,070-0540,070-2024/2024-0540-000,,0005,25.2,D,Q,,CONT_AWD_70CDCR22P00000004_7012_-NONE-_-NONE-,70CDCR22P00000004,,,,QWQDFDCNJ2H3,IMPERIAL VALLEY RIFLE & PISTOL ASSOCIATION INC,QWQDFDCNJ2H3,IMPERIAL VALLEY RIFLE & PISTOL ASSOCIATION INC,FIRING RANGE,localhost:3000/award/CONT_AWD_70CDCR22P00000004_7012_-NONE-_-NONE-/,2025-08-13,DHS_FY2025P12_c:FY2025P01-P12_070_TAS_Contracts_AccountBreakdownByAward_2026-09-16_H02M56S53_01.csv:row:83702,data/raw/DHS_FY2025P12_c/FY2025P01-P12_070_TAS_AccountBreakdownByAward_2026-09-16_H02M54S16646960.zip,FY2025P01-P12_070_TAS_Contracts_AccountBreakdownByAward_2026-09-16_H02M56S53_01.csv,data/raw/DHS_FY2025P12_c/FY2025P01-P12_070_TAS_AccountBreakdownByAward_2026-09-16_H02M54S16646960.zip!FY2025P01-P12_070_TAS_Contracts_AccountBreakdownByAward_2026-09-16_H02M56S53_01.csv,83702,Contracts,https://files.usaspending.gov/generated_downloads/FY2025P01-P12_070_TAS_AccountBreakdownByAward_2026-09-16_H02M54S16646960.zip,Other public or nonprofit entities
FY2025P07,070-0540,070-2024/2024-0540-000,,0005,25.2,D,Q,,CONT_AWD_70CDCR22P00000004_7012_-NONE-_-NONE-,70CDCR22P00000004,,,,QWQDFDCNJ2H3,IMPERIAL VALLEY RIFLE & PISTOL ASSOCIATION INC,QWQDFDCNJ2H3,IMPERIAL VALLEY RIFLE & PISTOL ASSOCIATION INC,FIRING RANGE,localhost:3000/award/CONT_AWD_70CDCR22P00000004_7012_-NONE-_-NONE-/,2025-05-30,DHS_FY2025P12_c:FY2025P01-P12_070_TAS_Contracts_AccountBreakdownByAward_2026-09-16_H02M56S53_01.csv:row:83703,data/raw/DHS_FY2025P12_c/FY2025P01-P12_070_TAS_AccountBreakdownByAward_2026-09-16_H02M54S16646960.zip,FY2025P01-P12_070_TAS_Contracts_AccountBreakdownByAward_2026-09-16_H02M56S53_01.csv,data/raw/DHS_FY2025P12_c/FY2025P01-P12_070_TAS_AccountBreakdownByAward_2026-09-16_H02M54S16646960.zip!FY2025P01-P12_070_TAS_Contracts_AccountBreakdownByAward_2026-09-16_H02M56S53_01.csv,83703,Contracts,https://files.usaspending.gov/generated_downloads/FY2025P01-P12_070_TAS_AccountBreakdownByAward_2026-09-16_H02M54S16646960.zip,Other public or nonprofit entities
FY2025P11,070-0540,070-2024/2024-0540-000,,0005,25.2,D,Q,,CONT_AWD_70CDCR22P00000004_7012_-NONE-_-NONE-,70CDCR22P00000004,,,,QWQDFDCNJ2H3,IMPERIAL VALLEY RIFLE & PISTOL ASSOCIATION INC,QWQDFDCNJ2H3,IMPERIAL VALLEY RIFLE & PISTOL ASSOCIATION INC,FIRING RANGE,localhost:3000/award/CONT_AWD_70CDCR22P00000004_7012_-NONE-_-NONE-/,2025-12-05,DHS_FY2025P12_c:FY2025P01-P12_070_TAS_Contracts_AccountBreakdownByAward_2026-09-16_H02M56S53_01.csv:row:83705,data/raw/DHS_FY2025P12_c/FY2025P01-P12_070_TAS_AccountBreakdownByAward_2026-09-16_H02M54S16646960.zip,FY2025P01-P12_070_TAS_Contracts_AccountBreakdownByAward_2026-09-16_H02M56S53_01.csv,data/raw/DHS_FY2025P12_c/FY2025P01-P12_070_TAS_AccountBreakdownByAward_2026-09-16_H02M54S16646960.zip!FY2025P01-P12_070_TAS_Contracts_AccountBreakdownByAward_2026-09-16_H02M56S53_01.csv,83705,Contracts,https://files.usaspending.gov/generated_downloads/FY2025P01-P12_070_TAS_AccountBreakdownByAward_2026-09-16_H02M54S16646960.zip,Other public or nonprofit entities
FY2025P08,070-0540,070-2024/2024-0540-000,,0005,25.2,D,Q,,CONT_AWD_70CDCR22P00000004_7012_-NONE-_-NONE-,70CDCR22P00000004,,,,QWQDFDCNJ2H3,IMPERIAL VALLEY RIFLE & PISTOL ASSOCIATION INC,QWQDFDCNJ2H3,IMPERIAL VALLEY RIFLE & PISTOL ASSOCIATION INC,FIRING RANGE,localhost:3000/award/CONT_AWD_70CDCR22P00000004_7012_-NONE-_-NONE-/,2025-07-01,DHS_FY2025P12_c:FY2025P01-P12_070_TAS_Contracts_AccountBreakdownByAward_2026-09-16_H02M56S53_01.csv:row:83706,data/raw/DHS_FY2025P12_c/FY2025P01-P12_070_TAS_AccountBreakdownByAward_2026-09-16_H02M54S16646960.zip,FY2025P01-P12_070_TAS_Contracts_AccountBreakdownByAward_2026-09-16_H02M56S53_01.csv,data/raw/DHS_FY2025P12_c/FY2025P01-P12_070_TAS_AccountBreakdownByAward_2026-09-16_H02M54S16646960.zip!FY2025P01-P12_070_TAS_Contracts_AccountBreakdownByAward_2026-09-16_H02M56S53_01.csv,83706,Contracts,https://files.usaspending.gov/generated_downloads/FY2025P01-P12_070_TAS_AccountBreakdownByAward_2026-09-16_H02M54S16646960.zip,Other public or nonprofit entities
FY2025P05,070-0540,070-2024/2024-0540-000,,0005,25.2,D,Q,,CONT_AWD_70CDCR22P00000004_7012_-NONE-_-NONE-,70CDCR22P00000004,,,,QWQDFDCNJ2H3,IMPERIAL VALLEY RIFLE & PISTOL ASSOCIATION INC,QWQDFDCNJ2H3,IMPERIAL VALLEY RIFLE & PISTOL ASSOCIATION INC,FIRING RANGE,localhost:3000/award/CONT_AWD_70CDCR22P00000004_7012_-NONE-_-NONE-/,2025-05-15,DHS_FY2025P12_c:FY2025P01-P12_070_TAS_Contracts_AccountBreakdownByAward_2026-09-16_H02M56S53_01.csv:row:83707,data/raw/DHS_FY2025P12_c/FY2025P01-P12_070_TAS_AccountBreakdownByAward_2026-09-16_H02M54S16646960.zip,FY2025P01-P12_070_TAS_Contracts_AccountBreakdownByAward_2026-09-16_H02M56S53_01.csv,data/raw/DHS_FY2025P12_c/FY2025P01-P12_070_TAS_AccountBreakdownByAward_2026-09-16_H02M54S16646960.zip!FY2025P01-P12_070_TAS_Contracts_AccountBreakdownByAward_2026-09-16_H02M56S53_01.csv,83707,Contracts,https://files.usaspending.gov/generated_downloads/FY2025P01-P12_070_TAS_AccountBreakdownByAward_2026-09-16_H02M54S16646960.zip,Other public or nonprofit entities
FY2025P06,070-0540,070-2024/2024-0540-000,,0005,25.2,D,Q,,CONT_AWD_70CDCR22P00000004_7012_-NONE-_-NONE-,70CDCR22P00000004,,,,QWQDFDCNJ2H3,IMPERIAL VALLEY RIFLE & PISTOL ASSOCIATION INC,QWQDFDCNJ2H3,IMPERIAL VALLEY RIFLE & PISTOL ASSOCIATION INC,FIRING RANGE,localhost:3000/award/CONT_AWD_70CDCR22P00000004_7012_-NONE-_-NONE-/,2025-05-15,DHS_FY2025P12_c:FY2025P01-P12_070_TAS_Contracts_AccountBreakdownByAward_2026-09-16_H02M56S53_01.csv:row:83708,data/raw/DHS_FY2025P12_c/FY2025P01-P12_070_TAS_AccountBreakdownByAward_2026-09-16_H02M54S16646960.zip,FY2025P01-P12_070_TAS_Contracts_AccountBreakdownByAward_2026-09-16_H02M56S53_01.csv,data/raw/DHS_FY2025P12_c/FY2025P01-P12_070_TAS_AccountBreakdownByAward_2026-09-16_H02M54S16646960.zip!FY2025P01-P12_070_TAS_Contracts_AccountBreakdownByAward_2026-09-16_H02M56S53_01.csv,83708,Contracts,https://files.usaspending.gov/generated_downloads/FY2025P01-P12_070_TAS_AccountBreakdownByAward_2026-09-16_H02M54S16646960.zip,Other public or nonprofit entities
FY2025P12,070-0540,070-2024/2024-0540-000,,0005,25.2,D,Q,,CONT_AWD_70CDCR22P00000004_7012_-NONE-_-NONE-,70CDCR22P00000004,,,,QWQDFDCNJ2H3,IMPERIAL VALLEY RIFLE & PISTOL ASSOCIATION INC,QWQDFDCNJ2H3,IMPERIAL VALLEY RIFLE & PISTOL ASSOCIATION INC,FIRING RANGE,localhost:3000/award/CONT_AWD_70CDCR22P00000004_7012_-NONE-_-NONE-/,2025-12-05,DHS_FY2025P12_c:FY2025P01-P12_070_TAS_Contracts_AccountBreakdownByAward_2026-09-16_H02M56S53_01.csv:row:83710,data/raw/DHS_FY2025P12_c/FY2025P01-P12_070_TAS_AccountBreakdownByAward_2026-09-16_H02M54S16646960.zip,FY2025P01-P12_070_TAS_Contracts_AccountBreakdownByAward_2026-09-16_H02M56S53_01.csv,data/raw/DHS_FY2025P12_c/FY2025P01-P12_070_TAS_AccountBreakdownByAward_2026-09-16_H02M54S16646960.zip!FY2025P01-P12_070_TAS_Contracts_AccountBreakdownByAward_2026-09-16_H02M56S53_01.csv,83710,Contracts,https://files.usaspending.gov/generated_downloads/FY2025P01-P12_070_TAS_AccountBreakdownByAward_2026-09-16_H02M54S16646960.zip,Other public or nonprofit entities
FY2025P06,070-0540,070-2023/2023-0540-000,,0005,23.2,D,Q,-7625.00,CONT_AWD_70CDCR23P00000017_7012_-NONE-_-NONE-,70CDCR23P00000017,,,,KABJZBBJ4B54,REGENTS OF THE UNIVERSITY OF MINNESOTA,KABJZBBJ4B54,REGENTS OF THE UNIVERSITY OF MINNESOTA,UNIVERSITY OF MINNESOTA FIREARMS RANGE RENTAL,localhost:3000/award/CONT_AWD_70CDCR23P00000017_7012_-NONE-_-NONE-/,2025-05-15,DHS_FY2025P12_c:FY2025P01-P12_070_TAS_Contracts_AccountBreakdownByAward_2026-09-16_H02M56S53_01.csv:row:84338,data/raw/DHS_FY2025P12_c/FY2025P01-P12_070_TAS_AccountBreakdownByAward_2026-09-16_H02M54S16646960.zip,FY2025P01-P12_070_TAS_Contracts_AccountBreakdownByAward_2026-09-16_H02M56S53_01.csv,data/raw/DHS_FY2025P12_c/FY2025P01-P12_070_TAS_AccountBreakdownByAward_2026-09-16_H02M54S16646960.zip!FY2025P01-P12_070_TAS_Contracts_AccountBreakdownByAward_2026-09-16_H02M56S53_01.csv,84338,Contracts,https://files.usaspending.gov/generated_downloads/FY2025P01-P12_070_TAS_AccountBreakdownByAward_2026-09-16_H02M54S16646960.zip,Other public or nonprofit entities
FY2025P09,070-0540,070-2024/2024-0540-000,,0002,25.7,D,Q,-2100.00,CONT_AWD_70CMSD24P00000042_7012_-NONE-_-NONE-,70CMSD24P00000042,,,,QNDUMY6NRQS1,THE MOUNT VERNON LADIES' ASSOCIATION OF THE UNION,QNDUMY6NRQS1,THE MOUNT VERNON LADIES' ASSOCIATION OF THE UNION,HIGH POTENTIAL EXECUTIVE SEMINAR.,localhost:3000/award/CONT_AWD_70CMSD24P00000042_7012_-NONE-_-NONE-/,2025-08-13,DHS_FY2025P12_c:FY2025P01-P12_070_TAS_Contracts_AccountBreakdownByAward_2026-09-16_H02M56S53_01.csv:row:85602,data/raw/DHS_FY2025P12_c/FY2025P01-P12_070_TAS_AccountBreakdownByAward_2026-09-16_H02M54S16646960.zip,FY2025P01-P12_070_TAS_Contracts_AccountBreakdownByAward_2026-09-16_H02M56S53_01.csv,data/raw/DHS_FY2025P12_c/FY2025P01-P12_070_TAS_AccountBreakdownByAward_2026-09-16_H02M54S16646960.zip!FY2025P01-P12_070_TAS_Contracts_AccountBreakdownByAward_2026-09-16_H02M56S53_01.csv,85602,Contracts,https://files.usaspending.gov/generated_downloads/FY2025P01-P12_070_TAS_AccountBreakdownByAward_2026-09-16_H02M54S16646960.zip,Other public or nonprofit entities
FY2025P12,070-0540,070-2025/2025-0540-000,,0005,25.2,D,Q,,CONT_AWD_70CDCR25P00000016_7012_-NONE-_-NONE-,70CDCR25P00000016,,,,P33MHG98ZU64,UTAH COMMUNICATIONS AUTHORITY,P33MHG98ZU64,UTAH COMMUNICATIONS AUTHORITY,"NEW TASK ORDER FOR ICE/ERO SALT LAKE CITY FIELD OFFICE, OGDEN, PROVO, AND ST. GEORGE SUB-OFFICES WITH RADIO PROGRAMING AND MONTHLY RADIO SERVICE VIA THE 800MHZ PUBLIC RADIO SYSTEM.",localhost:3000/award/CONT_AWD_70CDCR25P00000016_7012_-NONE-_-NONE-/,2025-12-05,DHS_FY2025P12_c:FY2025P01-P12_070_TAS_Contracts_AccountBreakdownByAward_2026-09-16_H02M56S53_01.csv:row:95329,data/raw/DHS_FY2025P12_c/FY2025P01-P12_070_TAS_AccountBreakdownByAward_2026-09-16_H02M54S16646960.zip,FY2025P01-P12_070_TAS_Contracts_AccountBreakdownByAward_2026-09-16_H02M56S53_01.csv,data/raw/DHS_FY2025P12_c/FY2025P01-P12_070_TAS_AccountBreakdownByAward_2026-09-16_H02M54S16646960.zip!FY2025P01-P12_070_TAS_Contracts_AccountBreakdownByAward_2026-09-16_H02M56S53_01.csv,95329,Contracts,https://files.usaspending.gov/generated_downloads/FY2025P01-P12_070_TAS_AccountBreakdownByAward_2026-09-16_H02M54S16646960.zip,State and local governments
FY2025P11,070-0540,070-2025/2025-0540-000,,0005,25.2,D,Q,34272.00,CONT_AWD_70CDCR25P00000016_7012_-NONE-_-NONE-,70CDCR25P00000016,,,,P33MHG98ZU64,UTAH COMMUNICATIONS AUTHORITY,P33MHG98ZU64,UTAH COMMUNICATIONS AUTHORITY,"NEW TASK ORDER FOR ICE/ERO SALT LAKE CITY FIELD OFFICE, OGDEN, PROVO, AND ST. GEORGE SUB-OFFICES WITH RADIO PROGRAMING AND MONTHLY RADIO SERVICE VIA THE 800MHZ PUBLIC RADIO SYSTEM.",localhost:3000/award/CONT_AWD_70CDCR25P00000016_7012_-NONE-_-NONE-/,2025-12-05,DHS_FY2025P12_c:FY2025P01-P12_070_TAS_Contracts_AccountBreakdownByAward_2026-09-16_H02M56S53_01.csv:row:95330,data/raw/DHS_FY2025P12_c/FY2025P01-P12_070_TAS_AccountBreakdownByAward_2026-09-16_H02M54S16646960.zip,FY2025P01-P12_070_TAS_Contracts_AccountBreakdownByAward_2026-09-16_H02M56S53_01.csv,data/raw/DHS_FY2025P12_c/FY2025P01-P12_070_TAS_AccountBreakdownByAward_2026-09-16_H02M54S16646960.zip!FY2025P01-P12_070_TAS_Contracts_AccountBreakdownByAward_2026-09-16_H02M56S53_01.csv,95330,Contracts,https://files.usaspending.gov/generated_downloads/FY2025P01-P12_070_TAS_AccountBreakdownByAward_2026-09-16_H02M54S16646960.zip,State and local governments
FY2025P11,070-0540,070-2025/2025-0540-000,,0005,25.2,D,Q,672.00,CONT_AWD_70CDCR25P00000016_7012_-NONE-_-NONE-,70CDCR25P00000016,,,,P33MHG98ZU64,UTAH COMMUNICATIONS AUTHORITY,P33MHG98ZU64,UTAH COMMUNICATIONS AUTHORITY,"NEW TASK ORDER FOR ICE/ERO SALT LAKE CITY FIELD OFFICE, OGDEN, PROVO, AND ST. GEORGE SUB-OFFICES WITH RADIO PROGRAMING AND MONTHLY RADIO SERVICE VIA THE 800MHZ PUBLIC RADIO SYSTEM.",localhost:3000/award/CONT_AWD_70CDCR25P00000016_7012_-NONE-_-NONE-/,2025-12-05,DHS_FY2025P12_c:FY2025P01-P12_070_TAS_Contracts_AccountBreakdownByAward_2026-09-16_H02M56S53_01.csv:row:95331,data/raw/DHS_FY2025P12_c/FY2025P01-P12_070_TAS_AccountBreakdownByAward_2026-09-16_H02M54S16646960.zip,FY2025P01-P12_070_TAS_Contracts_AccountBreakdownByAward_2026-09-16_H02M56S53_01.csv,data/raw/DHS_FY2025P12_c/FY2025P01-P12_070_TAS_AccountBreakdownByAward_2026-09-16_H02M54S16646960.zip!FY2025P01-P12_070_TAS_Contracts_AccountBreakdownByAward_2026-09-16_H02M56S53_01.csv,95331,Contracts,https://files.usaspending.gov/generated_downloads/FY2025P01-P12_070_TAS_AccountBreakdownByAward_2026-09-16_H02M54S16646960.zip,State and local governments
FY2025P11,070-0540,070-2024/2024-0540-000,,0005,23.2,D,Q,,CONT_AWD_70CDCR24P00000013_7012_-NONE-_-NONE-,70CDCR24P00000013,,,,FVJMNPLMEEJ2,REGENTS OF UNIVERSITY OF MINNESOTA,FVJMNPLMEEJ2,REGENTS OF UNIVERSITY OF MINNESOTA,UNIVERSITY OF MINNESOTA FIREARMS RANGE RENTAL,localhost:3000/award/CONT_AWD_70CDCR24P00000013_7012_-NONE-_-NONE-/,2025-12-05,DHS_FY2025P12_c:FY2025P01-P12_070_TAS_Contracts_AccountBreakdownByAward_2026-09-16_H02M56S53_01.csv:row:102133,data/raw/DHS_FY2025P12_c/FY2025P01-P12_070_TAS_AccountBreakdownByAward_2026-09-16_H02M54S16646960.zip,FY2025P01-P12_070_TAS_Contracts_AccountBreakdownByAward_2026-09-16_H02M56S53_01.csv,data/raw/DHS_FY2025P12_c/FY2025P01-P12_070_TAS_AccountBreakdownByAward_2026-09-16_H02M54S16646960.zip!FY2025P01-P12_070_TAS_Contracts_AccountBreakdownByAward_2026-09-16_H02M56S53_01.csv,102133,Contracts,https://files.usaspending.gov/generated_downloads/FY2025P01-P12_070_TAS_AccountBreakdownByAward_2026-09-16_H02M54S16646960.zip,Other public or nonprofit entities
FY2025P06,070-0540,070-2024/2024-0540-000,,0005,23.2,D,Q,,CONT_AWD_70CDCR24P00000013_7012_-NONE-_-NONE-,70CDCR24P00000013,,,,FVJMNPLMEEJ2,REGENTS OF UNIVERSITY OF MINNESOTA,FVJMNPLMEEJ2,REGENTS OF UNIVERSITY OF MINNESOTA,UNIVERSITY OF MINNESOTA FIREARMS RANGE RENTAL,localhost:3000/award/CONT_AWD_70CDCR24P00000013_7012_-NONE-_-NONE-/,2025-05-15,DHS_FY2025P12_c:FY2025P01-P12_070_TAS_Contracts_AccountBreakdownByAward_2026-09-16_H02M56S53_01.csv:row:102136,data/raw/DHS_FY2025P12_c/FY2025P01-P12_070_TAS_AccountBreakdownByAward_2026-09-16_H02M54S16646960.zip,FY2025P01-P12_070_TAS_Contracts_AccountBreakdownByAward_2026-09-16_H02M56S53_01.csv,data/raw/DHS_FY2025P12_c/FY2025P01-P12_070_TAS_AccountBreakdownByAward_2026-09-16_H02M54S16646960.zip!FY2025P01-P12_070_TAS_Contracts_AccountBreakdownByAward_2026-09-16_H02M56S53_01.csv,102136,Contracts,https://files.usaspending.gov/generated_downloads/FY2025P01-P12_070_TAS_AccountBreakdownByAward_2026-09-16_H02M54S16646960.zip,Other public or nonprofit entities
FY2025P05,070-0540,070-2024/2024-0540-000,,0005,23.2,D,Q,,CONT_AWD_70CDCR24P00000013_7012_-NONE-_-NONE-,70CDCR24P00000013,,,,FVJMNPLMEEJ2,REGENTS OF UNIVERSITY OF MINNESOTA,FVJMNPLMEEJ2,REGENTS OF UNIVERSITY OF MINNESOTA,UNIVERSITY OF MINNESOTA FIREARMS RANGE RENTAL,localhost:3000/award/CONT_AWD_70CDCR24P00000013_7012_-NONE-_-NONE-/,2025-05-15,DHS_FY2025P12_c:FY2025P01-P12_070_TAS_Contracts_AccountBreakdownByAward_2026-09-16_H02M56S53_01.csv:row:102137,data/raw/DHS_FY2025P12_c/FY2025P01-P12_070_TAS_AccountBreakdownByAward_2026-09-16_H02M54S16646960.zip,FY2025P01-P12_070_TAS_Contracts_AccountBreakdownByAward_2026-09-16_H02M56S53_01.csv,data/raw/DHS_FY2025P12_c/FY2025P01-P12_070_TAS_AccountBreakdownByAward_2026-09-16_H02M54S16646960.zip!FY2025P01-P12_070_TAS_Contracts_AccountBreakdownByAward_2026-09-16_H02M56S53_01.csv,102137,Contracts,https://files.usaspending.gov/generated_downloads/FY2025P01-P12_070_TAS_AccountBreakdownByAward_2026-09-16_H02M54S16646960.zip,Other public or nonprofit entities
FY2025P12,070-0540,070-2024/2024-0540-000,,0005,23.2,D,Q,,CONT_AWD_70CDCR24P00000013_7012_-NONE-_-NONE-,70CDCR24P00000013,,,,FVJMNPLMEEJ2,REGENTS OF UNIVERSITY OF MINNESOTA,FVJMNPLMEEJ2,REGENTS OF UNIVERSITY OF MINNESOTA,UNIVERSITY OF MINNESOTA FIREARMS RANGE RENTAL,localhost:3000/award/CONT_AWD_70CDCR24P00000013_7012_-NONE-_-NONE-/,2025-12-05,DHS_FY2025P12_c:FY2025P01-P12_070_TAS_Contracts_AccountBreakdownByAward_2026-09-16_H02M56S53_01.csv:row:102138,data/raw/DHS_FY2025P12_c/FY2025P01-P12_070_TAS_AccountBreakdownByAward_2026-09-16_H02M54S16646960.zip,FY2025P01-P12_070_TAS_Contracts_AccountBreakdownByAward_2026-09-16_H02M56S53_01.csv,data/raw/DHS_FY2025P12_c/FY2025P01-P12_070_TAS_AccountBreakdownByAward_2026-09-16_H02M54S16646960.zip!FY2025P01-P12_070_TAS_Contracts_AccountBreakdownByAward_2026-09-16_H02M56S53_01.csv,102138,Contracts,https://files.usaspending.gov/generated_downloads/FY2025P01-P12_070_TAS_AccountBreakdownByAward_2026-09-16_H02M54S16646960.zip,Other public or nonprofit entities
FY2025P10,070-0540,070-2024/2024-0540-000,,0005,23.2,D,Q,,CONT_AWD_70CDCR24P00000013_7012_-NONE-_-NONE-,70CDCR24P00000013,,,,FVJMNPLMEEJ2,REGENTS OF UNIVERSITY OF MINNESOTA,FVJMNPLMEEJ2,REGENTS OF UNIVERSITY OF MINNESOTA,UNIVERSITY OF MINNESOTA FIREARMS RANGE RENTAL,localhost:3000/award/CONT_AWD_70CDCR24P00000013_7012_-NONE-_-NONE-/,2025-09-10,DHS_FY2025P12_c:FY2025P01-P12_070_TAS_Contracts_AccountBreakdownByAward_2026-09-16_H02M56S53_01.csv:row:102139,data/raw/DHS_FY2025P12_c/FY2025P01-P12_070_TAS_AccountBreakdownByAward_2026-09-16_H02M54S16646960.zip,FY2025P01-P12_070_TAS_Contracts_AccountBreakdownByAward_2026-09-16_H02M56S53_01.csv,data/raw/DHS_FY2025P12_c/FY2025P01-P12_070_TAS_AccountBreakdownByAward_2026-09-16_H02M54S16646960.zip!FY2025P01-P12_070_TAS_Contracts_AccountBreakdownByAward_2026-09-16_H02M56S53_01.csv,102139,Contracts,https://files.usaspending.gov/generated_downloads/FY2025P01-P12_070_TAS_AccountBreakdownByAward_2026-09-16_H02M54S16646960.zip,Other public or nonprofit entities
FY2025P07,070-0540,070-2024/2024-0540-000,,0005,23.2,D,Q,,CONT_AWD_70CDCR24P00000013_7012_-NONE-_-NONE-,70CDCR24P00000013,,,,FVJMNPLMEEJ2,REGENTS OF UNIVERSITY OF MINNESOTA,FVJMNPLMEEJ2,REGENTS OF UNIVERSITY OF MINNESOTA,UNIVERSITY OF MINNESOTA FIREARMS RANGE RENTAL,localhost:3000/award/CONT_AWD_70CDCR24P00000013_7012_-NONE-_-NONE-/,2025-05-30,DHS_FY2025P12_c:FY2025P01-P12_070_TAS_Contracts_AccountBreakdownByAward_2026-09-16_H02M56S53_01.csv:row:102140,data/raw/DHS_FY2025P12_c/FY2025P01-P12_070_TAS_AccountBreakdownByAward_2026-09-16_H02M54S16646960.zip,FY2025P01-P12_070_TAS_Contracts_AccountBreakdownByAward_2026-09-16_H02M56S53_01.csv,data/raw/DHS_FY2025P12_c/FY2025P01-P12_070_TAS_AccountBreakdownByAward_2026-09-16_H02M54S16646960.zip!FY2025P01-P12_070_TAS_Contracts_AccountBreakdownByAward_2026-09-16_H02M56S53_01.csv,102140,Contracts,https://files.usaspending.gov/generated_downloads/FY2025P01-P12_070_TAS_AccountBreakdownByAward_2026-09-16_H02M54S16646960.zip,Other public or nonprofit entities
FY2025P08,070-0540,070-2024/2024-0540-000,,0005,23.2,D,Q,,CONT_AWD_70CDCR24P00000013_7012_-NONE-_-NONE-,70CDCR24P00000013,,,,FVJMNPLMEEJ2,REGENTS OF UNIVERSITY OF MINNESOTA,FVJMNPLMEEJ2,REGENTS OF UNIVERSITY OF MINNESOTA,UNIVERSITY OF MINNESOTA FIREARMS RANGE RENTAL,localhost:3000/award/CONT_AWD_70CDCR24P00000013_7012_-NONE-_-NONE-/,2025-07-01,DHS_FY2025P12_c:FY2025P01-P12_070_TAS_Contracts_AccountBreakdownByAward_2026-09-16_H02M56S53_01.csv:row:102141,data/raw/DHS_FY2025P12_c/FY2025P01-P12_070_TAS_AccountBreakdownByAward_2026-09-16_H02M54S16646960.zip,FY2025P01-P12_070_TAS_Contracts_AccountBreakdownByAward_2026-09-16_H02M56S53_01.csv,data/raw/DHS_FY2025P12_c/FY2025P01-P12_070_TAS_AccountBreakdownByAward_2026-09-16_H02M54S16646960.zip!FY2025P01-P12_070_TAS_Contracts_AccountBreakdownByAward_2026-09-16_H02M56S53_01.csv,102141,Contracts,https://files.usaspending.gov/generated_downloads/FY2025P01-P12_070_TAS_AccountBreakdownByAward_2026-09-16_H02M54S16646960.zip,Other public or nonprofit entities
FY2025P09,070-0540,070-2024/2024-0540-000,,0005,23.2,D,Q,,CONT_AWD_70CDCR24P00000013_7012_-NONE-_-NONE-,70CDCR24P00000013,,,,FVJMNPLMEEJ2,REGENTS OF UNIVERSITY OF MINNESOTA,FVJMNPLMEEJ2,REGENTS OF UNIVERSITY OF MINNESOTA,UNIVERSITY OF MINNESOTA FIREARMS RANGE RENTAL,localhost:3000/award/CONT_AWD_70CDCR24P00000013_7012_-NONE-_-NONE-/,2025-08-13,DHS_FY2025P12_c:FY2025P01-P12_070_TAS_Contracts_AccountBreakdownByAward_2026-09-16_H02M56S53_01.csv:row:102143,data/raw/DHS_FY2025P12_c/FY2025P01-P12_070_TAS_AccountBreakdownByAward_2026-09-16_H02M54S16646960.zip,FY2025P01-P12_070_TAS_Contracts_AccountBreakdownByAward_2026-09-16_H02M56S53_01.csv,data/raw/DHS_FY2025P12_c/FY2025P01-P12_070_TAS_AccountBreakdownByAward_2026-09-16_H02M54S16646960.zip!FY2025P01-P12_070_TAS_Contracts_AccountBreakdownByAward_2026-09-16_H02M56S53_01.csv,102143,Contracts,https://files.usaspending.gov/generated_downloads/FY2025P01-P12_070_TAS_AccountBreakdownByAward_2026-09-16_H02M54S16646960.zip,Other public or nonprofit entities
FY2025P09,070-0540,070-2023/2023-0540-000,,0005,23.2,D,Q,,CONT_AWD_70CDCR21P00000045_7012_-NONE-_-NONE-,70CDCR21P00000045,,,,W3HVB3149KQ9,TOWN OF LANCASTER,W3HVB3149KQ9,TOWN OF LANCASTER,SECURE STORAGE FOR ICE/ERO/BUFFALO FIELD OFFICE SPECIAL RESPONSE TEAM (SRT) ASSETS,localhost:3000/award/CONT_AWD_70CDCR21P00000045_7012_-NONE-_-NONE-/,2025-08-13,DHS_FY2025P12_c:FY2025P01-P12_070_TAS_Contracts_AccountBreakdownByAward_2026-09-16_H02M56S53_01.csv:row:107855,data/raw/DHS_FY2025P12_c/FY2025P01-P12_070_TAS_AccountBreakdownByAward_2026-09-16_H02M54S16646960.zip,FY2025P01-P12_070_TAS_Contracts_AccountBreakdownByAward_2026-09-16_H02M56S53_01.csv,data/raw/DHS_FY2025P12_c/FY2025P01-P12_070_TAS_AccountBreakdownByAward_2026-09-16_H02M54S16646960.zip!FY2025P01-P12_070_TAS_Contracts_AccountBreakdownByAward_2026-09-16_H02M56S53_01.csv,107855,Contracts,https://files.usaspending.gov/generated_downloads/FY2025P01-P12_070_TAS_AccountBreakdownByAward_2026-09-16_H02M54S16646960.zip,State and local governments
FY2025P08,070-0540,070-2024/2024-0540-000,,0005,23.2,D,Q,,CONT_AWD_70CDCR21P00000045_7012_-NONE-_-NONE-,70CDCR21P00000045,,,,W3HVB3149KQ9,TOWN OF LANCASTER,W3HVB3149KQ9,TOWN OF LANCASTER,SECURE STORAGE FOR ICE/ERO/BUFFALO FIELD OFFICE SPECIAL RESPONSE TEAM (SRT) ASSETS,localhost:3000/award/CONT_AWD_70CDCR21P00000045_7012_-NONE-_-NONE-/,2025-07-01,DHS_FY2025P12_c:FY2025P01-P12_070_TAS_Contracts_AccountBreakdownByAward_2026-09-16_H02M56S53_01.csv:row:107856,data/raw/DHS_FY2025P12_c/FY2025P01-P12_070_TAS_AccountBreakdownByAward_2026-09-16_H02M54S16646960.zip,FY2025P01-P12_070_TAS_Contracts_AccountBreakdownByAward_2026-09-16_H02M56S53_01.csv,data/raw/DHS_FY2025P12_c/FY2025P01-P12_070_TAS_AccountBreakdownByAward_2026-09-16_H02M54S16646960.zip!FY2025P01-P12_070_TAS_Contracts_AccountBreakdownByAward_2026-09-16_H02M56S53_01.csv,107856,Contracts,https://files.usaspending.gov/generated_downloads/FY2025P01-P12_070_TAS_AccountBreakdownByAward_2026-09-16_H02M54S16646960.zip,State and local governments
FY2025P10,070-0540,070-2025/2025-0540-000,,0005,23.2,D,Q,27600.00,CONT_AWD_70CDCR21P00000045_7012_-NONE-_-NONE-,70CDCR21P00000045,,,,W3HVB3149KQ9,TOWN OF LANCASTER,W3HVB3149KQ9,TOWN OF LANCASTER,SECURE STORAGE FOR ICE/ERO/BUFFALO FIELD OFFICE SPECIAL RESPONSE TEAM (SRT) ASSETS,localhost:3000/award/CONT_AWD_70CDCR21P00000045_7012_-NONE-_-NONE-/,2025-09-10,DHS_FY2025P12_c:FY2025P01-P12_070_TAS_Contracts_AccountBreakdownByAward_2026-09-16_H02M56S53_01.csv:row:107857,data/raw/DHS_FY2025P12_c/FY2025P01-P12_070_TAS_AccountBreakdownByAward_2026-09-16_H02M54S16646960.zip,FY2025P01-P12_070_TAS_Contracts_AccountBreakdownByAward_2026-09-16_H02M56S53_01.csv,data/raw/DHS_FY2025P12_c/FY2025P01-P12_070_TAS_AccountBreakdownByAward_2026-09-16_H02M54S16646960.zip!FY2025P01-P12_070_TAS_Contracts_AccountBreakdownByAward_2026-09-16_H02M56S53_01.csv,107857,Contracts,https://files.usaspending.gov/generated_downloads/FY2025P01-P12_070_TAS_AccountBreakdownByAward_2026-09-16_H02M54S16646960.zip,State and local governments
FY2025P10,070-0540,070-2023/2023-0540-000,,0005,23.2,D,Q,,CONT_AWD_70CDCR21P00000045_7012_-NONE-_-NONE-,70CDCR21P00000045,,,,W3HVB3149KQ9,TOWN OF LANCASTER,W3HVB3149KQ9,TOWN OF LANCASTER,SECURE STORAGE FOR ICE/ERO/BUFFALO FIELD OFFICE SPECIAL RESPONSE TEAM (SRT) ASSETS,localhost:3000/award/CONT_AWD_70CDCR21P00000045_7012_-NONE-_-NONE-/,2025-09-10,DHS_FY2025P12_c:FY2025P01-P12_070_TAS_Contracts_AccountBreakdownByAward_2026-09-16_H02M56S53_01.csv:row:107858,data/raw/DHS_FY2025P12_c/FY2025P01-P12_070_TAS_AccountBreakdownByAward_2026-09-16_H02M54S16646960.zip,FY2025P01-P12_070_TAS_Contracts_AccountBreakdownByAward_2026-09-16_H02M56S53_01.csv,data/raw/DHS_FY2025P12_c/FY2025P01-P12_070_TAS_AccountBreakdownByAward_2026-09-16_H02M54S16646960.zip!FY2025P01-P12_070_TAS_Contracts_AccountBreakdownByAward_2026-09-16_H02M56S53_01.csv,107858,Contracts,https://files.usaspending.gov/generated_downloads/FY2025P01-P12_070_TAS_AccountBreakdownByAward_2026-09-16_H02M54S16646960.zip,State and local governments
FY2025P10,070-0540,070-2024/2024-0540-000,,0005,23.2,D,Q,,CONT_AWD_70CDCR21P00000045_7012_-NONE-_-NONE-,70CDCR21P00000045,,,,W3HVB3149KQ9,TOWN OF LANCASTER,W3HVB3149KQ9,TOWN OF LANCASTER,SECURE STORAGE FOR ICE/ERO/BUFFALO FIELD OFFICE SPECIAL RESPONSE TEAM (SRT) ASSETS,localhost:3000/award/CONT_AWD_70CDCR21P00000045_7012_-NONE-_-NONE-/,2025-09-10,DHS_FY2025P12_c:FY2025P01-P12_070_TAS_Contracts_AccountBreakdownByAward_2026-09-16_H02M56S53_01.csv:row:107859,data/raw/DHS_FY2025P12_c/FY2025P01-P12_070_TAS_AccountBreakdownByAward_2026-09-16_H02M54S16646960.zip,FY2025P01-P12_070_TAS_Contracts_AccountBreakdownByAward_2026-09-16_H02M56S53_01.csv,data/raw/DHS_FY2025P12_c/FY2025P01-P12_070_TAS_AccountBreakdownByAward_2026-09-16_H02M54S16646960.zip!FY2025P01-P12_070_TAS_Contracts_AccountBreakdownByAward_2026-09-16_H02M56S53_01.csv,107859,Contracts,https://files.usaspending.gov/generated_downloads/FY2025P01-P12_070_TAS_AccountBreakdownByAward_2026-09-16_H02M54S16646960.zip,State and local governments
FY2025P06,070-0540,070-2023/2023-0540-000,,0005,23.2,D,Q,,CONT_AWD_70CDCR21P00000045_7012_-NONE-_-NONE-,70CDCR21P00000045,,,,W3HVB3149KQ9,TOWN OF LANCASTER,W3HVB3149KQ9,TOWN OF LANCASTER,SECURE STORAGE FOR ICE/ERO/BUFFALO FIELD OFFICE SPECIAL RESPONSE TEAM (SRT) ASSETS,localhost:3000/award/CONT_AWD_70CDCR21P00000045_7012_-NONE-_-NONE-/,2025-05-15,DHS_FY2025P12_c:FY2025P01-P12_070_TAS_Contracts_AccountBreakdownByAward_2026-09-16_H02M56S53_01.csv:row:107860,data/raw/DHS_FY2025P12_c/FY2025P01-P12_070_TAS_AccountBreakdownByAward_2026-09-16_H02M54S16646960.zip,FY2025P01-P12_070_TAS_Contracts_AccountBreakdownByAward_2026-09-16_H02M56S53_01.csv,data/raw/DHS_FY2025P12_c/FY2025P01-P12_070_TAS_AccountBreakdownByAward_2026-09-16_H02M54S16646960.zip!FY2025P01-P12_070_TAS_Contracts_AccountBreakdownByAward_2026-09-16_H02M56S53_01.csv,107860,Contracts,https://files.usaspending.gov/generated_downloads/FY2025P01-P12_070_TAS_AccountBreakdownByAward_2026-09-16_H02M54S16646960.zip,State and local governments
FY2025P06,070-0540,070-2024/2024-0540-000,,0005,23.2,D,Q,,CONT_AWD_70CDCR21P00000045_7012_-NONE-_-NONE-,70CDCR21P00000045,,,,W3HVB3149KQ9,TOWN OF LANCASTER,W3HVB3149KQ9,TOWN OF LANCASTER,SECURE STORAGE FOR ICE/ERO/BUFFALO FIELD OFFICE SPECIAL RESPONSE TEAM (SRT) ASSETS,localhost:3000/award/CONT_AWD_70CDCR21P00000045_7012_-NONE-_-NONE-/,2025-05-15,DHS_FY2025P12_c:FY2025P01-P12_070_TAS_Contracts_AccountBreakdownByAward_2026-09-16_H02M56S53_01.csv:row:107861,data/raw/DHS_FY2025P12_c/FY2025P01-P12_070_TAS_AccountBreakdownByAward_2026-09-16_H02M54S16646960.zip,FY2025P01-P12_070_TAS_Contracts_AccountBreakdownByAward_2026-09-16_H02M56S53_01.csv,data/raw/DHS_FY2025P12_c/FY2025P01-P12_070_TAS_AccountBreakdownByAward_2026-09-16_H02M54S16646960.zip!FY2025P01-P12_070_TAS_Contracts_AccountBreakdownByAward_2026-09-16_H02M56S53_01.csv,107861,Contracts,https://files.usaspending.gov/generated_downloads/FY2025P01-P12_070_TAS_AccountBreakdownByAward_2026-09-16_H02M54S16646960.zip,State and local governments
FY2025P05,070-0540,070-2024/2024-0540-000,,0005,23.2,D,Q,,CONT_AWD_70CDCR21P00000045_7012_-NONE-_-NONE-,70CDCR21P00000045,,,,W3HVB3149KQ9,TOWN OF LANCASTER,W3HVB3149KQ9,TOWN OF LANCASTER,SECURE STORAGE FOR ICE/ERO/BUFFALO FIELD OFFICE SPECIAL RESPONSE TEAM (SRT) ASSETS,localhost:3000/award/CONT_AWD_70CDCR21P00000045_7012_-NONE-_-NONE-/,2025-05-15,DHS_FY2025P12_c:FY2025P01-P12_070_TAS_Contracts_AccountBreakdownByAward_2026-09-16_H02M56S53_01.csv:row:107862,data/raw/DHS_FY2025P12_c/FY2025P01-P12_070_TAS_AccountBreakdownByAward_2026-09-16_H02M54S16646960.zip,FY2025P01-P12_070_TAS_Contracts_AccountBreakdownByAward_2026-09-16_H02M56S53_01.csv,data/raw/DHS_FY2025P12_c/FY2025P01-P12_070_TAS_AccountBreakdownByAward_2026-09-16_H02M54S16646960.zip!FY2025P01-P12_070_TAS_Contracts_AccountBreakdownByAward_2026-09-16_H02M56S53_01.csv,107862,Contracts,https://files.usaspending.gov/generated_downloads/FY2025P01-P12_070_TAS_AccountBreakdownByAward_2026-09-16_H02M54S16646960.zip,State and local governments
FY2025P05,070-0540,070-2023/2023-0540-000,,0005,23.2,D,Q,,CONT_AWD_70CDCR21P00000045_7012_-NONE-_-NONE-,70CDCR21P00000045,,,,W3HVB3149KQ9,TOWN OF LANCASTER,W3HVB3149KQ9,TOWN OF LANCASTER,SECURE STORAGE FOR ICE/ERO/BUFFALO FIELD OFFICE SPECIAL RESPONSE TEAM (SRT) ASSETS,localhost:3000/award/CONT_AWD_70CDCR21P00000045_7012_-NONE-_-NONE-/,2025-05-15,DHS_FY2025P12_c:FY2025P01-P12_070_TAS_Contracts_AccountBreakdownByAward_2026-09-16_H02M56S53_01.csv:row:107863,data/raw/DHS_FY2025P12_c/FY2025P01-P12_070_TAS_AccountBreakdownByAward_2026-09-16_H02M54S16646960.zip,FY2025P01-P12_070_TAS_Contracts_AccountBreakdownByAward_2026-09-16_H02M56S53_01.csv,data/raw/DHS_FY2025P12_c/FY2025P01-P12_070_TAS_AccountBreakdownByAward_2026-09-16_H02M54S16646960.zip!FY2025P01-P12_070_TAS_Contracts_AccountBreakdownByAward_2026-09-16_H02M56S53_01.csv,107863,Contracts,https://files.usaspending.gov/generated_downloads/FY2025P01-P12_070_TAS_AccountBreakdownByAward_2026-09-16_H02M54S16646960.zip,State and local governments
FY2025P08,070-0540,070-2023/2023-0540-000,,0005,23.2,D,Q,,CONT_AWD_70CDCR21P00000045_7012_-NONE-_-NONE-,70CDCR21P00000045,,,,W3HVB3149KQ9,TOWN OF LANCASTER,W3HVB3149KQ9,TOWN OF LANCASTER,SECURE STORAGE FOR ICE/ERO/BUFFALO FIELD OFFICE SPECIAL RESPONSE TEAM (SRT) ASSETS,localhost:3000/award/CONT_AWD_70CDCR21P00000045_7012_-NONE-_-NONE-/,2025-07-01,DHS_FY2025P12_c:FY2025P01-P12_070_TAS_Contracts_AccountBreakdownByAward_2026-09-16_H02M56S53_01.csv:row:107864,data/raw/DHS_FY2025P12_c/FY2025P01-P12_070_TAS_AccountBreakdownByAward_2026-09-16_H02M54S16646960.zip,FY2025P01-P12_070_TAS_Contracts_AccountBreakdownByAward_2026-09-16_H02M56S53_01.csv,data/raw/DHS_FY2025P12_c/FY2025P01-P12_070_TAS_AccountBreakdownByAward_2026-09-16_H02M54S16646960.zip!FY2025P01-P12_070_TAS_Contracts_AccountBreakdownByAward_2026-09-16_H02M56S53_01.csv,107864,Contracts,https://files.usaspending.gov/generated_downloads/FY2025P01-P12_070_TAS_AccountBreakdownByAward_2026-09-16_H02M54S16646960.zip,State and local governments
FY2025P11,070-0540,070-2023/2023-0540-000,,0005,23.2,D,Q,,CONT_AWD_70CDCR21P00000045_7012_-NONE-_-NONE-,70CDCR21P00000045,,,,W3HVB3149KQ9,TOWN OF LANCASTER,W3HVB3149KQ9,TOWN OF LANCASTER,SECURE STORAGE FOR ICE/ERO/BUFFALO FIELD OFFICE SPECIAL RESPONSE TEAM (SRT) ASSETS,localhost:3000/award/CONT_AWD_70CDCR21P00000045_7012_-NONE-_-NONE-/,2025-12-05,DHS_FY2025P12_c:FY2025P01-P12_070_TAS_Contracts_AccountBreakdownByAward_2026-09-16_H02M56S53_01.csv:row:107865,data/raw/DHS_FY2025P12_c/FY2025P01-P12_070_TAS_AccountBreakdownByAward_2026-09-16_H02M54S16646960.zip,FY2025P01-P12_070_TAS_Contracts_AccountBreakdownByAward_2026-09-16_H02M56S53_01.csv,data/raw/DHS_FY2025P12_c/FY2025P01-P12_070_TAS_AccountBreakdownByAward_2026-09-16_H02M54S16646960.zip!FY2025P01-P12_070_TAS_Contracts_AccountBreakdownByAward_2026-09-16_H02M56S53_01.csv,107865,Contracts,https://files.usaspending.gov/generated_downloads/FY2025P01-P12_070_TAS_AccountBreakdownByAward_2026-09-16_H02M54S16646960.zip,State and local governments
FY2025P07,070-0540,070-2023/2023-0540-000,,0005,23.2,D,Q,,CONT_AWD_70CDCR21P00000045_7012_-NONE-_-NONE-,70CDCR21P00000045,,,,W3HVB3149KQ9,TOWN OF LANCASTER,W3HVB3149KQ9,TOWN OF LANCASTER,SECURE STORAGE FOR ICE/ERO/BUFFALO FIELD OFFICE SPECIAL RESPONSE TEAM (SRT) ASSETS,localhost:3000/award/CONT_AWD_70CDCR21P00000045_7012_-NONE-_-NONE-/,2025-05-30,DHS_FY2025P12_c:FY2025P01-P12_070_TAS_Contracts_AccountBreakdownByAward_2026-09-16_H02M56S53_01.csv:row:107866,data/raw/DHS_FY2025P12_c/FY2025P01-P12_070_TAS_AccountBreakdownByAward_2026-09-16_H02M54S16646960.zip,FY2025P01-P12_070_TAS_Contracts_AccountBreakdownByAward_2026-09-16_H02M56S53_01.csv,data/raw/DHS_FY2025P12_c/FY2025P01-P12_070_TAS_AccountBreakdownByAward_2026-09-16_H02M54S16646960.zip!FY2025P01-P12_070_TAS_Contracts_AccountBreakdownByAward_2026-09-16_H02M56S53_01.csv,107866,Contracts,https://files.usaspending.gov/generated_downloads/FY2025P01-P12_070_TAS_AccountBreakdownByAward_2026-09-16_H02M54S16646960.zip,State and local governments
FY2025P07,070-0540,070-2024/2024-0540-000,,0005,23.2,D,Q,,CONT_AWD_70CDCR21P00000045_7012_-NONE-_-NONE-,70CDCR21P00000045,,,,W3HVB3149KQ9,TOWN OF LANCASTER,W3HVB3149KQ9,TOWN OF LANCASTER,SECURE STORAGE FOR ICE/ERO/BUFFALO FIELD OFFICE SPECIAL RESPONSE TEAM (SRT) ASSETS,localhost:3000/award/CONT_AWD_70CDCR21P00000045_7012_-NONE-_-NONE-/,2025-05-30,DHS_FY2025P12_c:FY2025P01-P12_070_TAS_Contracts_AccountBreakdownByAward_2026-09-16_H02M56S53_01.csv:row:107867,data/raw/DHS_FY2025P12_c/FY2025P01-P12_070_TAS_AccountBreakdownByAward_2026-09-16_H02M54S16646960.zip,FY2025P01-P12_070_TAS_Contracts_AccountBreakdownByAward_2026-09-16_H02M56S53_01.csv,data/raw/DHS_FY2025P12_c/FY2025P01-P12_070_TAS_AccountBreakdownByAward_2026-09-16_H02M54S16646960.zip!FY2025P01-P12_070_TAS_Contracts_AccountBreakdownByAward_2026-09-16_H02M56S53_01.csv,107867,Contracts,https://files.usaspending.gov/generated_downloads/FY2025P01-P12_070_TAS_AccountBreakdownByAward_2026-09-16_H02M54S16646960.zip,State and local governments
FY2025P11,070-0540,070-2024/2024-0540-000,,0005,23.2,D,Q,,CONT_AWD_70CDCR21P00000045_7012_-NONE-_-NONE-,70CDCR21P00000045,,,,W3HVB3149KQ9,TOWN OF LANCASTER,W3HVB3149KQ9,TOWN OF LANCASTER,SECURE STORAGE FOR ICE/ERO/BUFFALO FIELD OFFICE SPECIAL RESPONSE TEAM (SRT) ASSETS,localhost:3000/award/CONT_AWD_70CDCR21P00000045_7012_-NONE-_-NONE-/,2025-12-05,DHS_FY2025P12_c:FY2025P01-P12_070_TAS_Contracts_AccountBreakdownByAward_2026-09-16_H02M56S53_01.csv:row:107868,data/raw/DHS_FY2025P12_c/FY2025P01-P12_070_TAS_AccountBreakdownByAward_2026-09-16_H02M54S16646960.zip,FY2025P01-P12_070_TAS_Contracts_AccountBreakdownByAward_2026-09-16_H02M56S53_01.csv,data/raw/DHS_FY2025P12_c/FY2025P01-P12_070_TAS_AccountBreakdownByAward_2026-09-16_H02M54S16646960.zip!FY2025P01-P12_070_TAS_Contracts_AccountBreakdownByAward_2026-09-16_H02M56S53_01.csv,107868,Contracts,https://files.usaspending.gov/generated_downloads/FY2025P01-P12_070_TAS_AccountBreakdownByAward_2026-09-16_H02M54S16646960.zip,State and local governments
FY2025P12,070-0540,070-2024/2024-0540-000,,0005,23.2,D,Q,,CONT_AWD_70CDCR21P00000045_7012_-NONE-_-NONE-,70CDCR21P00000045,,,,W3HVB3149KQ9,TOWN OF LANCASTER,W3HVB3149KQ9,TOWN OF LANCASTER,SECURE STORAGE FOR ICE/ERO/BUFFALO FIELD OFFICE SPECIAL RESPONSE TEAM (SRT) ASSETS,localhost:3000/award/CONT_AWD_70CDCR21P00000045_7012_-NONE-_-NONE-/,2025-12-05,DHS_FY2025P12_c:FY2025P01-P12_070_TAS_Contracts_AccountBreakdownByAward_2026-09-16_H02M56S53_01.csv:row:107869,data/raw/DHS_FY2025P12_c/FY2025P01-P12_070_TAS_AccountBreakdownByAward_2026-09-16_H02M54S16646960.zip,FY2025P01-P12_070_TAS_Contracts_AccountBreakdownByAward_2026-09-16_H02M56S53_01.csv,data/raw/DHS_FY2025P12_c/FY2025P01-P12_070_TAS_AccountBreakdownByAward_2026-09-16_H02M54S16646960.zip!FY2025P01-P12_070_TAS_Contracts_AccountBreakdownByAward_2026-09-16_H02M56S53_01.csv,107869,Contracts,https://files.usaspending.gov/generated_downloads/FY2025P01-P12_070_TAS_AccountBreakdownByAward_2026-09-16_H02M54S16646960.zip,State and local governments
FY2025P12,070-0540,070-2023/2023-0540-000,,0005,23.2,D,Q,,CONT_AWD_70CDCR21P00000045_7012_-NONE-_-NONE-,70CDCR21P00000045,,,,W3HVB3149KQ9,TOWN OF LANCASTER,W3HVB3149KQ9,TOWN OF LANCASTER,SECURE STORAGE FOR ICE/ERO/BUFFALO FIELD OFFICE SPECIAL RESPONSE TEAM (SRT) ASSETS,localhost:3000/award/CONT_AWD_70CDCR21P00000045_7012_-NONE-_-NONE-/,2025-12-05,DHS_FY2025P12_c:FY2025P01-P12_070_TAS_Contracts_AccountBreakdownByAward_2026-09-16_H02M56S53_01.csv:row:107870,data/raw/DHS_FY2025P12_c/FY2025P01-P12_070_TAS_AccountBreakdownByAward_2026-09-16_H02M54S16646960.zip,FY2025P01-P12_070_TAS_Contracts_AccountBreakdownByAward_2026-09-16_H02M56S53_01.csv,data/raw/DHS_FY2025P12_c/FY2025P01-P12_070_TAS_AccountBreakdownByAward_2026-09-16_H02M54S16646960.zip!FY2025P01-P12_070_TAS_Contracts_AccountBreakdownByAward_2026-09-16_H02M56S53_01.csv,107870,Contracts,https://files.usaspending.gov/generated_downloads/FY2025P01-P12_070_TAS_AccountBreakdownByAward_2026-09-16_H02M54S16646960.zip,State and local governments
FY2025P09,070-0540,070-2024/2024-0540-000,,0005,23.2,D,Q,,CONT_AWD_70CDCR21P00000045_7012_-NONE-_-NONE-,70CDCR21P00000045,,,,W3HVB3149KQ9,TOWN OF LANCASTER,W3HVB3149KQ9,TOWN OF LANCASTER,SECURE STORAGE FOR ICE/ERO/BUFFALO FIELD OFFICE SPECIAL RESPONSE TEAM (SRT) ASSETS,localhost:3000/award/CONT_AWD_70CDCR21P00000045_7012_-NONE-_-NONE-/,2025-08-13,DHS_FY2025P12_c:FY2025P01-P12_070_TAS_Contracts_AccountBreakdownByAward_2026-09-16_H02M56S53_01.csv:row:107871,data/raw/DHS_FY2025P12_c/FY2025P01-P12_070_TAS_AccountBreakdownByAward_2026-09-16_H02M54S16646960.zip,FY2025P01-P12_070_TAS_Contracts_AccountBreakdownByAward_2026-09-16_H02M56S53_01.csv,data/raw/DHS_FY2025P12_c/FY2025P01-P12_070_TAS_AccountBreakdownByAward_2026-09-16_H02M54S16646960.zip!FY2025P01-P12_070_TAS_Contracts_AccountBreakdownByAward_2026-09-16_H02M56S53_01.csv,107871,Contracts,https://files.usaspending.gov/generated_downloads/FY2025P01-P12_070_TAS_AccountBreakdownByAward_2026-09-16_H02M54S16646960.zip,State and local governments
FY2025P05,070-0540,070-2023/2023-0540-000,,0005,23.2,D,Q,,CONT_AWD_70CDCR20P00000069_7012_-NONE-_-NONE-,70CDCR20P00000069,,,,PUH4LGL9L1G9,CITY OF COTTAGE GROVE,PUH4LGL9L1G9,CITY OF COTTAGE GROVE,GUN RANGE FACILITY RENTAL IN ST PAUL MN AOR,localhost:3000/award/CONT_AWD_70CDCR20P00000069_7012_-NONE-_-NONE-/,2025-05-15,DHS_FY2025P12_c:FY2025P01-P12_070_TAS_Contracts_AccountBreakdownByAward_2026-09-16_H02M56S53_01.csv:row:111355,data/raw/DHS_FY2025P12_c/FY2025P01-P12_070_TAS_AccountBreakdownByAward_2026-09-16_H02M54S16646960.zip,FY2025P01-P12_070_TAS_Contracts_AccountBreakdownByAward_2026-09-16_H02M56S53_01.csv,data/raw/DHS_FY2025P12_c/FY2025P01-P12_070_TAS_AccountBreakdownByAward_2026-09-16_H02M54S16646960.zip!FY2025P01-P12_070_TAS_Contracts_AccountBreakdownByAward_2026-09-16_H02M56S53_01.csv,111355,Contracts,https://files.usaspending.gov/generated_downloads/FY2025P01-P12_070_TAS_AccountBreakdownByAward_2026-09-16_H02M54S16646960.zip,State and local governments
FY2025P07,070-0540,070-2024/2024-0540-000,,0005,23.2,D,Q,,CONT_AWD_70CDCR20P00000069_7012_-NONE-_-NONE-,70CDCR20P00000069,,,,PUH4LGL9L1G9,CITY OF COTTAGE GROVE,PUH4LGL9L1G9,CITY OF COTTAGE GROVE,GUN RANGE FACILITY RENTAL IN ST PAUL MN AOR,localhost:3000/award/CONT_AWD_70CDCR20P00000069_7012_-NONE-_-NONE-/,2025-05-30,DHS_FY2025P12_c:FY2025P01-P12_070_TAS_Contracts_AccountBreakdownByAward_2026-09-16_H02M56S53_01.csv:row:111356,data/raw/DHS_FY2025P12_c/FY2025P01-P12_070_TAS_AccountBreakdownByAward_2026-09-16_H02M54S16646960.zip,FY2025P01-P12_070_TAS_Contracts_AccountBreakdownByAward_2026-09-16_H02M56S53_01.csv,data/raw/DHS_FY2025P12_c/FY2025P01-P12_070_TAS_AccountBreakdownByAward_2026-09-16_H02M54S16646960.zip!FY2025P01-P12_070_TAS_Contracts_AccountBreakdownByAward_2026-09-16_H02M56S53_01.csv,111356,Contracts,https://files.usaspending.gov/generated_downloads/FY2025P01-P12_070_TAS_AccountBreakdownByAward_2026-09-16_H02M54S16646960.zip,State and local governments
FY2025P06,070-0540,070-2024/2024-0540-000,,0005,23.2,D,Q,,CONT_AWD_70CDCR20P00000069_7012_-NONE-_-NONE-,70CDCR20P00000069,,,,PUH4LGL9L1G9,CITY OF COTTAGE GROVE,PUH4LGL9L1G9,CITY OF COTTAGE GROVE,GUN RANGE FACILITY RENTAL IN ST PAUL MN AOR,localhost:3000/award/CONT_AWD_70CDCR20P00000069_7012_-NONE-_-NONE-/,2025-05-15,DHS_FY2025P12_c:FY2025P01-P12_070_TAS_Contracts_AccountBreakdownByAward_2026-09-16_H02M56S53_01.csv:row:111359,data/raw/DHS_FY2025P12_c/FY2025P01-P12_070_TAS_AccountBreakdownByAward_2026-09-16_H02M54S16646960.zip,FY2025P01-P12_070_TAS_Contracts_AccountBreakdownByAward_2026-09-16_H02M56S53_01.csv,data/raw/DHS_FY2025P12_c/FY2025P01-P12_070_TAS_AccountBreakdownByAward_2026-09-16_H02M54S16646960.zip!FY2025P01-P12_070_TAS_Contracts_AccountBreakdownByAward_2026-09-16_H02M56S53_01.csv,111359,Contracts,https://files.usaspending.gov/generated_downloads/FY2025P01-P12_070_TAS_AccountBreakdownByAward_2026-09-16_H02M54S16646960.zip,State and local governments
FY2025P09,070-0540,070-2023/2023-0540-000,,0005,23.2,D,Q,,CONT_AWD_70CDCR20P00000069_7012_-NONE-_-NONE-,70CDCR20P00000069,,,,PUH4LGL9L1G9,CITY OF COTTAGE GROVE,PUH4LGL9L1G9,CITY OF COTTAGE GROVE,GUN RANGE FACILITY RENTAL IN ST PAUL MN AOR,localhost:3000/award/CONT_AWD_70CDCR20P00000069_7012_-NONE-_-NONE-/,2025-08-13,DHS_FY2025P12_c:FY2025P01-P12_070_TAS_Contracts_AccountBreakdownByAward_2026-09-16_H02M56S53_01.csv:row:111361,data/raw/DHS_FY2025P12_c/FY2025P01-P12_070_TAS_AccountBreakdownByAward_2026-09-16_H02M54S16646960.zip,FY2025P01-P12_070_TAS_Contracts_AccountBreakdownByAward_2026-09-16_H02M56S53_01.csv,data/raw/DHS_FY2025P12_c/FY2025P01-P12_070_TAS_AccountBreakdownByAward_2026-09-16_H02M54S16646960.zip!FY2025P01-P12_070_TAS_Contracts_AccountBreakdownByAward_2026-09-16_H02M56S53_01.csv,111361,Contracts,https://files.usaspending.gov/generated_downloads/FY2025P01-P12_070_TAS_AccountBreakdownByAward_2026-09-16_H02M54S16646960.zip,State and local governments
FY2025P08,070-0540,070-2023/2023-0540-000,,0005,23.2,D,Q,,CONT_AWD_70CDCR20P00000069_7012_-NONE-_-NONE-,70CDCR20P00000069,,,,PUH4LGL9L1G9,CITY OF COTTAGE GROVE,PUH4LGL9L1G9,CITY OF COTTAGE GROVE,GUN RANGE FACILITY RENTAL IN ST PAUL MN AOR,localhost:3000/award/CONT_AWD_70CDCR20P00000069_7012_-NONE-_-NONE-/,2025-07-01,DHS_FY2025P12_c:FY2025P01-P12_070_TAS_Contracts_AccountBreakdownByAward_2026-09-16_H02M56S53_01.csv:row:111362,data/raw/DHS_FY2025P12_c/FY2025P01-P12_070_TAS_AccountBreakdownByAward_2026-09-16_H02M54S16646960.zip,FY2025P01-P12_070_TAS_Contracts_AccountBreakdownByAward_2026-09-16_H02M56S53_01.csv,data/raw/DHS_FY2025P12_c/FY2025P01-P12_070_TAS_AccountBreakdownByAward_2026-09-16_H02M54S16646960.zip!FY2025P01-P12_070_TAS_Contracts_AccountBreakdownByAward_2026-09-16_H02M56S53_01.csv,111362,Contracts,https://files.usaspending.gov/generated_downloads/FY2025P01-P12_070_TAS_AccountBreakdownByAward_2026-09-16_H02M54S16646960.zip,State and local governments
FY2025P11,070-0540,070-2024/2024-0540-000,,0005,23.2,D,Q,,CONT_AWD_70CDCR20P00000069_7012_-NONE-_-NONE-,70CDCR20P00000069,,,,PUH4LGL9L1G9,CITY OF COTTAGE GROVE,PUH4LGL9L1G9,CITY OF COTTAGE GROVE,GUN RANGE FACILITY RENTAL IN ST PAUL MN AOR,localhost:3000/award/CONT_AWD_70CDCR20P00000069_7012_-NONE-_-NONE-/,2025-12-05,DHS_FY2025P12_c:FY2025P01-P12_070_TAS_Contracts_AccountBreakdownByAward_2026-09-16_H02M56S53_01.csv:row:111363,data/raw/DHS_FY2025P12_c/FY2025P01-P12_070_TAS_AccountBreakdownByAward_2026-09-16_H02M54S16646960.zip,FY2025P01-P12_070_TAS_Contracts_AccountBreakdownByAward_2026-09-16_H02M56S53_01.csv,data/raw/DHS_FY2025P12_c/FY2025P01-P12_070_TAS_AccountBreakdownByAward_2026-09-16_H02M54S16646960.zip!FY2025P01-P12_070_TAS_Contracts_AccountBreakdownByAward_2026-09-16_H02M56S53_01.csv,111363,Contracts,https://files.usaspending.gov/generated_downloads/FY2025P01-P12_070_TAS_AccountBreakdownByAward_2026-09-16_H02M54S16646960.zip,State and local governments
FY2025P11,070-0540,070-2023/2023-0540-000,,0005,23.2,D,Q,,CONT_AWD_70CDCR20P00000069_7012_-NONE-_-NONE-,70CDCR20P00000069,,,,PUH4LGL9L1G9,CITY OF COTTAGE GROVE,PUH4LGL9L1G9,CITY OF COTTAGE GROVE,GUN RANGE FACILITY RENTAL IN ST PAUL MN AOR,localhost:3000/award/CONT_AWD_70CDCR20P00000069_7012_-NONE-_-NONE-/,2025-12-05,DHS_FY2025P12_c:FY2025P01-P12_070_TAS_Contracts_AccountBreakdownByAward_2026-09-16_H02M56S53_01.csv:row:111364,data/raw/DHS_FY2025P12_c/FY2025P01-P12_070_TAS_AccountBreakdownByAward_2026-09-16_H02M54S16646960.zip,FY2025P01-P12_070_TAS_Contracts_AccountBreakdownByAward_2026-09-16_H02M56S53_01.csv,data/raw/DHS_FY2025P12_c/FY2025P01-P12_070_TAS_AccountBreakdownByAward_2026-09-16_H02M54S16646960.zip!FY2025P01-P12_070_TAS_Contracts_AccountBreakdownByAward_2026-09-16_H02M56S53_01.csv,111364,Contracts,https://files.usaspending.gov/generated_downloads/FY2025P01-P12_070_TAS_AccountBreakdownByAward_2026-09-16_H02M54S16646960.zip,State and local governments
FY2025P10,070-0540,070-2023/2023-0540-000,,0005,23.2,D,Q,,CONT_AWD_70CDCR20P00000069_7012_-NONE-_-NONE-,70CDCR20P00000069,,,,PUH4LGL9L1G9,CITY OF COTTAGE GROVE,PUH4LGL9L1G9,CITY OF COTTAGE GROVE,GUN RANGE FACILITY RENTAL IN ST PAUL MN AOR,localhost:3000/award/CONT_AWD_70CDCR20P00000069_7012_-NONE-_-NONE-/,2025-09-10,DHS_FY2025P12_c:FY2025P01-P12_070_TAS_Contracts_AccountBreakdownByAward_2026-09-16_H02M56S53_01.csv:row:111365,data/raw/DHS_FY2025P12_c/FY2025P01-P12_070_TAS_AccountBreakdownByAward_2026-09-16_H02M54S16646960.zip,FY2025P01-P12_070_TAS_Contracts_AccountBreakdownByAward_2026-09-16_H02M56S53_01.csv,data/raw/DHS_FY2025P12_c/FY2025P01-P12_070_TAS_AccountBreakdownByAward_2026-09-16_H02M54S16646960.zip!FY2025P01-P12_070_TAS_Contracts_AccountBreakdownByAward_2026-09-16_H02M56S53_01.csv,111365,Contracts,https://files.usaspending.gov/generated_downloads/FY2025P01-P12_070_TAS_AccountBreakdownByAward_2026-09-16_H02M54S16646960.zip,State and local governments
FY2025P10,070-0540,070-2024/2024-0540-000,,0005,23.2,D,Q,,CONT_AWD_70CDCR20P00000069_7012_-NONE-_-NONE-,70CDCR20P00000069,,,,PUH4LGL9L1G9,CITY OF COTTAGE GROVE,PUH4LGL9L1G9,CITY OF COTTAGE GROVE,GUN RANGE FACILITY RENTAL IN ST PAUL MN AOR,localhost:3000/award/CONT_AWD_70CDCR20P00000069_7012_-NONE-_-NONE-/,2025-09-10,DHS_FY2025P12_c:FY2025P01-P12_070_TAS_Contracts_AccountBreakdownByAward_2026-09-16_H02M56S53_01.csv:row:111366,data/raw/DHS_FY2025P12_c/FY2025P01-P12_070_TAS_AccountBreakdownByAward_2026-09-16_H02M54S16646960.zip,FY2025P01-P12_070_TAS_Contracts_AccountBreakdownByAward_2026-09-16_H02M56S53_01.csv,data/raw/DHS_FY2025P12_c/FY2025P01-P12_070_TAS_AccountBreakdownByAward_2026-09-16_H02M54S16646960.zip!FY2025P01-P12_070_TAS_Contracts_AccountBreakdownByAward_2026-09-16_H02M56S53_01.csv,111366,Contracts,https://files.usaspending.gov/generated_downloads/FY2025P01-P12_070_TAS_AccountBreakdownByAward_2026-09-16_H02M54S16646960.zip,State and local governments
FY2025P10,070-0540,070-2025/2025-0540-000,,0005,23.2,D,Q,,CONT_AWD_70CDCR20P00000069_7012_-NONE-_-NONE-,70CDCR20P00000069,,,,PUH4LGL9L1G9,CITY OF COTTAGE GROVE,PUH4LGL9L1G9,CITY OF COTTAGE GROVE,GUN RANGE FACILITY RENTAL IN ST PAUL MN AOR,localhost:3000/award/CONT_AWD_70CDCR20P00000069_7012_-NONE-_-NONE-/,2025-09-10,DHS_FY2025P12_c:FY2025P01-P12_070_TAS_Contracts_AccountBreakdownByAward_2026-09-16_H02M56S53_01.csv:row:111367,data/raw/DHS_FY2025P12_c/FY2025P01-P12_070_TAS_AccountBreakdownByAward_2026-09-16_H02M54S16646960.zip,FY2025P01-P12_070_TAS_Contracts_AccountBreakdownByAward_2026-09-16_H02M56S53_01.csv,data/raw/DHS_FY2025P12_c/FY2025P01-P12_070_TAS_AccountBreakdownByAward_2026-09-16_H02M54S16646960.zip!FY2025P01-P12_070_TAS_Contracts_AccountBreakdownByAward_2026-09-16_H02M56S53_01.csv,111367,Contracts,https://files.usaspending.gov/generated_downloads/FY2025P01-P12_070_TAS_AccountBreakdownByAward_2026-09-16_H02M54S16646960.zip,State and local governments
FY2025P07,070-0540,070-2023/2023-0540-000,,0005,23.2,D,Q,,CONT_AWD_70CDCR20P00000069_7012_-NONE-_-NONE-,70CDCR20P00000069,,,,PUH4LGL9L1G9,CITY OF COTTAGE GROVE,PUH4LGL9L1G9,CITY OF COTTAGE GROVE,GUN RANGE FACILITY RENTAL IN ST PAUL MN AOR,localhost:3000/award/CONT_AWD_70CDCR20P00000069_7012_-NONE-_-NONE-/,2025-05-30,DHS_FY2025P12_c:FY2025P01-P12_070_TAS_Contracts_AccountBreakdownByAward_2026-09-16_H02M56S53_01.csv:row:111368,data/raw/DHS_FY2025P12_c/FY2025P01-P12_070_TAS_AccountBreakdownByAward_2026-09-16_H02M54S16646960.zip,FY2025P01-P12_070_TAS_Contracts_AccountBreakdownByAward_2026-09-16_H02M56S53_01.csv,data/raw/DHS_FY2025P12_c/FY2025P01-P12_070_TAS_AccountBreakdownByAward_2026-09-16_H02M54S16646960.zip!FY2025P01-P12_070_TAS_Contracts_AccountBreakdownByAward_2026-09-16_H02M56S53_01.csv,111368,Contracts,https://files.usaspending.gov/generated_downloads/FY2025P01-P12_070_TAS_AccountBreakdownByAward_2026-09-16_H02M54S16646960.zip,State and local governments
FY2025P06,070-0540,070-2023/2023-0540-000,,0005,23.2,D,Q,,CONT_AWD_70CDCR20P00000069_7012_-NONE-_-NONE-,70CDCR20P00000069,,,,PUH4LGL9L1G9,CITY OF COTTAGE GROVE,PUH4LGL9L1G9,CITY OF COTTAGE GROVE,GUN RANGE FACILITY RENTAL IN ST PAUL MN AOR,localhost:3000/award/CONT_AWD_70CDCR20P00000069_7012_-NONE-_-NONE-/,2025-05-15,DHS_FY2025P12_c:FY2025P01-P12_070_TAS_Contracts_AccountBreakdownByAward_2026-09-16_H02M56S53_01.csv:row:111369,data/raw/DHS_FY2025P12_c/FY2025P01-P12_070_TAS_AccountBreakdownByAward_2026-09-16_H02M54S16646960.zip,FY2025P01-P12_070_TAS_Contracts_AccountBreakdownByAward_2026-09-16_H02M56S53_01.csv,data/raw/DHS_FY2025P12_c/FY2025P01-P12_070_TAS_AccountBreakdownByAward_2026-09-16_H02M54S16646960.zip!FY2025P01-P12_070_TAS_Contracts_AccountBreakdownByAward_2026-09-16_H02M56S53_01.csv,111369,Contracts,https://files.usaspending.gov/generated_downloads/FY2025P01-P12_070_TAS_AccountBreakdownByAward_2026-09-16_H02M54S16646960.zip,State and local governments
FY2025P12,070-0540,070-2023/2023-0540-000,,0005,23.2,D,Q,,CONT_AWD_70CDCR20P00000069_7012_-NONE-_-NONE-,70CDCR20P00000069,,,,PUH4LGL9L1G9,CITY OF COTTAGE GROVE,PUH4LGL9L1G9,CITY OF COTTAGE GROVE,GUN RANGE FACILITY RENTAL IN ST PAUL MN AOR,localhost:3000/award/CONT_AWD_70CDCR20P00000069_7012_-NONE-_-NONE-/,2025-12-05,DHS_FY2025P12_c:FY2025P01-P12_070_TAS_Contracts_AccountBreakdownByAward_2026-09-16_H02M56S53_01.csv:row:111370,data/raw/DHS_FY2025P12_c/FY2025P01-P12_070_TAS_AccountBreakdownByAward_2026-09-16_H02M54S16646960.zip,FY2025P01-P12_070_TAS_Contracts_AccountBreakdownByAward_2026-09-16_H02M56S53_01.csv,data/raw/DHS_FY2025P12_c/FY2025P01-P12_070_TAS_AccountBreakdownByAward_2026-09-16_H02M54S16646960.zip!FY2025P01-P12_070_TAS_Contracts_AccountBreakdownByAward_2026-09-16_H02M56S53_01.csv,111370,Contracts,https://files.usaspending.gov/generated_downloads/FY2025P01-P12_070_TAS_AccountBreakdownByAward_2026-09-16_H02M54S16646960.zip,State and local governments
FY2025P12,070-0540,070-2025/2025-0540-000,,0005,23.2,D,Q,,CONT_AWD_70CDCR20P00000069_7012_-NONE-_-NONE-,70CDCR20P00000069,,,,PUH4LGL9L1G9,CITY OF COTTAGE GROVE,PUH4LGL9L1G9,CITY OF COTTAGE GROVE,GUN RANGE FACILITY RENTAL IN ST PAUL MN AOR,localhost:3000/award/CONT_AWD_70CDCR20P00000069_7012_-NONE-_-NONE-/,2025-12-05,DHS_FY2025P12_c:FY2025P01-P12_070_TAS_Contracts_AccountBreakdownByAward_2026-09-16_H02M56S53_01.csv:row:111371,data/raw/DHS_FY2025P12_c/FY2025P01-P12_070_TAS_AccountBreakdownByAward_2026-09-16_H02M54S16646960.zip,FY2025P01-P12_070_TAS_Contracts_AccountBreakdownByAward_2026-09-16_H02M56S53_01.csv,data/raw/DHS_FY2025P12_c/FY2025P01-P12_070_TAS_AccountBreakdownByAward_2026-09-16_H02M54S16646960.zip!FY2025P01-P12_070_TAS_Contracts_AccountBreakdownByAward_2026-09-16_H02M56S53_01.csv,111371,Contracts,https://files.usaspending.gov/generated_downloads/FY2025P01-P12_070_TAS_AccountBreakdownByAward_2026-09-16_H02M54S16646960.zip,State and local governments
FY2025P08,070-0540,070-2024/2024-0540-000,,0005,23.2,D,Q,,CONT_AWD_70CDCR20P00000069_7012_-NONE-_-NONE-,70CDCR20P00000069,,,,PUH4LGL9L1G9,CITY OF COTTAGE GROVE,PUH4LGL9L1G9,CITY OF COTTAGE GROVE,GUN RANGE FACILITY RENTAL IN ST PAUL MN AOR,localhost:3000/award/CONT_AWD_70CDCR20P00000069_7012_-NONE-_-NONE-/,2025-07-01,DHS_FY2025P12_c:FY2025P01-P12_070_TAS_Contracts_AccountBreakdownByAward_2026-09-16_H02M56S53_01.csv:row:111372,data/raw/DHS_FY2025P12_c/FY2025P01-P12_070_TAS_AccountBreakdownByAward_2026-09-16_H02M54S16646960.zip,FY2025P01-P12_070_TAS_Contracts_AccountBreakdownByAward_2026-09-16_H02M56S53_01.csv,data/raw/DHS_FY2025P12_c/FY2025P01-P12_070_TAS_AccountBreakdownByAward_2026-09-16_H02M54S16646960.zip!FY2025P01-P12_070_TAS_Contracts_AccountBreakdownByAward_2026-09-16_H02M56S53_01.csv,111372,Contracts,https://files.usaspending.gov/generated_downloads/FY2025P01-P12_070_TAS_AccountBreakdownByAward_2026-09-16_H02M54S16646960.zip,State and local governments
FY2025P11,070-0540,070-2025/2025-0540-000,,0005,23.2,D,Q,,CONT_AWD_70CDCR20P00000069_7012_-NONE-_-NONE-,70CDCR20P00000069,,,,PUH4LGL9L1G9,CITY OF COTTAGE GROVE,PUH4LGL9L1G9,CITY OF COTTAGE GROVE,GUN RANGE FACILITY RENTAL IN ST PAUL MN AOR,localhost:3000/award/CONT_AWD_70CDCR20P00000069_7012_-NONE-_-NONE-/,2025-12-05,DHS_FY2025P12_c:FY2025P01-P12_070_TAS_Contracts_AccountBreakdownByAward_2026-09-16_H02M56S53_01.csv:row:111373,data/raw/DHS_FY2025P12_c/FY2025P01-P12_070_TAS_AccountBreakdownByAward_2026-09-16_H02M54S16646960.zip,FY2025P01-P12_070_TAS_Contracts_AccountBreakdownByAward_2026-09-16_H02M56S53_01.csv,data/raw/DHS_FY2025P12_c/FY2025P01-P12_070_TAS_AccountBreakdownByAward_2026-09-16_H02M54S16646960.zip!FY2025P01-P12_070_TAS_Contracts_AccountBreakdownByAward_2026-09-16_H02M56S53_01.csv,111373,Contracts,https://files.usaspending.gov/generated_downloads/FY2025P01-P12_070_TAS_AccountBreakdownByAward_2026-09-16_H02M54S16646960.zip,State and local governments
FY2025P12,070-0540,070-2024/2024-0540-000,,0005,23.2,D,Q,,CONT_AWD_70CDCR20P00000069_7012_-NONE-_-NONE-,70CDCR20P00000069,,,,PUH4LGL9L1G9,CITY OF COTTAGE GROVE,PUH4LGL9L1G9,CITY OF COTTAGE GROVE,GUN RANGE FACILITY RENTAL IN ST PAUL MN AOR,localhost:3000/award/CONT_AWD_70CDCR20P00000069_7012_-NONE-_-NONE-/,2025-12-05,DHS_FY2025P12_c:FY2025P01-P12_070_TAS_Contracts_AccountBreakdownByAward_2026-09-16_H02M56S53_01.csv:row:111374,data/raw/DHS_FY2025P12_c/FY2025P01-P12_070_TAS_AccountBreakdownByAward_2026-09-16_H02M54S16646960.zip,FY2025P01-P12_070_TAS_Contracts_AccountBreakdownByAward_2026-09-16_H02M56S53_01.csv,data/raw/DHS_FY2025P12_c/FY2025P01-P12_070_TAS_AccountBreakdownByAward_2026-09-16_H02M54S16646960.zip!FY2025P01-P12_070_TAS_Contracts_AccountBreakdownByAward_2026-09-16_H02M56S53_01.csv,111374,Contracts,https://files.usaspending.gov/generated_downloads/FY2025P01-P12_070_TAS_AccountBreakdownByAward_2026-09-16_H02M54S16646960.zip,State and local governments
FY2025P09,070-0540,070-2024/2024-0540-000,,0005,23.2,D,Q,,CONT_AWD_70CDCR20P00000069_7012_-NONE-_-NONE-,70CDCR20P00000069,,,,PUH4LGL9L1G9,CITY OF COTTAGE GROVE,PUH4LGL9L1G9,CITY OF COTTAGE GROVE,GUN RANGE FACILITY RENTAL IN ST PAUL MN AOR,localhost:3000/award/CONT_AWD_70CDCR20P00000069_7012_-NONE-_-NONE-/,2025-08-13,DHS_FY2025P12_c:FY2025P01-P12_070_TAS_Contracts_AccountBreakdownByAward_2026-09-16_H02M56S53_01.csv:row:111375,data/raw/DHS_FY2025P12_c/FY2025P01-P12_070_TAS_AccountBreakdownByAward_2026-09-16_H02M54S16646960.zip,FY2025P01-P12_070_TAS_Contracts_AccountBreakdownByAward_2026-09-16_H02M56S53_01.csv,data/raw/DHS_FY2025P12_c/FY2025P01-P12_070_TAS_AccountBreakdownByAward_2026-09-16_H02M54S16646960.zip!FY2025P01-P12_070_TAS_Contracts_AccountBreakdownByAward_2026-09-16_H02M56S53_01.csv,111375,Contracts,https://files.usaspending.gov/generated_downloads/FY2025P01-P12_070_TAS_AccountBreakdownByAward_2026-09-16_H02M54S16646960.zip,State and local governments
FY2025P08,070-0540,070-2023/2023-0540-000,,0004,25.2,D,Q,,CONT_AWD_70CMSD19P00000020_7012_-NONE-_-NONE-,70CMSD19P00000020,,,,T4WYLHF3JR49,"MOTOR VEHICLES, NEW YORK STATE DEPARTMENT OF",T4WYLHF3JR49,"MOTOR VEHICLES, NEW YORK STATE DEPARTMENT OF",SUPPLY OF LICENSES,localhost:3000/award/CONT_AWD_70CMSD19P00000020_7012_-NONE-_-NONE-/,2025-07-01,DHS_FY2025P12_c:FY2025P01-P12_070_TAS_Contracts_AccountBreakdownByAward_2026-09-16_H02M56S53_01.csv:row:140699,data/raw/DHS_FY2025P12_c/FY2025P01-P12_070_TAS_AccountBreakdownByAward_2026-09-16_H02M54S16646960.zip,FY2025P01-P12_070_TAS_Contracts_AccountBreakdownByAward_2026-09-16_H02M56S53_01.csv,data/raw/DHS_FY2025P12_c/FY2025P01-P12_070_TAS_AccountBreakdownByAward_2026-09-16_H02M54S16646960.zip!FY2025P01-P12_070_TAS_Contracts_AccountBreakdownByAward_2026-09-16_H02M56S53_01.csv,140699,Contracts,https://files.usaspending.gov/generated_downloads/FY2025P01-P12_070_TAS_AccountBreakdownByAward_2026-09-16_H02M54S16646960.zip,State and local governments
FY2025P09,070-0540,070-2023/2023-0540-000,,0004,25.2,D,Q,,CONT_AWD_70CMSD19P00000020_7012_-NONE-_-NONE-,70CMSD19P00000020,,,,T4WYLHF3JR49,"MOTOR VEHICLES, NEW YORK STATE DEPARTMENT OF",T4WYLHF3JR49,"MOTOR VEHICLES, NEW YORK STATE DEPARTMENT OF",SUPPLY OF LICENSES,localhost:3000/award/CONT_AWD_70CMSD19P00000020_7012_-NONE-_-NONE-/,2025-08-13,DHS_FY2025P12_c:FY2025P01-P12_070_TAS_Contracts_AccountBreakdownByAward_2026-09-16_H02M56S53_01.csv:row:140700,data/raw/DHS_FY2025P12_c/FY2025P01-P12_070_TAS_AccountBreakdownByAward_2026-09-16_H02M54S16646960.zip,FY2025P01-P12_070_TAS_Contracts_AccountBreakdownByAward_2026-09-16_H02M56S53_01.csv,data/raw/DHS_FY2025P12_c/FY2025P01-P12_070_TAS_AccountBreakdownByAward_2026-09-16_H02M54S16646960.zip!FY2025P01-P12_070_TAS_Contracts_AccountBreakdownByAward_2026-09-16_H02M56S53_01.csv,140700,Contracts,https://files.usaspending.gov/generated_downloads/FY2025P01-P12_070_TAS_AccountBreakdownByAward_2026-09-16_H02M54S16646960.zip,State and local governments
FY2025P05,070-0540,070-2023/2023-0540-000,,0004,25.2,D,Q,,CONT_AWD_70CMSD19P00000020_7012_-NONE-_-NONE-,70CMSD19P00000020,,,,T4WYLHF3JR49,"MOTOR VEHICLES, NEW YORK STATE DEPARTMENT OF",T4WYLHF3JR49,"MOTOR VEHICLES, NEW YORK STATE DEPARTMENT OF",SUPPLY OF LICENSES,localhost:3000/award/CONT_AWD_70CMSD19P00000020_7012_-NONE-_-NONE-/,2025-05-15,DHS_FY2025P12_c:FY2025P01-P12_070_TAS_Contracts_AccountBreakdownByAward_2026-09-16_H02M56S53_01.csv:row:140703,data/raw/DHS_FY2025P12_c/FY2025P01-P12_070_TAS_AccountBreakdownByAward_2026-09-16_H02M54S16646960.zip,FY2025P01-P12_070_TAS_Contracts_AccountBreakdownByAward_2026-09-16_H02M56S53_01.csv,data/raw/DHS_FY2025P12_c/FY2025P01-P12_070_TAS_AccountBreakdownByAward_2026-09-16_H02M54S16646960.zip!FY2025P01-P12_070_TAS_Contracts_AccountBreakdownByAward_2026-09-16_H02M56S53_01.csv,140703,Contracts,https://files.usaspending.gov/generated_downloads/FY2025P01-P12_070_TAS_AccountBreakdownByAward_2026-09-16_H02M54S16646960.zip,State and local governments
FY2025P07,070-0540,070-2023/2023-0540-000,,0004,25.2,D,Q,,CONT_AWD_70CMSD19P00000020_7012_-NONE-_-NONE-,70CMSD19P00000020,,,,T4WYLHF3JR49,"MOTOR VEHICLES, NEW YORK STATE DEPARTMENT OF",T4WYLHF3JR49,"MOTOR VEHICLES, NEW YORK STATE DEPARTMENT OF",SUPPLY OF LICENSES,localhost:3000/award/CONT_AWD_70CMSD19P00000020_7012_-NONE-_-NONE-/,2025-05-30,DHS_FY2025P12_c:FY2025P01-P12_070_TAS_Contracts_AccountBreakdownByAward_2026-09-16_H02M56S53_01.csv:row:140704,data/raw/DHS_FY2025P12_c/FY2025P01-P12_070_TAS_AccountBreakdownByAward_2026-09-16_H02M54S16646960.zip,FY2025P01-P12_070_TAS_Contracts_AccountBreakdownByAward_2026-09-16_H02M56S53_01.csv,data/raw/DHS_FY2025P12_c/FY2025P01-P12_070_TAS_AccountBreakdownByAward_2026-09-16_H02M54S16646960.zip!FY2025P01-P12_070_TAS_Contracts_AccountBreakdownByAward_2026-09-16_H02M56S53_01.csv,140704,Contracts,https://files.usaspending.gov/generated_downloads/FY2025P01-P12_070_TAS_AccountBreakdownByAward_2026-09-16_H02M54S16646960.zip,State and local governments
FY2025P10,070-0540,070-2023/2023-0540-000,,0004,25.2,D,Q,-7275.00,CONT_AWD_70CMSD19P00000020_7012_-NONE-_-NONE-,70CMSD19P00000020,,,,T4WYLHF3JR49,"MOTOR VEHICLES, NEW YORK STATE DEPARTMENT OF",T4WYLHF3JR49,"MOTOR VEHICLES, NEW YORK STATE DEPARTMENT OF",SUPPLY OF LICENSES,localhost:3000/award/CONT_AWD_70CMSD19P00000020_7012_-NONE-_-NONE-/,2025-09-10,DHS_FY2025P12_c:FY2025P01-P12_070_TAS_Contracts_AccountBreakdownByAward_2026-09-16_H02M56S53_01.csv:row:140705,data/raw/DHS_FY2025P12_c/FY2025P01-P12_070_TAS_AccountBreakdownByAward_2026-09-16_H02M54S16646960.zip,FY2025P01-P12_070_TAS_Contracts_AccountBreakdownByAward_2026-09-16_H02M56S53_01.csv,data/raw/DHS_FY2025P12_c/FY2025P01-P12_070_TAS_AccountBreakdownByAward_2026-09-16_H02M54S16646960.zip!FY2025P01-P12_070_TAS_Contracts_AccountBreakdownByAward_2026-09-16_H02M56S53_01.csv,140705,Contracts,https://files.usaspending.gov/generated_downloads/FY2025P01-P12_070_TAS_AccountBreakdownByAward_2026-09-16_H02M54S16646960.zip,State and local governments
FY2025P10,070-0540,070-2022/2022-0540-000,,0004,25.2,D,Q,-7875.00,CONT_AWD_70CMSD19P00000020_7012_-NONE-_-NONE-,70CMSD19P00000020,,,,T4WYLHF3JR49,"MOTOR VEHICLES, NEW YORK STATE DEPARTMENT OF",T4WYLHF3JR49,"MOTOR VEHICLES, NEW YORK STATE DEPARTMENT OF",SUPPLY OF LICENSES,localhost:3000/award/CONT_AWD_70CMSD19P00000020_7012_-NONE-_-NONE-/,2025-09-10,DHS_FY2025P12_c:FY2025P01-P12_070_TAS_Contracts_AccountBreakdownByAward_2026-09-16_H02M56S53_01.csv:row:140706,data/raw/DHS_FY2025P12_c/FY2025P01-P12_070_TAS_AccountBreakdownByAward_2026-09-16_H02M54S16646960.zip,FY2025P01-P12_070_TAS_Contracts_AccountBreakdownByAward_2026-09-16_H02M56S53_01.csv,data/raw/DHS_FY2025P12_c/FY2025P01-P12_070_TAS_AccountBreakdownByAward_2026-09-16_H02M54S16646960.zip!FY2025P01-P12_070_TAS_Contracts_AccountBreakdownByAward_2026-09-16_H02M56S53_01.csv,140706,Contracts,https://files.usaspending.gov/generated_downloads/FY2025P01-P12_070_TAS_AccountBreakdownByAward_2026-09-16_H02M54S16646960.zip,State and local governments
FY2025P10,070-0540,070-2023/2023-0540-000,,0004,25.2,D,Q,,CONT_AWD_70CMSD19P00000020_7012_-NONE-_-NONE-,70CMSD19P00000020,,,,T4WYLHF3JR49,"MOTOR VEHICLES, NEW YORK STATE DEPARTMENT OF",T4WYLHF3JR49,"MOTOR VEHICLES, NEW YORK STATE DEPARTMENT OF",SUPPLY OF LICENSES,localhost:3000/award/CONT_AWD_70CMSD19P00000020_7012_-NONE-_-NONE-/,2025-09-10,DHS_FY2025P12_c:FY2025P01-P12_070_TAS_Contracts_AccountBreakdownByAward_2026-09-16_H02M56S53_01.csv:row:140707,data/raw/DHS_FY2025P12_c/FY2025P01-P12_070_TAS_AccountBreakdownByAward_2026-09-16_H02M54S16646960.zip,FY2025P01-P12_070_TAS_Contracts_AccountBreakdownByAward_2026-09-16_H02M56S53_01.csv,data/raw/DHS_FY2025P12_c/FY2025P01-P12_070_TAS_AccountBreakdownByAward_2026-09-16_H02M54S16646960.zip!FY2025P01-P12_070_TAS_Contracts_AccountBreakdownByAward_2026-09-16_H02M56S53_01.csv,140707,Contracts,https://files.usaspending.gov/generated_downloads/FY2025P01-P12_070_TAS_AccountBreakdownByAward_2026-09-16_H02M54S16646960.zip,State and local governments
FY2025P06,070-0540,070-2023/2023-0540-000,,0004,25.2,D,Q,,CONT_AWD_70CMSD19P00000020_7012_-NONE-_-NONE-,70CMSD19P00000020,,,,T4WYLHF3JR49,"MOTOR VEHICLES, NEW YORK STATE DEPARTMENT OF",T4WYLHF3JR49,"MOTOR VEHICLES, NEW YORK STATE DEPARTMENT OF",SUPPLY OF LICENSES,localhost:3000/award/CONT_AWD_70CMSD19P00000020_7012_-NONE-_-NONE-/,2025-05-15,DHS_FY2025P12_c:FY2025P01-P12_070_TAS_Contracts_AccountBreakdownByAward_2026-09-16_H02M56S53_01.csv:row:140708,data/raw/DHS_FY2025P12_c/FY2025P01-P12_070_TAS_AccountBreakdownByAward_2026-09-16_H02M54S16646960.zip,FY2025P01-P12_070_TAS_Contracts_AccountBreakdownByAward_2026-09-16_H02M56S53_01.csv,data/raw/DHS_FY2025P12_c/FY2025P01-P12_070_TAS_AccountBreakdownByAward_2026-09-16_H02M54S16646960.zip!FY2025P01-P12_070_TAS_Contracts_AccountBreakdownByAward_2026-09-16_H02M56S53_01.csv,140708,Contracts,https://files.usaspending.gov/generated_downloads/FY2025P01-P12_070_TAS_AccountBreakdownByAward_2026-09-16_H02M54S16646960.zip,State and local governments
FY2025P11,070-0540,070-2023/2023-0540-000,,0004,25.2,D,Q,,CONT_AWD_70CMSD19P00000020_7012_-NONE-_-NONE-,70CMSD19P00000020,,,,T4WYLHF3JR49,"MOTOR VEHICLES, NEW YORK STATE DEPARTMENT OF",T4WYLHF3JR49,"MOTOR VEHICLES, NEW YORK STATE DEPARTMENT OF",SUPPLY OF LICENSES,localhost:3000/award/CONT_AWD_70CMSD19P00000020_7012_-NONE-_-NONE-/,2025-12-05,DHS_FY2025P12_c:FY2025P01-P12_070_TAS_Contracts_AccountBreakdownByAward_2026-09-16_H02M56S53_01.csv:row:140709,data/raw/DHS_FY2025P12_c/FY2025P01-P12_070_TAS_AccountBreakdownByAward_2026-09-16_H02M54S16646960.zip,FY2025P01-P12_070_TAS_Contracts_AccountBreakdownByAward_2026-09-16_H02M56S53_01.csv,data/raw/DHS_FY2025P12_c/FY2025P01-P12_070_TAS_AccountBreakdownByAward_2026-09-16_H02M54S16646960.zip!FY2025P01-P12_070_TAS_Contracts_AccountBreakdownByAward_2026-09-16_H02M56S53_01.csv,140709,Contracts,https://files.usaspending.gov/generated_downloads/FY2025P01-P12_070_TAS_AccountBreakdownByAward_2026-09-16_H02M54S16646960.zip,State and local governments
FY2025P12,070-0540,070-2023/2023-0540-000,,0004,25.2,D,Q,,CONT_AWD_70CMSD19P00000020_7012_-NONE-_-NONE-,70CMSD19P00000020,,,,T4WYLHF3JR49,"MOTOR VEHICLES, NEW YORK STATE DEPARTMENT OF",T4WYLHF3JR49,"MOTOR VEHICLES, NEW YORK STATE DEPARTMENT OF",SUPPLY OF LICENSES,localhost:3000/award/CONT_AWD_70CMSD19P00000020_7012_-NONE-_-NONE-/,2025-12-05,DHS_FY2025P12_c:FY2025P01-P12_070_TAS_Contracts_AccountBreakdownByAward_2026-09-16_H02M56S53_01.csv:row:140710,data/raw/DHS_FY2025P12_c/FY2025P01-P12_070_TAS_AccountBreakdownByAward_2026-09-16_H02M54S16646960.zip,FY2025P01-P12_070_TAS_Contracts_AccountBreakdownByAward_2026-09-16_H02M56S53_01.csv,data/raw/DHS_FY2025P12_c/FY2025P01-P12_070_TAS_AccountBreakdownByAward_2026-09-16_H02M54S16646960.zip!FY2025P01-P12_070_TAS_Contracts_AccountBreakdownByAward_2026-09-16_H02M56S53_01.csv,140710,Contracts,https://files.usaspending.gov/generated_downloads/FY2025P01-P12_070_TAS_AccountBreakdownByAward_2026-09-16_H02M54S16646960.zip,State and local governments
FY2025P09,070-0540,070-2024/2024-0540-000,,0005,25.2,D,Q,,CONT_AWD_70CDCR20P00000044_7012_-NONE-_-NONE-,70CDCR20P00000044,,,,P33MHG98ZU64,UTAH COMMUNICATIONS AUTHORITY,P33MHG98ZU64,UTAH COMMUNICATIONS AUTHORITY,RADIO PROGRAMMING WILL ALLOW OFFICERS TO COMMUNICATE WITH LOCAL LAW ENFORCEMENT.,localhost:3000/award/CONT_AWD_70CDCR20P00000044_7012_-NONE-_-NONE-/,2025-08-13,DHS_FY2025P12_c:FY2025P01-P12_070_TAS_Contracts_AccountBreakdownByAward_2026-09-16_H02M56S53_01.csv:row:159687,data/raw/DHS_FY2025P12_c/FY2025P01-P12_070_TAS_AccountBreakdownByAward_2026-09-16_H02M54S16646960.zip,FY2025P01-P12_070_TAS_Contracts_AccountBreakdownByAward_2026-09-16_H02M56S53_01.csv,data/raw/DHS_FY2025P12_c/FY2025P01-P12_070_TAS_AccountBreakdownByAward_2026-09-16_H02M54S16646960.zip!FY2025P01-P12_070_TAS_Contracts_AccountBreakdownByAward_2026-09-16_H02M56S53_01.csv,159687,Contracts,https://files.usaspending.gov/generated_downloads/FY2025P01-P12_070_TAS_AccountBreakdownByAward_2026-09-16_H02M54S16646960.zip,State and local governments
FY2025P05,070-0540,070-2024/2024-0540-000,,0005,25.2,D,Q,,CONT_AWD_70CDCR20P00000044_7012_-NONE-_-NONE-,70CDCR20P00000044,,,,P33MHG98ZU64,UTAH COMMUNICATIONS AUTHORITY,P33MHG98ZU64,UTAH COMMUNICATIONS AUTHORITY,RADIO PROGRAMMING WILL ALLOW OFFICERS TO COMMUNICATE WITH LOCAL LAW ENFORCEMENT.,localhost:3000/award/CONT_AWD_70CDCR20P00000044_7012_-NONE-_-NONE-/,2025-05-15,DHS_FY2025P12_c:FY2025P01-P12_070_TAS_Contracts_AccountBreakdownByAward_2026-09-16_H02M56S53_01.csv:row:159688,data/raw/DHS_FY2025P12_c/FY2025P01-P12_070_TAS_AccountBreakdownByAward_2026-09-16_H02M54S16646960.zip,FY2025P01-P12_070_TAS_Contracts_AccountBreakdownByAward_2026-09-16_H02M56S53_01.csv,data/raw/DHS_FY2025P12_c/FY2025P01-P12_070_TAS_AccountBreakdownByAward_2026-09-16_H02M54S16646960.zip!FY2025P01-P12_070_TAS_Contracts_AccountBreakdownByAward_2026-09-16_H02M56S53_01.csv,159688,Contracts,https://files.usaspending.gov/generated_downloads/FY2025P01-P12_070_TAS_AccountBreakdownByAward_2026-09-16_H02M54S16646960.zip,State and local governments
FY2025P08,070-0540,070-2024/2024-0540-000,,0005,25.2,D,Q,,CONT_AWD_70CDCR20P00000044_7012_-NONE-_-NONE-,70CDCR20P00000044,,,,P33MHG98ZU64,UTAH COMMUNICATIONS AUTHORITY,P33MHG98ZU64,UTAH COMMUNICATIONS AUTHORITY,RADIO PROGRAMMING WILL ALLOW OFFICERS TO COMMUNICATE WITH LOCAL LAW ENFORCEMENT.,localhost:3000/award/CONT_AWD_70CDCR20P00000044_7012_-NONE-_-NONE-/,2025-07-01,DHS_FY2025P12_c:FY2025P01-P12_070_TAS_Contracts_AccountBreakdownByAward_2026-09-16_H02M56S53_01.csv:row:159689,data/raw/DHS_FY2025P12_c/FY2025P01-P12_070_TAS_AccountBreakdownByAward_2026-09-16_H02M54S16646960.zip,FY2025P01-P12_070_TAS_Contracts_AccountBreakdownByAward_2026-09-16_H02M56S53_01.csv,data/raw/DHS_FY2025P12_c/FY2025P01-P12_070_TAS_AccountBreakdownByAward_2026-09-16_H02M54S16646960.zip!FY2025P01-P12_070_TAS_Contracts_AccountBreakdownByAward_2026-09-16_H02M56S53_01.csv,159689,Contracts,https://files.usaspending.gov/generated_downloads/FY2025P01-P12_070_TAS_AccountBreakdownByAward_2026-09-16_H02M54S16646960.zip,State and local governments
FY2025P10,070-0540,070-2024/2024-0540-000,,0005,25.2,D,Q,,CONT_AWD_70CDCR20P00000044_7012_-NONE-_-NONE-,70CDCR20P00000044,,,,P33MHG98ZU64,UTAH COMMUNICATIONS AUTHORITY,P33MHG98ZU64,UTAH COMMUNICATIONS AUTHORITY,RADIO PROGRAMMING WILL ALLOW OFFICERS TO COMMUNICATE WITH LOCAL LAW ENFORCEMENT.,localhost:3000/award/CONT_AWD_70CDCR20P00000044_7012_-NONE-_-NONE-/,2025-09-10,DHS_FY2025P12_c:FY2025P01-P12_070_TAS_Contracts_AccountBreakdownByAward_2026-09-16_H02M56S53_01.csv:row:159690,data/raw/DHS_FY2025P12_c/FY2025P01-P12_070_TAS_AccountBreakdownByAward_2026-09-16_H02M54S16646960.zip,FY2025P01-P12_070_TAS_Contracts_AccountBreakdownByAward_2026-09-16_H02M56S53_01.csv,data/raw/DHS_FY2025P12_c/FY2025P01-P12_070_TAS_AccountBreakdownByAward_2026-09-16_H02M54S16646960.zip!FY2025P01-P12_070_TAS_Contracts_AccountBreakdownByAward_2026-09-16_H02M56S53_01.csv,159690,Contracts,https://files.usaspending.gov/generated_downloads/FY2025P01-P12_070_TAS_AccountBreakdownByAward_2026-09-16_H02M54S16646960.zip,State and local governments
FY2025P12,070-0540,070-2024/2024-0540-000,,0005,25.2,D,Q,,CONT_AWD_70CDCR20P00000044_7012_-NONE-_-NONE-,70CDCR20P00000044,,,,P33MHG98ZU64,UTAH COMMUNICATIONS AUTHORITY,P33MHG98ZU64,UTAH COMMUNICATIONS AUTHORITY,RADIO PROGRAMMING WILL ALLOW OFFICERS TO COMMUNICATE WITH LOCAL LAW ENFORCEMENT.,localhost:3000/award/CONT_AWD_70CDCR20P00000044_7012_-NONE-_-NONE-/,2025-12-05,DHS_FY2025P12_c:FY2025P01-P12_070_TAS_Contracts_AccountBreakdownByAward_2026-09-16_H02M56S53_01.csv:row:159691,data/raw/DHS_FY2025P12_c/FY2025P01-P12_070_TAS_AccountBreakdownByAward_2026-09-16_H02M54S16646960.zip,FY2025P01-P12_070_TAS_Contracts_AccountBreakdownByAward_2026-09-16_H02M56S53_01.csv,data/raw/DHS_FY2025P12_c/FY2025P01-P12_070_TAS_AccountBreakdownByAward_2026-09-16_H02M54S16646960.zip!FY2025P01-P12_070_TAS_Contracts_AccountBreakdownByAward_2026-09-16_H02M56S53_01.csv,159691,Contracts,https://files.usaspending.gov/generated_downloads/FY2025P01-P12_070_TAS_AccountBreakdownByAward_2026-09-16_H02M54S16646960.zip,State and local governments
FY2025P11,070-0540,070-2024/2024-0540-000,,0005,25.2,D,Q,,CONT_AWD_70CDCR20P00000044_7012_-NONE-_-NONE-,70CDCR20P00000044,,,,P33MHG98ZU64,UTAH COMMUNICATIONS AUTHORITY,P33MHG98ZU64,UTAH COMMUNICATIONS AUTHORITY,RADIO PROGRAMMING WILL ALLOW OFFICERS TO COMMUNICATE WITH LOCAL LAW ENFORCEMENT.,localhost:3000/award/CONT_AWD_70CDCR20P00000044_7012_-NONE-_-NONE-/,2025-12-05,DHS_FY2025P12_c:FY2025P01-P12_070_TAS_Contracts_AccountBreakdownByAward_2026-09-16_H02M56S53_01.csv:row:159693,data/raw/DHS_FY2025P12_c/FY2025P01-P12_070_TAS_AccountBreakdownByAward_2026-09-16_H02M54S16646960.zip,FY2025P01-P12_070_TAS_Contracts_AccountBreakdownByAward_2026-09-16_H02M56S53_01.csv,data/raw/DHS_FY2025P12_c/FY2025P01-P12_070_TAS_AccountBreakdownByAward_2026-09-16_H02M54S16646960.zip!FY2025P01-P12_070_TAS_Contracts_AccountBreakdownByAward_2026-09-16_H02M56S53_01.csv,159693,Contracts,https://files.usaspending.gov/generated_downloads/FY2025P01-P12_070_TAS_AccountBreakdownByAward_2026-09-16_H02M54S16646960.zip,State and local governments
FY2025P07,070-0540,070-2024/2024-0540-000,,0005,25.2,D,Q,,CONT_AWD_70CDCR20P00000044_7012_-NONE-_-NONE-,70CDCR20P00000044,,,,P33MHG98ZU64,UTAH COMMUNICATIONS AUTHORITY,P33MHG98ZU64,UTAH COMMUNICATIONS AUTHORITY,RADIO PROGRAMMING WILL ALLOW OFFICERS TO COMMUNICATE WITH LOCAL LAW ENFORCEMENT.,localhost:3000/award/CONT_AWD_70CDCR20P00000044_7012_-NONE-_-NONE-/,2025-05-30,DHS_FY2025P12_c:FY2025P01-P12_070_TAS_Contracts_AccountBreakdownByAward_2026-09-16_H02M56S53_01.csv:row:159694,data/raw/DHS_FY2025P12_c/FY2025P01-P12_070_TAS_AccountBreakdownByAward_2026-09-16_H02M54S16646960.zip,FY2025P01-P12_070_TAS_Contracts_AccountBreakdownByAward_2026-09-16_H02M56S53_01.csv,data/raw/DHS_FY2025P12_c/FY2025P01-P12_070_TAS_AccountBreakdownByAward_2026-09-16_H02M54S16646960.zip!FY2025P01-P12_070_TAS_Contracts_AccountBreakdownByAward_2026-09-16_H02M56S53_01.csv,159694,Contracts,https://files.usaspending.gov/generated_downloads/FY2025P01-P12_070_TAS_AccountBreakdownByAward_2026-09-16_H02M54S16646960.zip,State and local governments
FY2025P06,070-0540,070-2024/2024-0540-000,,0005,25.2,D,Q,,CONT_AWD_70CDCR20P00000044_7012_-NONE-_-NONE-,70CDCR20P00000044,,,,P33MHG98ZU64,UTAH COMMUNICATIONS AUTHORITY,P33MHG98ZU64,UTAH COMMUNICATIONS AUTHORITY,RADIO PROGRAMMING WILL ALLOW OFFICERS TO COMMUNICATE WITH LOCAL LAW ENFORCEMENT.,localhost:3000/award/CONT_AWD_70CDCR20P00000044_7012_-NONE-_-NONE-/,2025-05-15,DHS_FY2025P12_c:FY2025P01-P12_070_TAS_Contracts_AccountBreakdownByAward_2026-09-16_H02M56S53_01.csv:row:159695,data/raw/DHS_FY2025P12_c/FY2025P01-P12_070_TAS_AccountBreakdownByAward_2026-09-16_H02M54S16646960.zip,FY2025P01-P12_070_TAS_Contracts_AccountBreakdownByAward_2026-09-16_H02M56S53_01.csv,data/raw/DHS_FY2025P12_c/FY2025P01-P12_070_TAS_AccountBreakdownByAward_2026-09-16_H02M54S16646960.zip!FY2025P01-P12_070_TAS_Contracts_AccountBreakdownByAward_2026-09-16_H02M56S53_01.csv,159695,Contracts,https://files.usaspending.gov/generated_downloads/FY2025P01-P12_070_TAS_AccountBreakdownByAward_2026-09-16_H02M54S16646960.zip,State and local governments
FY2025P11,070-0540,070-2025/2025-0540-000,,0005,23.2,D,Q,60000.00,CONT_AWD_70CDCR25P00000021_7012_-NONE-_-NONE-,70CDCR25P00000021,,,,PUH4LGL9L1G9,CITY OF COTTAGE GROVE,PUH4LGL9L1G9,CITY OF COTTAGE GROVE,PURCHASE ORDER FOR FIREARMS RANGE FACILITY RENTAL FOR THE TRAINING OF LAW ENFORCEMENT OFFICERS AT ST. PAUL AREA OF RESPONSIBILITY,localhost:3000/award/CONT_AWD_70CDCR25P00000021_7012_-NONE-_-NONE-/,2025-12-05,DHS_FY2025P12_c:FY2025P01-P12_070_TAS_Contracts_AccountBreakdownByAward_2026-09-16_H02M56S53_01.csv:row:171874,data/raw/DHS_FY2025P12_c/FY2025P01-P12_070_TAS_AccountBreakdownByAward_2026-09-16_H02M54S16646960.zip,FY2025P01-P12_070_TAS_Contracts_AccountBreakdownByAward_2026-09-16_H02M56S53_01.csv,data/raw/DHS_FY2025P12_c/FY2025P01-P12_070_TAS_AccountBreakdownByAward_2026-09-16_H02M54S16646960.zip!FY2025P01-P12_070_TAS_Contracts_AccountBreakdownByAward_2026-09-16_H02M56S53_01.csv,171874,Contracts,https://files.usaspending.gov/generated_downloads/FY2025P01-P12_070_TAS_AccountBreakdownByAward_2026-09-16_H02M54S16646960.zip,State and local governments
FY2025P11,070-0540,070-2025/2025-0540-000,,0005,23.2,D,Q,10400.00,CONT_AWD_70CDCR25P00000021_7012_-NONE-_-NONE-,70CDCR25P00000021,,,,PUH4LGL9L1G9,CITY OF COTTAGE GROVE,PUH4LGL9L1G9,CITY OF COTTAGE GROVE,PURCHASE ORDER FOR FIREARMS RANGE FACILITY RENTAL FOR THE TRAINING OF LAW ENFORCEMENT OFFICERS AT ST. PAUL AREA OF RESPONSIBILITY,localhost:3000/award/CONT_AWD_70CDCR25P00000021_7012_-NONE-_-NONE-/,2025-12-05,DHS_FY2025P12_c:FY2025P01-P12_070_TAS_Contracts_AccountBreakdownByAward_2026-09-16_H02M56S53_01.csv:row:171875,data/raw/DHS_FY2025P12_c/FY2025P01-P12_070_TAS_AccountBreakdownByAward_2026-09-16_H02M54S16646960.zip,FY2025P01-P12_070_TAS_Contracts_AccountBreakdownByAward_2026-09-16_H02M56S53_01.csv,data/raw/DHS_FY2025P12_c/FY2025P01-P12_070_TAS_AccountBreakdownByAward_2026-09-16_H02M54S16646960.zip!FY2025P01-P12_070_TAS_Contracts_AccountBreakdownByAward_2026-09-16_H02M56S53_01.csv,171875,Contracts,https://files.usaspending.gov/generated_downloads/FY2025P01-P12_070_TAS_AccountBreakdownByAward_2026-09-16_H02M54S16646960.zip,State and local governments
FY2025P11,070-0540,070-2025/2025-0540-000,,0005,23.2,D,Q,4200.00,CONT_AWD_70CDCR25P00000021_7012_-NONE-_-NONE-,70CDCR25P00000021,,,,PUH4LGL9L1G9,CITY OF COTTAGE GROVE,PUH4LGL9L1G9,CITY OF COTTAGE GROVE,PURCHASE ORDER FOR FIREARMS RANGE FACILITY RENTAL FOR THE TRAINING OF LAW ENFORCEMENT OFFICERS AT ST. PAUL AREA OF RESPONSIBILITY,localhost:3000/award/CONT_AWD_70CDCR25P00000021_7012_-NONE-_-NONE-/,2025-12-05,DHS_FY2025P12_c:FY2025P01-P12_070_TAS_Contracts_AccountBreakdownByAward_2026-09-16_H02M56S53_01.csv:row:171876,data/raw/DHS_FY2025P12_c/FY2025P01-P12_070_TAS_AccountBreakdownByAward_2026-09-16_H02M54S16646960.zip,FY2025P01-P12_070_TAS_Contracts_AccountBreakdownByAward_2026-09-16_H02M56S53_01.csv,data/raw/DHS_FY2025P12_c/FY2025P01-P12_070_TAS_AccountBreakdownByAward_2026-09-16_H02M54S16646960.zip!FY2025P01-P12_070_TAS_Contracts_AccountBreakdownByAward_2026-09-16_H02M56S53_01.csv,171876,Contracts,https://files.usaspending.gov/generated_downloads/FY2025P01-P12_070_TAS_AccountBreakdownByAward_2026-09-16_H02M54S16646960.zip,State and local governments
FY2025P12,070-0540,070-2025/2025-0540-000,,0005,23.2,D,Q,,CONT_AWD_70CDCR25P00000021_7012_-NONE-_-NONE-,70CDCR25P00000021,,,,PUH4LGL9L1G9,CITY OF COTTAGE GROVE,PUH4LGL9L1G9,CITY OF COTTAGE GROVE,PURCHASE ORDER FOR FIREARMS RANGE FACILITY RENTAL FOR THE TRAINING OF LAW ENFORCEMENT OFFICERS AT ST. PAUL AREA OF RESPONSIBILITY,localhost:3000/award/CONT_AWD_70CDCR25P00000021_7012_-NONE-_-NONE-/,2025-12-05,DHS_FY2025P12_c:FY2025P01-P12_070_TAS_Contracts_AccountBreakdownByAward_2026-09-16_H02M56S53_01.csv:row:171877,data/raw/DHS_FY2025P12_c/FY2025P01-P12_070_TAS_AccountBreakdownByAward_2026-09-16_H02M54S16646960.zip,FY2025P01-P12_070_TAS_Contracts_AccountBreakdownByAward_2026-09-16_H02M56S53_01.csv,data/raw/DHS_FY2025P12_c/FY2025P01-P12_070_TAS_AccountBreakdownByAward_2026-09-16_H02M54S16646960.zip!FY2025P01-P12_070_TAS_Contracts_AccountBreakdownByAward_2026-09-16_H02M56S53_01.csv,171877,Contracts,https://files.usaspending.gov/generated_downloads/FY2025P01-P12_070_TAS_AccountBreakdownByAward_2026-09-16_H02M54S16646960.zip,State and local governments
FY2025P05,070-0540,070-2024/2024-0540-000,,0005,25.3,D,Q,,CONT_AWD_70CDCR24P00000004_7012_-NONE-_-NONE-,70CDCR24P00000004,,,,HZ4EUKDD7AB4,COUNTY OF OAKLAND,HZ4EUKDD7AB4,COUNTY OF OAKLAND,CLEMIS (OAKLAND COUNTY COURT AND LAW ENFORCEMENT MANAGEMENT INFORMATION SYSTEM) DATABASE FOR ICE OFFICERS ASSIGNED TO THE ICE/ERO/DETROIT AREA OF RESPONSIBILITY (AOR).,localhost:3000/award/CONT_AWD_70CDCR24P00000004_7012_-NONE-_-NONE-/,2025-05-15,DHS_FY2025P12_c:FY2025P01-P12_070_TAS_Contracts_AccountBreakdownByAward_2026-09-16_H02M56S53_01.csv:row:178277,data/raw/DHS_FY2025P12_c/FY2025P01-P12_070_TAS_AccountBreakdownByAward_2026-09-16_H02M54S16646960.zip,FY2025P01-P12_070_TAS_Contracts_AccountBreakdownByAward_2026-09-16_H02M56S53_01.csv,data/raw/DHS_FY2025P12_c/FY2025P01-P12_070_TAS_AccountBreakdownByAward_2026-09-16_H02M54S16646960.zip!FY2025P01-P12_070_TAS_Contracts_AccountBreakdownByAward_2026-09-16_H02M56S53_01.csv,178277,Contracts,https://files.usaspending.gov/generated_downloads/FY2025P01-P12_070_TAS_AccountBreakdownByAward_2026-09-16_H02M54S16646960.zip,State and local governments
FY2025P12,070-0540,070-2024/2024-0540-000,,0005,25.3,D,Q,,CONT_AWD_70CDCR24P00000004_7012_-NONE-_-NONE-,70CDCR24P00000004,,,,HZ4EUKDD7AB4,COUNTY OF OAKLAND,HZ4EUKDD7AB4,COUNTY OF OAKLAND,CLEMIS (OAKLAND COUNTY COURT AND LAW ENFORCEMENT MANAGEMENT INFORMATION SYSTEM) DATABASE FOR ICE OFFICERS ASSIGNED TO THE ICE/ERO/DETROIT AREA OF RESPONSIBILITY (AOR).,localhost:3000/award/CONT_AWD_70CDCR24P00000004_7012_-NONE-_-NONE-/,2025-12-05,DHS_FY2025P12_c:FY2025P01-P12_070_TAS_Contracts_AccountBreakdownByAward_2026-09-16_H02M56S53_01.csv:row:178278,data/raw/DHS_FY2025P12_c/FY2025P01-P12_070_TAS_AccountBreakdownByAward_2026-09-16_H02M54S16646960.zip,FY2025P01-P12_070_TAS_Contracts_AccountBreakdownByAward_2026-09-16_H02M56S53_01.csv,data/raw/DHS_FY2025P12_c/FY2025P01-P12_070_TAS_AccountBreakdownByAward_2026-09-16_H02M54S16646960.zip!FY2025P01-P12_070_TAS_Contracts_AccountBreakdownByAward_2026-09-16_H02M56S53_01.csv,178278,Contracts,https://files.usaspending.gov/generated_downloads/FY2025P01-P12_070_TAS_AccountBreakdownByAward_2026-09-16_H02M54S16646960.zip,State and local governments
FY2025P10,070-0540,070-2025/2025-0540-000,,0005,25.3,D,Q,,CONT_AWD_70CDCR24P00000004_7012_-NONE-_-NONE-,70CDCR24P00000004,,,,HZ4EUKDD7AB4,COUNTY OF OAKLAND,HZ4EUKDD7AB4,COUNTY OF OAKLAND,CLEMIS (OAKLAND COUNTY COURT AND LAW ENFORCEMENT MANAGEMENT INFORMATION SYSTEM) DATABASE FOR ICE OFFICERS ASSIGNED TO THE ICE/ERO/DETROIT AREA OF RESPONSIBILITY (AOR).,localhost:3000/award/CONT_AWD_70CDCR24P00000004_7012_-NONE-_-NONE-/,2025-09-10,DHS_FY2025P12_c:FY2025P01-P12_070_TAS_Contracts_AccountBreakdownByAward_2026-09-16_H02M56S53_01.csv:row:178279,data/raw/DHS_FY2025P12_c/FY2025P01-P12_070_TAS_AccountBreakdownByAward_2026-09-16_H02M54S16646960.zip,FY2025P01-P12_070_TAS_Contracts_AccountBreakdownByAward_2026-09-16_H02M56S53_01.csv,data/raw/DHS_FY2025P12_c/FY2025P01-P12_070_TAS_AccountBreakdownByAward_2026-09-16_H02M54S16646960.zip!FY2025P01-P12_070_TAS_Contracts_AccountBreakdownByAward_2026-09-16_H02M56S53_01.csv,178279,Contracts,https://files.usaspending.gov/generated_downloads/FY2025P01-P12_070_TAS_AccountBreakdownByAward_2026-09-16_H02M54S16646960.zip,State and local governments
FY2025P10,070-0540,070-2024/2024-0540-000,,0005,25.3,D,Q,,CONT_AWD_70CDCR24P00000004_7012_-NONE-_-NONE-,70CDCR24P00000004,,,,HZ4EUKDD7AB4,COUNTY OF OAKLAND,HZ4EUKDD7AB4,COUNTY OF OAKLAND,CLEMIS (OAKLAND COUNTY COURT AND LAW ENFORCEMENT MANAGEMENT INFORMATION SYSTEM) DATABASE FOR ICE OFFICERS ASSIGNED TO THE ICE/ERO/DETROIT AREA OF RESPONSIBILITY (AOR).,localhost:3000/award/CONT_AWD_70CDCR24P00000004_7012_-NONE-_-NONE-/,2025-09-10,DHS_FY2025P12_c:FY2025P01-P12_070_TAS_Contracts_AccountBreakdownByAward_2026-09-16_H02M56S53_01.csv:row:178280,data/raw/DHS_FY2025P12_c/FY2025P01-P12_070_TAS_AccountBreakdownByAward_2026-09-16_H02M54S16646960.zip,FY2025P01-P12_070_TAS_Contracts_AccountBreakdownByAward_2026-09-16_H02M56S53_01.csv,data/raw/DHS_FY2025P12_c/FY2025P01-P12_070_TAS_AccountBreakdownByAward_2026-09-16_H02M54S16646960.zip!FY2025P01-P12_070_TAS_Contracts_AccountBreakdownByAward_2026-09-16_H02M56S53_01.csv,178280,Contracts,https://files.usaspending.gov/generated_downloads/FY2025P01-P12_070_TAS_AccountBreakdownByAward_2026-09-16_H02M54S16646960.zip,State and local governments
FY2025P08,070-0540,070-2024/2024-0540-000,,0005,25.3,D,Q,,CONT_AWD_70CDCR24P00000004_7012_-NONE-_-NONE-,70CDCR24P00000004,,,,HZ4EUKDD7AB4,COUNTY OF OAKLAND,HZ4EUKDD7AB4,COUNTY OF OAKLAND,CLEMIS (OAKLAND COUNTY COURT AND LAW ENFORCEMENT MANAGEMENT INFORMATION SYSTEM) DATABASE FOR ICE OFFICERS ASSIGNED TO THE ICE/ERO/DETROIT AREA OF RESPONSIBILITY (AOR).,localhost:3000/award/CONT_AWD_70CDCR24P00000004_7012_-NONE-_-NONE-/,2025-07-01,DHS_FY2025P12_c:FY2025P01-P12_070_TAS_Contracts_AccountBreakdownByAward_2026-09-16_H02M56S53_01.csv:row:178281,data/raw/DHS_FY2025P12_c/FY2025P01-P12_070_TAS_AccountBreakdownByAward_2026-09-16_H02M54S16646960.zip,FY2025P01-P12_070_TAS_Contracts_AccountBreakdownByAward_2026-09-16_H02M56S53_01.csv,data/raw/DHS_FY2025P12_c/FY2025P01-P12_070_TAS_AccountBreakdownByAward_2026-09-16_H02M54S16646960.zip!FY2025P01-P12_070_TAS_Contracts_AccountBreakdownByAward_2026-09-16_H02M56S53_01.csv,178281,Contracts,https://files.usaspending.gov/generated_downloads/FY2025P01-P12_070_TAS_AccountBreakdownByAward_2026-09-16_H02M54S16646960.zip,State and local governments
FY2025P09,070-0540,070-2025/2025-0540-000,,0005,25.3,D,Q,,CONT_AWD_70CDCR24P00000004_7012_-NONE-_-NONE-,70CDCR24P00000004,,,,HZ4EUKDD7AB4,COUNTY OF OAKLAND,HZ4EUKDD7AB4,COUNTY OF OAKLAND,CLEMIS (OAKLAND COUNTY COURT AND LAW ENFORCEMENT MANAGEMENT INFORMATION SYSTEM) DATABASE FOR ICE OFFICERS ASSIGNED TO THE ICE/ERO/DETROIT AREA OF RESPONSIBILITY (AOR).,localhost:3000/award/CONT_AWD_70CDCR24P00000004_7012_-NONE-_-NONE-/,2025-08-13,DHS_FY2025P12_c:FY2025P01-P12_070_TAS_Contracts_AccountBreakdownByAward_2026-09-16_H02M56S53_01.csv:row:178284,data/raw/DHS_FY2025P12_c/FY2025P01-P12_070_TAS_AccountBreakdownByAward_2026-09-16_H02M54S16646960.zip,FY2025P01-P12_070_TAS_Contracts_AccountBreakdownByAward_2026-09-16_H02M56S53_01.csv,data/raw/DHS_FY2025P12_c/FY2025P01-P12_070_TAS_AccountBreakdownByAward_2026-09-16_H02M54S16646960.zip!FY2025P01-P12_070_TAS_Contracts_AccountBreakdownByAward_2026-09-16_H02M56S53_01.csv,178284,Contracts,https://files.usaspending.gov/generated_downloads/FY2025P01-P12_070_TAS_AccountBreakdownByAward_2026-09-16_H02M54S16646960.zip,State and local governments
FY2025P11,070-0540,070-2024/2024-0540-000,,0005,25.3,D,Q,,CONT_AWD_70CDCR24P00000004_7012_-NONE-_-NONE-,70CDCR24P00000004,,,,HZ4EUKDD7AB4,COUNTY OF OAKLAND,HZ4EUKDD7AB4,COUNTY OF OAKLAND,CLEMIS (OAKLAND COUNTY COURT AND LAW ENFORCEMENT MANAGEMENT INFORMATION SYSTEM) DATABASE FOR ICE OFFICERS ASSIGNED TO THE ICE/ERO/DETROIT AREA OF RESPONSIBILITY (AOR).,localhost:3000/award/CONT_AWD_70CDCR24P00000004_7012_-NONE-_-NONE-/,2025-12-05,DHS_FY2025P12_c:FY2025P01-P12_070_TAS_Contracts_AccountBreakdownByAward_2026-09-16_H02M56S53_01.csv:row:178286,data/raw/DHS_FY2025P12_c/FY2025P01-P12_070_TAS_AccountBreakdownByAward_2026-09-16_H02M54S16646960.zip,FY2025P01-P12_070_TAS_Contracts_AccountBreakdownByAward_2026-09-16_H02M56S53_01.csv,data/raw/DHS_FY2025P12_c/FY2025P01-P12_070_TAS_AccountBreakdownByAward_2026-09-16_H02M54S16646960.zip!FY2025P01-P12_070_TAS_Contracts_AccountBreakdownByAward_2026-09-16_H02M56S53_01.csv,178286,Contracts,https://files.usaspending.gov/generated_downloads/FY2025P01-P12_070_TAS_AccountBreakdownByAward_2026-09-16_H02M54S16646960.zip,State and local governments
FY2025P12,070-0540,070-2025/2025-0540-000,,0005,25.3,D,Q,,CONT_AWD_70CDCR24P00000004_7012_-NONE-_-NONE-,70CDCR24P00000004,,,,HZ4EUKDD7AB4,COUNTY OF OAKLAND,HZ4EUKDD7AB4,COUNTY OF OAKLAND,CLEMIS (OAKLAND COUNTY COURT AND LAW ENFORCEMENT MANAGEMENT INFORMATION SYSTEM) DATABASE FOR ICE OFFICERS ASSIGNED TO THE ICE/ERO/DETROIT AREA OF RESPONSIBILITY (AOR).,localhost:3000/award/CONT_AWD_70CDCR24P00000004_7012_-NONE-_-NONE-/,2025-12-05,DHS_FY2025P12_c:FY2025P01-P12_070_TAS_Contracts_AccountBreakdownByAward_2026-09-16_H02M56S53_01.csv:row:178287,data/raw/DHS_FY2025P12_c/FY2025P01-P12_070_TAS_AccountBreakdownByAward_2026-09-16_H02M54S16646960.zip,FY2025P01-P12_070_TAS_Contracts_AccountBreakdownByAward_2026-09-16_H02M56S53_01.csv,data/raw/DHS_FY2025P12_c/FY2025P01-P12_070_TAS_AccountBreakdownByAward_2026-09-16_H02M54S16646960.zip!FY2025P01-P12_070_TAS_Contracts_AccountBreakdownByAward_2026-09-16_H02M56S53_01.csv,178287,Contracts,https://files.usaspending.gov/generated_downloads/FY2025P01-P12_070_TAS_AccountBreakdownByAward_2026-09-16_H02M54S16646960.zip,State and local governments
FY2025P07,070-0540,070-2024/2024-0540-000,,0005,25.3,D,Q,,CONT_AWD_70CDCR24P00000004_7012_-NONE-_-NONE-,70CDCR24P00000004,,,,HZ4EUKDD7AB4,COUNTY OF OAKLAND,HZ4EUKDD7AB4,COUNTY OF OAKLAND,CLEMIS (OAKLAND COUNTY COURT AND LAW ENFORCEMENT MANAGEMENT INFORMATION SYSTEM) DATABASE FOR ICE OFFICERS ASSIGNED TO THE ICE/ERO/DETROIT AREA OF RESPONSIBILITY (AOR).,localhost:3000/award/CONT_AWD_70CDCR24P00000004_7012_-NONE-_-NONE-/,2025-05-30,DHS_FY2025P12_c:FY2025P01-P12_070_TAS_Contracts_AccountBreakdownByAward_2026-09-16_H02M56S53_01.csv:row:178288,data/raw/DHS_FY2025P12_c/FY2025P01-P12_070_TAS_AccountBreakdownByAward_2026-09-16_H02M54S16646960.zip,FY2025P01-P12_070_TAS_Contracts_AccountBreakdownByAward_2026-09-16_H02M56S53_01.csv,data/raw/DHS_FY2025P12_c/FY2025P01-P12_070_TAS_AccountBreakdownByAward_2026-09-16_H02M54S16646960.zip!FY2025P01-P12_070_TAS_Contracts_AccountBreakdownByAward_2026-09-16_H02M56S53_01.csv,178288,Contracts,https://files.usaspending.gov/generated_downloads/FY2025P01-P12_070_TAS_AccountBreakdownByAward_2026-09-16_H02M54S16646960.zip,State and local governments
FY2025P06,070-0540,070-2024/2024-0540-000,,0005,25.3,D,Q,,CONT_AWD_70CDCR24P00000004_7012_-NONE-_-NONE-,70CDCR24P00000004,,,,HZ4EUKDD7AB4,COUNTY OF OAKLAND,HZ4EUKDD7AB4,COUNTY OF OAKLAND,CLEMIS (OAKLAND COUNTY COURT AND LAW ENFORCEMENT MANAGEMENT INFORMATION SYSTEM) DATABASE FOR ICE OFFICERS ASSIGNED TO THE ICE/ERO/DETROIT AREA OF RESPONSIBILITY (AOR).,localhost:3000/award/CONT_AWD_70CDCR24P00000004_7012_-NONE-_-NONE-/,2025-05-15,DHS_FY2025P12_c:FY2025P01-P12_070_TAS_Contracts_AccountBreakdownByAward_2026-09-16_H02M56S53_01.csv:row:178289,data/raw/DHS_FY2025P12_c/FY2025P01-P12_070_TAS_AccountBreakdownByAward_2026-09-16_H02M54S16646960.zip,FY2025P01-P12_070_TAS_Contracts_AccountBreakdownByAward_2026-09-16_H02M56S53_01.csv,data/raw/DHS_FY2025P12_c/FY2025P01-P12_070_TAS_AccountBreakdownByAward_2026-09-16_H02M54S16646960.zip!FY2025P01-P12_070_TAS_Contracts_AccountBreakdownByAward_2026-09-16_H02M56S53_01.csv,178289,Contracts,https://files.usaspending.gov/generated_downloads/FY2025P01-P12_070_TAS_AccountBreakdownByAward_2026-09-16_H02M54S16646960.zip,State and local governments
FY2025P11,070-0540,070-2025/2025-0540-000,,0005,25.3,D,Q,,CONT_AWD_70CDCR24P00000004_7012_-NONE-_-NONE-,70CDCR24P00000004,,,,HZ4EUKDD7AB4,COUNTY OF OAKLAND,HZ4EUKDD7AB4,COUNTY OF OAKLAND,CLEMIS (OAKLAND COUNTY COURT AND LAW ENFORCEMENT MANAGEMENT INFORMATION SYSTEM) DATABASE FOR ICE OFFICERS ASSIGNED TO THE ICE/ERO/DETROIT AREA OF RESPONSIBILITY (AOR).,localhost:3000/award/CONT_AWD_70CDCR24P00000004_7012_-NONE-_-NONE-/,2025-12-05,DHS_FY2025P12_c:FY2025P01-P12_070_TAS_Contracts_AccountBreakdownByAward_2026-09-16_H02M56S53_01.csv:row:178291,data/raw/DHS_FY2025P12_c/FY2025P01-P12_070_TAS_AccountBreakdownByAward_2026-09-16_H02M54S16646960.zip,FY2025P01-P12_070_TAS_Contracts_AccountBreakdownByAward_2026-09-16_H02M56S53_01.csv,data/raw/DHS_FY2025P12_c/FY2025P01-P12_070_TAS_AccountBreakdownByAward_2026-09-16_H02M54S16646960.zip!FY2025P01-P12_070_TAS_Contracts_AccountBreakdownByAward_2026-09-16_H02M56S53_01.csv,178291,Contracts,https://files.usaspending.gov/generated_downloads/FY2025P01-P12_070_TAS_AccountBreakdownByAward_2026-09-16_H02M54S16646960.zip,State and local governments
FY2025P09,070-0540,070-2024/2024-0540-000,,0005,25.3,D,Q,,CONT_AWD_70CDCR24P00000004_7012_-NONE-_-NONE-,70CDCR24P00000004,,,,HZ4EUKDD7AB4,COUNTY OF OAKLAND,HZ4EUKDD7AB4,COUNTY OF OAKLAND,CLEMIS (OAKLAND COUNTY COURT AND LAW ENFORCEMENT MANAGEMENT INFORMATION SYSTEM) DATABASE FOR ICE OFFICERS ASSIGNED TO THE ICE/ERO/DETROIT AREA OF RESPONSIBILITY (AOR).,localhost:3000/award/CONT_AWD_70CDCR24P00000004_7012_-NONE-_-NONE-/,2025-08-13,DHS_FY2025P12_c:FY2025P01-P12_070_TAS_Contracts_AccountBreakdownByAward_2026-09-16_H02M56S53_01.csv:row:178292,data/raw/DHS_FY2025P12_c/FY2025P01-P12_070_TAS_AccountBreakdownByAward_2026-09-16_H02M54S16646960.zip,FY2025P01-P12_070_TAS_Contracts_AccountBreakdownByAward_2026-09-16_H02M56S53_01.csv,data/raw/DHS_FY2025P12_c/FY2025P01-P12_070_TAS_AccountBreakdownByAward_2026-09-16_H02M54S16646960.zip!FY2025P01-P12_070_TAS_Contracts_AccountBreakdownByAward_2026-09-16_H02M56S53_01.csv,178292,Contracts,https://files.usaspending.gov/generated_downloads/FY2025P01-P12_070_TAS_AccountBreakdownByAward_2026-09-16_H02M54S16646960.zip,State and local governments
FY2025P07,070-0540,070-2020/2020-0540-000,,0004,25.4,D,Q,-18000.00,CONT_AWD_70CMSD18P00000133_7012_-NONE-_-NONE-,70CMSD18P00000133,,,,HWW3D6C5Y7X7,IMPERIAL COUNTY,MR2LQC5ZZ3E7,COUNTY OF IMPERIAL,IGF::OT::IGF ADULT DETAINEE SERVICES,localhost:3000/award/CONT_AWD_70CMSD18P00000133_7012_-NONE-_-NONE-/,2025-05-30,DHS_FY2025P12_c:FY2025P01-P12_070_TAS_Contracts_AccountBreakdownByAward_2026-09-16_H02M56S53_01.csv:row:184813,data/raw/DHS_FY2025P12_c/FY2025P01-P12_070_TAS_AccountBreakdownByAward_2026-09-16_H02M54S16646960.zip,FY2025P01-P12_070_TAS_Contracts_AccountBreakdownByAward_2026-09-16_H02M56S53_01.csv,data/raw/DHS_FY2025P12_c/FY2025P01-P12_070_TAS_AccountBreakdownByAward_2026-09-16_H02M54S16646960.zip!FY2025P01-P12_070_TAS_Contracts_AccountBreakdownByAward_2026-09-16_H02M56S53_01.csv,184813,Contracts,https://files.usaspending.gov/generated_downloads/FY2025P01-P12_070_TAS_AccountBreakdownByAward_2026-09-16_H02M54S16646960.zip,State and local governments
FY2025P07,070-0540,070-2025/2025-0540-000,,0005,25.2,D,Q,21000.00,CONT_AWD_70CDCR22P00000006_7012_-NONE-_-NONE-,70CDCR22P00000006,,,,W3HVB3149KQ9,TOWN OF LANCASTER,W3HVB3149KQ9,TOWN OF LANCASTER,RENTAL OF SECURE INDOOR FIRING RANGE FACILITY,localhost:3000/award/CONT_AWD_70CDCR22P00000006_7012_-NONE-_-NONE-/,2025-05-30,DHS_FY2025P12_c:FY2025P01-P12_070_TAS_Contracts_AccountBreakdownByAward_2026-09-16_H02M56S53_01.csv:row:187434,data/raw/DHS_FY2025P12_c/FY2025P01-P12_070_TAS_AccountBreakdownByAward_2026-09-16_H02M54S16646960.zip,FY2025P01-P12_070_TAS_Contracts_AccountBreakdownByAward_2026-09-16_H02M56S53_01.csv,data/raw/DHS_FY2025P12_c/FY2025P01-P12_070_TAS_AccountBreakdownByAward_2026-09-16_H02M54S16646960.zip!FY2025P01-P12_070_TAS_Contracts_AccountBreakdownByAward_2026-09-16_H02M56S53_01.csv,187434,Contracts,https://files.usaspending.gov/generated_downloads/FY2025P01-P12_070_TAS_AccountBreakdownByAward_2026-09-16_H02M54S16646960.zip,State and local governments
FY2025P08,070-0540,070-2025/2025-0540-000,,0005,25.2,D,Q,750.00,CONT_AWD_70CDCR22P00000006_7012_-NONE-_-NONE-,70CDCR22P00000006,,,,W3HVB3149KQ9,TOWN OF LANCASTER,W3HVB3149KQ9,TOWN OF LANCASTER,RENTAL OF SECURE INDOOR FIRING RANGE FACILITY,localhost:3000/award/CONT_AWD_70CDCR22P00000006_7012_-NONE-_-NONE-/,2025-07-01,DHS_FY2025P12_c:FY2025P01-P12_070_TAS_Contracts_AccountBreakdownByAward_2026-09-16_H02M56S53_01.csv:row:187435,data/raw/DHS_FY2025P12_c/FY2025P01-P12_070_TAS_AccountBreakdownByAward_2026-09-16_H02M54S16646960.zip,FY2025P01-P12_070_TAS_Contracts_AccountBreakdownByAward_2026-09-16_H02M56S53_01.csv,data/raw/DHS_FY2025P12_c/FY2025P01-P12_070_TAS_AccountBreakdownByAward_2026-09-16_H02M54S16646960.zip!FY2025P01-P12_070_TAS_Contracts_AccountBreakdownByAward_2026-09-16_H02M56S53_01.csv,187435,Contracts,https://files.usaspending.gov/generated_downloads/FY2025P01-P12_070_TAS_AccountBreakdownByAward_2026-09-16_H02M54S16646960.zip,State and local governments
FY2025P06,070-0540,070-2024/2024-0540-000,,0005,25.2,D,Q,,CONT_AWD_70CDCR20P00000007_7012_-NONE-_-NONE-,70CDCR20P00000007,,,,V84BBXQ5YXT8,CALIFORNIA HIGHWAY PATROLMANS CLUB,V84BBXQ5YXT8,CALIFORNIA HIGHWAY PATROLMANS CLUB,FIRING RANGE SERVICES,localhost:3000/award/CONT_AWD_70CDCR20P00000007_7012_-NONE-_-NONE-/,2025-05-15,DHS_FY2025P12_c:FY2025P01-P12_070_TAS_Contracts_AccountBreakdownByAward_2026-09-16_H02M56S53_01.csv:row:206784,data/raw/DHS_FY2025P12_c/FY2025P01-P12_070_TAS_AccountBreakdownByAward_2026-09-16_H02M54S16646960.zip,FY2025P01-P12_070_TAS_Contracts_AccountBreakdownByAward_2026-09-16_H02M56S53_01.csv,data/raw/DHS_FY2025P12_c/FY2025P01-P12_070_TAS_AccountBreakdownByAward_2026-09-16_H02M54S16646960.zip!FY2025P01-P12_070_TAS_Contracts_AccountBreakdownByAward_2026-09-16_H02M56S53_01.csv,206784,Contracts,https://files.usaspending.gov/generated_downloads/FY2025P01-P12_070_TAS_AccountBreakdownByAward_2026-09-16_H02M54S16646960.zip,Other public or nonprofit entities
FY2025P11,070-0540,070-2024/2024-0540-000,,0005,25.2,D,Q,,CONT_AWD_70CDCR20P00000007_7012_-NONE-_-NONE-,70CDCR20P00000007,,,,V84BBXQ5YXT8,CALIFORNIA HIGHWAY PATROLMANS CLUB,V84BBXQ5YXT8,CALIFORNIA HIGHWAY PATROLMANS CLUB,FIRING RANGE SERVICES,localhost:3000/award/CONT_AWD_70CDCR20P00000007_7012_-NONE-_-NONE-/,2025-12-05,DHS_FY2025P12_c:FY2025P01-P12_070_TAS_Contracts_AccountBreakdownByAward_2026-09-16_H02M56S53_01.csv:row:206785,data/raw/DHS_FY2025P12_c/FY2025P01-P12_070_TAS_AccountBreakdownByAward_2026-09-16_H02M54S16646960.zip,FY2025P01-P12_070_TAS_Contracts_AccountBreakdownByAward_2026-09-16_H02M56S53_01.csv,data/raw/DHS_FY2025P12_c/FY2025P01-P12_070_TAS_AccountBreakdownByAward_2026-09-16_H02M54S16646960.zip!FY2025P01-P12_070_TAS_Contracts_AccountBreakdownByAward_2026-09-16_H02M56S53_01.csv,206785,Contracts,https://files.usaspending.gov/generated_downloads/FY2025P01-P12_070_TAS_AccountBreakdownByAward_2026-09-16_H02M54S16646960.zip,Other public or nonprofit entities
FY2025P07,070-0540,070-2024/2024-0540-000,,0005,25.2,D,Q,,CONT_AWD_70CDCR20P00000007_7012_-NONE-_-NONE-,70CDCR20P00000007,,,,V84BBXQ5YXT8,CALIFORNIA HIGHWAY PATROLMANS CLUB,V84BBXQ5YXT8,CALIFORNIA HIGHWAY PATROLMANS CLUB,FIRING RANGE SERVICES,localhost:3000/award/CONT_AWD_70CDCR20P00000007_7012_-NONE-_-NONE-/,2025-05-30,DHS_FY2025P12_c:FY2025P01-P12_070_TAS_Contracts_AccountBreakdownByAward_2026-09-16_H02M56S53_01.csv:row:206786,data/raw/DHS_FY2025P12_c/FY2025P01-P12_070_TAS_AccountBreakdownByAward_2026-09-16_H02M54S16646960.zip,FY2025P01-P12_070_TAS_Contracts_AccountBreakdownByAward_2026-09-16_H02M56S53_01.csv,data/raw/DHS_FY2025P12_c/FY2025P01-P12_070_TAS_AccountBreakdownByAward_2026-09-16_H02M54S16646960.zip!FY2025P01-P12_070_TAS_Contracts_AccountBreakdownByAward_2026-09-16_H02M56S53_01.csv,206786,Contracts,https://files.usaspending.gov/generated_downloads/FY2025P01-P12_070_TAS_AccountBreakdownByAward_2026-09-16_H02M54S16646960.zip,Other public or nonprofit entities
FY2025P10,070-0540,070-2024/2024-0540-000,,0005,25.2,D,Q,,CONT_AWD_70CDCR20P00000007_7012_-NONE-_-NONE-,70CDCR20P00000007,,,,V84BBXQ5YXT8,CALIFORNIA HIGHWAY PATROLMANS CLUB,V84BBXQ5YXT8,CALIFORNIA HIGHWAY PATROLMANS CLUB,FIRING RANGE SERVICES,localhost:3000/award/CONT_AWD_70CDCR20P00000007_7012_-NONE-_-NONE-/,2025-09-10,DHS_FY2025P12_c:FY2025P01-P12_070_TAS_Contracts_AccountBreakdownByAward_2026-09-16_H02M56S53_01.csv:row:206787,data/raw/DHS_FY2025P12_c/FY2025P01-P12_070_TAS_AccountBreakdownByAward_2026-09-16_H02M54S16646960.zip,FY2025P01-P12_070_TAS_Contracts_AccountBreakdownByAward_2026-09-16_H02M56S53_01.csv,data/raw/DHS_FY2025P12_c/FY2025P01-P12_070_TAS_AccountBreakdownByAward_2026-09-16_H02M54S16646960.zip!FY2025P01-P12_070_TAS_Contracts_AccountBreakdownByAward_2026-09-16_H02M56S53_01.csv,206787,Contracts,https://files.usaspending.gov/generated_downloads/FY2025P01-P12_070_TAS_AccountBreakdownByAward_2026-09-16_H02M54S16646960.zip,Other public or nonprofit entities
FY2025P05,070-0540,070-2024/2024-0540-000,,0005,25.2,D,Q,,CONT_AWD_70CDCR20P00000007_7012_-NONE-_-NONE-,70CDCR20P00000007,,,,V84BBXQ5YXT8,CALIFORNIA HIGHWAY PATROLMANS CLUB,V84BBXQ5YXT8,CALIFORNIA HIGHWAY PATROLMANS CLUB,FIRING RANGE SERVICES,localhost:3000/award/CONT_AWD_70CDCR20P00000007_7012_-NONE-_-NONE-/,2025-05-15,DHS_FY2025P12_c:FY2025P01-P12_070_TAS_Contracts_AccountBreakdownByAward_2026-09-16_H02M56S53_01.csv:row:206791,data/raw/DHS_FY2025P12_c/FY2025P01-P12_070_TAS_AccountBreakdownByAward_2026-09-16_H02M54S16646960.zip,FY2025P01-P12_070_TAS_Contracts_AccountBreakdownByAward_2026-09-16_H02M56S53_01.csv,data/raw/DHS_FY2025P12_c/FY2025P01-P12_070_TAS_AccountBreakdownByAward_2026-09-16_H02M54S16646960.zip!FY2025P01-P12_070_TAS_Contracts_AccountBreakdownByAward_2026-09-16_H02M56S53_01.csv,206791,Contracts,https://files.usaspending.gov/generated_downloads/FY2025P01-P12_070_TAS_AccountBreakdownByAward_2026-09-16_H02M54S16646960.zip,Other public or nonprofit entities
FY2025P08,070-0540,070-2024/2024-0540-000,,0005,25.2,D,Q,,CONT_AWD_70CDCR20P00000007_7012_-NONE-_-NONE-,70CDCR20P00000007,,,,V84BBXQ5YXT8,CALIFORNIA HIGHWAY PATROLMANS CLUB,V84BBXQ5YXT8,CALIFORNIA HIGHWAY PATROLMANS CLUB,FIRING RANGE SERVICES,localhost:3000/award/CONT_AWD_70CDCR20P00000007_7012_-NONE-_-NONE-/,2025-07-01,DHS_FY2025P12_c:FY2025P01-P12_070_TAS_Contracts_AccountBreakdownByAward_2026-09-16_H02M56S53_01.csv:row:206792,data/raw/DHS_FY2025P12_c/FY2025P01-P12_070_TAS_AccountBreakdownByAward_2026-09-16_H02M54S16646960.zip,FY2025P01-P12_070_TAS_Contracts_AccountBreakdownByAward_2026-09-16_H02M56S53_01.csv,data/raw/DHS_FY2025P12_c/FY2025P01-P12_070_TAS_AccountBreakdownByAward_2026-09-16_H02M54S16646960.zip!FY2025P01-P12_070_TAS_Contracts_AccountBreakdownByAward_2026-09-16_H02M56S53_01.csv,206792,Contracts,https://files.usaspending.gov/generated_downloads/FY2025P01-P12_070_TAS_AccountBreakdownByAward_2026-09-16_H02M54S16646960.zip,Other public or nonprofit entities
FY2025P12,070-0540,070-2024/2024-0540-000,,0005,25.2,D,Q,,CONT_AWD_70CDCR20P00000007_7012_-NONE-_-NONE-,70CDCR20P00000007,,,,V84BBXQ5YXT8,CALIFORNIA HIGHWAY PATROLMANS CLUB,V84BBXQ5YXT8,CALIFORNIA HIGHWAY PATROLMANS CLUB,FIRING RANGE SERVICES,localhost:3000/award/CONT_AWD_70CDCR20P00000007_7012_-NONE-_-NONE-/,2025-12-05,DHS_FY2025P12_c:FY2025P01-P12_070_TAS_Contracts_AccountBreakdownByAward_2026-09-16_H02M56S53_01.csv:row:206793,data/raw/DHS_FY2025P12_c/FY2025P01-P12_070_TAS_AccountBreakdownByAward_2026-09-16_H02M54S16646960.zip,FY2025P01-P12_070_TAS_Contracts_AccountBreakdownByAward_2026-09-16_H02M56S53_01.csv,data/raw/DHS_FY2025P12_c/FY2025P01-P12_070_TAS_AccountBreakdownByAward_2026-09-16_H02M54S16646960.zip!FY2025P01-P12_070_TAS_Contracts_AccountBreakdownByAward_2026-09-16_H02M56S53_01.csv,206793,Contracts,https://files.usaspending.gov/generated_downloads/FY2025P01-P12_070_TAS_AccountBreakdownByAward_2026-09-16_H02M54S16646960.zip,Other public or nonprofit entities
FY2025P09,070-0540,070-2024/2024-0540-000,,0005,25.2,D,Q,,CONT_AWD_70CDCR20P00000007_7012_-NONE-_-NONE-,70CDCR20P00000007,,,,V84BBXQ5YXT8,CALIFORNIA HIGHWAY PATROLMANS CLUB,V84BBXQ5YXT8,CALIFORNIA HIGHWAY PATROLMANS CLUB,FIRING RANGE SERVICES,localhost:3000/award/CONT_AWD_70CDCR20P00000007_7012_-NONE-_-NONE-/,2025-08-13,DHS_FY2025P12_c:FY2025P01-P12_070_TAS_Contracts_AccountBreakdownByAward_2026-09-16_H02M56S53_01.csv:row:206794,data/raw/DHS_FY2025P12_c/FY2025P01-P12_070_TAS_AccountBreakdownByAward_2026-09-16_H02M54S16646960.zip,FY2025P01-P12_070_TAS_Contracts_AccountBreakdownByAward_2026-09-16_H02M56S53_01.csv,data/raw/DHS_FY2025P12_c/FY2025P01-P12_070_TAS_AccountBreakdownByAward_2026-09-16_H02M54S16646960.zip!FY2025P01-P12_070_TAS_Contracts_AccountBreakdownByAward_2026-09-16_H02M56S53_01.csv,206794,Contracts,https://files.usaspending.gov/generated_downloads/FY2025P01-P12_070_TAS_AccountBreakdownByAward_2026-09-16_H02M54S16646960.zip,Other public or nonprofit entities
FY2025P08,070-0540,070-2024/2024-0540-000,,0005,25.2,D,Q,,CONT_AWD_70CDCR21P00000009_7012_-NONE-_-NONE-,70CDCR21P00000009,,,,SG98APEZBLZ6,"SAN DIEGO, COUNTY OF",SG98APEZBLZ6,"SAN DIEGO, COUNTY OF",NETWORK ACCESS,localhost:3000/award/CONT_AWD_70CDCR21P00000009_7012_-NONE-_-NONE-/,2025-07-01,DHS_FY2025P12_c:FY2025P01-P12_070_TAS_Contracts_AccountBreakdownByAward_2026-09-16_H02M56S53_01.csv:row:209611,data/raw/DHS_FY2025P12_c/FY2025P01-P12_070_TAS_AccountBreakdownByAward_2026-09-16_H02M54S16646960.zip,FY2025P01-P12_070_TAS_Contracts_AccountBreakdownByAward_2026-09-16_H02M56S53_01.csv,data/raw/DHS_FY2025P12_c/FY2025P01-P12_070_TAS_AccountBreakdownByAward_2026-09-16_H02M54S16646960.zip!FY2025P01-P12_070_TAS_Contracts_AccountBreakdownByAward_2026-09-16_H02M56S53_01.csv,209611,Contracts,https://files.usaspending.gov/generated_downloads/FY2025P01-P12_070_TAS_AccountBreakdownByAward_2026-09-16_H02M54S16646960.zip,State and local governments
FY2025P07,070-0540,070-2024/2024-0540-000,,0005,25.2,D,Q,,CONT_AWD_70CDCR21P00000009_7012_-NONE-_-NONE-,70CDCR21P00000009,,,,SG98APEZBLZ6,"SAN DIEGO, COUNTY OF",SG98APEZBLZ6,"SAN DIEGO, COUNTY OF",NETWORK ACCESS,localhost:3000/award/CONT_AWD_70CDCR21P00000009_7012_-NONE-_-NONE-/,2025-05-30,DHS_FY2025P12_c:FY2025P01-P12_070_TAS_Contracts_AccountBreakdownByAward_2026-09-16_H02M56S53_01.csv:row:209612,data/raw/DHS_FY2025P12_c/FY2025P01-P12_070_TAS_AccountBreakdownByAward_2026-09-16_H02M54S16646960.zip,FY2025P01-P12_070_TAS_Contracts_AccountBreakdownByAward_2026-09-16_H02M56S53_01.csv,data/raw/DHS_FY2025P12_c/FY2025P01-P12_070_TAS_AccountBreakdownByAward_2026-09-16_H02M54S16646960.zip!FY2025P01-P12_070_TAS_Contracts_AccountBreakdownByAward_2026-09-16_H02M56S53_01.csv,209612,Contracts,https://files.usaspending.gov/generated_downloads/FY2025P01-P12_070_TAS_AccountBreakdownByAward_2026-09-16_H02M54S16646960.zip,State and local governments
FY2025P11,070-0540,070-2024/2024-0540-000,,0005,25.2,D,Q,,CONT_AWD_70CDCR21P00000009_7012_-NONE-_-NONE-,70CDCR21P00000009,,,,SG98APEZBLZ6,"SAN DIEGO, COUNTY OF",SG98APEZBLZ6,"SAN DIEGO, COUNTY OF",NETWORK ACCESS,localhost:3000/award/CONT_AWD_70CDCR21P00000009_7012_-NONE-_-NONE-/,2025-12-05,DHS_FY2025P12_c:FY2025P01-P12_070_TAS_Contracts_AccountBreakdownByAward_2026-09-16_H02M56S53_01.csv:row:209613,data/raw/DHS_FY2025P12_c/FY2025P01-P12_070_TAS_AccountBreakdownByAward_2026-09-16_H02M54S16646960.zip,FY2025P01-P12_070_TAS_Contracts_AccountBreakdownByAward_2026-09-16_H02M56S53_01.csv,data/raw/DHS_FY2025P12_c/FY2025P01-P12_070_TAS_AccountBreakdownByAward_2026-09-16_H02M54S16646960.zip!FY2025P01-P12_070_TAS_Contracts_AccountBreakdownByAward_2026-09-16_H02M56S53_01.csv,209613,Contracts,https://files.usaspending.gov/generated_downloads/FY2025P01-P12_070_TAS_AccountBreakdownByAward_2026-09-16_H02M54S16646960.zip,State and local governments
FY2025P09,070-0540,070-2024/2024-0540-000,,0005,25.2,D,Q,,CONT_AWD_70CDCR21P00000009_7012_-NONE-_-NONE-,70CDCR21P00000009,,,,SG98APEZBLZ6,"SAN DIEGO, COUNTY OF",SG98APEZBLZ6,"SAN DIEGO, COUNTY OF",NETWORK ACCESS,localhost:3000/award/CONT_AWD_70CDCR21P00000009_7012_-NONE-_-NONE-/,2025-08-13,DHS_FY2025P12_c:FY2025P01-P12_070_TAS_Contracts_AccountBreakdownByAward_2026-09-16_H02M56S53_01.csv:row:209614,data/raw/DHS_FY2025P12_c/FY2025P01-P12_070_TAS_AccountBreakdownByAward_2026-09-16_H02M54S16646960.zip,FY2025P01-P12_070_TAS_Contracts_AccountBreakdownByAward_2026-09-16_H02M56S53_01.csv,data/raw/DHS_FY2025P12_c/FY2025P01-P12_070_TAS_AccountBreakdownByAward_2026-09-16_H02M54S16646960.zip!FY2025P01-P12_070_TAS_Contracts_AccountBreakdownByAward_2026-09-16_H02M56S53_01.csv,209614,Contracts,https://files.usaspending.gov/generated_downloads/FY2025P01-P12_070_TAS_AccountBreakdownByAward_2026-09-16_H02M54S16646960.zip,State and local governments
FY2025P10,070-0540,070-2021/2021-0540-000,,0005,25.2,D,Q,-252.00,CONT_AWD_70CDCR21P00000009_7012_-NONE-_-NONE-,70CDCR21P00000009,,,,SG98APEZBLZ6,"SAN DIEGO, COUNTY OF",SG98APEZBLZ6,"SAN DIEGO, COUNTY OF",NETWORK ACCESS,localhost:3000/award/CONT_AWD_70CDCR21P00000009_7012_-NONE-_-NONE-/,2025-09-10,DHS_FY2025P12_c:FY2025P01-P12_070_TAS_Contracts_AccountBreakdownByAward_2026-09-16_H02M56S53_01.csv:row:209615,data/raw/DHS_FY2025P12_c/FY2025P01-P12_070_TAS_AccountBreakdownByAward_2026-09-16_H02M54S16646960.zip,FY2025P01-P12_070_TAS_Contracts_AccountBreakdownByAward_2026-09-16_H02M56S53_01.csv,data/raw/DHS_FY2025P12_c/FY2025P01-P12_070_TAS_AccountBreakdownByAward_2026-09-16_H02M54S16646960.zip!FY2025P01-P12_070_TAS_Contracts_AccountBreakdownByAward_2026-09-16_H02M56S53_01.csv,209615,Contracts,https://files.usaspending.gov/generated_downloads/FY2025P01-P12_070_TAS_AccountBreakdownByAward_2026-09-16_H02M54S16646960.zip,State and local governments
FY2025P10,070-0540,070-2024/2024-0540-000,,0005,25.2,D,Q,,CONT_AWD_70CDCR21P00000009_7012_-NONE-_-NONE-,70CDCR21P00000009,,,,SG98APEZBLZ6,"SAN DIEGO, COUNTY OF",SG98APEZBLZ6,"SAN DIEGO, COUNTY OF",NETWORK ACCESS,localhost:3000/award/CONT_AWD_70CDCR21P00000009_7012_-NONE-_-NONE-/,2025-09-10,DHS_FY2025P12_c:FY2025P01-P12_070_TAS_Contracts_AccountBreakdownByAward_2026-09-16_H02M56S53_01.csv:row:209616,data/raw/DHS_FY2025P12_c/FY2025P01-P12_070_TAS_AccountBreakdownByAward_2026-09-16_H02M54S16646960.zip,FY2025P01-P12_070_TAS_Contracts_AccountBreakdownByAward_2026-09-16_H02M56S53_01.csv,data/raw/DHS_FY2025P12_c/FY2025P01-P12_070_TAS_AccountBreakdownByAward_2026-09-16_H02M54S16646960.zip!FY2025P01-P12_070_TAS_Contracts_AccountBreakdownByAward_2026-09-16_H02M56S53_01.csv,209616,Contracts,https://files.usaspending.gov/generated_downloads/FY2025P01-P12_070_TAS_AccountBreakdownByAward_2026-09-16_H02M54S16646960.zip,State and local governments
FY2025P12,070-0540,070-2024/2024-0540-000,,0005,25.2,D,Q,,CONT_AWD_70CDCR21P00000009_7012_-NONE-_-NONE-,70CDCR21P00000009,,,,SG98APEZBLZ6,"SAN DIEGO, COUNTY OF",SG98APEZBLZ6,"SAN DIEGO, COUNTY OF",NETWORK ACCESS,localhost:3000/award/CONT_AWD_70CDCR21P00000009_7012_-NONE-_-NONE-/,2025-12-05,DHS_FY2025P12_c:FY2025P01-P12_070_TAS_Contracts_AccountBreakdownByAward_2026-09-16_H02M56S53_01.csv:row:209617,data/raw/DHS_FY2025P12_c/FY2025P01-P12_070_TAS_AccountBreakdownByAward_2026-09-16_H02M54S16646960.zip,FY2025P01-P12_070_TAS_Contracts_AccountBreakdownByAward_2026-09-16_H02M56S53_01.csv,data/raw/DHS_FY2025P12_c/FY2025P01-P12_070_TAS_AccountBreakdownByAward_2026-09-16_H02M54S16646960.zip!FY2025P01-P12_070_TAS_Contracts_AccountBreakdownByAward_2026-09-16_H02M56S53_01.csv,209617,Contracts,https://files.usaspending.gov/generated_downloads/FY2025P01-P12_070_TAS_AccountBreakdownByAward_2026-09-16_H02M54S16646960.zip,State and local governments
FY2025P06,070-0540,070-2024/2024-0540-000,,0005,25.2,D,Q,,CONT_AWD_70CDCR21P00000009_7012_-NONE-_-NONE-,70CDCR21P00000009,,,,SG98APEZBLZ6,"SAN DIEGO, COUNTY OF",SG98APEZBLZ6,"SAN DIEGO, COUNTY OF",NETWORK ACCESS,localhost:3000/award/CONT_AWD_70CDCR21P00000009_7012_-NONE-_-NONE-/,2025-05-15,DHS_FY2025P12_c:FY2025P01-P12_070_TAS_Contracts_AccountBreakdownByAward_2026-09-16_H02M56S53_01.csv:row:209620,data/raw/DHS_FY2025P12_c/FY2025P01-P12_070_TAS_AccountBreakdownByAward_2026-09-16_H02M54S16646960.zip,FY2025P01-P12_070_TAS_Contracts_AccountBreakdownByAward_2026-09-16_H02M56S53_01.csv,data/raw/DHS_FY2025P12_c/FY2025P01-P12_070_TAS_AccountBreakdownByAward_2026-09-16_H02M54S16646960.zip!FY2025P01-P12_070_TAS_Contracts_AccountBreakdownByAward_2026-09-16_H02M56S53_01.csv,209620,Contracts,https://files.usaspending.gov/generated_downloads/FY2025P01-P12_070_TAS_AccountBreakdownByAward_2026-09-16_H02M54S16646960.zip,State and local governments
FY2025P05,070-0540,070-2024/2024-0540-000,,0005,25.2,D,Q,,CONT_AWD_70CDCR21P00000009_7012_-NONE-_-NONE-,70CDCR21P00000009,,,,SG98APEZBLZ6,"SAN DIEGO, COUNTY OF",SG98APEZBLZ6,"SAN DIEGO, COUNTY OF",NETWORK ACCESS,localhost:3000/award/CONT_AWD_70CDCR21P00000009_7012_-NONE-_-NONE-/,2025-05-15,DHS_FY2025P12_c:FY2025P01-P12_070_TAS_Contracts_AccountBreakdownByAward_2026-09-16_H02M56S53_01.csv:row:209621,data/raw/DHS_FY2025P12_c/FY2025P01-P12_070_TAS_AccountBreakdownByAward_2026-09-16_H02M54S16646960.zip,FY2025P01-P12_070_TAS_Contracts_AccountBreakdownByAward_2026-09-16_H02M56S53_01.csv,data/raw/DHS_FY2025P12_c/FY2025P01-P12_070_TAS_AccountBreakdownByAward_2026-09-16_H02M54S16646960.zip!FY2025P01-P12_070_TAS_Contracts_AccountBreakdownByAward_2026-09-16_H02M56S53_01.csv,209621,Contracts,https://files.usaspending.gov/generated_downloads/FY2025P01-P12_070_TAS_AccountBreakdownByAward_2026-09-16_H02M54S16646960.zip,State and local governments
FY2025P11,070-0540,070-2024/2024-0540-000,,0005,25.2,D,Q,,CONT_AWD_70CDCR21P00000035_7012_-NONE-_-NONE-,70CDCR21P00000035,,,,CMJDW5CP7WA8,HUDSON RIVER PARK TRUST,CMJDW5CP7WA8,HUDSON RIVER PARK TRUST,PROVIDE SECURE PARKING SPACES DHS/ICE/ERO NEW YORK,localhost:3000/award/CONT_AWD_70CDCR21P00000035_7012_-NONE-_-NONE-/,2025-12-05,DHS_FY2025P12_c:FY2025P01-P12_070_TAS_Contracts_AccountBreakdownByAward_2026-09-16_H02M56S53_01.csv:row:211222,data/raw/DHS_FY2025P12_c/FY2025P01-P12_070_TAS_AccountBreakdownByAward_2026-09-16_H02M54S16646960.zip,FY2025P01-P12_070_TAS_Contracts_AccountBreakdownByAward_2026-09-16_H02M56S53_01.csv,data/raw/DHS_FY2025P12_c/FY2025P01-P12_070_TAS_AccountBreakdownByAward_2026-09-16_H02M54S16646960.zip!FY2025P01-P12_070_TAS_Contracts_AccountBreakdownByAward_2026-09-16_H02M56S53_01.csv,211222,Contracts,https://files.usaspending.gov/generated_downloads/FY2025P01-P12_070_TAS_AccountBreakdownByAward_2026-09-16_H02M54S16646960.zip,State and local governments
FY2025P05,070-0540,070-2024/2024-0540-000,,0005,25.2,D,Q,,CONT_AWD_70CDCR21P00000035_7012_-NONE-_-NONE-,70CDCR21P00000035,,,,CMJDW5CP7WA8,HUDSON RIVER PARK TRUST,CMJDW5CP7WA8,HUDSON RIVER PARK TRUST,PROVIDE SECURE PARKING SPACES DHS/ICE/ERO NEW YORK,localhost:3000/award/CONT_AWD_70CDCR21P00000035_7012_-NONE-_-NONE-/,2025-05-15,DHS_FY2025P12_c:FY2025P01-P12_070_TAS_Contracts_AccountBreakdownByAward_2026-09-16_H02M56S53_01.csv:row:211224,data/raw/DHS_FY2025P12_c/FY2025P01-P12_070_TAS_AccountBreakdownByAward_2026-09-16_H02M54S16646960.zip,FY2025P01-P12_070_TAS_Contracts_AccountBreakdownByAward_2026-09-16_H02M56S53_01.csv,data/raw/DHS_FY2025P12_c/FY2025P01-P12_070_TAS_AccountBreakdownByAward_2026-09-16_H02M54S16646960.zip!FY2025P01-P12_070_TAS_Contracts_AccountBreakdownByAward_2026-09-16_H02M56S53_01.csv,211224,Contracts,https://files.usaspending.gov/generated_downloads/FY2025P01-P12_070_TAS_AccountBreakdownByAward_2026-09-16_H02M54S16646960.zip,State and local governments
FY2025P10,070-0540,070-2024/2024-0540-000,,0005,25.2,D,Q,,CONT_AWD_70CDCR21P00000035_7012_-NONE-_-NONE-,70CDCR21P00000035,,,,CMJDW5CP7WA8,HUDSON RIVER PARK TRUST,CMJDW5CP7WA8,HUDSON RIVER PARK TRUST,PROVIDE SECURE PARKING SPACES DHS/ICE/ERO NEW YORK,localhost:3000/award/CONT_AWD_70CDCR21P00000035_7012_-NONE-_-NONE-/,2025-09-10,DHS_FY2025P12_c:FY2025P01-P12_070_TAS_Contracts_AccountBreakdownByAward_2026-09-16_H02M56S53_01.csv:row:211225,data/raw/DHS_FY2025P12_c/FY2025P01-P12_070_TAS_AccountBreakdownByAward_2026-09-16_H02M54S16646960.zip,FY2025P01-P12_070_TAS_Contracts_AccountBreakdownByAward_2026-09-16_H02M56S53_01.csv,data/raw/DHS_FY2025P12_c/FY2025P01-P12_070_TAS_AccountBreakdownByAward_2026-09-16_H02M54S16646960.zip!FY2025P01-P12_070_TAS_Contracts_AccountBreakdownByAward_2026-09-16_H02M56S53_01.csv,211225,Contracts,https://files.usaspending.gov/generated_downloads/FY2025P01-P12_070_TAS_AccountBreakdownByAward_2026-09-16_H02M54S16646960.zip,State and local governments
FY2025P06,070-0540,070-2024/2024-0540-000,,0005,25.2,D,Q,,CONT_AWD_70CDCR21P00000035_7012_-NONE-_-NONE-,70CDCR21P00000035,,,,CMJDW5CP7WA8,HUDSON RIVER PARK TRUST,CMJDW5CP7WA8,HUDSON RIVER PARK TRUST,PROVIDE SECURE PARKING SPACES DHS/ICE/ERO NEW YORK,localhost:3000/award/CONT_AWD_70CDCR21P00000035_7012_-NONE-_-NONE-/,2025-05-15,DHS_FY2025P12_c:FY2025P01-P12_070_TAS_Contracts_AccountBreakdownByAward_2026-09-16_H02M56S53_01.csv:row:211227,data/raw/DHS_FY2025P12_c/FY2025P01-P12_070_TAS_AccountBreakdownByAward_2026-09-16_H02M54S16646960.zip,FY2025P01-P12_070_TAS_Contracts_AccountBreakdownByAward_2026-09-16_H02M56S53_01.csv,data/raw/DHS_FY2025P12_c/FY2025P01-P12_070_TAS_AccountBreakdownByAward_2026-09-16_H02M54S16646960.zip!FY2025P01-P12_070_TAS_Contracts_AccountBreakdownByAward_2026-09-16_H02M56S53_01.csv,211227,Contracts,https://files.usaspending.gov/generated_downloads/FY2025P01-P12_070_TAS_AccountBreakdownByAward_2026-09-16_H02M54S16646960.zip,State and local governments
FY2025P07,070-0540,070-2024/2024-0540-000,,0005,25.2,D,Q,,CONT_AWD_70CDCR21P00000035_7012_-NONE-_-NONE-,70CDCR21P00000035,,,,CMJDW5CP7WA8,HUDSON RIVER PARK TRUST,CMJDW5CP7WA8,HUDSON RIVER PARK TRUST,PROVIDE SECURE PARKING SPACES DHS/ICE/ERO NEW YORK,localhost:3000/award/CONT_AWD_70CDCR21P00000035_7012_-NONE-_-NONE-/,2025-05-30,DHS_FY2025P12_c:FY2025P01-P12_070_TAS_Contracts_AccountBreakdownByAward_2026-09-16_H02M56S53_01.csv:row:211229,data/raw/DHS_FY2025P12_c/FY2025P01-P12_070_TAS_AccountBreakdownByAward_2026-09-16_H02M54S16646960.zip,FY2025P01-P12_070_TAS_Contracts_AccountBreakdownByAward_2026-09-16_H02M56S53_01.csv,data/raw/DHS_FY2025P12_c/FY2025P01-P12_070_TAS_AccountBreakdownByAward_2026-09-16_H02M54S16646960.zip!FY2025P01-P12_070_TAS_Contracts_AccountBreakdownByAward_2026-09-16_H02M56S53_01.csv,211229,Contracts,https://files.usaspending.gov/generated_downloads/FY2025P01-P12_070_TAS_AccountBreakdownByAward_2026-09-16_H02M54S16646960.zip,State and local governments
FY2025P09,070-0540,070-2024/2024-0540-000,,0005,25.2,D,Q,,CONT_AWD_70CDCR21P00000035_7012_-NONE-_-NONE-,70CDCR21P00000035,,,,CMJDW5CP7WA8,HUDSON RIVER PARK TRUST,CMJDW5CP7WA8,HUDSON RIVER PARK TRUST,PROVIDE SECURE PARKING SPACES DHS/ICE/ERO NEW YORK,localhost:3000/award/CONT_AWD_70CDCR21P00000035_7012_-NONE-_-NONE-/,2025-08-13,DHS_FY2025P12_c:FY2025P01-P12_070_TAS_Contracts_AccountBreakdownByAward_2026-09-16_H02M56S53_01.csv:row:211230,data/raw/DHS_FY2025P12_c/FY2025P01-P12_070_TAS_AccountBreakdownByAward_2026-09-16_H02M54S16646960.zip,FY2025P01-P12_070_TAS_Contracts_AccountBreakdownByAward_2026-09-16_H02M56S53_01.csv,data/raw/DHS_FY2025P12_c/FY2025P01-P12_070_TAS_AccountBreakdownByAward_2026-09-16_H02M54S16646960.zip!FY2025P01-P12_070_TAS_Contracts_AccountBreakdownByAward_2026-09-16_H02M56S53_01.csv,211230,Contracts,https://files.usaspending.gov/generated_downloads/FY2025P01-P12_070_TAS_AccountBreakdownByAward_2026-09-16_H02M54S16646960.zip,State and local governments
FY2025P08,070-0540,070-2024/2024-0540-000,,0005,25.2,D,Q,,CONT_AWD_70CDCR21P00000035_7012_-NONE-_-NONE-,70CDCR21P00000035,,,,CMJDW5CP7WA8,HUDSON RIVER PARK TRUST,CMJDW5CP7WA8,HUDSON RIVER PARK TRUST,PROVIDE SECURE PARKING SPACES DHS/ICE/ERO NEW YORK,localhost:3000/award/CONT_AWD_70CDCR21P00000035_7012_-NONE-_-NONE-/,2025-07-01,DHS_FY2025P12_c:FY2025P01-P12_070_TAS_Contracts_AccountBreakdownByAward_2026-09-16_H02M56S53_01.csv:row:211231,data/raw/DHS_FY2025P12_c/FY2025P01-P12_070_TAS_AccountBreakdownByAward_2026-09-16_H02M54S16646960.zip,FY2025P01-P12_070_TAS_Contracts_AccountBreakdownByAward_2026-09-16_H02M56S53_01.csv,data/raw/DHS_FY2025P12_c/FY2025P01-P12_070_TAS_AccountBreakdownByAward_2026-09-16_H02M54S16646960.zip!FY2025P01-P12_070_TAS_Contracts_AccountBreakdownByAward_2026-09-16_H02M56S53_01.csv,211231,Contracts,https://files.usaspending.gov/generated_downloads/FY2025P01-P12_070_TAS_AccountBreakdownByAward_2026-09-16_H02M54S16646960.zip,State and local governments
FY2025P12,070-0540,070-2025/2025-0540-000,,0005,25.2,D,Q,,CONT_AWD_70CDCR21P00000035_7012_-NONE-_-NONE-,70CDCR21P00000035,,,,CMJDW5CP7WA8,HUDSON RIVER PARK TRUST,CMJDW5CP7WA8,HUDSON RIVER PARK TRUST,PROVIDE SECURE PARKING SPACES DHS/ICE/ERO NEW YORK,localhost:3000/award/CONT_AWD_70CDCR21P00000035_7012_-NONE-_-NONE-/,2025-12-05,DHS_FY2025P12_c:FY2025P01-P12_070_TAS_Contracts_AccountBreakdownByAward_2026-09-16_H02M56S53_01.csv:row:211232,data/raw/DHS_FY2025P12_c/FY2025P01-P12_070_TAS_AccountBreakdownByAward_2026-09-16_H02M54S16646960.zip,FY2025P01-P12_070_TAS_Contracts_AccountBreakdownByAward_2026-09-16_H02M56S53_01.csv,data/raw/DHS_FY2025P12_c/FY2025P01-P12_070_TAS_AccountBreakdownByAward_2026-09-16_H02M54S16646960.zip!FY2025P01-P12_070_TAS_Contracts_AccountBreakdownByAward_2026-09-16_H02M56S53_01.csv,211232,Contracts,https://files.usaspending.gov/generated_downloads/FY2025P01-P12_070_TAS_AccountBreakdownByAward_2026-09-16_H02M54S16646960.zip,State and local governments
FY2025P12,070-0540,070-2024/2024-0540-000,,0005,25.2,D,Q,,CONT_AWD_70CDCR21P00000035_7012_-NONE-_-NONE-,70CDCR21P00000035,,,,CMJDW5CP7WA8,HUDSON RIVER PARK TRUST,CMJDW5CP7WA8,HUDSON RIVER PARK TRUST,PROVIDE SECURE PARKING SPACES DHS/ICE/ERO NEW YORK,localhost:3000/award/CONT_AWD_70CDCR21P00000035_7012_-NONE-_-NONE-/,2025-12-05,DHS_FY2025P12_c:FY2025P01-P12_070_TAS_Contracts_AccountBreakdownByAward_2026-09-16_H02M56S53_01.csv:row:211233,data/raw/DHS_FY2025P12_c/FY2025P01-P12_070_TAS_AccountBreakdownByAward_2026-09-16_H02M54S16646960.zip,FY2025P01-P12_070_TAS_Contracts_AccountBreakdownByAward_2026-09-16_H02M56S53_01.csv,data/raw/DHS_FY2025P12_c/FY2025P01-P12_070_TAS_AccountBreakdownByAward_2026-09-16_H02M54S16646960.zip!FY2025P01-P12_070_TAS_Contracts_AccountBreakdownByAward_2026-09-16_H02M56S53_01.csv,211233,Contracts,https://files.usaspending.gov/generated_downloads/FY2025P01-P12_070_TAS_AccountBreakdownByAward_2026-09-16_H02M54S16646960.zip,State and local governments
FY2025P11,070-0540,070-2025/2025-0540-000,,0005,25.2,D,Q,169035.79,CONT_AWD_70CDCR21P00000035_7012_-NONE-_-NONE-,70CDCR21P00000035,,,,CMJDW5CP7WA8,HUDSON RIVER PARK TRUST,CMJDW5CP7WA8,HUDSON RIVER PARK TRUST,PROVIDE SECURE PARKING SPACES DHS/ICE/ERO NEW YORK,localhost:3000/award/CONT_AWD_70CDCR21P00000035_7012_-NONE-_-NONE-/,2025-12-05,DHS_FY2025P12_c:FY2025P01-P12_070_TAS_Contracts_AccountBreakdownByAward_2026-09-16_H02M56S53_01.csv:row:211234,data/raw/DHS_FY2025P12_c/FY2025P01-P12_070_TAS_AccountBreakdownByAward_2026-09-16_H02M54S16646960.zip,FY2025P01-P12_070_TAS_Contracts_AccountBreakdownByAward_2026-09-16_H02M56S53_01.csv,data/raw/DHS_FY2025P12_c/FY2025P01-P12_070_TAS_AccountBreakdownByAward_2026-09-16_H02M54S16646960.zip!FY2025P01-P12_070_TAS_Contracts_AccountBreakdownByAward_2026-09-16_H02M56S53_01.csv,211234,Contracts,https://files.usaspending.gov/generated_downloads/FY2025P01-P12_070_TAS_AccountBreakdownByAward_2026-09-16_H02M54S16646960.zip,State and local governments
FY2025P09,070-0540,070-2020/2020-0540-000,,0005,25.1,D,Q,-5768.00,CONT_AWD_70CDCR20P00000045_7012_-NONE-_-NONE-,70CDCR20P00000045,,,,RX9JLN13KYH6,"LONG BEACH, CITY OF",RX9JLN13KYH6,"LONG BEACH, CITY OF",FIREARMS QUALIFATIONS AND TRAINING,localhost:3000/award/CONT_AWD_70CDCR20P00000045_7012_-NONE-_-NONE-/,2025-08-13,DHS_FY2025P12_c:FY2025P01-P12_070_TAS_Contracts_AccountBreakdownByAward_2026-09-16_H02M56S53_01.csv:row:213347,data/raw/DHS_FY2025P12_c/FY2025P01-P12_070_TAS_AccountBreakdownByAward_2026-09-16_H02M54S16646960.zip,FY2025P01-P12_070_TAS_Contracts_AccountBreakdownByAward_2026-09-16_H02M56S53_01.csv,data/raw/DHS_FY2025P12_c/FY2025P01-P12_070_TAS_AccountBreakdownByAward_2026-09-16_H02M54S16646960.zip!FY2025P01-P12_070_TAS_Contracts_AccountBreakdownByAward_2026-09-16_H02M56S53_01.csv,213347,Contracts,https://files.usaspending.gov/generated_downloads/FY2025P01-P12_070_TAS_AccountBreakdownByAward_2026-09-16_H02M54S16646960.zip,State and local governments
FY2025P11,070-0540,070-2024/2025-0540-000,,0004,25.2,D,Q,53520.00,CONT_AWD_70CMSD25P00000116_7012_-NONE-_-NONE-,70CMSD25P00000116,,,,U8LTFJCZLK68,PHILADELPHIA PARKING AUTHORITY,U8LTFJCZLK68,PHILADELPHIA PARKING AUTHORITY,THIS AWARD PROVIDES THE RENTAL OF INDOOR PARKING GARAGE SPACES REQUIRED FOR GOVERNMENT VEHICLES FOR ICE HOMELAND SECURITY INVESTIGATIONS PHILADELPHIA.,localhost:3000/award/CONT_AWD_70CMSD25P00000116_7012_-NONE-_-NONE-/,2025-12-05,DHS_FY2025P12_c:FY2025P01-P12_070_TAS_Contracts_AccountBreakdownByAward_2026-09-16_H02M56S53_01.csv:row:218441,data/raw/DHS_FY2025P12_c/FY2025P01-P12_070_TAS_AccountBreakdownByAward_2026-09-16_H02M54S16646960.zip,FY2025P01-P12_070_TAS_Contracts_AccountBreakdownByAward_2026-09-16_H02M56S53_01.csv,data/raw/DHS_FY2025P12_c/FY2025P01-P12_070_TAS_AccountBreakdownByAward_2026-09-16_H02M54S16646960.zip!FY2025P01-P12_070_TAS_Contracts_AccountBreakdownByAward_2026-09-16_H02M56S53_01.csv,218441,Contracts,https://files.usaspending.gov/generated_downloads/FY2025P01-P12_070_TAS_AccountBreakdownByAward_2026-09-16_H02M54S16646960.zip,State and local governments
FY2025P09,070-0540,070-2025/2025-0540-000,,0005,25.2,D,Q,280.00,CONT_AWD_HSCECR16P00001_7012_-NONE-_-NONE-,HSCECR16P00001,,,,G5CPENQNTPK1,"PUBLIC SAFETY & CORRECTIONAL SERVICES, MARYLAND DEPT OF",EJEEH8S7HW17,STATE OF MARYLAND,IGF::OT::IGF CONTINUE ACCESS TO ENHANCE ABILITY TO IDENTIFY&LOCATE CREIMINAL ALIENS,localhost:3000/award/CONT_AWD_HSCECR16P00001_7012_-NONE-_-NONE-/,2025-08-13,DHS_FY2025P12_c:FY2025P01-P12_070_TAS_Contracts_AccountBreakdownByAward_2026-09-16_H02M56S53_01.csv:row:231312,data/raw/DHS_FY2025P12_c/FY2025P01-P12_070_TAS_AccountBreakdownByAward_2026-09-16_H02M54S16646960.zip,FY2025P01-P12_070_TAS_Contracts_AccountBreakdownByAward_2026-09-16_H02M56S53_01.csv,data/raw/DHS_FY2025P12_c/FY2025P01-P12_070_TAS_AccountBreakdownByAward_2026-09-16_H02M54S16646960.zip!FY2025P01-P12_070_TAS_Contracts_AccountBreakdownByAward_2026-09-16_H02M56S53_01.csv,231312,Contracts,https://files.usaspending.gov/generated_downloads/FY2025P01-P12_070_TAS_AccountBreakdownByAward_2026-09-16_H02M54S16646960.zip,State and local governments
FY2025P09,070-0540,070-2024/2024-0540-000,,0004,25.7,D,Q,,CONT_AWD_70CMSD21P00000087_7012_-NONE-_-NONE-,70CMSD21P00000087,,,,CU82DUZEEL81,SAN DIEGO ASSOCIATION OF GOVERNMENTS,CU82DUZEEL81,SAN DIEGO ASSOCIATION OF GOVERNMENTS,ARJIS NETWORK AND ESUN ACCESS,localhost:3000/award/CONT_AWD_70CMSD21P00000087_7012_-NONE-_-NONE-/,2025-08-13,DHS_FY2025P12_c:FY2025P01-P12_070_TAS_Contracts_AccountBreakdownByAward_2026-09-16_H02M56S53_01.csv:row:231779,data/raw/DHS_FY2025P12_c/FY2025P01-P12_070_TAS_AccountBreakdownByAward_2026-09-16_H02M54S16646960.zip,FY2025P01-P12_070_TAS_Contracts_AccountBreakdownByAward_2026-09-16_H02M56S53_01.csv,data/raw/DHS_FY2025P12_c/FY2025P01-P12_070_TAS_AccountBreakdownByAward_2026-09-16_H02M54S16646960.zip!FY2025P01-P12_070_TAS_Contracts_AccountBreakdownByAward_2026-09-16_H02M56S53_01.csv,231779,Contracts,https://files.usaspending.gov/generated_downloads/FY2025P01-P12_070_TAS_AccountBreakdownByAward_2026-09-16_H02M54S16646960.zip,State and local governments
FY2025P08,070-0540,070-2024/2024-0540-000,,0004,25.7,D,Q,,CONT_AWD_70CMSD21P00000087_7012_-NONE-_-NONE-,70CMSD21P00000087,,,,CU82DUZEEL81,SAN DIEGO ASSOCIATION OF GOVERNMENTS,CU82DUZEEL81,SAN DIEGO ASSOCIATION OF GOVERNMENTS,ARJIS NETWORK AND ESUN ACCESS,localhost:3000/award/CONT_AWD_70CMSD21P00000087_7012_-NONE-_-NONE-/,2025-07-01,DHS_FY2025P12_c:FY2025P01-P12_070_TAS_Contracts_AccountBreakdownByAward_2026-09-16_H02M56S53_01.csv:row:231780,data/raw/DHS_FY2025P12_c/FY2025P01-P12_070_TAS_AccountBreakdownByAward_2026-09-16_H02M54S16646960.zip,FY2025P01-P12_070_TAS_Contracts_AccountBreakdownByAward_2026-09-16_H02M56S53_01.csv,data/raw/DHS_FY2025P12_c/FY2025P01-P12_070_TAS_AccountBreakdownByAward_2026-09-16_H02M54S16646960.zip!FY2025P01-P12_070_TAS_Contracts_AccountBreakdownByAward_2026-09-16_H02M56S53_01.csv,231780,Contracts,https://files.usaspending.gov/generated_downloads/FY2025P01-P12_070_TAS_AccountBreakdownByAward_2026-09-16_H02M54S16646960.zip,State and local governments
FY2025P07,070-0540,070-2024/2024-0540-000,,0004,25.7,D,Q,,CONT_AWD_70CMSD21P00000087_7012_-NONE-_-NONE-,70CMSD21P00000087,,,,CU82DUZEEL81,SAN DIEGO ASSOCIATION OF GOVERNMENTS,CU82DUZEEL81,SAN DIEGO ASSOCIATION OF GOVERNMENTS,ARJIS NETWORK AND ESUN ACCESS,localhost:3000/award/CONT_AWD_70CMSD21P00000087_7012_-NONE-_-NONE-/,2025-05-30,DHS_FY2025P12_c:FY2025P01-P12_070_TAS_Contracts_AccountBreakdownByAward_2026-09-16_H02M56S53_01.csv:row:231782,data/raw/DHS_FY2025P12_c/FY2025P01-P12_070_TAS_AccountBreakdownByAward_2026-09-16_H02M54S16646960.zip,FY2025P01-P12_070_TAS_Contracts_AccountBreakdownByAward_2026-09-16_H02M56S53_01.csv,data/raw/DHS_FY2025P12_c/FY2025P01-P12_070_TAS_AccountBreakdownByAward_2026-09-16_H02M54S16646960.zip!FY2025P01-P12_070_TAS_Contracts_AccountBreakdownByAward_2026-09-16_H02M56S53_01.csv,231782,Contracts,https://files.usaspending.gov/generated_downloads/FY2025P01-P12_070_TAS_AccountBreakdownByAward_2026-09-16_H02M54S16646960.zip,State and local governments
FY2025P06,070-0540,070-2024/2024-0540-000,,0004,25.7,D,Q,,CONT_AWD_70CMSD21P00000087_7012_-NONE-_-NONE-,70CMSD21P00000087,,,,CU82DUZEEL81,SAN DIEGO ASSOCIATION OF GOVERNMENTS,CU82DUZEEL81,SAN DIEGO ASSOCIATION OF GOVERNMENTS,ARJIS NETWORK AND ESUN ACCESS,localhost:3000/award/CONT_AWD_70CMSD21P00000087_7012_-NONE-_-NONE-/,2025-05-15,DHS_FY2025P12_c:FY2025P01-P12_070_TAS_Contracts_AccountBreakdownByAward_2026-09-16_H02M56S53_01.csv:row:231783,data/raw/DHS_FY2025P12_c/FY2025P01-P12_070_TAS_AccountBreakdownByAward_2026-09-16_H02M54S16646960.zip,FY2025P01-P12_070_TAS_Contracts_AccountBreakdownByAward_2026-09-16_H02M56S53_01.csv,data/raw/DHS_FY2025P12_c/FY2025P01-P12_070_TAS_AccountBreakdownByAward_2026-09-16_H02M54S16646960.zip!FY2025P01-P12_070_TAS_Contracts_AccountBreakdownByAward_2026-09-16_H02M56S53_01.csv,231783,Contracts,https://files.usaspending.gov/generated_downloads/FY2025P01-P12_070_TAS_AccountBreakdownByAward_2026-09-16_H02M54S16646960.zip,State and local governments
FY2025P05,070-0540,070-2024/2024-0540-000,,0004,25.7,D,Q,,CONT_AWD_70CMSD21P00000087_7012_-NONE-_-NONE-,70CMSD21P00000087,,,,CU82DUZEEL81,SAN DIEGO ASSOCIATION OF GOVERNMENTS,CU82DUZEEL81,SAN DIEGO ASSOCIATION OF GOVERNMENTS,ARJIS NETWORK AND ESUN ACCESS,localhost:3000/award/CONT_AWD_70CMSD21P00000087_7012_-NONE-_-NONE-/,2025-05-15,DHS_FY2025P12_c:FY2025P01-P12_070_TAS_Contracts_AccountBreakdownByAward_2026-09-16_H02M56S53_01.csv:row:231784,data/raw/DHS_FY2025P12_c/FY2025P01-P12_070_TAS_AccountBreakdownByAward_2026-09-16_H02M54S16646960.zip,FY2025P01-P12_070_TAS_Contracts_AccountBreakdownByAward_2026-09-16_H02M56S53_01.csv,data/raw/DHS_FY2025P12_c/FY2025P01-P12_070_TAS_AccountBreakdownByAward_2026-09-16_H02M54S16646960.zip!FY2025P01-P12_070_TAS_Contracts_AccountBreakdownByAward_2026-09-16_H02M56S53_01.csv,231784,Contracts,https://files.usaspending.gov/generated_downloads/FY2025P01-P12_070_TAS_AccountBreakdownByAward_2026-09-16_H02M54S16646960.zip,State and local governments
FY2025P10,070-0540,070-2024/2024-0540-000,,0004,25.7,D,Q,,CONT_AWD_70CMSD21P00000087_7012_-NONE-_-NONE-,70CMSD21P00000087,,,,CU82DUZEEL81,SAN DIEGO ASSOCIATION OF GOVERNMENTS,CU82DUZEEL81,SAN DIEGO ASSOCIATION OF GOVERNMENTS,ARJIS NETWORK AND ESUN ACCESS,localhost:3000/award/CONT_AWD_70CMSD21P00000087_7012_-NONE-_-NONE-/,2025-09-10,DHS_FY2025P12_c:FY2025P01-P12_070_TAS_Contracts_AccountBreakdownByAward_2026-09-16_H02M56S53_01.csv:row:231786,data/raw/DHS_FY2025P12_c/FY2025P01-P12_070_TAS_AccountBreakdownByAward_2026-09-16_H02M54S16646960.zip,FY2025P01-P12_070_TAS_Contracts_AccountBreakdownByAward_2026-09-16_H02M56S53_01.csv,data/raw/DHS_FY2025P12_c/FY2025P01-P12_070_TAS_AccountBreakdownByAward_2026-09-16_H02M54S16646960.zip!FY2025P01-P12_070_TAS_Contracts_AccountBreakdownByAward_2026-09-16_H02M56S53_01.csv,231786,Contracts,https://files.usaspending.gov/generated_downloads/FY2025P01-P12_070_TAS_AccountBreakdownByAward_2026-09-16_H02M54S16646960.zip,State and local governments
FY2025P11,070-0540,070-2024/2024-0540-000,,0004,25.7,D,Q,,CONT_AWD_70CMSD21P00000087_7012_-NONE-_-NONE-,70CMSD21P00000087,,,,CU82DUZEEL81,SAN DIEGO ASSOCIATION OF GOVERNMENTS,CU82DUZEEL81,SAN DIEGO ASSOCIATION OF GOVERNMENTS,ARJIS NETWORK AND ESUN ACCESS,localhost:3000/award/CONT_AWD_70CMSD21P00000087_7012_-NONE-_-NONE-/,2025-12-05,DHS_FY2025P12_c:FY2025P01-P12_070_TAS_Contracts_AccountBreakdownByAward_2026-09-16_H02M56S53_01.csv:row:231788,data/raw/DHS_FY2025P12_c/FY2025P01-P12_070_TAS_AccountBreakdownByAward_2026-09-16_H02M54S16646960.zip,FY2025P01-P12_070_TAS_Contracts_AccountBreakdownByAward_2026-09-16_H02M56S53_01.csv,data/raw/DHS_FY2025P12_c/FY2025P01-P12_070_TAS_AccountBreakdownByAward_2026-09-16_H02M54S16646960.zip!FY2025P01-P12_070_TAS_Contracts_AccountBreakdownByAward_2026-09-16_H02M56S53_01.csv,231788,Contracts,https://files.usaspending.gov/generated_downloads/FY2025P01-P12_070_TAS_AccountBreakdownByAward_2026-09-16_H02M54S16646960.zip,State and local governments
FY2025P12,070-0540,070-2024/2024-0540-000,,0004,25.7,D,Q,,CONT_AWD_70CMSD21P00000087_7012_-NONE-_-NONE-,70CMSD21P00000087,,,,CU82DUZEEL81,SAN DIEGO ASSOCIATION OF GOVERNMENTS,CU82DUZEEL81,SAN DIEGO ASSOCIATION OF GOVERNMENTS,ARJIS NETWORK AND ESUN ACCESS,localhost:3000/award/CONT_AWD_70CMSD21P00000087_7012_-NONE-_-NONE-/,2025-12-05,DHS_FY2025P12_c:FY2025P01-P12_070_TAS_Contracts_AccountBreakdownByAward_2026-09-16_H02M56S53_01.csv:row:231789,data/raw/DHS_FY2025P12_c/FY2025P01-P12_070_TAS_AccountBreakdownByAward_2026-09-16_H02M54S16646960.zip,FY2025P01-P12_070_TAS_Contracts_AccountBreakdownByAward_2026-09-16_H02M56S53_01.csv,data/raw/DHS_FY2025P12_c/FY2025P01-P12_070_TAS_AccountBreakdownByAward_2026-09-16_H02M54S16646960.zip!FY2025P01-P12_070_TAS_Contracts_AccountBreakdownByAward_2026-09-16_H02M56S53_01.csv,231789,Contracts,https://files.usaspending.gov/generated_downloads/FY2025P01-P12_070_TAS_AccountBreakdownByAward_2026-09-16_H02M54S16646960.zip,State and local governments
FY2025P09,070-0540,070-2024/2024-0540-000,,0005,23.2,D,Q,,CONT_AWD_70CMSW24P00000004_7012_-NONE-_-NONE-,70CMSW24P00000004,,,,H8YFF5F9TM53,THE HIGHLANDS RANCH LAW ENFORCEMENT TRAINING FOUNDATION,H8YFF5F9TM53,THE HIGHLANDS RANCH LAW ENFORCEMENT TRAINING FOUNDATION,LEASING SPACE AT HIGHLANDS RANCH LAW ENFORCEMENT TRAINING FACILITY FOR ERO OFFICER QUALIFYING PURPOSES,localhost:3000/award/CONT_AWD_70CMSW24P00000004_7012_-NONE-_-NONE-/,2025-08-13,DHS_FY2025P12_c:FY2025P01-P12_070_TAS_Contracts_AccountBreakdownByAward_2026-09-16_H02M56S53_01.csv:row:242020,data/raw/DHS_FY2025P12_c/FY2025P01-P12_070_TAS_AccountBreakdownByAward_2026-09-16_H02M54S16646960.zip,FY2025P01-P12_070_TAS_Contracts_AccountBreakdownByAward_2026-09-16_H02M56S53_01.csv,data/raw/DHS_FY2025P12_c/FY2025P01-P12_070_TAS_AccountBreakdownByAward_2026-09-16_H02M54S16646960.zip!FY2025P01-P12_070_TAS_Contracts_AccountBreakdownByAward_2026-09-16_H02M56S53_01.csv,242020,Contracts,https://files.usaspending.gov/generated_downloads/FY2025P01-P12_070_TAS_AccountBreakdownByAward_2026-09-16_H02M54S16646960.zip,Other public or nonprofit entities
FY2025P08,070-0540,070-2025/2025-0540-000,,0005,23.2,D,Q,,CONT_AWD_70CMSW24P00000004_7012_-NONE-_-NONE-,70CMSW24P00000004,,,,H8YFF5F9TM53,THE HIGHLANDS RANCH LAW ENFORCEMENT TRAINING FOUNDATION,H8YFF5F9TM53,THE HIGHLANDS RANCH LAW ENFORCEMENT TRAINING FOUNDATION,LEASING SPACE AT HIGHLANDS RANCH LAW ENFORCEMENT TRAINING FACILITY FOR ERO OFFICER QUALIFYING PURPOSES,localhost:3000/award/CONT_AWD_70CMSW24P00000004_7012_-NONE-_-NONE-/,2025-07-01,DHS_FY2025P12_c:FY2025P01-P12_070_TAS_Contracts_AccountBreakdownByAward_2026-09-16_H02M56S53_01.csv:row:242021,data/raw/DHS_FY2025P12_c/FY2025P01-P12_070_TAS_AccountBreakdownByAward_2026-09-16_H02M54S16646960.zip,FY2025P01-P12_070_TAS_Contracts_AccountBreakdownByAward_2026-09-16_H02M56S53_01.csv,data/raw/DHS_FY2025P12_c/FY2025P01-P12_070_TAS_AccountBreakdownByAward_2026-09-16_H02M54S16646960.zip!FY2025P01-P12_070_TAS_Contracts_AccountBreakdownByAward_2026-09-16_H02M56S53_01.csv,242021,Contracts,https://files.usaspending.gov/generated_downloads/FY2025P01-P12_070_TAS_AccountBreakdownByAward_2026-09-16_H02M54S16646960.zip,Other public or nonprofit entities
FY2025P07,070-0540,070-2024/2024-0540-000,,0005,23.2,D,Q,,CONT_AWD_70CMSW24P00000004_7012_-NONE-_-NONE-,70CMSW24P00000004,,,,H8YFF5F9TM53,THE HIGHLANDS RANCH LAW ENFORCEMENT TRAINING FOUNDATION,H8YFF5F9TM53,THE HIGHLANDS RANCH LAW ENFORCEMENT TRAINING FOUNDATION,LEASING SPACE AT HIGHLANDS RANCH LAW ENFORCEMENT TRAINING FACILITY FOR ERO OFFICER QUALIFYING PURPOSES,localhost:3000/award/CONT_AWD_70CMSW24P00000004_7012_-NONE-_-NONE-/,2025-05-30,DHS_FY2025P12_c:FY2025P01-P12_070_TAS_Contracts_AccountBreakdownByAward_2026-09-16_H02M56S53_01.csv:row:242024,data/raw/DHS_FY2025P12_c/FY2025P01-P12_070_TAS_AccountBreakdownByAward_2026-09-16_H02M54S16646960.zip,FY2025P01-P12_070_TAS_Contracts_AccountBreakdownByAward_2026-09-16_H02M56S53_01.csv,data/raw/DHS_FY2025P12_c/FY2025P01-P12_070_TAS_AccountBreakdownByAward_2026-09-16_H02M54S16646960.zip!FY2025P01-P12_070_TAS_Contracts_AccountBreakdownByAward_2026-09-16_H02M56S53_01.csv,242024,Contracts,https://files.usaspending.gov/generated_downloads/FY2025P01-P12_070_TAS_AccountBreakdownByAward_2026-09-16_H02M54S16646960.zip,Other public or nonprofit entities
FY2025P05,070-0540,070-2024/2024-0540-000,,0005,23.2,D,Q,,CONT_AWD_70CMSW24P00000004_7012_-NONE-_-NONE-,70CMSW24P00000004,,,,H8YFF5F9TM53,THE HIGHLANDS RANCH LAW ENFORCEMENT TRAINING FOUNDATION,H8YFF5F9TM53,THE HIGHLANDS RANCH LAW ENFORCEMENT TRAINING FOUNDATION,LEASING SPACE AT HIGHLANDS RANCH LAW ENFORCEMENT TRAINING FACILITY FOR ERO OFFICER QUALIFYING PURPOSES,localhost:3000/award/CONT_AWD_70CMSW24P00000004_7012_-NONE-_-NONE-/,2025-05-15,DHS_FY2025P12_c:FY2025P01-P12_070_TAS_Contracts_AccountBreakdownByAward_2026-09-16_H02M56S53_01.csv:row:242025,data/raw/DHS_FY2025P12_c/FY2025P01-P12_070_TAS_AccountBreakdownByAward_2026-09-16_H02M54S16646960.zip,FY2025P01-P12_070_TAS_Contracts_AccountBreakdownByAward_2026-09-16_H02M56S53_01.csv,data/raw/DHS_FY2025P12_c/FY2025P01-P12_070_TAS_AccountBreakdownByAward_2026-09-16_H02M54S16646960.zip!FY2025P01-P12_070_TAS_Contracts_AccountBreakdownByAward_2026-09-16_H02M56S53_01.csv,242025,Contracts,https://files.usaspending.gov/generated_downloads/FY2025P01-P12_070_TAS_AccountBreakdownByAward_2026-09-16_H02M54S16646960.zip,Other public or nonprofit entities
FY2025P09,070-0540,070-2025/2025-0540-000,,0005,23.2,D,Q,,CONT_AWD_70CMSW24P00000004_7012_-NONE-_-NONE-,70CMSW24P00000004,,,,H8YFF5F9TM53,THE HIGHLANDS RANCH LAW ENFORCEMENT TRAINING FOUNDATION,H8YFF5F9TM53,THE HIGHLANDS RANCH LAW ENFORCEMENT TRAINING FOUNDATION,LEASING SPACE AT HIGHLANDS RANCH LAW ENFORCEMENT TRAINING FACILITY FOR ERO OFFICER QUALIFYING PURPOSES,localhost:3000/award/CONT_AWD_70CMSW24P00000004_7012_-NONE-_-NONE-/,2025-08-13,DHS_FY2025P12_c:FY2025P01-P12_070_TAS_Contracts_AccountBreakdownByAward_2026-09-16_H02M56S53_01.csv:row:242026,data/raw/DHS_FY2025P12_c/FY2025P01-P12_070_TAS_AccountBreakdownByAward_2026-09-16_H02M54S16646960.zip,FY2025P01-P12_070_TAS_Contracts_AccountBreakdownByAward_2026-09-16_H02M56S53_01.csv,data/raw/DHS_FY2025P12_c/FY2025P01-P12_070_TAS_AccountBreakdownByAward_2026-09-16_H02M54S16646960.zip!FY2025P01-P12_070_TAS_Contracts_AccountBreakdownByAward_2026-09-16_H02M56S53_01.csv,242026,Contracts,https://files.usaspending.gov/generated_downloads/FY2025P01-P12_070_TAS_AccountBreakdownByAward_2026-09-16_H02M54S16646960.zip,Other public or nonprofit entities
FY2025P08,070-0540,070-2024/2024-0540-000,,0005,23.2,D,Q,,CONT_AWD_70CMSW24P00000004_7012_-NONE-_-NONE-,70CMSW24P00000004,,,,H8YFF5F9TM53,THE HIGHLANDS RANCH LAW ENFORCEMENT TRAINING FOUNDATION,H8YFF5F9TM53,THE HIGHLANDS RANCH LAW ENFORCEMENT TRAINING FOUNDATION,LEASING SPACE AT HIGHLANDS RANCH LAW ENFORCEMENT TRAINING FACILITY FOR ERO OFFICER QUALIFYING PURPOSES,localhost:3000/award/CONT_AWD_70CMSW24P00000004_7012_-NONE-_-NONE-/,2025-07-01,DHS_FY2025P12_c:FY2025P01-P12_070_TAS_Contracts_AccountBreakdownByAward_2026-09-16_H02M56S53_01.csv:row:242027,data/raw/DHS_FY2025P12_c/FY2025P01-P12_070_TAS_AccountBreakdownByAward_2026-09-16_H02M54S16646960.zip,FY2025P01-P12_070_TAS_Contracts_AccountBreakdownByAward_2026-09-16_H02M56S53_01.csv,data/raw/DHS_FY2025P12_c/FY2025P01-P12_070_TAS_AccountBreakdownByAward_2026-09-16_H02M54S16646960.zip!FY2025P01-P12_070_TAS_Contracts_AccountBreakdownByAward_2026-09-16_H02M56S53_01.csv,242027,Contracts,https://files.usaspending.gov/generated_downloads/FY2025P01-P12_070_TAS_AccountBreakdownByAward_2026-09-16_H02M54S16646960.zip,Other public or nonprofit entities
FY2025P12,070-0540,070-2025/2025-0540-000,,0005,23.2,D,Q,,CONT_AWD_70CMSW24P00000004_7012_-NONE-_-NONE-,70CMSW24P00000004,,,,H8YFF5F9TM53,THE HIGHLANDS RANCH LAW ENFORCEMENT TRAINING FOUNDATION,H8YFF5F9TM53,THE HIGHLANDS RANCH LAW ENFORCEMENT TRAINING FOUNDATION,LEASING SPACE AT HIGHLANDS RANCH LAW ENFORCEMENT TRAINING FACILITY FOR ERO OFFICER QUALIFYING PURPOSES,localhost:3000/award/CONT_AWD_70CMSW24P00000004_7012_-NONE-_-NONE-/,2025-12-05,DHS_FY2025P12_c:FY2025P01-P12_070_TAS_Contracts_AccountBreakdownByAward_2026-09-16_H02M56S53_01.csv:row:242028,data/raw/DHS_FY2025P12_c/FY2025P01-P12_070_TAS_AccountBreakdownByAward_2026-09-16_H02M54S16646960.zip,FY2025P01-P12_070_TAS_Contracts_AccountBreakdownByAward_2026-09-16_H02M56S53_01.csv,data/raw/DHS_FY2025P12_c/FY2025P01-P12_070_TAS_AccountBreakdownByAward_2026-09-16_H02M54S16646960.zip!FY2025P01-P12_070_TAS_Contracts_AccountBreakdownByAward_2026-09-16_H02M56S53_01.csv,242028,Contracts,https://files.usaspending.gov/generated_downloads/FY2025P01-P12_070_TAS_AccountBreakdownByAward_2026-09-16_H02M54S16646960.zip,Other public or nonprofit entities
FY2025P12,070-0540,070-2024/2024-0540-000,,0005,23.2,D,Q,,CONT_AWD_70CMSW24P00000004_7012_-NONE-_-NONE-,70CMSW24P00000004,,,,H8YFF5F9TM53,THE HIGHLANDS RANCH LAW ENFORCEMENT TRAINING FOUNDATION,H8YFF5F9TM53,THE HIGHLANDS RANCH LAW ENFORCEMENT TRAINING FOUNDATION,LEASING SPACE AT HIGHLANDS RANCH LAW ENFORCEMENT TRAINING FACILITY FOR ERO OFFICER QUALIFYING PURPOSES,localhost:3000/award/CONT_AWD_70CMSW24P00000004_7012_-NONE-_-NONE-/,2025-12-05,DHS_FY2025P12_c:FY2025P01-P12_070_TAS_Contracts_AccountBreakdownByAward_2026-09-16_H02M56S53_01.csv:row:242029,data/raw/DHS_FY2025P12_c/FY2025P01-P12_070_TAS_AccountBreakdownByAward_2026-09-16_H02M54S16646960.zip,FY2025P01-P12_070_TAS_Contracts_AccountBreakdownByAward_2026-09-16_H02M56S53_01.csv,data/raw/DHS_FY2025P12_c/FY2025P01-P12_070_TAS_AccountBreakdownByAward_2026-09-16_H02M54S16646960.zip!FY2025P01-P12_070_TAS_Contracts_AccountBreakdownByAward_2026-09-16_H02M56S53_01.csv,242029,Contracts,https://files.usaspending.gov/generated_downloads/FY2025P01-P12_070_TAS_AccountBreakdownByAward_2026-09-16_H02M54S16646960.zip,Other public or nonprofit entities
FY2025P11,070-0540,070-2024/2024-0540-000,,0005,23.2,D,Q,,CONT_AWD_70CMSW24P00000004_7012_-NONE-_-NONE-,70CMSW24P00000004,,,,H8YFF5F9TM53,THE HIGHLANDS RANCH LAW ENFORCEMENT TRAINING FOUNDATION,H8YFF5F9TM53,THE HIGHLANDS RANCH LAW ENFORCEMENT TRAINING FOUNDATION,LEASING SPACE AT HIGHLANDS RANCH LAW ENFORCEMENT TRAINING FACILITY FOR ERO OFFICER QUALIFYING PURPOSES,localhost:3000/award/CONT_AWD_70CMSW24P00000004_7012_-NONE-_-NONE-/,2025-12-05,DHS_FY2025P12_c:FY2025P01-P12_070_TAS_Contracts_AccountBreakdownByAward_2026-09-16_H02M56S53_01.csv:row:242030,data/raw/DHS_FY2025P12_c/FY2025P01-P12_070_TAS_AccountBreakdownByAward_2026-09-16_H02M54S16646960.zip,FY2025P01-P12_070_TAS_Contracts_AccountBreakdownByAward_2026-09-16_H02M56S53_01.csv,data/raw/DHS_FY2025P12_c/FY2025P01-P12_070_TAS_AccountBreakdownByAward_2026-09-16_H02M54S16646960.zip!FY2025P01-P12_070_TAS_Contracts_AccountBreakdownByAward_2026-09-16_H02M56S53_01.csv,242030,Contracts,https://files.usaspending.gov/generated_downloads/FY2025P01-P12_070_TAS_AccountBreakdownByAward_2026-09-16_H02M54S16646960.zip,Other public or nonprofit entities
FY2025P10,070-0540,070-2025/2025-0540-000,,0005,23.2,D,Q,,CONT_AWD_70CMSW24P00000004_7012_-NONE-_-NONE-,70CMSW24P00000004,,,,H8YFF5F9TM53,THE HIGHLANDS RANCH LAW ENFORCEMENT TRAINING FOUNDATION,H8YFF5F9TM53,THE HIGHLANDS RANCH LAW ENFORCEMENT TRAINING FOUNDATION,LEASING SPACE AT HIGHLANDS RANCH LAW ENFORCEMENT TRAINING FACILITY FOR ERO OFFICER QUALIFYING PURPOSES,localhost:3000/award/CONT_AWD_70CMSW24P00000004_7012_-NONE-_-NONE-/,2025-09-10,DHS_FY2025P12_c:FY2025P01-P12_070_TAS_Contracts_AccountBreakdownByAward_2026-09-16_H02M56S53_01.csv:row:242031,data/raw/DHS_FY2025P12_c/FY2025P01-P12_070_TAS_AccountBreakdownByAward_2026-09-16_H02M54S16646960.zip,FY2025P01-P12_070_TAS_Contracts_AccountBreakdownByAward_2026-09-16_H02M56S53_01.csv,data/raw/DHS_FY2025P12_c/FY2025P01-P12_070_TAS_AccountBreakdownByAward_2026-09-16_H02M54S16646960.zip!FY2025P01-P12_070_TAS_Contracts_AccountBreakdownByAward_2026-09-16_H02M56S53_01.csv,242031,Contracts,https://files.usaspending.gov/generated_downloads/FY2025P01-P12_070_TAS_AccountBreakdownByAward_2026-09-16_H02M54S16646960.zip,Other public or nonprofit entities
FY2025P10,070-0540,070-2024/2024-0540-000,,0005,23.2,D,Q,,CONT_AWD_70CMSW24P00000004_7012_-NONE-_-NONE-,70CMSW24P00000004,,,,H8YFF5F9TM53,THE HIGHLANDS RANCH LAW ENFORCEMENT TRAINING FOUNDATION,H8YFF5F9TM53,THE HIGHLANDS RANCH LAW ENFORCEMENT TRAINING FOUNDATION,LEASING SPACE AT HIGHLANDS RANCH LAW ENFORCEMENT TRAINING FACILITY FOR ERO OFFICER QUALIFYING PURPOSES,localhost:3000/award/CONT_AWD_70CMSW24P00000004_7012_-NONE-_-NONE-/,2025-09-10,DHS_FY2025P12_c:FY2025P01-P12_070_TAS_Contracts_AccountBreakdownByAward_2026-09-16_H02M56S53_01.csv:row:242032,data/raw/DHS_FY2025P12_c/FY2025P01-P12_070_TAS_AccountBreakdownByAward_2026-09-16_H02M54S16646960.zip,FY2025P01-P12_070_TAS_Contracts_AccountBreakdownByAward_2026-09-16_H02M56S53_01.csv,data/raw/DHS_FY2025P12_c/FY2025P01-P12_070_TAS_AccountBreakdownByAward_2026-09-16_H02M54S16646960.zip!FY2025P01-P12_070_TAS_Contracts_AccountBreakdownByAward_2026-09-16_H02M56S53_01.csv,242032,Contracts,https://files.usaspending.gov/generated_downloads/FY2025P01-P12_070_TAS_AccountBreakdownByAward_2026-09-16_H02M54S16646960.zip,Other public or nonprofit entities
FY2025P06,070-0540,070-2024/2024-0540-000,,0005,23.2,D,Q,,CONT_AWD_70CMSW24P00000004_7012_-NONE-_-NONE-,70CMSW24P00000004,,,,H8YFF5F9TM53,THE HIGHLANDS RANCH LAW ENFORCEMENT TRAINING FOUNDATION,H8YFF5F9TM53,THE HIGHLANDS RANCH LAW ENFORCEMENT TRAINING FOUNDATION,LEASING SPACE AT HIGHLANDS RANCH LAW ENFORCEMENT TRAINING FACILITY FOR ERO OFFICER QUALIFYING PURPOSES,localhost:3000/award/CONT_AWD_70CMSW24P00000004_7012_-NONE-_-NONE-/,2025-05-15,DHS_FY2025P12_c:FY2025P01-P12_070_TAS_Contracts_AccountBreakdownByAward_2026-09-16_H02M56S53_01.csv:row:242033,data/raw/DHS_FY2025P12_c/FY2025P01-P12_070_TAS_AccountBreakdownByAward_2026-09-16_H02M54S16646960.zip,FY2025P01-P12_070_TAS_Contracts_AccountBreakdownByAward_2026-09-16_H02M56S53_01.csv,data/raw/DHS_FY2025P12_c/FY2025P01-P12_070_TAS_AccountBreakdownByAward_2026-09-16_H02M54S16646960.zip!FY2025P01-P12_070_TAS_Contracts_AccountBreakdownByAward_2026-09-16_H02M56S53_01.csv,242033,Contracts,https://files.usaspending.gov/generated_downloads/FY2025P01-P12_070_TAS_AccountBreakdownByAward_2026-09-16_H02M54S16646960.zip,Other public or nonprofit entities
FY2025P07,070-0540,070-2025/2025-0540-000,,0005,23.2,D,Q,,CONT_AWD_70CMSW24P00000004_7012_-NONE-_-NONE-,70CMSW24P00000004,,,,H8YFF5F9TM53,THE HIGHLANDS RANCH LAW ENFORCEMENT TRAINING FOUNDATION,H8YFF5F9TM53,THE HIGHLANDS RANCH LAW ENFORCEMENT TRAINING FOUNDATION,LEASING SPACE AT HIGHLANDS RANCH LAW ENFORCEMENT TRAINING FACILITY FOR ERO OFFICER QUALIFYING PURPOSES,localhost:3000/award/CONT_AWD_70CMSW24P00000004_7012_-NONE-_-NONE-/,2025-05-30,DHS_FY2025P12_c:FY2025P01-P12_070_TAS_Contracts_AccountBreakdownByAward_2026-09-16_H02M56S53_01.csv:row:242036,data/raw/DHS_FY2025P12_c/FY2025P01-P12_070_TAS_AccountBreakdownByAward_2026-09-16_H02M54S16646960.zip,FY2025P01-P12_070_TAS_Contracts_AccountBreakdownByAward_2026-09-16_H02M56S53_01.csv,data/raw/DHS_FY2025P12_c/FY2025P01-P12_070_TAS_AccountBreakdownByAward_2026-09-16_H02M54S16646960.zip!FY2025P01-P12_070_TAS_Contracts_AccountBreakdownByAward_2026-09-16_H02M56S53_01.csv,242036,Contracts,https://files.usaspending.gov/generated_downloads/FY2025P01-P12_070_TAS_AccountBreakdownByAward_2026-09-16_H02M54S16646960.zip,Other public or nonprofit entities
FY2025P11,070-0540,070-2025/2025-0540-000,,0005,23.2,D,Q,,CONT_AWD_70CMSW24P00000004_7012_-NONE-_-NONE-,70CMSW24P00000004,,,,H8YFF5F9TM53,THE HIGHLANDS RANCH LAW ENFORCEMENT TRAINING FOUNDATION,H8YFF5F9TM53,THE HIGHLANDS RANCH LAW ENFORCEMENT TRAINING FOUNDATION,LEASING SPACE AT HIGHLANDS RANCH LAW ENFORCEMENT TRAINING FACILITY FOR ERO OFFICER QUALIFYING PURPOSES,localhost:3000/award/CONT_AWD_70CMSW24P00000004_7012_-NONE-_-NONE-/,2025-12-05,DHS_FY2025P12_c:FY2025P01-P12_070_TAS_Contracts_AccountBreakdownByAward_2026-09-16_H02M56S53_01.csv:row:242037,data/raw/DHS_FY2025P12_c/FY2025P01-P12_070_TAS_AccountBreakdownByAward_2026-09-16_H02M54S16646960.zip,FY2025P01-P12_070_TAS_Contracts_AccountBreakdownByAward_2026-09-16_H02M56S53_01.csv,data/raw/DHS_FY2025P12_c/FY2025P01-P12_070_TAS_AccountBreakdownByAward_2026-09-16_H02M54S16646960.zip!FY2025P01-P12_070_TAS_Contracts_AccountBreakdownByAward_2026-09-16_H02M56S53_01.csv,242037,Contracts,https://files.usaspending.gov/generated_downloads/FY2025P01-P12_070_TAS_AccountBreakdownByAward_2026-09-16_H02M54S16646960.zip,Other public or nonprofit entities
FY2025P05,070-0540,070-2024/2024-0540-000,,0004,25.2,D,Q,,CONT_AWD_70CMSD24P00000044_7012_-NONE-_-NONE-,70CMSD24P00000044,,,,PUH4LGL9L1G9,CITY OF COTTAGE GROVE,PUH4LGL9L1G9,CITY OF COTTAGE GROVE,RANGE RENTAL,localhost:3000/award/CONT_AWD_70CMSD24P00000044_7012_-NONE-_-NONE-/,2025-05-15,DHS_FY2025P12_c:FY2025P01-P12_070_TAS_Contracts_AccountBreakdownByAward_2026-09-16_H02M56S53_01.csv:row:242830,data/raw/DHS_FY2025P12_c/FY2025P01-P12_070_TAS_AccountBreakdownByAward_2026-09-16_H02M54S16646960.zip,FY2025P01-P12_070_TAS_Contracts_AccountBreakdownByAward_2026-09-16_H02M56S53_01.csv,data/raw/DHS_FY2025P12_c/FY2025P01-P12_070_TAS_AccountBreakdownByAward_2026-09-16_H02M54S16646960.zip!FY2025P01-P12_070_TAS_Contracts_AccountBreakdownByAward_2026-09-16_H02M56S53_01.csv,242830,Contracts,https://files.usaspending.gov/generated_downloads/FY2025P01-P12_070_TAS_AccountBreakdownByAward_2026-09-16_H02M54S16646960.zip,State and local governments
FY2025P06,070-0540,070-2024/2024-0540-000,,0004,25.2,D,Q,,CONT_AWD_70CMSD24P00000044_7012_-NONE-_-NONE-,70CMSD24P00000044,,,,PUH4LGL9L1G9,CITY OF COTTAGE GROVE,PUH4LGL9L1G9,CITY OF COTTAGE GROVE,RANGE RENTAL,localhost:3000/award/CONT_AWD_70CMSD24P00000044_7012_-NONE-_-NONE-/,2025-05-15,DHS_FY2025P12_c:FY2025P01-P12_070_TAS_Contracts_AccountBreakdownByAward_2026-09-16_H02M56S53_01.csv:row:242831,data/raw/DHS_FY2025P12_c/FY2025P01-P12_070_TAS_AccountBreakdownByAward_2026-09-16_H02M54S16646960.zip,FY2025P01-P12_070_TAS_Contracts_AccountBreakdownByAward_2026-09-16_H02M56S53_01.csv,data/raw/DHS_FY2025P12_c/FY2025P01-P12_070_TAS_AccountBreakdownByAward_2026-09-16_H02M54S16646960.zip!FY2025P01-P12_070_TAS_Contracts_AccountBreakdownByAward_2026-09-16_H02M56S53_01.csv,242831,Contracts,https://files.usaspending.gov/generated_downloads/FY2025P01-P12_070_TAS_AccountBreakdownByAward_2026-09-16_H02M54S16646960.zip,State and local governments
FY2025P10,070-0540,070-2024/2024-0540-000,,0004,25.2,D,Q,,CONT_AWD_70CMSD24P00000044_7012_-NONE-_-NONE-,70CMSD24P00000044,,,,PUH4LGL9L1G9,CITY OF COTTAGE GROVE,PUH4LGL9L1G9,CITY OF COTTAGE GROVE,RANGE RENTAL,localhost:3000/award/CONT_AWD_70CMSD24P00000044_7012_-NONE-_-NONE-/,2025-09-10,DHS_FY2025P12_c:FY2025P01-P12_070_TAS_Contracts_AccountBreakdownByAward_2026-09-16_H02M56S53_01.csv:row:242832,data/raw/DHS_FY2025P12_c/FY2025P01-P12_070_TAS_AccountBreakdownByAward_2026-09-16_H02M54S16646960.zip,FY2025P01-P12_070_TAS_Contracts_AccountBreakdownByAward_2026-09-16_H02M56S53_01.csv,data/raw/DHS_FY2025P12_c/FY2025P01-P12_070_TAS_AccountBreakdownByAward_2026-09-16_H02M54S16646960.zip!FY2025P01-P12_070_TAS_Contracts_AccountBreakdownByAward_2026-09-16_H02M56S53_01.csv,242832,Contracts,https://files.usaspending.gov/generated_downloads/FY2025P01-P12_070_TAS_AccountBreakdownByAward_2026-09-16_H02M54S16646960.zip,State and local governments
FY2025P10,070-0540,070-2025/2025-0540-000,,0004,25.2,D,Q,,CONT_AWD_70CMSD24P00000044_7012_-NONE-_-NONE-,70CMSD24P00000044,,,,PUH4LGL9L1G9,CITY OF COTTAGE GROVE,PUH4LGL9L1G9,CITY OF COTTAGE GROVE,RANGE RENTAL,localhost:3000/award/CONT_AWD_70CMSD24P00000044_7012_-NONE-_-NONE-/,2025-09-10,DHS_FY2025P12_c:FY2025P01-P12_070_TAS_Contracts_AccountBreakdownByAward_2026-09-16_H02M56S53_01.csv:row:242833,data/raw/DHS_FY2025P12_c/FY2025P01-P12_070_TAS_AccountBreakdownByAward_2026-09-16_H02M54S16646960.zip,FY2025P01-P12_070_TAS_Contracts_AccountBreakdownByAward_2026-09-16_H02M56S53_01.csv,data/raw/DHS_FY2025P12_c/FY2025P01-P12_070_TAS_AccountBreakdownByAward_2026-09-16_H02M54S16646960.zip!FY2025P01-P12_070_TAS_Contracts_AccountBreakdownByAward_2026-09-16_H02M56S53_01.csv,242833,Contracts,https://files.usaspending.gov/generated_downloads/FY2025P01-P12_070_TAS_AccountBreakdownByAward_2026-09-16_H02M54S16646960.zip,State and local governments
FY2025P11,070-0540,070-2024/2024-0540-000,,0004,25.2,D,Q,,CONT_AWD_70CMSD24P00000044_7012_-NONE-_-NONE-,70CMSD24P00000044,,,,PUH4LGL9L1G9,CITY OF COTTAGE GROVE,PUH4LGL9L1G9,CITY OF COTTAGE GROVE,RANGE RENTAL,localhost:3000/award/CONT_AWD_70CMSD24P00000044_7012_-NONE-_-NONE-/,2025-12-05,DHS_FY2025P12_c:FY2025P01-P12_070_TAS_Contracts_AccountBreakdownByAward_2026-09-16_H02M56S53_01.csv:row:242834,data/raw/DHS_FY2025P12_c/FY2025P01-P12_070_TAS_AccountBreakdownByAward_2026-09-16_H02M54S16646960.zip,FY2025P01-P12_070_TAS_Contracts_AccountBreakdownByAward_2026-09-16_H02M56S53_01.csv,data/raw/DHS_FY2025P12_c/FY2025P01-P12_070_TAS_AccountBreakdownByAward_2026-09-16_H02M54S16646960.zip!FY2025P01-P12_070_TAS_Contracts_AccountBreakdownByAward_2026-09-16_H02M56S53_01.csv,242834,Contracts,https://files.usaspending.gov/generated_downloads/FY2025P01-P12_070_TAS_AccountBreakdownByAward_2026-09-16_H02M54S16646960.zip,State and local governments
FY2025P11,070-0540,070-2025/2025-0540-000,,0004,25.2,D,Q,,CONT_AWD_70CMSD24P00000044_7012_-NONE-_-NONE-,70CMSD24P00000044,,,,PUH4LGL9L1G9,CITY OF COTTAGE GROVE,PUH4LGL9L1G9,CITY OF COTTAGE GROVE,RANGE RENTAL,localhost:3000/award/CONT_AWD_70CMSD24P00000044_7012_-NONE-_-NONE-/,2025-12-05,DHS_FY2025P12_c:FY2025P01-P12_070_TAS_Contracts_AccountBreakdownByAward_2026-09-16_H02M56S53_01.csv:row:242835,data/raw/DHS_FY2025P12_c/FY2025P01-P12_070_TAS_AccountBreakdownByAward_2026-09-16_H02M54S16646960.zip,FY2025P01-P12_070_TAS_Contracts_AccountBreakdownByAward_2026-09-16_H02M56S53_01.csv,data/raw/DHS_FY2025P12_c/FY2025P01-P12_070_TAS_AccountBreakdownByAward_2026-09-16_H02M54S16646960.zip!FY2025P01-P12_070_TAS_Contracts_AccountBreakdownByAward_2026-09-16_H02M56S53_01.csv,242835,Contracts,https://files.usaspending.gov/generated_downloads/FY2025P01-P12_070_TAS_AccountBreakdownByAward_2026-09-16_H02M54S16646960.zip,State and local governments
FY2025P08,070-0540,070-2025/2025-0540-000,,0004,25.2,D,Q,56040.00,CONT_AWD_70CMSD24P00000044_7012_-NONE-_-NONE-,70CMSD24P00000044,,,,PUH4LGL9L1G9,CITY OF COTTAGE GROVE,PUH4LGL9L1G9,CITY OF COTTAGE GROVE,RANGE RENTAL,localhost:3000/award/CONT_AWD_70CMSD24P00000044_7012_-NONE-_-NONE-/,2025-07-01,DHS_FY2025P12_c:FY2025P01-P12_070_TAS_Contracts_AccountBreakdownByAward_2026-09-16_H02M56S53_01.csv:row:242837,data/raw/DHS_FY2025P12_c/FY2025P01-P12_070_TAS_AccountBreakdownByAward_2026-09-16_H02M54S16646960.zip,FY2025P01-P12_070_TAS_Contracts_AccountBreakdownByAward_2026-09-16_H02M56S53_01.csv,data/raw/DHS_FY2025P12_c/FY2025P01-P12_070_TAS_AccountBreakdownByAward_2026-09-16_H02M54S16646960.zip!FY2025P01-P12_070_TAS_Contracts_AccountBreakdownByAward_2026-09-16_H02M56S53_01.csv,242837,Contracts,https://files.usaspending.gov/generated_downloads/FY2025P01-P12_070_TAS_AccountBreakdownByAward_2026-09-16_H02M54S16646960.zip,State and local governments
FY2025P08,070-0540,070-2024/2024-0540-000,,0004,25.2,D,Q,,CONT_AWD_70CMSD24P00000044_7012_-NONE-_-NONE-,70CMSD24P00000044,,,,PUH4LGL9L1G9,CITY OF COTTAGE GROVE,PUH4LGL9L1G9,CITY OF COTTAGE GROVE,RANGE RENTAL,localhost:3000/award/CONT_AWD_70CMSD24P00000044_7012_-NONE-_-NONE-/,2025-07-01,DHS_FY2025P12_c:FY2025P01-P12_070_TAS_Contracts_AccountBreakdownByAward_2026-09-16_H02M56S53_01.csv:row:242838,data/raw/DHS_FY2025P12_c/FY2025P01-P12_070_TAS_AccountBreakdownByAward_2026-09-16_H02M54S16646960.zip,FY2025P01-P12_070_TAS_Contracts_AccountBreakdownByAward_2026-09-16_H02M56S53_01.csv,data/raw/DHS_FY2025P12_c/FY2025P01-P12_070_TAS_AccountBreakdownByAward_2026-09-16_H02M54S16646960.zip!FY2025P01-P12_070_TAS_Contracts_AccountBreakdownByAward_2026-09-16_H02M56S53_01.csv,242838,Contracts,https://files.usaspending.gov/generated_downloads/FY2025P01-P12_070_TAS_AccountBreakdownByAward_2026-09-16_H02M54S16646960.zip,State and local governments
FY2025P09,070-0540,070-2024/2024-0540-000,,0004,25.2,D,Q,,CONT_AWD_70CMSD24P00000044_7012_-NONE-_-NONE-,70CMSD24P00000044,,,,PUH4LGL9L1G9,CITY OF COTTAGE GROVE,PUH4LGL9L1G9,CITY OF COTTAGE GROVE,RANGE RENTAL,localhost:3000/award/CONT_AWD_70CMSD24P00000044_7012_-NONE-_-NONE-/,2025-08-13,DHS_FY2025P12_c:FY2025P01-P12_070_TAS_Contracts_AccountBreakdownByAward_2026-09-16_H02M56S53_01.csv:row:242840,data/raw/DHS_FY2025P12_c/FY2025P01-P12_070_TAS_AccountBreakdownByAward_2026-09-16_H02M54S16646960.zip,FY2025P01-P12_070_TAS_Contracts_AccountBreakdownByAward_2026-09-16_H02M56S53_01.csv,data/raw/DHS_FY2025P12_c/FY2025P01-P12_070_TAS_AccountBreakdownByAward_2026-09-16_H02M54S16646960.zip!FY2025P01-P12_070_TAS_Contracts_AccountBreakdownByAward_2026-09-16_H02M56S53_01.csv,242840,Contracts,https://files.usaspending.gov/generated_downloads/FY2025P01-P12_070_TAS_AccountBreakdownByAward_2026-09-16_H02M54S16646960.zip,State and local governments
FY2025P12,070-0540,070-2025/2025-0540-000,,0004,25.2,D,Q,,CONT_AWD_70CMSD24P00000044_7012_-NONE-_-NONE-,70CMSD24P00000044,,,,PUH4LGL9L1G9,CITY OF COTTAGE GROVE,PUH4LGL9L1G9,CITY OF COTTAGE GROVE,RANGE RENTAL,localhost:3000/award/CONT_AWD_70CMSD24P00000044_7012_-NONE-_-NONE-/,2025-12-05,DHS_FY2025P12_c:FY2025P01-P12_070_TAS_Contracts_AccountBreakdownByAward_2026-09-16_H02M56S53_01.csv:row:242841,data/raw/DHS_FY2025P12_c/FY2025P01-P12_070_TAS_AccountBreakdownByAward_2026-09-16_H02M54S16646960.zip,FY2025P01-P12_070_TAS_Contracts_AccountBreakdownByAward_2026-09-16_H02M56S53_01.csv,data/raw/DHS_FY2025P12_c/FY2025P01-P12_070_TAS_AccountBreakdownByAward_2026-09-16_H02M54S16646960.zip!FY2025P01-P12_070_TAS_Contracts_AccountBreakdownByAward_2026-09-16_H02M56S53_01.csv,242841,Contracts,https://files.usaspending.gov/generated_downloads/FY2025P01-P12_070_TAS_AccountBreakdownByAward_2026-09-16_H02M54S16646960.zip,State and local governments
FY2025P07,070-0540,070-2024/2024-0540-000,,0004,25.2,D,Q,,CONT_AWD_70CMSD24P00000044_7012_-NONE-_-NONE-,70CMSD24P00000044,,,,PUH4LGL9L1G9,CITY OF COTTAGE GROVE,PUH4LGL9L1G9,CITY OF COTTAGE GROVE,RANGE RENTAL,localhost:3000/award/CONT_AWD_70CMSD24P00000044_7012_-NONE-_-NONE-/,2025-05-30,DHS_FY2025P12_c:FY2025P01-P12_070_TAS_Contracts_AccountBreakdownByAward_2026-09-16_H02M56S53_01.csv:row:242843,data/raw/DHS_FY2025P12_c/FY2025P01-P12_070_TAS_AccountBreakdownByAward_2026-09-16_H02M54S16646960.zip,FY2025P01-P12_070_TAS_Contracts_AccountBreakdownByAward_2026-09-16_H02M56S53_01.csv,data/raw/DHS_FY2025P12_c/FY2025P01-P12_070_TAS_AccountBreakdownByAward_2026-09-16_H02M54S16646960.zip!FY2025P01-P12_070_TAS_Contracts_AccountBreakdownByAward_2026-09-16_H02M56S53_01.csv,242843,Contracts,https://files.usaspending.gov/generated_downloads/FY2025P01-P12_070_TAS_AccountBreakdownByAward_2026-09-16_H02M54S16646960.zip,State and local governments
FY2025P12,070-0540,070-2024/2024-0540-000,,0004,25.2,D,Q,,CONT_AWD_70CMSD24P00000044_7012_-NONE-_-NONE-,70CMSD24P00000044,,,,PUH4LGL9L1G9,CITY OF COTTAGE GROVE,PUH4LGL9L1G9,CITY OF COTTAGE GROVE,RANGE RENTAL,localhost:3000/award/CONT_AWD_70CMSD24P00000044_7012_-NONE-_-NONE-/,2025-12-05,DHS_FY2025P12_c:FY2025P01-P12_070_TAS_Contracts_AccountBreakdownByAward_2026-09-16_H02M56S53_01.csv:row:242844,data/raw/DHS_FY2025P12_c/FY2025P01-P12_070_TAS_AccountBreakdownByAward_2026-09-16_H02M54S16646960.zip,FY2025P01-P12_070_TAS_Contracts_AccountBreakdownByAward_2026-09-16_H02M56S53_01.csv,data/raw/DHS_FY2025P12_c/FY2025P01-P12_070_TAS_AccountBreakdownByAward_2026-09-16_H02M54S16646960.zip!FY2025P01-P12_070_TAS_Contracts_AccountBreakdownByAward_2026-09-16_H02M56S53_01.csv,242844,Contracts,https://files.usaspending.gov/generated_downloads/FY2025P01-P12_070_TAS_AccountBreakdownByAward_2026-09-16_H02M54S16646960.zip,State and local governments
FY2025P07,070-0540,070-2025/2025-0540-000,,0005,25.2,D,Q,762.32,CONT_AWD_70CMSW20C00000003_7012_-NONE-_-NONE-,70CMSW20C00000003,,,,L8B6G753K3Y5,ARC - IMPERIAL VALLEY,L8B6G753K3Y5,ARC - IMPERIAL VALLEY,JANITORIAL/CUSTODIAL AND GROUNDS MAINTENANCE SERVICES AT THE EL CENTRO SPC.,localhost:3000/award/CONT_AWD_70CMSW20C00000003_7012_-NONE-_-NONE-/,2025-05-30,DHS_FY2025P12_c:FY2025P01-P12_070_TAS_Contracts_AccountBreakdownByAward_2026-09-16_H02M56S53_01.csv:row:243495,data/raw/DHS_FY2025P12_c/FY2025P01-P12_070_TAS_AccountBreakdownByAward_2026-09-16_H02M54S16646960.zip,FY2025P01-P12_070_TAS_Contracts_AccountBreakdownByAward_2026-09-16_H02M56S53_01.csv,data/raw/DHS_FY2025P12_c/FY2025P01-P12_070_TAS_AccountBreakdownByAward_2026-09-16_H02M54S16646960.zip!FY2025P01-P12_070_TAS_Contracts_AccountBreakdownByAward_2026-09-16_H02M56S53_01.csv,243495,Contracts,https://files.usaspending.gov/generated_downloads/FY2025P01-P12_070_TAS_AccountBreakdownByAward_2026-09-16_H02M54S16646960.zip,Other public or nonprofit entities
FY2025P07,070-0540,070-2025/2025-0540-000,,0002,25.2,D,Q,,CONT_AWD_70CMSW20C00000003_7012_-NONE-_-NONE-,70CMSW20C00000003,,,,L8B6G753K3Y5,ARC - IMPERIAL VALLEY,L8B6G753K3Y5,ARC - IMPERIAL VALLEY,JANITORIAL/CUSTODIAL AND GROUNDS MAINTENANCE SERVICES AT THE EL CENTRO SPC.,localhost:3000/award/CONT_AWD_70CMSW20C00000003_7012_-NONE-_-NONE-/,2025-05-30,DHS_FY2025P12_c:FY2025P01-P12_070_TAS_Contracts_AccountBreakdownByAward_2026-09-16_H02M56S53_01.csv:row:243496,data/raw/DHS_FY2025P12_c/FY2025P01-P12_070_TAS_AccountBreakdownByAward_2026-09-16_H02M54S16646960.zip,FY2025P01-P12_070_TAS_Contracts_AccountBreakdownByAward_2026-09-16_H02M56S53_01.csv,data/raw/DHS_FY2025P12_c/FY2025P01-P12_070_TAS_AccountBreakdownByAward_2026-09-16_H02M54S16646960.zip!FY2025P01-P12_070_TAS_Contracts_AccountBreakdownByAward_2026-09-16_H02M56S53_01.csv,243496,Contracts,https://files.usaspending.gov/generated_downloads/FY2025P01-P12_070_TAS_AccountBreakdownByAward_2026-09-16_H02M54S16646960.zip,Other public or nonprofit entities
FY2025P07,070-0540,070-2021/2021-0540-000,,0003,25.2,D,Q,,CONT_AWD_70CMSW20C00000003_7012_-NONE-_-NONE-,70CMSW20C00000003,,,,L8B6G753K3Y5,ARC - IMPERIAL VALLEY,L8B6G753K3Y5,ARC - IMPERIAL VALLEY,JANITORIAL/CUSTODIAL AND GROUNDS MAINTENANCE SERVICES AT THE EL CENTRO SPC.,localhost:3000/award/CONT_AWD_70CMSW20C00000003_7012_-NONE-_-NONE-/,2025-05-30,DHS_FY2025P12_c:FY2025P01-P12_070_TAS_Contracts_AccountBreakdownByAward_2026-09-16_H02M56S53_01.csv:row:243497,data/raw/DHS_FY2025P12_c/FY2025P01-P12_070_TAS_AccountBreakdownByAward_2026-09-16_H02M54S16646960.zip,FY2025P01-P12_070_TAS_Contracts_AccountBreakdownByAward_2026-09-16_H02M56S53_01.csv,data/raw/DHS_FY2025P12_c/FY2025P01-P12_070_TAS_AccountBreakdownByAward_2026-09-16_H02M54S16646960.zip!FY2025P01-P12_070_TAS_Contracts_AccountBreakdownByAward_2026-09-16_H02M56S53_01.csv,243497,Contracts,https://files.usaspending.gov/generated_downloads/FY2025P01-P12_070_TAS_AccountBreakdownByAward_2026-09-16_H02M54S16646960.zip,Other public or nonprofit entities
FY2025P06,070-0540,070-2025/2025-0540-000,,0005,25.2,D,Q,,CONT_AWD_70CMSW20C00000003_7012_-NONE-_-NONE-,70CMSW20C00000003,,,,L8B6G753K3Y5,ARC - IMPERIAL VALLEY,L8B6G753K3Y5,ARC - IMPERIAL VALLEY,JANITORIAL/CUSTODIAL AND GROUNDS MAINTENANCE SERVICES AT THE EL CENTRO SPC.,localhost:3000/award/CONT_AWD_70CMSW20C00000003_7012_-NONE-_-NONE-/,2025-05-15,DHS_FY2025P12_c:FY2025P01-P12_070_TAS_Contracts_AccountBreakdownByAward_2026-09-16_H02M56S53_01.csv:row:243498,data/raw/DHS_FY2025P12_c/FY2025P01-P12_070_TAS_AccountBreakdownByAward_2026-09-16_H02M54S16646960.zip,FY2025P01-P12_070_TAS_Contracts_AccountBreakdownByAward_2026-09-16_H02M56S53_01.csv,data/raw/DHS_FY2025P12_c/FY2025P01-P12_070_TAS_AccountBreakdownByAward_2026-09-16_H02M54S16646960.zip!FY2025P01-P12_070_TAS_Contracts_AccountBreakdownByAward_2026-09-16_H02M56S53_01.csv,243498,Contracts,https://files.usaspending.gov/generated_downloads/FY2025P01-P12_070_TAS_AccountBreakdownByAward_2026-09-16_H02M54S16646960.zip,Other public or nonprofit entities
FY2025P05,070-0540,070-X-0540-000,,0801,25.2,R,Q,20236.49,CONT_AWD_70CMSW20C00000003_7012_-NONE-_-NONE-,70CMSW20C00000003,,,,L8B6G753K3Y5,ARC - IMPERIAL VALLEY,L8B6G753K3Y5,ARC - IMPERIAL VALLEY,JANITORIAL/CUSTODIAL AND GROUNDS MAINTENANCE SERVICES AT THE EL CENTRO SPC.,localhost:3000/award/CONT_AWD_70CMSW20C00000003_7012_-NONE-_-NONE-/,2025-05-15,DHS_FY2025P12_c:FY2025P01-P12_070_TAS_Contracts_AccountBreakdownByAward_2026-09-16_H02M56S53_01.csv:row:243499,data/raw/DHS_FY2025P12_c/FY2025P01-P12_070_TAS_AccountBreakdownByAward_2026-09-16_H02M54S16646960.zip,FY2025P01-P12_070_TAS_Contracts_AccountBreakdownByAward_2026-09-16_H02M56S53_01.csv,data/raw/DHS_FY2025P12_c/FY2025P01-P12_070_TAS_AccountBreakdownByAward_2026-09-16_H02M54S16646960.zip!FY2025P01-P12_070_TAS_Contracts_AccountBreakdownByAward_2026-09-16_H02M56S53_01.csv,243499,Contracts,https://files.usaspending.gov/generated_downloads/FY2025P01-P12_070_TAS_AccountBreakdownByAward_2026-09-16_H02M54S16646960.zip,Other public or nonprofit entities
FY2025P05,070-0540,070-2021/2021-0540-000,,0003,25.2,D,Q,,CONT_AWD_70CMSW20C00000003_7012_-NONE-_-NONE-,70CMSW20C00000003,,,,L8B6G753K3Y5,ARC - IMPERIAL VALLEY,L8B6G753K3Y5,ARC - IMPERIAL VALLEY,JANITORIAL/CUSTODIAL AND GROUNDS MAINTENANCE SERVICES AT THE EL CENTRO SPC.,localhost:3000/award/CONT_AWD_70CMSW20C00000003_7012_-NONE-_-NONE-/,2025-05-15,DHS_FY2025P12_c:FY2025P01-P12_070_TAS_Contracts_AccountBreakdownByAward_2026-09-16_H02M56S53_01.csv:row:243500,data/raw/DHS_FY2025P12_c/FY2025P01-P12_070_TAS_AccountBreakdownByAward_2026-09-16_H02M54S16646960.zip,FY2025P01-P12_070_TAS_Contracts_AccountBreakdownByAward_2026-09-16_H02M56S53_01.csv,data/raw/DHS_FY2025P12_c/FY2025P01-P12_070_TAS_AccountBreakdownByAward_2026-09-16_H02M54S16646960.zip!FY2025P01-P12_070_TAS_Contracts_AccountBreakdownByAward_2026-09-16_H02M56S53_01.csv,243500,Contracts,https://files.usaspending.gov/generated_downloads/FY2025P01-P12_070_TAS_AccountBreakdownByAward_2026-09-16_H02M54S16646960.zip,Other public or nonprofit entities
FY2025P05,070-0540,070-X-0540-000,,0801,25.2,R,Q,,CONT_AWD_70CMSW20C00000003_7012_-NONE-_-NONE-,70CMSW20C00000003,,,,L8B6G753K3Y5,ARC - IMPERIAL VALLEY,L8B6G753K3Y5,ARC - IMPERIAL VALLEY,JANITORIAL/CUSTODIAL AND GROUNDS MAINTENANCE SERVICES AT THE EL CENTRO SPC.,localhost:3000/award/CONT_AWD_70CMSW20C00000003_7012_-NONE-_-NONE-/,2025-05-15,DHS_FY2025P12_c:FY2025P01-P12_070_TAS_Contracts_AccountBreakdownByAward_2026-09-16_H02M56S53_01.csv:row:243501,data/raw/DHS_FY2025P12_c/FY2025P01-P12_070_TAS_AccountBreakdownByAward_2026-09-16_H02M54S16646960.zip,FY2025P01-P12_070_TAS_Contracts_AccountBreakdownByAward_2026-09-16_H02M56S53_01.csv,data/raw/DHS_FY2025P12_c/FY2025P01-P12_070_TAS_AccountBreakdownByAward_2026-09-16_H02M54S16646960.zip!FY2025P01-P12_070_TAS_Contracts_AccountBreakdownByAward_2026-09-16_H02M56S53_01.csv,243501,Contracts,https://files.usaspending.gov/generated_downloads/FY2025P01-P12_070_TAS_AccountBreakdownByAward_2026-09-16_H02M54S16646960.zip,Other public or nonprofit entities
FY2025P05,070-0540,070-2025/2025-0540-000,,0005,25.2,D,Q,,CONT_AWD_70CMSW20C00000003_7012_-NONE-_-NONE-,70CMSW20C00000003,,,,L8B6G753K3Y5,ARC - IMPERIAL VALLEY,L8B6G753K3Y5,ARC - IMPERIAL VALLEY,JANITORIAL/CUSTODIAL AND GROUNDS MAINTENANCE SERVICES AT THE EL CENTRO SPC.,localhost:3000/award/CONT_AWD_70CMSW20C00000003_7012_-NONE-_-NONE-/,2025-05-15,DHS_FY2025P12_c:FY2025P01-P12_070_TAS_Contracts_AccountBreakdownByAward_2026-09-16_H02M56S53_01.csv:row:243502,data/raw/DHS_FY2025P12_c/FY2025P01-P12_070_TAS_AccountBreakdownByAward_2026-09-16_H02M54S16646960.zip,FY2025P01-P12_070_TAS_Contracts_AccountBreakdownByAward_2026-09-16_H02M56S53_01.csv,data/raw/DHS_FY2025P12_c/FY2025P01-P12_070_TAS_AccountBreakdownByAward_2026-09-16_H02M54S16646960.zip!FY2025P01-P12_070_TAS_Contracts_AccountBreakdownByAward_2026-09-16_H02M56S53_01.csv,243502,Contracts,https://files.usaspending.gov/generated_downloads/FY2025P01-P12_070_TAS_AccountBreakdownByAward_2026-09-16_H02M54S16646960.zip,Other public or nonprofit entities
FY2025P07,070-0540,070-X-0540-000,,0801,25.2,R,Q,,CONT_AWD_70CMSW20C00000003_7012_-NONE-_-NONE-,70CMSW20C00000003,,,,L8B6G753K3Y5,ARC - IMPERIAL VALLEY,L8B6G753K3Y5,ARC - IMPERIAL VALLEY,JANITORIAL/CUSTODIAL AND GROUNDS MAINTENANCE SERVICES AT THE EL CENTRO SPC.,localhost:3000/award/CONT_AWD_70CMSW20C00000003_7012_-NONE-_-NONE-/,2025-05-30,DHS_FY2025P12_c:FY2025P01-P12_070_TAS_Contracts_AccountBreakdownByAward_2026-09-16_H02M56S53_01.csv:row:243503,data/raw/DHS_FY2025P12_c/FY2025P01-P12_070_TAS_AccountBreakdownByAward_2026-09-16_H02M54S16646960.zip,FY2025P01-P12_070_TAS_Contracts_AccountBreakdownByAward_2026-09-16_H02M56S53_01.csv,data/raw/DHS_FY2025P12_c/FY2025P01-P12_070_TAS_AccountBreakdownByAward_2026-09-16_H02M54S16646960.zip!FY2025P01-P12_070_TAS_Contracts_AccountBreakdownByAward_2026-09-16_H02M56S53_01.csv,243503,Contracts,https://files.usaspending.gov/generated_downloads/FY2025P01-P12_070_TAS_AccountBreakdownByAward_2026-09-16_H02M54S16646960.zip,Other public or nonprofit entities
FY2025P07,070-0540,070-2024/2024-0540-000,,0005,25.2,D,Q,,CONT_AWD_70CMSW20C00000003_7012_-NONE-_-NONE-,70CMSW20C00000003,,,,L8B6G753K3Y5,ARC - IMPERIAL VALLEY,L8B6G753K3Y5,ARC - IMPERIAL VALLEY,JANITORIAL/CUSTODIAL AND GROUNDS MAINTENANCE SERVICES AT THE EL CENTRO SPC.,localhost:3000/award/CONT_AWD_70CMSW20C00000003_7012_-NONE-_-NONE-/,2025-05-30,DHS_FY2025P12_c:FY2025P01-P12_070_TAS_Contracts_AccountBreakdownByAward_2026-09-16_H02M56S53_01.csv:row:243504,data/raw/DHS_FY2025P12_c/FY2025P01-P12_070_TAS_AccountBreakdownByAward_2026-09-16_H02M54S16646960.zip,FY2025P01-P12_070_TAS_Contracts_AccountBreakdownByAward_2026-09-16_H02M56S53_01.csv,data/raw/DHS_FY2025P12_c/FY2025P01-P12_070_TAS_AccountBreakdownByAward_2026-09-16_H02M54S16646960.zip!FY2025P01-P12_070_TAS_Contracts_AccountBreakdownByAward_2026-09-16_H02M56S53_01.csv,243504,Contracts,https://files.usaspending.gov/generated_downloads/FY2025P01-P12_070_TAS_AccountBreakdownByAward_2026-09-16_H02M54S16646960.zip,Other public or nonprofit entities
FY2025P07,070-0540,070-2025/2025-0540-000,,0005,25.2,D,Q,,CONT_AWD_70CMSW20C00000003_7012_-NONE-_-NONE-,70CMSW20C00000003,,,,L8B6G753K3Y5,ARC - IMPERIAL VALLEY,L8B6G753K3Y5,ARC - IMPERIAL VALLEY,JANITORIAL/CUSTODIAL AND GROUNDS MAINTENANCE SERVICES AT THE EL CENTRO SPC.,localhost:3000/award/CONT_AWD_70CMSW20C00000003_7012_-NONE-_-NONE-/,2025-05-30,DHS_FY2025P12_c:FY2025P01-P12_070_TAS_Contracts_AccountBreakdownByAward_2026-09-16_H02M56S53_01.csv:row:243505,data/raw/DHS_FY2025P12_c/FY2025P01-P12_070_TAS_AccountBreakdownByAward_2026-09-16_H02M54S16646960.zip,FY2025P01-P12_070_TAS_Contracts_AccountBreakdownByAward_2026-09-16_H02M56S53_01.csv,data/raw/DHS_FY2025P12_c/FY2025P01-P12_070_TAS_AccountBreakdownByAward_2026-09-16_H02M54S16646960.zip!FY2025P01-P12_070_TAS_Contracts_AccountBreakdownByAward_2026-09-16_H02M56S53_01.csv,243505,Contracts,https://files.usaspending.gov/generated_downloads/FY2025P01-P12_070_TAS_AccountBreakdownByAward_2026-09-16_H02M54S16646960.zip,Other public or nonprofit entities
FY2025P06,070-0540,070-X-0540-000,,0801,25.2,R,Q,,CONT_AWD_70CMSW20C00000003_7012_-NONE-_-NONE-,70CMSW20C00000003,,,,L8B6G753K3Y5,ARC - IMPERIAL VALLEY,L8B6G753K3Y5,ARC - IMPERIAL VALLEY,JANITORIAL/CUSTODIAL AND GROUNDS MAINTENANCE SERVICES AT THE EL CENTRO SPC.,localhost:3000/award/CONT_AWD_70CMSW20C00000003_7012_-NONE-_-NONE-/,2025-05-15,DHS_FY2025P12_c:FY2025P01-P12_070_TAS_Contracts_AccountBreakdownByAward_2026-09-16_H02M56S53_01.csv:row:243511,data/raw/DHS_FY2025P12_c/FY2025P01-P12_070_TAS_AccountBreakdownByAward_2026-09-16_H02M54S16646960.zip,FY2025P01-P12_070_TAS_Contracts_AccountBreakdownByAward_2026-09-16_H02M56S53_01.csv,data/raw/DHS_FY2025P12_c/FY2025P01-P12_070_TAS_AccountBreakdownByAward_2026-09-16_H02M54S16646960.zip!FY2025P01-P12_070_TAS_Contracts_AccountBreakdownByAward_2026-09-16_H02M56S53_01.csv,243511,Contracts,https://files.usaspending.gov/generated_downloads/FY2025P01-P12_070_TAS_AccountBreakdownByAward_2026-09-16_H02M54S16646960.zip,Other public or nonprofit entities
FY2025P06,070-0540,070-2021/2021-0540-000,,0003,25.2,D,Q,,CONT_AWD_70CMSW20C00000003_7012_-NONE-_-NONE-,70CMSW20C00000003,,,,L8B6G753K3Y5,ARC - IMPERIAL VALLEY,L8B6G753K3Y5,ARC - IMPERIAL VALLEY,JANITORIAL/CUSTODIAL AND GROUNDS MAINTENANCE SERVICES AT THE EL CENTRO SPC.,localhost:3000/award/CONT_AWD_70CMSW20C00000003_7012_-NONE-_-NONE-/,2025-05-15,DHS_FY2025P12_c:FY2025P01-P12_070_TAS_Contracts_AccountBreakdownByAward_2026-09-16_H02M56S53_01.csv:row:243512,data/raw/DHS_FY2025P12_c/FY2025P01-P12_070_TAS_AccountBreakdownByAward_2026-09-16_H02M54S16646960.zip,FY2025P01-P12_070_TAS_Contracts_AccountBreakdownByAward_2026-09-16_H02M56S53_01.csv,data/raw/DHS_FY2025P12_c/FY2025P01-P12_070_TAS_AccountBreakdownByAward_2026-09-16_H02M54S16646960.zip!FY2025P01-P12_070_TAS_Contracts_AccountBreakdownByAward_2026-09-16_H02M56S53_01.csv,243512,Contracts,https://files.usaspending.gov/generated_downloads/FY2025P01-P12_070_TAS_AccountBreakdownByAward_2026-09-16_H02M54S16646960.zip,Other public or nonprofit entities
FY2025P09,070-0540,070-X-0540-000,,0801,25.2,R,Q,,CONT_AWD_70CMSW20C00000003_7012_-NONE-_-NONE-,70CMSW20C00000003,,,,L8B6G753K3Y5,ARC - IMPERIAL VALLEY,L8B6G753K3Y5,ARC - IMPERIAL VALLEY,JANITORIAL/CUSTODIAL AND GROUNDS MAINTENANCE SERVICES AT THE EL CENTRO SPC.,localhost:3000/award/CONT_AWD_70CMSW20C00000003_7012_-NONE-_-NONE-/,2025-08-13,DHS_FY2025P12_c:FY2025P01-P12_070_TAS_Contracts_AccountBreakdownByAward_2026-09-16_H02M56S53_01.csv:row:243513,data/raw/DHS_FY2025P12_c/FY2025P01-P12_070_TAS_AccountBreakdownByAward_2026-09-16_H02M54S16646960.zip,FY2025P01-P12_070_TAS_Contracts_AccountBreakdownByAward_2026-09-16_H02M56S53_01.csv,data/raw/DHS_FY2025P12_c/FY2025P01-P12_070_TAS_AccountBreakdownByAward_2026-09-16_H02M54S16646960.zip!FY2025P01-P12_070_TAS_Contracts_AccountBreakdownByAward_2026-09-16_H02M56S53_01.csv,243513,Contracts,https://files.usaspending.gov/generated_downloads/FY2025P01-P12_070_TAS_AccountBreakdownByAward_2026-09-16_H02M54S16646960.zip,Other public or nonprofit entities
FY2025P10,070-0540,070-2025/2025-0540-000,,0002,25.2,D,Q,,CONT_AWD_70CMSW20C00000003_7012_-NONE-_-NONE-,70CMSW20C00000003,,,,L8B6G753K3Y5,ARC - IMPERIAL VALLEY,L8B6G753K3Y5,ARC - IMPERIAL VALLEY,JANITORIAL/CUSTODIAL AND GROUNDS MAINTENANCE SERVICES AT THE EL CENTRO SPC.,localhost:3000/award/CONT_AWD_70CMSW20C00000003_7012_-NONE-_-NONE-/,2025-09-10,DHS_FY2025P12_c:FY2025P01-P12_070_TAS_Contracts_AccountBreakdownByAward_2026-09-16_H02M56S53_01.csv:row:243516,data/raw/DHS_FY2025P12_c/FY2025P01-P12_070_TAS_AccountBreakdownByAward_2026-09-16_H02M54S16646960.zip,FY2025P01-P12_070_TAS_Contracts_AccountBreakdownByAward_2026-09-16_H02M56S53_01.csv,data/raw/DHS_FY2025P12_c/FY2025P01-P12_070_TAS_AccountBreakdownByAward_2026-09-16_H02M54S16646960.zip!FY2025P01-P12_070_TAS_Contracts_AccountBreakdownByAward_2026-09-16_H02M56S53_01.csv,243516,Contracts,https://files.usaspending.gov/generated_downloads/FY2025P01-P12_070_TAS_AccountBreakdownByAward_2026-09-16_H02M54S16646960.zip,Other public or nonprofit entities
FY2025P10,070-0540,070-X-0540-000,,0801,25.2,R,Q,,CONT_AWD_70CMSW20C00000003_7012_-NONE-_-NONE-,70CMSW20C00000003,,,,L8B6G753K3Y5,ARC - IMPERIAL VALLEY,L8B6G753K3Y5,ARC - IMPERIAL VALLEY,JANITORIAL/CUSTODIAL AND GROUNDS MAINTENANCE SERVICES AT THE EL CENTRO SPC.,localhost:3000/award/CONT_AWD_70CMSW20C00000003_7012_-NONE-_-NONE-/,2025-09-10,DHS_FY2025P12_c:FY2025P01-P12_070_TAS_Contracts_AccountBreakdownByAward_2026-09-16_H02M56S53_01.csv:row:243517,data/raw/DHS_FY2025P12_c/FY2025P01-P12_070_TAS_AccountBreakdownByAward_2026-09-16_H02M54S16646960.zip,FY2025P01-P12_070_TAS_Contracts_AccountBreakdownByAward_2026-09-16_H02M56S53_01.csv,data/raw/DHS_FY2025P12_c/FY2025P01-P12_070_TAS_AccountBreakdownByAward_2026-09-16_H02M54S16646960.zip!FY2025P01-P12_070_TAS_Contracts_AccountBreakdownByAward_2026-09-16_H02M56S53_01.csv,243517,Contracts,https://files.usaspending.gov/generated_downloads/FY2025P01-P12_070_TAS_AccountBreakdownByAward_2026-09-16_H02M54S16646960.zip,Other public or nonprofit entities
FY2025P10,070-0540,070-2025/2025-0540-000,,0005,25.2,D,Q,,CONT_AWD_70CMSW20C00000003_7012_-NONE-_-NONE-,70CMSW20C00000003,,,,L8B6G753K3Y5,ARC - IMPERIAL VALLEY,L8B6G753K3Y5,ARC - IMPERIAL VALLEY,JANITORIAL/CUSTODIAL AND GROUNDS MAINTENANCE SERVICES AT THE EL CENTRO SPC.,localhost:3000/award/CONT_AWD_70CMSW20C00000003_7012_-NONE-_-NONE-/,2025-09-10,DHS_FY2025P12_c:FY2025P01-P12_070_TAS_Contracts_AccountBreakdownByAward_2026-09-16_H02M56S53_01.csv:row:243518,data/raw/DHS_FY2025P12_c/FY2025P01-P12_070_TAS_AccountBreakdownByAward_2026-09-16_H02M54S16646960.zip,FY2025P01-P12_070_TAS_Contracts_AccountBreakdownByAward_2026-09-16_H02M56S53_01.csv,data/raw/DHS_FY2025P12_c/FY2025P01-P12_070_TAS_AccountBreakdownByAward_2026-09-16_H02M54S16646960.zip!FY2025P01-P12_070_TAS_Contracts_AccountBreakdownByAward_2026-09-16_H02M56S53_01.csv,243518,Contracts,https://files.usaspending.gov/generated_downloads/FY2025P01-P12_070_TAS_AccountBreakdownByAward_2026-09-16_H02M54S16646960.zip,Other public or nonprofit entities
FY2025P10,070-0540,070-2021/2021-0540-000,,0003,25.2,D,Q,,CONT_AWD_70CMSW20C00000003_7012_-NONE-_-NONE-,70CMSW20C00000003,,,,L8B6G753K3Y5,ARC - IMPERIAL VALLEY,L8B6G753K3Y5,ARC - IMPERIAL VALLEY,JANITORIAL/CUSTODIAL AND GROUNDS MAINTENANCE SERVICES AT THE EL CENTRO SPC.,localhost:3000/award/CONT_AWD_70CMSW20C00000003_7012_-NONE-_-NONE-/,2025-09-10,DHS_FY2025P12_c:FY2025P01-P12_070_TAS_Contracts_AccountBreakdownByAward_2026-09-16_H02M56S53_01.csv:row:243519,data/raw/DHS_FY2025P12_c/FY2025P01-P12_070_TAS_AccountBreakdownByAward_2026-09-16_H02M54S16646960.zip,FY2025P01-P12_070_TAS_Contracts_AccountBreakdownByAward_2026-09-16_H02M56S53_01.csv,data/raw/DHS_FY2025P12_c/FY2025P01-P12_070_TAS_AccountBreakdownByAward_2026-09-16_H02M54S16646960.zip!FY2025P01-P12_070_TAS_Contracts_AccountBreakdownByAward_2026-09-16_H02M56S53_01.csv,243519,Contracts,https://files.usaspending.gov/generated_downloads/FY2025P01-P12_070_TAS_AccountBreakdownByAward_2026-09-16_H02M54S16646960.zip,Other public or nonprofit entities
FY2025P10,070-0540,070-2024/2024-0540-000,,0005,25.2,D,Q,,CONT_AWD_70CMSW20C00000003_7012_-NONE-_-NONE-,70CMSW20C00000003,,,,L8B6G753K3Y5,ARC - IMPERIAL VALLEY,L8B6G753K3Y5,ARC - IMPERIAL VALLEY,JANITORIAL/CUSTODIAL AND GROUNDS MAINTENANCE SERVICES AT THE EL CENTRO SPC.,localhost:3000/award/CONT_AWD_70CMSW20C00000003_7012_-NONE-_-NONE-/,2025-09-10,DHS_FY2025P12_c:FY2025P01-P12_070_TAS_Contracts_AccountBreakdownByAward_2026-09-16_H02M56S53_01.csv:row:243520,data/raw/DHS_FY2025P12_c/FY2025P01-P12_070_TAS_AccountBreakdownByAward_2026-09-16_H02M54S16646960.zip,FY2025P01-P12_070_TAS_Contracts_AccountBreakdownByAward_2026-09-16_H02M56S53_01.csv,data/raw/DHS_FY2025P12_c/FY2025P01-P12_070_TAS_AccountBreakdownByAward_2026-09-16_H02M54S16646960.zip!FY2025P01-P12_070_TAS_Contracts_AccountBreakdownByAward_2026-09-16_H02M56S53_01.csv,243520,Contracts,https://files.usaspending.gov/generated_downloads/FY2025P01-P12_070_TAS_AccountBreakdownByAward_2026-09-16_H02M54S16646960.zip,Other public or nonprofit entities
FY2025P05,070-0540,070-2025/2025-0540-000,,0002,25.2,D,Q,,CONT_AWD_70CMSW20C00000003_7012_-NONE-_-NONE-,70CMSW20C00000003,,,,L8B6G753K3Y5,ARC - IMPERIAL VALLEY,L8B6G753K3Y5,ARC - IMPERIAL VALLEY,JANITORIAL/CUSTODIAL AND GROUNDS MAINTENANCE SERVICES AT THE EL CENTRO SPC.,localhost:3000/award/CONT_AWD_70CMSW20C00000003_7012_-NONE-_-NONE-/,2025-05-15,DHS_FY2025P12_c:FY2025P01-P12_070_TAS_Contracts_AccountBreakdownByAward_2026-09-16_H02M56S53_01.csv:row:243521,data/raw/DHS_FY2025P12_c/FY2025P01-P12_070_TAS_AccountBreakdownByAward_2026-09-16_H02M54S16646960.zip,FY2025P01-P12_070_TAS_Contracts_AccountBreakdownByAward_2026-09-16_H02M56S53_01.csv,data/raw/DHS_FY2025P12_c/FY2025P01-P12_070_TAS_AccountBreakdownByAward_2026-09-16_H02M54S16646960.zip!FY2025P01-P12_070_TAS_Contracts_AccountBreakdownByAward_2026-09-16_H02M56S53_01.csv,243521,Contracts,https://files.usaspending.gov/generated_downloads/FY2025P01-P12_070_TAS_AccountBreakdownByAward_2026-09-16_H02M54S16646960.zip,Other public or nonprofit entities
FY2025P09,070-0540,070-2021/2021-0540-000,,0003,25.2,D,Q,,CONT_AWD_70CMSW20C00000003_7012_-NONE-_-NONE-,70CMSW20C00000003,,,,L8B6G753K3Y5,ARC - IMPERIAL VALLEY,L8B6G753K3Y5,ARC - IMPERIAL VALLEY,JANITORIAL/CUSTODIAL AND GROUNDS MAINTENANCE SERVICES AT THE EL CENTRO SPC.,localhost:3000/award/CONT_AWD_70CMSW20C00000003_7012_-NONE-_-NONE-/,2025-08-13,DHS_FY2025P12_c:FY2025P01-P12_070_TAS_Contracts_AccountBreakdownByAward_2026-09-16_H02M56S53_01.csv:row:243522,data/raw/DHS_FY2025P12_c/FY2025P01-P12_070_TAS_AccountBreakdownByAward_2026-09-16_H02M54S16646960.zip,FY2025P01-P12_070_TAS_Contracts_AccountBreakdownByAward_2026-09-16_H02M56S53_01.csv,data/raw/DHS_FY2025P12_c/FY2025P01-P12_070_TAS_AccountBreakdownByAward_2026-09-16_H02M54S16646960.zip!FY2025P01-P12_070_TAS_Contracts_AccountBreakdownByAward_2026-09-16_H02M56S53_01.csv,243522,Contracts,https://files.usaspending.gov/generated_downloads/FY2025P01-P12_070_TAS_AccountBreakdownByAward_2026-09-16_H02M54S16646960.zip,Other public or nonprofit entities
FY2025P09,070-0540,070-2024/2024-0540-000,,0005,25.2,D,Q,,CONT_AWD_70CMSW20C00000003_7012_-NONE-_-NONE-,70CMSW20C00000003,,,,L8B6G753K3Y5,ARC - IMPERIAL VALLEY,L8B6G753K3Y5,ARC - IMPERIAL VALLEY,JANITORIAL/CUSTODIAL AND GROUNDS MAINTENANCE SERVICES AT THE EL CENTRO SPC.,localhost:3000/award/CONT_AWD_70CMSW20C00000003_7012_-NONE-_-NONE-/,2025-08-13,DHS_FY2025P12_c:FY2025P01-P12_070_TAS_Contracts_AccountBreakdownByAward_2026-09-16_H02M56S53_01.csv:row:243523,data/raw/DHS_FY2025P12_c/FY2025P01-P12_070_TAS_AccountBreakdownByAward_2026-09-16_H02M54S16646960.zip,FY2025P01-P12_070_TAS_Contracts_AccountBreakdownByAward_2026-09-16_H02M56S53_01.csv,data/raw/DHS_FY2025P12_c/FY2025P01-P12_070_TAS_AccountBreakdownByAward_2026-09-16_H02M54S16646960.zip!FY2025P01-P12_070_TAS_Contracts_AccountBreakdownByAward_2026-09-16_H02M56S53_01.csv,243523,Contracts,https://files.usaspending.gov/generated_downloads/FY2025P01-P12_070_TAS_AccountBreakdownByAward_2026-09-16_H02M54S16646960.zip,Other public or nonprofit entities
FY2025P09,070-0540,070-2025/2025-0540-000,,0005,25.2,D,Q,,CONT_AWD_70CMSW20C00000003_7012_-NONE-_-NONE-,70CMSW20C00000003,,,,L8B6G753K3Y5,ARC - IMPERIAL VALLEY,L8B6G753K3Y5,ARC - IMPERIAL VALLEY,JANITORIAL/CUSTODIAL AND GROUNDS MAINTENANCE SERVICES AT THE EL CENTRO SPC.,localhost:3000/award/CONT_AWD_70CMSW20C00000003_7012_-NONE-_-NONE-/,2025-08-13,DHS_FY2025P12_c:FY2025P01-P12_070_TAS_Contracts_AccountBreakdownByAward_2026-09-16_H02M56S53_01.csv:row:243524,data/raw/DHS_FY2025P12_c/FY2025P01-P12_070_TAS_AccountBreakdownByAward_2026-09-16_H02M54S16646960.zip,FY2025P01-P12_070_TAS_Contracts_AccountBreakdownByAward_2026-09-16_H02M56S53_01.csv,data/raw/DHS_FY2025P12_c/FY2025P01-P12_070_TAS_AccountBreakdownByAward_2026-09-16_H02M54S16646960.zip!FY2025P01-P12_070_TAS_Contracts_AccountBreakdownByAward_2026-09-16_H02M56S53_01.csv,243524,Contracts,https://files.usaspending.gov/generated_downloads/FY2025P01-P12_070_TAS_AccountBreakdownByAward_2026-09-16_H02M54S16646960.zip,Other public or nonprofit entities
FY2025P12,070-0540,070-2025/2025-0540-000,,0002,25.2,D,Q,,CONT_AWD_70CMSW20C00000003_7012_-NONE-_-NONE-,70CMSW20C00000003,,,,L8B6G753K3Y5,ARC - IMPERIAL VALLEY,L8B6G753K3Y5,ARC - IMPERIAL VALLEY,JANITORIAL/CUSTODIAL AND GROUNDS MAINTENANCE SERVICES AT THE EL CENTRO SPC.,localhost:3000/award/CONT_AWD_70CMSW20C00000003_7012_-NONE-_-NONE-/,2025-12-05,DHS_FY2025P12_c:FY2025P01-P12_070_TAS_Contracts_AccountBreakdownByAward_2026-09-16_H02M56S53_01.csv:row:243525,data/raw/DHS_FY2025P12_c/FY2025P01-P12_070_TAS_AccountBreakdownByAward_2026-09-16_H02M54S16646960.zip,FY2025P01-P12_070_TAS_Contracts_AccountBreakdownByAward_2026-09-16_H02M56S53_01.csv,data/raw/DHS_FY2025P12_c/FY2025P01-P12_070_TAS_AccountBreakdownByAward_2026-09-16_H02M54S16646960.zip!FY2025P01-P12_070_TAS_Contracts_AccountBreakdownByAward_2026-09-16_H02M56S53_01.csv,243525,Contracts,https://files.usaspending.gov/generated_downloads/FY2025P01-P12_070_TAS_AccountBreakdownByAward_2026-09-16_H02M54S16646960.zip,Other public or nonprofit entities
FY2025P12,070-0540,070-2025/2025-0540-000,,0005,25.2,D,Q,,CONT_AWD_70CMSW20C00000003_7012_-NONE-_-NONE-,70CMSW20C00000003,,,,L8B6G753K3Y5,ARC - IMPERIAL VALLEY,L8B6G753K3Y5,ARC - IMPERIAL VALLEY,JANITORIAL/CUSTODIAL AND GROUNDS MAINTENANCE SERVICES AT THE EL CENTRO SPC.,localhost:3000/award/CONT_AWD_70CMSW20C00000003_7012_-NONE-_-NONE-/,2025-12-05,DHS_FY2025P12_c:FY2025P01-P12_070_TAS_Contracts_AccountBreakdownByAward_2026-09-16_H02M56S53_01.csv:row:243526,data/raw/DHS_FY2025P12_c/FY2025P01-P12_070_TAS_AccountBreakdownByAward_2026-09-16_H02M54S16646960.zip,FY2025P01-P12_070_TAS_Contracts_AccountBreakdownByAward_2026-09-16_H02M56S53_01.csv,data/raw/DHS_FY2025P12_c/FY2025P01-P12_070_TAS_AccountBreakdownByAward_2026-09-16_H02M54S16646960.zip!FY2025P01-P12_070_TAS_Contracts_AccountBreakdownByAward_2026-09-16_H02M56S53_01.csv,243526,Contracts,https://files.usaspending.gov/generated_downloads/FY2025P01-P12_070_TAS_AccountBreakdownByAward_2026-09-16_H02M54S16646960.zip,Other public or nonprofit entities
FY2025P06,070-0540,070-2025/2025-0540-000,,0002,25.2,D,Q,,CONT_AWD_70CMSW20C00000003_7012_-NONE-_-NONE-,70CMSW20C00000003,,,,L8B6G753K3Y5,ARC - IMPERIAL VALLEY,L8B6G753K3Y5,ARC - IMPERIAL VALLEY,JANITORIAL/CUSTODIAL AND GROUNDS MAINTENANCE SERVICES AT THE EL CENTRO SPC.,localhost:3000/award/CONT_AWD_70CMSW20C00000003_7012_-NONE-_-NONE-/,2025-05-15,DHS_FY2025P12_c:FY2025P01-P12_070_TAS_Contracts_AccountBreakdownByAward_2026-09-16_H02M56S53_01.csv:row:243527,data/raw/DHS_FY2025P12_c/FY2025P01-P12_070_TAS_AccountBreakdownByAward_2026-09-16_H02M54S16646960.zip,FY2025P01-P12_070_TAS_Contracts_AccountBreakdownByAward_2026-09-16_H02M56S53_01.csv,data/raw/DHS_FY2025P12_c/FY2025P01-P12_070_TAS_AccountBreakdownByAward_2026-09-16_H02M54S16646960.zip!FY2025P01-P12_070_TAS_Contracts_AccountBreakdownByAward_2026-09-16_H02M56S53_01.csv,243527,Contracts,https://files.usaspending.gov/generated_downloads/FY2025P01-P12_070_TAS_AccountBreakdownByAward_2026-09-16_H02M54S16646960.zip,Other public or nonprofit entities
FY2025P06,070-0540,070-2024/2024-0540-000,,0005,25.2,D,Q,,CONT_AWD_70CMSW20C00000003_7012_-NONE-_-NONE-,70CMSW20C00000003,,,,L8B6G753K3Y5,ARC - IMPERIAL VALLEY,L8B6G753K3Y5,ARC - IMPERIAL VALLEY,JANITORIAL/CUSTODIAL AND GROUNDS MAINTENANCE SERVICES AT THE EL CENTRO SPC.,localhost:3000/award/CONT_AWD_70CMSW20C00000003_7012_-NONE-_-NONE-/,2025-05-15,DHS_FY2025P12_c:FY2025P01-P12_070_TAS_Contracts_AccountBreakdownByAward_2026-09-16_H02M56S53_01.csv:row:243528,data/raw/DHS_FY2025P12_c/FY2025P01-P12_070_TAS_AccountBreakdownByAward_2026-09-16_H02M54S16646960.zip,FY2025P01-P12_070_TAS_Contracts_AccountBreakdownByAward_2026-09-16_H02M56S53_01.csv,data/raw/DHS_FY2025P12_c/FY2025P01-P12_070_TAS_AccountBreakdownByAward_2026-09-16_H02M54S16646960.zip!FY2025P01-P12_070_TAS_Contracts_AccountBreakdownByAward_2026-09-16_H02M56S53_01.csv,243528,Contracts,https://files.usaspending.gov/generated_downloads/FY2025P01-P12_070_TAS_AccountBreakdownByAward_2026-09-16_H02M54S16646960.zip,Other public or nonprofit entities
FY2025P08,070-0540,070-X-0540-000,,0801,25.2,R,Q,,CONT_AWD_70CMSW20C00000003_7012_-NONE-_-NONE-,70CMSW20C00000003,,,,L8B6G753K3Y5,ARC - IMPERIAL VALLEY,L8B6G753K3Y5,ARC - IMPERIAL VALLEY,JANITORIAL/CUSTODIAL AND GROUNDS MAINTENANCE SERVICES AT THE EL CENTRO SPC.,localhost:3000/award/CONT_AWD_70CMSW20C00000003_7012_-NONE-_-NONE-/,2025-07-01,DHS_FY2025P12_c:FY2025P01-P12_070_TAS_Contracts_AccountBreakdownByAward_2026-09-16_H02M56S53_01.csv:row:243529,data/raw/DHS_FY2025P12_c/FY2025P01-P12_070_TAS_AccountBreakdownByAward_2026-09-16_H02M54S16646960.zip,FY2025P01-P12_070_TAS_Contracts_AccountBreakdownByAward_2026-09-16_H02M56S53_01.csv,data/raw/DHS_FY2025P12_c/FY2025P01-P12_070_TAS_AccountBreakdownByAward_2026-09-16_H02M54S16646960.zip!FY2025P01-P12_070_TAS_Contracts_AccountBreakdownByAward_2026-09-16_H02M56S53_01.csv,243529,Contracts,https://files.usaspending.gov/generated_downloads/FY2025P01-P12_070_TAS_AccountBreakdownByAward_2026-09-16_H02M54S16646960.zip,Other public or nonprofit entities
FY2025P08,070-0540,070-2024/2024-0540-000,,0005,25.2,D,Q,,CONT_AWD_70CMSW20C00000003_7012_-NONE-_-NONE-,70CMSW20C00000003,,,,L8B6G753K3Y5,ARC - IMPERIAL VALLEY,L8B6G753K3Y5,ARC - IMPERIAL VALLEY,JANITORIAL/CUSTODIAL AND GROUNDS MAINTENANCE SERVICES AT THE EL CENTRO SPC.,localhost:3000/award/CONT_AWD_70CMSW20C00000003_7012_-NONE-_-NONE-/,2025-07-01,DHS_FY2025P12_c:FY2025P01-P12_070_TAS_Contracts_AccountBreakdownByAward_2026-09-16_H02M56S53_01.csv:row:243530,data/raw/DHS_FY2025P12_c/FY2025P01-P12_070_TAS_AccountBreakdownByAward_2026-09-16_H02M54S16646960.zip,FY2025P01-P12_070_TAS_Contracts_AccountBreakdownByAward_2026-09-16_H02M56S53_01.csv,data/raw/DHS_FY2025P12_c/FY2025P01-P12_070_TAS_AccountBreakdownByAward_2026-09-16_H02M54S16646960.zip!FY2025P01-P12_070_TAS_Contracts_AccountBreakdownByAward_2026-09-16_H02M56S53_01.csv,243530,Contracts,https://files.usaspending.gov/generated_downloads/FY2025P01-P12_070_TAS_AccountBreakdownByAward_2026-09-16_H02M54S16646960.zip,Other public or nonprofit entities
FY2025P08,070-0540,070-2021/2021-0540-000,,0003,25.2,D,Q,,CONT_AWD_70CMSW20C00000003_7012_-NONE-_-NONE-,70CMSW20C00000003,,,,L8B6G753K3Y5,ARC - IMPERIAL VALLEY,L8B6G753K3Y5,ARC - IMPERIAL VALLEY,JANITORIAL/CUSTODIAL AND GROUNDS MAINTENANCE SERVICES AT THE EL CENTRO SPC.,localhost:3000/award/CONT_AWD_70CMSW20C00000003_7012_-NONE-_-NONE-/,2025-07-01,DHS_FY2025P12_c:FY2025P01-P12_070_TAS_Contracts_AccountBreakdownByAward_2026-09-16_H02M56S53_01.csv:row:243531,data/raw/DHS_FY2025P12_c/FY2025P01-P12_070_TAS_AccountBreakdownByAward_2026-09-16_H02M54S16646960.zip,FY2025P01-P12_070_TAS_Contracts_AccountBreakdownByAward_2026-09-16_H02M56S53_01.csv,data/raw/DHS_FY2025P12_c/FY2025P01-P12_070_TAS_AccountBreakdownByAward_2026-09-16_H02M54S16646960.zip!FY2025P01-P12_070_TAS_Contracts_AccountBreakdownByAward_2026-09-16_H02M56S53_01.csv,243531,Contracts,https://files.usaspending.gov/generated_downloads/FY2025P01-P12_070_TAS_AccountBreakdownByAward_2026-09-16_H02M54S16646960.zip,Other public or nonprofit entities
FY2025P08,070-0540,070-2025/2025-0540-000,,0005,25.2,D,Q,,CONT_AWD_70CMSW20C00000003_7012_-NONE-_-NONE-,70CMSW20C00000003,,,,L8B6G753K3Y5,ARC - IMPERIAL VALLEY,L8B6G753K3Y5,ARC - IMPERIAL VALLEY,JANITORIAL/CUSTODIAL AND GROUNDS MAINTENANCE SERVICES AT THE EL CENTRO SPC.,localhost:3000/award/CONT_AWD_70CMSW20C00000003_7012_-NONE-_-NONE-/,2025-07-01,DHS_FY2025P12_c:FY2025P01-P12_070_TAS_Contracts_AccountBreakdownByAward_2026-09-16_H02M56S53_01.csv:row:243532,data/raw/DHS_FY2025P12_c/FY2025P01-P12_070_TAS_AccountBreakdownByAward_2026-09-16_H02M54S16646960.zip,FY2025P01-P12_070_TAS_Contracts_AccountBreakdownByAward_2026-09-16_H02M56S53_01.csv,data/raw/DHS_FY2025P12_c/FY2025P01-P12_070_TAS_AccountBreakdownByAward_2026-09-16_H02M54S16646960.zip!FY2025P01-P12_070_TAS_Contracts_AccountBreakdownByAward_2026-09-16_H02M56S53_01.csv,243532,Contracts,https://files.usaspending.gov/generated_downloads/FY2025P01-P12_070_TAS_AccountBreakdownByAward_2026-09-16_H02M54S16646960.zip,Other public or nonprofit entities
FY2025P08,070-0540,070-2025/2025-0540-000,,0002,25.2,D,Q,,CONT_AWD_70CMSW20C00000003_7012_-NONE-_-NONE-,70CMSW20C00000003,,,,L8B6G753K3Y5,ARC - IMPERIAL VALLEY,L8B6G753K3Y5,ARC - IMPERIAL VALLEY,JANITORIAL/CUSTODIAL AND GROUNDS MAINTENANCE SERVICES AT THE EL CENTRO SPC.,localhost:3000/award/CONT_AWD_70CMSW20C00000003_7012_-NONE-_-NONE-/,2025-07-01,DHS_FY2025P12_c:FY2025P01-P12_070_TAS_Contracts_AccountBreakdownByAward_2026-09-16_H02M56S53_01.csv:row:243533,data/raw/DHS_FY2025P12_c/FY2025P01-P12_070_TAS_AccountBreakdownByAward_2026-09-16_H02M54S16646960.zip,FY2025P01-P12_070_TAS_Contracts_AccountBreakdownByAward_2026-09-16_H02M56S53_01.csv,data/raw/DHS_FY2025P12_c/FY2025P01-P12_070_TAS_AccountBreakdownByAward_2026-09-16_H02M54S16646960.zip!FY2025P01-P12_070_TAS_Contracts_AccountBreakdownByAward_2026-09-16_H02M56S53_01.csv,243533,Contracts,https://files.usaspending.gov/generated_downloads/FY2025P01-P12_070_TAS_AccountBreakdownByAward_2026-09-16_H02M54S16646960.zip,Other public or nonprofit entities
FY2025P12,070-0540,070-X-0540-000,,0801,25.2,R,Q,671881.00,CONT_AWD_70CMSW20C00000003_7012_-NONE-_-NONE-,70CMSW20C00000003,,,,L8B6G753K3Y5,ARC - IMPERIAL VALLEY,L8B6G753K3Y5,ARC - IMPERIAL VALLEY,JANITORIAL/CUSTODIAL AND GROUNDS MAINTENANCE SERVICES AT THE EL CENTRO SPC.,localhost:3000/award/CONT_AWD_70CMSW20C00000003_7012_-NONE-_-NONE-/,2025-12-05,DHS_FY2025P12_c:FY2025P01-P12_070_TAS_Contracts_AccountBreakdownByAward_2026-09-16_H02M56S53_01.csv:row:243536,data/raw/DHS_FY2025P12_c/FY2025P01-P12_070_TAS_AccountBreakdownByAward_2026-09-16_H02M54S16646960.zip,FY2025P01-P12_070_TAS_Contracts_AccountBreakdownByAward_2026-09-16_H02M56S53_01.csv,data/raw/DHS_FY2025P12_c/FY2025P01-P12_070_TAS_AccountBreakdownByAward_2026-09-16_H02M54S16646960.zip!FY2025P01-P12_070_TAS_Contracts_AccountBreakdownByAward_2026-09-16_H02M56S53_01.csv,243536,Contracts,https://files.usaspending.gov/generated_downloads/FY2025P01-P12_070_TAS_AccountBreakdownByAward_2026-09-16_H02M54S16646960.zip,Other public or nonprofit entities
FY2025P12,070-0540,070-X-0540-000,,0801,25.2,R,Q,,CONT_AWD_70CMSW20C00000003_7012_-NONE-_-NONE-,70CMSW20C00000003,,,,L8B6G753K3Y5,ARC - IMPERIAL VALLEY,L8B6G753K3Y5,ARC - IMPERIAL VALLEY,JANITORIAL/CUSTODIAL AND GROUNDS MAINTENANCE SERVICES AT THE EL CENTRO SPC.,localhost:3000/award/CONT_AWD_70CMSW20C00000003_7012_-NONE-_-NONE-/,2025-12-05,DHS_FY2025P12_c:FY2025P01-P12_070_TAS_Contracts_AccountBreakdownByAward_2026-09-16_H02M56S53_01.csv:row:243537,data/raw/DHS_FY2025P12_c/FY2025P01-P12_070_TAS_AccountBreakdownByAward_2026-09-16_H02M54S16646960.zip,FY2025P01-P12_070_TAS_Contracts_AccountBreakdownByAward_2026-09-16_H02M56S53_01.csv,data/raw/DHS_FY2025P12_c/FY2025P01-P12_070_TAS_AccountBreakdownByAward_2026-09-16_H02M54S16646960.zip!FY2025P01-P12_070_TAS_Contracts_AccountBreakdownByAward_2026-09-16_H02M56S53_01.csv,243537,Contracts,https://files.usaspending.gov/generated_downloads/FY2025P01-P12_070_TAS_AccountBreakdownByAward_2026-09-16_H02M54S16646960.zip,Other public or nonprofit entities
FY2025P12,070-0540,070-2021/2021-0540-000,,0003,25.2,D,Q,,CONT_AWD_70CMSW20C00000003_7012_-NONE-_-NONE-,70CMSW20C00000003,,,,L8B6G753K3Y5,ARC - IMPERIAL VALLEY,L8B6G753K3Y5,ARC - IMPERIAL VALLEY,JANITORIAL/CUSTODIAL AND GROUNDS MAINTENANCE SERVICES AT THE EL CENTRO SPC.,localhost:3000/award/CONT_AWD_70CMSW20C00000003_7012_-NONE-_-NONE-/,2025-12-05,DHS_FY2025P12_c:FY2025P01-P12_070_TAS_Contracts_AccountBreakdownByAward_2026-09-16_H02M56S53_01.csv:row:243538,data/raw/DHS_FY2025P12_c/FY2025P01-P12_070_TAS_AccountBreakdownByAward_2026-09-16_H02M54S16646960.zip,FY2025P01-P12_070_TAS_Contracts_AccountBreakdownByAward_2026-09-16_H02M56S53_01.csv,data/raw/DHS_FY2025P12_c/FY2025P01-P12_070_TAS_AccountBreakdownByAward_2026-09-16_H02M54S16646960.zip!FY2025P01-P12_070_TAS_Contracts_AccountBreakdownByAward_2026-09-16_H02M56S53_01.csv,243538,Contracts,https://files.usaspending.gov/generated_downloads/FY2025P01-P12_070_TAS_AccountBreakdownByAward_2026-09-16_H02M54S16646960.zip,Other public or nonprofit entities
FY2025P12,070-0540,070-2024/2024-0540-000,,0005,25.2,D,Q,,CONT_AWD_70CMSW20C00000003_7012_-NONE-_-NONE-,70CMSW20C00000003,,,,L8B6G753K3Y5,ARC - IMPERIAL VALLEY,L8B6G753K3Y5,ARC - IMPERIAL VALLEY,JANITORIAL/CUSTODIAL AND GROUNDS MAINTENANCE SERVICES AT THE EL CENTRO SPC.,localhost:3000/award/CONT_AWD_70CMSW20C00000003_7012_-NONE-_-NONE-/,2025-12-05,DHS_FY2025P12_c:FY2025P01-P12_070_TAS_Contracts_AccountBreakdownByAward_2026-09-16_H02M56S53_01.csv:row:243539,data/raw/DHS_FY2025P12_c/FY2025P01-P12_070_TAS_AccountBreakdownByAward_2026-09-16_H02M54S16646960.zip,FY2025P01-P12_070_TAS_Contracts_AccountBreakdownByAward_2026-09-16_H02M56S53_01.csv,data/raw/DHS_FY2025P12_c/FY2025P01-P12_070_TAS_AccountBreakdownByAward_2026-09-16_H02M54S16646960.zip!FY2025P01-P12_070_TAS_Contracts_AccountBreakdownByAward_2026-09-16_H02M56S53_01.csv,243539,Contracts,https://files.usaspending.gov/generated_downloads/FY2025P01-P12_070_TAS_AccountBreakdownByAward_2026-09-16_H02M54S16646960.zip,Other public or nonprofit entities
FY2025P12,070-0540,070-2025/2025-0540-000,,0005,25.2,D,Q,43871.18,CONT_AWD_70CMSW20C00000003_7012_-NONE-_-NONE-,70CMSW20C00000003,,,,L8B6G753K3Y5,ARC - IMPERIAL VALLEY,L8B6G753K3Y5,ARC - IMPERIAL VALLEY,JANITORIAL/CUSTODIAL AND GROUNDS MAINTENANCE SERVICES AT THE EL CENTRO SPC.,localhost:3000/award/CONT_AWD_70CMSW20C00000003_7012_-NONE-_-NONE-/,2025-12-05,DHS_FY2025P12_c:FY2025P01-P12_070_TAS_Contracts_AccountBreakdownByAward_2026-09-16_H02M56S53_01.csv:row:243540,data/raw/DHS_FY2025P12_c/FY2025P01-P12_070_TAS_AccountBreakdownByAward_2026-09-16_H02M54S16646960.zip,FY2025P01-P12_070_TAS_Contracts_AccountBreakdownByAward_2026-09-16_H02M56S53_01.csv,data/raw/DHS_FY2025P12_c/FY2025P01-P12_070_TAS_AccountBreakdownByAward_2026-09-16_H02M54S16646960.zip!FY2025P01-P12_070_TAS_Contracts_AccountBreakdownByAward_2026-09-16_H02M56S53_01.csv,243540,Contracts,https://files.usaspending.gov/generated_downloads/FY2025P01-P12_070_TAS_AccountBreakdownByAward_2026-09-16_H02M54S16646960.zip,Other public or nonprofit entities
FY2025P11,070-0540,070-2021/2021-0540-000,,0003,25.2,D,Q,,CONT_AWD_70CMSW20C00000003_7012_-NONE-_-NONE-,70CMSW20C00000003,,,,L8B6G753K3Y5,ARC - IMPERIAL VALLEY,L8B6G753K3Y5,ARC - IMPERIAL VALLEY,JANITORIAL/CUSTODIAL AND GROUNDS MAINTENANCE SERVICES AT THE EL CENTRO SPC.,localhost:3000/award/CONT_AWD_70CMSW20C00000003_7012_-NONE-_-NONE-/,2025-12-05,DHS_FY2025P12_c:FY2025P01-P12_070_TAS_Contracts_AccountBreakdownByAward_2026-09-16_H02M56S53_01.csv:row:243542,data/raw/DHS_FY2025P12_c/FY2025P01-P12_070_TAS_AccountBreakdownByAward_2026-09-16_H02M54S16646960.zip,FY2025P01-P12_070_TAS_Contracts_AccountBreakdownByAward_2026-09-16_H02M56S53_01.csv,data/raw/DHS_FY2025P12_c/FY2025P01-P12_070_TAS_AccountBreakdownByAward_2026-09-16_H02M54S16646960.zip!FY2025P01-P12_070_TAS_Contracts_AccountBreakdownByAward_2026-09-16_H02M56S53_01.csv,243542,Contracts,https://files.usaspending.gov/generated_downloads/FY2025P01-P12_070_TAS_AccountBreakdownByAward_2026-09-16_H02M54S16646960.zip,Other public or nonprofit entities
FY2025P11,070-0540,070-2025/2025-0540-000,,0005,25.2,D,Q,,CONT_AWD_70CMSW20C00000003_7012_-NONE-_-NONE-,70CMSW20C00000003,,,,L8B6G753K3Y5,ARC - IMPERIAL VALLEY,L8B6G753K3Y5,ARC - IMPERIAL VALLEY,JANITORIAL/CUSTODIAL AND GROUNDS MAINTENANCE SERVICES AT THE EL CENTRO SPC.,localhost:3000/award/CONT_AWD_70CMSW20C00000003_7012_-NONE-_-NONE-/,2025-12-05,DHS_FY2025P12_c:FY2025P01-P12_070_TAS_Contracts_AccountBreakdownByAward_2026-09-16_H02M56S53_01.csv:row:243543,data/raw/DHS_FY2025P12_c/FY2025P01-P12_070_TAS_AccountBreakdownByAward_2026-09-16_H02M54S16646960.zip,FY2025P01-P12_070_TAS_Contracts_AccountBreakdownByAward_2026-09-16_H02M56S53_01.csv,data/raw/DHS_FY2025P12_c/FY2025P01-P12_070_TAS_AccountBreakdownByAward_2026-09-16_H02M54S16646960.zip!FY2025P01-P12_070_TAS_Contracts_AccountBreakdownByAward_2026-09-16_H02M56S53_01.csv,243543,Contracts,https://files.usaspending.gov/generated_downloads/FY2025P01-P12_070_TAS_AccountBreakdownByAward_2026-09-16_H02M54S16646960.zip,Other public or nonprofit entities
FY2025P11,070-0540,070-2025/2025-0540-000,,0002,25.2,D,Q,,CONT_AWD_70CMSW20C00000003_7012_-NONE-_-NONE-,70CMSW20C00000003,,,,L8B6G753K3Y5,ARC - IMPERIAL VALLEY,L8B6G753K3Y5,ARC - IMPERIAL VALLEY,JANITORIAL/CUSTODIAL AND GROUNDS MAINTENANCE SERVICES AT THE EL CENTRO SPC.,localhost:3000/award/CONT_AWD_70CMSW20C00000003_7012_-NONE-_-NONE-/,2025-12-05,DHS_FY2025P12_c:FY2025P01-P12_070_TAS_Contracts_AccountBreakdownByAward_2026-09-16_H02M56S53_01.csv:row:243544,data/raw/DHS_FY2025P12_c/FY2025P01-P12_070_TAS_AccountBreakdownByAward_2026-09-16_H02M54S16646960.zip,FY2025P01-P12_070_TAS_Contracts_AccountBreakdownByAward_2026-09-16_H02M56S53_01.csv,data/raw/DHS_FY2025P12_c/FY2025P01-P12_070_TAS_AccountBreakdownByAward_2026-09-16_H02M54S16646960.zip!FY2025P01-P12_070_TAS_Contracts_AccountBreakdownByAward_2026-09-16_H02M56S53_01.csv,243544,Contracts,https://files.usaspending.gov/generated_downloads/FY2025P01-P12_070_TAS_AccountBreakdownByAward_2026-09-16_H02M54S16646960.zip,Other public or nonprofit entities
FY2025P11,070-0540,070-2024/2024-0540-000,,0005,25.2,D,Q,,CONT_AWD_70CMSW20C00000003_7012_-NONE-_-NONE-,70CMSW20C00000003,,,,L8B6G753K3Y5,ARC - IMPERIAL VALLEY,L8B6G753K3Y5,ARC - IMPERIAL VALLEY,JANITORIAL/CUSTODIAL AND GROUNDS MAINTENANCE SERVICES AT THE EL CENTRO SPC.,localhost:3000/award/CONT_AWD_70CMSW20C00000003_7012_-NONE-_-NONE-/,2025-12-05,DHS_FY2025P12_c:FY2025P01-P12_070_TAS_Contracts_AccountBreakdownByAward_2026-09-16_H02M56S53_01.csv:row:243545,data/raw/DHS_FY2025P12_c/FY2025P01-P12_070_TAS_AccountBreakdownByAward_2026-09-16_H02M54S16646960.zip,FY2025P01-P12_070_TAS_Contracts_AccountBreakdownByAward_2026-09-16_H02M56S53_01.csv,data/raw/DHS_FY2025P12_c/FY2025P01-P12_070_TAS_AccountBreakdownByAward_2026-09-16_H02M54S16646960.zip!FY2025P01-P12_070_TAS_Contracts_AccountBreakdownByAward_2026-09-16_H02M56S53_01.csv,243545,Contracts,https://files.usaspending.gov/generated_downloads/FY2025P01-P12_070_TAS_AccountBreakdownByAward_2026-09-16_H02M54S16646960.zip,Other public or nonprofit entities
FY2025P11,070-0540,070-X-0540-000,,0801,25.2,R,Q,,CONT_AWD_70CMSW20C00000003_7012_-NONE-_-NONE-,70CMSW20C00000003,,,,L8B6G753K3Y5,ARC - IMPERIAL VALLEY,L8B6G753K3Y5,ARC - IMPERIAL VALLEY,JANITORIAL/CUSTODIAL AND GROUNDS MAINTENANCE SERVICES AT THE EL CENTRO SPC.,localhost:3000/award/CONT_AWD_70CMSW20C00000003_7012_-NONE-_-NONE-/,2025-12-05,DHS_FY2025P12_c:FY2025P01-P12_070_TAS_Contracts_AccountBreakdownByAward_2026-09-16_H02M56S53_01.csv:row:243546,data/raw/DHS_FY2025P12_c/FY2025P01-P12_070_TAS_AccountBreakdownByAward_2026-09-16_H02M54S16646960.zip,FY2025P01-P12_070_TAS_Contracts_AccountBreakdownByAward_2026-09-16_H02M56S53_01.csv,data/raw/DHS_FY2025P12_c/FY2025P01-P12_070_TAS_AccountBreakdownByAward_2026-09-16_H02M54S16646960.zip!FY2025P01-P12_070_TAS_Contracts_AccountBreakdownByAward_2026-09-16_H02M56S53_01.csv,243546,Contracts,https://files.usaspending.gov/generated_downloads/FY2025P01-P12_070_TAS_AccountBreakdownByAward_2026-09-16_H02M54S16646960.zip,Other public or nonprofit entities
FY2025P05,070-0540,070-2024/2024-0540-000,,0005,25.2,D,Q,,CONT_AWD_70CMSW20C00000003_7012_-NONE-_-NONE-,70CMSW20C00000003,,,,L8B6G753K3Y5,ARC - IMPERIAL VALLEY,L8B6G753K3Y5,ARC - IMPERIAL VALLEY,JANITORIAL/CUSTODIAL AND GROUNDS MAINTENANCE SERVICES AT THE EL CENTRO SPC.,localhost:3000/award/CONT_AWD_70CMSW20C00000003_7012_-NONE-_-NONE-/,2025-05-15,DHS_FY2025P12_c:FY2025P01-P12_070_TAS_Contracts_AccountBreakdownByAward_2026-09-16_H02M56S53_01.csv:row:243547,data/raw/DHS_FY2025P12_c/FY2025P01-P12_070_TAS_AccountBreakdownByAward_2026-09-16_H02M54S16646960.zip,FY2025P01-P12_070_TAS_Contracts_AccountBreakdownByAward_2026-09-16_H02M56S53_01.csv,data/raw/DHS_FY2025P12_c/FY2025P01-P12_070_TAS_AccountBreakdownByAward_2026-09-16_H02M54S16646960.zip!FY2025P01-P12_070_TAS_Contracts_AccountBreakdownByAward_2026-09-16_H02M56S53_01.csv,243547,Contracts,https://files.usaspending.gov/generated_downloads/FY2025P01-P12_070_TAS_AccountBreakdownByAward_2026-09-16_H02M54S16646960.zip,Other public or nonprofit entities
FY2025P09,070-0540,070-2025/2025-0540-000,,0002,25.2,D,Q,,CONT_AWD_70CMSW20C00000003_7012_-NONE-_-NONE-,70CMSW20C00000003,,,,L8B6G753K3Y5,ARC - IMPERIAL VALLEY,L8B6G753K3Y5,ARC - IMPERIAL VALLEY,JANITORIAL/CUSTODIAL AND GROUNDS MAINTENANCE SERVICES AT THE EL CENTRO SPC.,localhost:3000/award/CONT_AWD_70CMSW20C00000003_7012_-NONE-_-NONE-/,2025-08-13,DHS_FY2025P12_c:FY2025P01-P12_070_TAS_Contracts_AccountBreakdownByAward_2026-09-16_H02M56S53_01.csv:row:243548,data/raw/DHS_FY2025P12_c/FY2025P01-P12_070_TAS_AccountBreakdownByAward_2026-09-16_H02M54S16646960.zip,FY2025P01-P12_070_TAS_Contracts_AccountBreakdownByAward_2026-09-16_H02M56S53_01.csv,data/raw/DHS_FY2025P12_c/FY2025P01-P12_070_TAS_AccountBreakdownByAward_2026-09-16_H02M54S16646960.zip!FY2025P01-P12_070_TAS_Contracts_AccountBreakdownByAward_2026-09-16_H02M56S53_01.csv,243548,Contracts,https://files.usaspending.gov/generated_downloads/FY2025P01-P12_070_TAS_AccountBreakdownByAward_2026-09-16_H02M54S16646960.zip,Other public or nonprofit entities
FY2025P11,070-0540,070-2025/2025-0540-000,,0002,25.1,D,Q,61700.00,CONT_AWD_70CMSD25P00000077_7012_-NONE-_-NONE-,70CMSD25P00000077,,,,M9S6A9ZTVB11,CITY OF ARLINGTON,M9S6A9ZTVB11,CITY OF ARLINGTON,THIS AWARD PROVIDES ICE OFFICE OF HUMAN CAPITAL WITH A 3-DAY VENUE FOR THE ICE HIRING EXPO IN ARLINGTON TEXAS TO RECRUIT FEDERAL LAW ENFORCEMENT CANDIDATES,localhost:3000/award/CONT_AWD_70CMSD25P00000077_7012_-NONE-_-NONE-/,2025-12-05,DHS_FY2025P12_c:FY2025P01-P12_070_TAS_Contracts_AccountBreakdownByAward_2026-09-16_H02M56S53_01.csv:row:243958,data/raw/DHS_FY2025P12_c/FY2025P01-P12_070_TAS_AccountBreakdownByAward_2026-09-16_H02M54S16646960.zip,FY2025P01-P12_070_TAS_Contracts_AccountBreakdownByAward_2026-09-16_H02M56S53_01.csv,data/raw/DHS_FY2025P12_c/FY2025P01-P12_070_TAS_AccountBreakdownByAward_2026-09-16_H02M54S16646960.zip!FY2025P01-P12_070_TAS_Contracts_AccountBreakdownByAward_2026-09-16_H02M56S53_01.csv,243958,Contracts,https://files.usaspending.gov/generated_downloads/FY2025P01-P12_070_TAS_AccountBreakdownByAward_2026-09-16_H02M54S16646960.zip,State and local governments
FY2025P12,070-0540,070-2025/2025-0540-000,,0002,25.1,D,Q,,CONT_AWD_70CMSD25P00000026_7012_-NONE-_-NONE-,70CMSD25P00000026,,,,QNDUMY6NRQS1,THE MOUNT VERNON LADIES' ASSOCIATION OF THE UNION,QNDUMY6NRQS1,THE MOUNT VERNON LADIES' ASSOCIATION OF THE UNION,THE PURPOSE OF THIS AWARD IS TO PROCURE EXECUTIVE LEADERSHIP TRAINING FOR THE HIGH POTENTIAL EXECUTIVE (HPE) LEADERSHIP PROGRAM FOR ICE OFFICE OF HUMAN CAPITAL,localhost:3000/award/CONT_AWD_70CMSD25P00000026_7012_-NONE-_-NONE-/,2025-12-05,DHS_FY2025P12_c:FY2025P01-P12_070_TAS_Contracts_AccountBreakdownByAward_2026-09-16_H02M56S53_01.csv:row:258270,data/raw/DHS_FY2025P12_c/FY2025P01-P12_070_TAS_AccountBreakdownByAward_2026-09-16_H02M54S16646960.zip,FY2025P01-P12_070_TAS_Contracts_AccountBreakdownByAward_2026-09-16_H02M56S53_01.csv,data/raw/DHS_FY2025P12_c/FY2025P01-P12_070_TAS_AccountBreakdownByAward_2026-09-16_H02M54S16646960.zip!FY2025P01-P12_070_TAS_Contracts_AccountBreakdownByAward_2026-09-16_H02M56S53_01.csv,258270,Contracts,https://files.usaspending.gov/generated_downloads/FY2025P01-P12_070_TAS_AccountBreakdownByAward_2026-09-16_H02M54S16646960.zip,Other public or nonprofit entities
FY2025P07,070-0540,070-2025/2025-0540-000,,0002,25.1,D,Q,14100.00,CONT_AWD_70CMSD25P00000026_7012_-NONE-_-NONE-,70CMSD25P00000026,,,,QNDUMY6NRQS1,THE MOUNT VERNON LADIES' ASSOCIATION OF THE UNION,QNDUMY6NRQS1,THE MOUNT VERNON LADIES' ASSOCIATION OF THE UNION,THE PURPOSE OF THIS AWARD IS TO PROCURE EXECUTIVE LEADERSHIP TRAINING FOR THE HIGH POTENTIAL EXECUTIVE (HPE) LEADERSHIP PROGRAM FOR ICE OFFICE OF HUMAN CAPITAL,localhost:3000/award/CONT_AWD_70CMSD25P00000026_7012_-NONE-_-NONE-/,2025-05-30,DHS_FY2025P12_c:FY2025P01-P12_070_TAS_Contracts_AccountBreakdownByAward_2026-09-16_H02M56S53_01.csv:row:258271,data/raw/DHS_FY2025P12_c/FY2025P01-P12_070_TAS_AccountBreakdownByAward_2026-09-16_H02M54S16646960.zip,FY2025P01-P12_070_TAS_Contracts_AccountBreakdownByAward_2026-09-16_H02M56S53_01.csv,data/raw/DHS_FY2025P12_c/FY2025P01-P12_070_TAS_AccountBreakdownByAward_2026-09-16_H02M54S16646960.zip!FY2025P01-P12_070_TAS_Contracts_AccountBreakdownByAward_2026-09-16_H02M56S53_01.csv,258271,Contracts,https://files.usaspending.gov/generated_downloads/FY2025P01-P12_070_TAS_AccountBreakdownByAward_2026-09-16_H02M54S16646960.zip,Other public or nonprofit entities
FY2025P12,070-0540,070-2024/2024-0540-000,,0003,25.1,D,Q,,CONT_AWD_70CMSD24P00000124_7012_-NONE-_-NONE-,70CMSD24P00000124,,,,QNDUMY6NRQS1,THE MOUNT VERNON LADIES' ASSOCIATION OF THE UNION,QNDUMY6NRQS1,THE MOUNT VERNON LADIES' ASSOCIATION OF THE UNION,1/2 DAY TRAINING FOR THE BOLT LEADERSLHIP CONFERENCE POP:  09/17/2024 SUGGESTED SOURCE:  GEORGE WASHINGTON MOUNT VERNON INSTITUTE COR:  MARILYN DOTY ACOR:  MARK GONZALES,localhost:3000/award/CONT_AWD_70CMSD24P00000124_7012_-NONE-_-NONE-/,2025-12-05,DHS_FY2025P12_c:FY2025P01-P12_070_TAS_Contracts_AccountBreakdownByAward_2026-09-16_H02M56S53_01.csv:row:266634,data/raw/DHS_FY2025P12_c/FY2025P01-P12_070_TAS_AccountBreakdownByAward_2026-09-16_H02M54S16646960.zip,FY2025P01-P12_070_TAS_Contracts_AccountBreakdownByAward_2026-09-16_H02M56S53_01.csv,data/raw/DHS_FY2025P12_c/FY2025P01-P12_070_TAS_AccountBreakdownByAward_2026-09-16_H02M54S16646960.zip!FY2025P01-P12_070_TAS_Contracts_AccountBreakdownByAward_2026-09-16_H02M56S53_01.csv,266634,Contracts,https://files.usaspending.gov/generated_downloads/FY2025P01-P12_070_TAS_AccountBreakdownByAward_2026-09-16_H02M54S16646960.zip,Other public or nonprofit entities
FY2025P09,070-0540,070-2024/2024-0540-000,,0003,25.1,D,Q,,CONT_AWD_70CMSD24P00000124_7012_-NONE-_-NONE-,70CMSD24P00000124,,,,QNDUMY6NRQS1,THE MOUNT VERNON LADIES' ASSOCIATION OF THE UNION,QNDUMY6NRQS1,THE MOUNT VERNON LADIES' ASSOCIATION OF THE UNION,1/2 DAY TRAINING FOR THE BOLT LEADERSLHIP CONFERENCE POP:  09/17/2024 SUGGESTED SOURCE:  GEORGE WASHINGTON MOUNT VERNON INSTITUTE COR:  MARILYN DOTY ACOR:  MARK GONZALES,localhost:3000/award/CONT_AWD_70CMSD24P00000124_7012_-NONE-_-NONE-/,2025-08-13,DHS_FY2025P12_c:FY2025P01-P12_070_TAS_Contracts_AccountBreakdownByAward_2026-09-16_H02M56S53_01.csv:row:266635,data/raw/DHS_FY2025P12_c/FY2025P01-P12_070_TAS_AccountBreakdownByAward_2026-09-16_H02M54S16646960.zip,FY2025P01-P12_070_TAS_Contracts_AccountBreakdownByAward_2026-09-16_H02M56S53_01.csv,data/raw/DHS_FY2025P12_c/FY2025P01-P12_070_TAS_AccountBreakdownByAward_2026-09-16_H02M54S16646960.zip!FY2025P01-P12_070_TAS_Contracts_AccountBreakdownByAward_2026-09-16_H02M56S53_01.csv,266635,Contracts,https://files.usaspending.gov/generated_downloads/FY2025P01-P12_070_TAS_AccountBreakdownByAward_2026-09-16_H02M54S16646960.zip,Other public or nonprofit entities
FY2025P10,070-0540,070-2024/2024-0540-000,,0003,25.1,D,Q,,CONT_AWD_70CMSD24P00000124_7012_-NONE-_-NONE-,70CMSD24P00000124,,,,QNDUMY6NRQS1,THE MOUNT VERNON LADIES' ASSOCIATION OF THE UNION,QNDUMY6NRQS1,THE MOUNT VERNON LADIES' ASSOCIATION OF THE UNION,1/2 DAY TRAINING FOR THE BOLT LEADERSLHIP CONFERENCE POP:  09/17/2024 SUGGESTED SOURCE:  GEORGE WASHINGTON MOUNT VERNON INSTITUTE COR:  MARILYN DOTY ACOR:  MARK GONZALES,localhost:3000/award/CONT_AWD_70CMSD24P00000124_7012_-NONE-_-NONE-/,2025-09-10,DHS_FY2025P12_c:FY2025P01-P12_070_TAS_Contracts_AccountBreakdownByAward_2026-09-16_H02M56S53_01.csv:row:266636,data/raw/DHS_FY2025P12_c/FY2025P01-P12_070_TAS_AccountBreakdownByAward_2026-09-16_H02M54S16646960.zip,FY2025P01-P12_070_TAS_Contracts_AccountBreakdownByAward_2026-09-16_H02M56S53_01.csv,data/raw/DHS_FY2025P12_c/FY2025P01-P12_070_TAS_AccountBreakdownByAward_2026-09-16_H02M54S16646960.zip!FY2025P01-P12_070_TAS_Contracts_AccountBreakdownByAward_2026-09-16_H02M56S53_01.csv,266636,Contracts,https://files.usaspending.gov/generated_downloads/FY2025P01-P12_070_TAS_AccountBreakdownByAward_2026-09-16_H02M54S16646960.zip,Other public or nonprofit entities
FY2025P11,070-0540,070-2024/2024-0540-000,,0003,25.1,D,Q,,CONT_AWD_70CMSD24P00000124_7012_-NONE-_-NONE-,70CMSD24P00000124,,,,QNDUMY6NRQS1,THE MOUNT VERNON LADIES' ASSOCIATION OF THE UNION,QNDUMY6NRQS1,THE MOUNT VERNON LADIES' ASSOCIATION OF THE UNION,1/2 DAY TRAINING FOR THE BOLT LEADERSLHIP CONFERENCE POP:  09/17/2024 SUGGESTED SOURCE:  GEORGE WASHINGTON MOUNT VERNON INSTITUTE COR:  MARILYN DOTY ACOR:  MARK GONZALES,localhost:3000/award/CONT_AWD_70CMSD24P00000124_7012_-NONE-_-NONE-/,2025-12-05,DHS_FY2025P12_c:FY2025P01-P12_070_TAS_Contracts_AccountBreakdownByAward_2026-09-16_H02M56S53_01.csv:row:266638,data/raw/DHS_FY2025P12_c/FY2025P01-P12_070_TAS_AccountBreakdownByAward_2026-09-16_H02M54S16646960.zip,FY2025P01-P12_070_TAS_Contracts_AccountBreakdownByAward_2026-09-16_H02M56S53_01.csv,data/raw/DHS_FY2025P12_c/FY2025P01-P12_070_TAS_AccountBreakdownByAward_2026-09-16_H02M54S16646960.zip!FY2025P01-P12_070_TAS_Contracts_AccountBreakdownByAward_2026-09-16_H02M56S53_01.csv,266638,Contracts,https://files.usaspending.gov/generated_downloads/FY2025P01-P12_070_TAS_AccountBreakdownByAward_2026-09-16_H02M54S16646960.zip,Other public or nonprofit entities
FY2025P06,070-0540,070-2024/2024-0540-000,,0003,25.1,D,Q,,CONT_AWD_70CMSD24P00000124_7012_-NONE-_-NONE-,70CMSD24P00000124,,,,QNDUMY6NRQS1,THE MOUNT VERNON LADIES' ASSOCIATION OF THE UNION,QNDUMY6NRQS1,THE MOUNT VERNON LADIES' ASSOCIATION OF THE UNION,1/2 DAY TRAINING FOR THE BOLT LEADERSLHIP CONFERENCE POP:  09/17/2024 SUGGESTED SOURCE:  GEORGE WASHINGTON MOUNT VERNON INSTITUTE COR:  MARILYN DOTY ACOR:  MARK GONZALES,localhost:3000/award/CONT_AWD_70CMSD24P00000124_7012_-NONE-_-NONE-/,2025-05-15,DHS_FY2025P12_c:FY2025P01-P12_070_TAS_Contracts_AccountBreakdownByAward_2026-09-16_H02M56S53_01.csv:row:266640,data/raw/DHS_FY2025P12_c/FY2025P01-P12_070_TAS_AccountBreakdownByAward_2026-09-16_H02M54S16646960.zip,FY2025P01-P12_070_TAS_Contracts_AccountBreakdownByAward_2026-09-16_H02M56S53_01.csv,data/raw/DHS_FY2025P12_c/FY2025P01-P12_070_TAS_AccountBreakdownByAward_2026-09-16_H02M54S16646960.zip!FY2025P01-P12_070_TAS_Contracts_AccountBreakdownByAward_2026-09-16_H02M56S53_01.csv,266640,Contracts,https://files.usaspending.gov/generated_downloads/FY2025P01-P12_070_TAS_AccountBreakdownByAward_2026-09-16_H02M54S16646960.zip,Other public or nonprofit entities
FY2025P08,070-0540,070-2024/2024-0540-000,,0003,25.1,D,Q,,CONT_AWD_70CMSD24P00000124_7012_-NONE-_-NONE-,70CMSD24P00000124,,,,QNDUMY6NRQS1,THE MOUNT VERNON LADIES' ASSOCIATION OF THE UNION,QNDUMY6NRQS1,THE MOUNT VERNON LADIES' ASSOCIATION OF THE UNION,1/2 DAY TRAINING FOR THE BOLT LEADERSLHIP CONFERENCE POP:  09/17/2024 SUGGESTED SOURCE:  GEORGE WASHINGTON MOUNT VERNON INSTITUTE COR:  MARILYN DOTY ACOR:  MARK GONZALES,localhost:3000/award/CONT_AWD_70CMSD24P00000124_7012_-NONE-_-NONE-/,2025-07-01,DHS_FY2025P12_c:FY2025P01-P12_070_TAS_Contracts_AccountBreakdownByAward_2026-09-16_H02M56S53_01.csv:row:266642,data/raw/DHS_FY2025P12_c/FY2025P01-P12_070_TAS_AccountBreakdownByAward_2026-09-16_H02M54S16646960.zip,FY2025P01-P12_070_TAS_Contracts_AccountBreakdownByAward_2026-09-16_H02M56S53_01.csv,data/raw/DHS_FY2025P12_c/FY2025P01-P12_070_TAS_AccountBreakdownByAward_2026-09-16_H02M54S16646960.zip!FY2025P01-P12_070_TAS_Contracts_AccountBreakdownByAward_2026-09-16_H02M56S53_01.csv,266642,Contracts,https://files.usaspending.gov/generated_downloads/FY2025P01-P12_070_TAS_AccountBreakdownByAward_2026-09-16_H02M54S16646960.zip,Other public or nonprofit entities
FY2025P07,070-0540,070-2024/2024-0540-000,,0003,25.1,D,Q,,CONT_AWD_70CMSD24P00000124_7012_-NONE-_-NONE-,70CMSD24P00000124,,,,QNDUMY6NRQS1,THE MOUNT VERNON LADIES' ASSOCIATION OF THE UNION,QNDUMY6NRQS1,THE MOUNT VERNON LADIES' ASSOCIATION OF THE UNION,1/2 DAY TRAINING FOR THE BOLT LEADERSLHIP CONFERENCE POP:  09/17/2024 SUGGESTED SOURCE:  GEORGE WASHINGTON MOUNT VERNON INSTITUTE COR:  MARILYN DOTY ACOR:  MARK GONZALES,localhost:3000/award/CONT_AWD_70CMSD24P00000124_7012_-NONE-_-NONE-/,2025-05-30,DHS_FY2025P12_c:FY2025P01-P12_070_TAS_Contracts_AccountBreakdownByAward_2026-09-16_H02M56S53_01.csv:row:266643,data/raw/DHS_FY2025P12_c/FY2025P01-P12_070_TAS_AccountBreakdownByAward_2026-09-16_H02M54S16646960.zip,FY2025P01-P12_070_TAS_Contracts_AccountBreakdownByAward_2026-09-16_H02M56S53_01.csv,data/raw/DHS_FY2025P12_c/FY2025P01-P12_070_TAS_AccountBreakdownByAward_2026-09-16_H02M54S16646960.zip!FY2025P01-P12_070_TAS_Contracts_AccountBreakdownByAward_2026-09-16_H02M56S53_01.csv,266643,Contracts,https://files.usaspending.gov/generated_downloads/FY2025P01-P12_070_TAS_AccountBreakdownByAward_2026-09-16_H02M54S16646960.zip,Other public or nonprofit entities
FY2025P05,070-0540,070-2024/2024-0540-000,,0003,25.1,D,Q,,CONT_AWD_70CMSD24P00000124_7012_-NONE-_-NONE-,70CMSD24P00000124,,,,QNDUMY6NRQS1,THE MOUNT VERNON LADIES' ASSOCIATION OF THE UNION,QNDUMY6NRQS1,THE MOUNT VERNON LADIES' ASSOCIATION OF THE UNION,1/2 DAY TRAINING FOR THE BOLT LEADERSLHIP CONFERENCE POP:  09/17/2024 SUGGESTED SOURCE:  GEORGE WASHINGTON MOUNT VERNON INSTITUTE COR:  MARILYN DOTY ACOR:  MARK GONZALES,localhost:3000/award/CONT_AWD_70CMSD24P00000124_7012_-NONE-_-NONE-/,2025-05-15,DHS_FY2025P12_c:FY2025P01-P12_070_TAS_Contracts_AccountBreakdownByAward_2026-09-16_H02M56S53_01.csv:row:266644,data/raw/DHS_FY2025P12_c/FY2025P01-P12_070_TAS_AccountBreakdownByAward_2026-09-16_H02M54S16646960.zip,FY2025P01-P12_070_TAS_Contracts_AccountBreakdownByAward_2026-09-16_H02M56S53_01.csv,data/raw/DHS_FY2025P12_c/FY2025P01-P12_070_TAS_AccountBreakdownByAward_2026-09-16_H02M54S16646960.zip!FY2025P01-P12_070_TAS_Contracts_AccountBreakdownByAward_2026-09-16_H02M56S53_01.csv,266644,Contracts,https://files.usaspending.gov/generated_downloads/FY2025P01-P12_070_TAS_AccountBreakdownByAward_2026-09-16_H02M54S16646960.zip,Other public or nonprofit entities
FY2025P08,070-0540,070-2025/2025-0540-000,,0005,25.2,D,Q,8400.00,CONT_AWD_70CDCR25C00000003_7012_-NONE-_-NONE-,70CDCR25C00000003,,,,V84BBXQ5YXT8,CALIFORNIA HIGHWAY PATROLMANS CLUB,V84BBXQ5YXT8,CALIFORNIA HIGHWAY PATROLMANS CLUB,THIS CONTRACT PROVIDES FIRING RANGE SERVICES FOR ENFORCEMENT AND REMOVAL OPERATIONS OFFICERS IN THE SAN FRANCISCO AREA OF RESPONSIBILITY UNDER FIRM FIXED PRICE TERMS AND CONDITIONS.,localhost:3000/award/CONT_AWD_70CDCR25C00000003_7012_-NONE-_-NONE-/,2025-07-01,DHS_FY2025P12_c:FY2025P01-P12_070_TAS_Contracts_AccountBreakdownByAward_2026-09-16_H02M56S53_01.csv:row:277299,data/raw/DHS_FY2025P12_c/FY2025P01-P12_070_TAS_AccountBreakdownByAward_2026-09-16_H02M54S16646960.zip,FY2025P01-P12_070_TAS_Contracts_AccountBreakdownByAward_2026-09-16_H02M56S53_01.csv,data/raw/DHS_FY2025P12_c/FY2025P01-P12_070_TAS_AccountBreakdownByAward_2026-09-16_H02M54S16646960.zip!FY2025P01-P12_070_TAS_Contracts_AccountBreakdownByAward_2026-09-16_H02M56S53_01.csv,277299,Contracts,https://files.usaspending.gov/generated_downloads/FY2025P01-P12_070_TAS_AccountBreakdownByAward_2026-09-16_H02M54S16646960.zip,Other public or nonprofit entities
FY2025P09,070-0540,070-2025/2025-0540-000,,0005,25.2,D,Q,8400.00,CONT_AWD_70CDCR25C00000003_7012_-NONE-_-NONE-,70CDCR25C00000003,,,,V84BBXQ5YXT8,CALIFORNIA HIGHWAY PATROLMANS CLUB,V84BBXQ5YXT8,CALIFORNIA HIGHWAY PATROLMANS CLUB,THIS CONTRACT PROVIDES FIRING RANGE SERVICES FOR ENFORCEMENT AND REMOVAL OPERATIONS OFFICERS IN THE SAN FRANCISCO AREA OF RESPONSIBILITY UNDER FIRM FIXED PRICE TERMS AND CONDITIONS.,localhost:3000/award/CONT_AWD_70CDCR25C00000003_7012_-NONE-_-NONE-/,2025-08-13,DHS_FY2025P12_c:FY2025P01-P12_070_TAS_Contracts_AccountBreakdownByAward_2026-09-16_H02M56S53_01.csv:row:277300,data/raw/DHS_FY2025P12_c/FY2025P01-P12_070_TAS_AccountBreakdownByAward_2026-09-16_H02M54S16646960.zip,FY2025P01-P12_070_TAS_Contracts_AccountBreakdownByAward_2026-09-16_H02M56S53_01.csv,data/raw/DHS_FY2025P12_c/FY2025P01-P12_070_TAS_AccountBreakdownByAward_2026-09-16_H02M54S16646960.zip!FY2025P01-P12_070_TAS_Contracts_AccountBreakdownByAward_2026-09-16_H02M56S53_01.csv,277300,Contracts,https://files.usaspending.gov/generated_downloads/FY2025P01-P12_070_TAS_AccountBreakdownByAward_2026-09-16_H02M54S16646960.zip,Other public or nonprofit entities
FY2025P09,070-0540,070-2025/2025-0540-000,,0005,25.2,D,Q,-8400.00,CONT_AWD_70CDCR25C00000003_7012_-NONE-_-NONE-,70CDCR25C00000003,,,,V84BBXQ5YXT8,CALIFORNIA HIGHWAY PATROLMANS CLUB,V84BBXQ5YXT8,CALIFORNIA HIGHWAY PATROLMANS CLUB,THIS CONTRACT PROVIDES FIRING RANGE SERVICES FOR ENFORCEMENT AND REMOVAL OPERATIONS OFFICERS IN THE SAN FRANCISCO AREA OF RESPONSIBILITY UNDER FIRM FIXED PRICE TERMS AND CONDITIONS.,localhost:3000/award/CONT_AWD_70CDCR25C00000003_7012_-NONE-_-NONE-/,2025-08-13,DHS_FY2025P12_c:FY2025P01-P12_070_TAS_Contracts_AccountBreakdownByAward_2026-09-16_H02M56S53_01.csv:row:277301,data/raw/DHS_FY2025P12_c/FY2025P01-P12_070_TAS_AccountBreakdownByAward_2026-09-16_H02M54S16646960.zip,FY2025P01-P12_070_TAS_Contracts_AccountBreakdownByAward_2026-09-16_H02M56S53_01.csv,data/raw/DHS_FY2025P12_c/FY2025P01-P12_070_TAS_AccountBreakdownByAward_2026-09-16_H02M54S16646960.zip!FY2025P01-P12_070_TAS_Contracts_AccountBreakdownByAward_2026-09-16_H02M56S53_01.csv,277301,Contracts,https://files.usaspending.gov/generated_downloads/FY2025P01-P12_070_TAS_AccountBreakdownByAward_2026-09-16_H02M54S16646960.zip,Other public or nonprofit entities
FY2025P10,070-0540,070-2025/2025-0540-000,,0004,25.2,D,Q,99240.00,CONT_AWD_70CMSD23P00000073_7012_-NONE-_-NONE-,70CMSD23P00000073,,,,FRAYUVFEU2K9,RIO GRANDE VALLEY COMMUNICATIONS GROUP,FRAYUVFEU2K9,RIO GRANDE VALLEY COMMUNICATIONS GROUP,PUBLIC SAFETY RADIO NETWORK SERVICE,localhost:3000/award/CONT_AWD_70CMSD23P00000073_7012_-NONE-_-NONE-/,2025-09-10,DHS_FY2025P12_c:FY2025P01-P12_070_TAS_Contracts_AccountBreakdownByAward_2026-09-16_H02M56S53_01.csv:row:291655,data/raw/DHS_FY2025P12_c/FY2025P01-P12_070_TAS_AccountBreakdownByAward_2026-09-16_H02M54S16646960.zip,FY2025P01-P12_070_TAS_Contracts_AccountBreakdownByAward_2026-09-16_H02M56S53_01.csv,data/raw/DHS_FY2025P12_c/FY2025P01-P12_070_TAS_AccountBreakdownByAward_2026-09-16_H02M54S16646960.zip!FY2025P01-P12_070_TAS_Contracts_AccountBreakdownByAward_2026-09-16_H02M56S53_01.csv,291655,Contracts,https://files.usaspending.gov/generated_downloads/FY2025P01-P12_070_TAS_AccountBreakdownByAward_2026-09-16_H02M54S16646960.zip,State and local governments
FY2025P10,070-0540,070-2024/2024-0540-000,,0005,25.2,D,Q,,CONT_AWD_70CMSW22P00000011_7012_-NONE-_-NONE-,70CMSW22P00000011,,,,KEA9KRV8GPG3,WORCESTER COUNTY,KEA9KRV8GPG3,WORCESTER COUNTY,PURCHASE OF ACCESS AND USE OF THE WORCESTER COUNTY FIREARM'S TRAINING CENTER FOR ERO.,localhost:3000/award/CONT_AWD_70CMSW22P00000011_7012_-NONE-_-NONE-/,2025-09-10,DHS_FY2025P12_c:FY2025P01-P12_070_TAS_Contracts_AccountBreakdownByAward_2026-09-16_H02M56S53_01.csv:row:298070,data/raw/DHS_FY2025P12_c/FY2025P01-P12_070_TAS_AccountBreakdownByAward_2026-09-16_H02M54S16646960.zip,FY2025P01-P12_070_TAS_Contracts_AccountBreakdownByAward_2026-09-16_H02M56S53_01.csv,data/raw/DHS_FY2025P12_c/FY2025P01-P12_070_TAS_AccountBreakdownByAward_2026-09-16_H02M54S16646960.zip!FY2025P01-P12_070_TAS_Contracts_AccountBreakdownByAward_2026-09-16_H02M56S53_01.csv,298070,Contracts,https://files.usaspending.gov/generated_downloads/FY2025P01-P12_070_TAS_AccountBreakdownByAward_2026-09-16_H02M54S16646960.zip,State and local governments
FY2025P11,070-0540,070-2024/2024-0540-000,,0005,25.2,D,Q,,CONT_AWD_70CMSW22P00000011_7012_-NONE-_-NONE-,70CMSW22P00000011,,,,KEA9KRV8GPG3,WORCESTER COUNTY,KEA9KRV8GPG3,WORCESTER COUNTY,PURCHASE OF ACCESS AND USE OF THE WORCESTER COUNTY FIREARM'S TRAINING CENTER FOR ERO.,localhost:3000/award/CONT_AWD_70CMSW22P00000011_7012_-NONE-_-NONE-/,2025-12-05,DHS_FY2025P12_c:FY2025P01-P12_070_TAS_Contracts_AccountBreakdownByAward_2026-09-16_H02M56S53_01.csv:row:298071,data/raw/DHS_FY2025P12_c/FY2025P01-P12_070_TAS_AccountBreakdownByAward_2026-09-16_H02M54S16646960.zip,FY2025P01-P12_070_TAS_Contracts_AccountBreakdownByAward_2026-09-16_H02M56S53_01.csv,data/raw/DHS_FY2025P12_c/FY2025P01-P12_070_TAS_AccountBreakdownByAward_2026-09-16_H02M54S16646960.zip!FY2025P01-P12_070_TAS_Contracts_AccountBreakdownByAward_2026-09-16_H02M56S53_01.csv,298071,Contracts,https://files.usaspending.gov/generated_downloads/FY2025P01-P12_070_TAS_AccountBreakdownByAward_2026-09-16_H02M54S16646960.zip,State and local governments
FY2025P09,070-0540,070-2024/2024-0540-000,,0005,25.2,D,Q,,CONT_AWD_70CMSW22P00000011_7012_-NONE-_-NONE-,70CMSW22P00000011,,,,KEA9KRV8GPG3,WORCESTER COUNTY,KEA9KRV8GPG3,WORCESTER COUNTY,PURCHASE OF ACCESS AND USE OF THE WORCESTER COUNTY FIREARM'S TRAINING CENTER FOR ERO.,localhost:3000/award/CONT_AWD_70CMSW22P00000011_7012_-NONE-_-NONE-/,2025-08-13,DHS_FY2025P12_c:FY2025P01-P12_070_TAS_Contracts_AccountBreakdownByAward_2026-09-16_H02M56S53_01.csv:row:298072,data/raw/DHS_FY2025P12_c/FY2025P01-P12_070_TAS_AccountBreakdownByAward_2026-09-16_H02M54S16646960.zip,FY2025P01-P12_070_TAS_Contracts_AccountBreakdownByAward_2026-09-16_H02M56S53_01.csv,data/raw/DHS_FY2025P12_c/FY2025P01-P12_070_TAS_AccountBreakdownByAward_2026-09-16_H02M54S16646960.zip!FY2025P01-P12_070_TAS_Contracts_AccountBreakdownByAward_2026-09-16_H02M56S53_01.csv,298072,Contracts,https://files.usaspending.gov/generated_downloads/FY2025P01-P12_070_TAS_AccountBreakdownByAward_2026-09-16_H02M54S16646960.zip,State and local governments
FY2025P12,070-0540,070-2024/2024-0540-000,,0005,25.2,D,Q,,CONT_AWD_70CMSW22P00000011_7012_-NONE-_-NONE-,70CMSW22P00000011,,,,KEA9KRV8GPG3,WORCESTER COUNTY,KEA9KRV8GPG3,WORCESTER COUNTY,PURCHASE OF ACCESS AND USE OF THE WORCESTER COUNTY FIREARM'S TRAINING CENTER FOR ERO.,localhost:3000/award/CONT_AWD_70CMSW22P00000011_7012_-NONE-_-NONE-/,2025-12-05,DHS_FY2025P12_c:FY2025P01-P12_070_TAS_Contracts_AccountBreakdownByAward_2026-09-16_H02M56S53_01.csv:row:298073,data/raw/DHS_FY2025P12_c/FY2025P01-P12_070_TAS_AccountBreakdownByAward_2026-09-16_H02M54S16646960.zip,FY2025P01-P12_070_TAS_Contracts_AccountBreakdownByAward_2026-09-16_H02M56S53_01.csv,data/raw/DHS_FY2025P12_c/FY2025P01-P12_070_TAS_AccountBreakdownByAward_2026-09-16_H02M54S16646960.zip!FY2025P01-P12_070_TAS_Contracts_AccountBreakdownByAward_2026-09-16_H02M56S53_01.csv,298073,Contracts,https://files.usaspending.gov/generated_downloads/FY2025P01-P12_070_TAS_AccountBreakdownByAward_2026-09-16_H02M54S16646960.zip,State and local governments
FY2025P07,070-0540,070-2025/2025-0540-000,,0005,25.2,D,Q,1500.00,CONT_AWD_70CMSW22P00000011_7012_-NONE-_-NONE-,70CMSW22P00000011,,,,KEA9KRV8GPG3,WORCESTER COUNTY,KEA9KRV8GPG3,WORCESTER COUNTY,PURCHASE OF ACCESS AND USE OF THE WORCESTER COUNTY FIREARM'S TRAINING CENTER FOR ERO.,localhost:3000/award/CONT_AWD_70CMSW22P00000011_7012_-NONE-_-NONE-/,2025-05-30,DHS_FY2025P12_c:FY2025P01-P12_070_TAS_Contracts_AccountBreakdownByAward_2026-09-16_H02M56S53_01.csv:row:298074,data/raw/DHS_FY2025P12_c/FY2025P01-P12_070_TAS_AccountBreakdownByAward_2026-09-16_H02M54S16646960.zip,FY2025P01-P12_070_TAS_Contracts_AccountBreakdownByAward_2026-09-16_H02M56S53_01.csv,data/raw/DHS_FY2025P12_c/FY2025P01-P12_070_TAS_AccountBreakdownByAward_2026-09-16_H02M54S16646960.zip!FY2025P01-P12_070_TAS_Contracts_AccountBreakdownByAward_2026-09-16_H02M56S53_01.csv,298074,Contracts,https://files.usaspending.gov/generated_downloads/FY2025P01-P12_070_TAS_AccountBreakdownByAward_2026-09-16_H02M54S16646960.zip,State and local governments
FY2026P08,070-0540,070-2024/2024-0540-000,5ZD2ZMB6YC4,,25.2,D,Q,,CONT_AWD_70CMSD23P00000073_7012_-NONE-_-NONE-,70CMSD23P00000073,,,,FRAYUVFEU2K9,RIO GRANDE VALLEY COMMUNICATIONS GROUP,FRAYUVFEU2K9,RIO GRANDE VALLEY COMMUNICATIONS GROUP,PUBLIC SAFETY RADIO NETWORK SERVICE,localhost:3000/award/CONT_AWD_70CMSD23P00000073_7012_-NONE-_-NONE-/,2026-07-02,DHS_FY2026P10_c:FY2026P01-P10_070_TAS_Contracts_AccountBreakdownByAward_2026-09-15_H22M13S36_01.csv:row:22418,data/raw/DHS_FY2026P10_c/FY2026P01-P10_070_TAS_AccountBreakdownByAward_2026-09-15_H22M11S11234807.zip,FY2026P01-P10_070_TAS_Contracts_AccountBreakdownByAward_2026-09-15_H22M13S36_01.csv,data/raw/DHS_FY2026P10_c/FY2026P01-P10_070_TAS_AccountBreakdownByAward_2026-09-15_H22M11S11234807.zip!FY2026P01-P10_070_TAS_Contracts_AccountBreakdownByAward_2026-09-15_H22M13S36_01.csv,22418,Contracts,https://files.usaspending.gov/generated_downloads/FY2026P01-P10_070_TAS_AccountBreakdownByAward_2026-09-15_H22M11S11234807.zip,State and local governments
FY2026P08,070-0540,070-2026/2026-0540-000,5ZD2ZMB6YC4,,25.2,D,Q,,CONT_AWD_70CMSD23P00000073_7012_-NONE-_-NONE-,70CMSD23P00000073,,,,FRAYUVFEU2K9,RIO GRANDE VALLEY COMMUNICATIONS GROUP,FRAYUVFEU2K9,RIO GRANDE VALLEY COMMUNICATIONS GROUP,PUBLIC SAFETY RADIO NETWORK SERVICE,localhost:3000/award/CONT_AWD_70CMSD23P00000073_7012_-NONE-_-NONE-/,2026-07-02,DHS_FY2026P10_c:FY2026P01-P10_070_TAS_Contracts_AccountBreakdownByAward_2026-09-15_H22M13S36_01.csv:row:22419,data/raw/DHS_FY2026P10_c/FY2026P01-P10_070_TAS_AccountBreakdownByAward_2026-09-15_H22M11S11234807.zip,FY2026P01-P10_070_TAS_Contracts_AccountBreakdownByAward_2026-09-15_H22M13S36_01.csv,data/raw/DHS_FY2026P10_c/FY2026P01-P10_070_TAS_AccountBreakdownByAward_2026-09-15_H22M11S11234807.zip!FY2026P01-P10_070_TAS_Contracts_AccountBreakdownByAward_2026-09-15_H22M13S36_01.csv,22419,Contracts,https://files.usaspending.gov/generated_downloads/FY2026P01-P10_070_TAS_AccountBreakdownByAward_2026-09-15_H22M11S11234807.zip,State and local governments
FY2026P02,070-0540,070-2024/2024-0540-000,5ZD2ZMB6YC4,,25.2,D,Q,,CONT_AWD_70CMSD23P00000073_7012_-NONE-_-NONE-,70CMSD23P00000073,,,,FRAYUVFEU2K9,RIO GRANDE VALLEY COMMUNICATIONS GROUP,FRAYUVFEU2K9,RIO GRANDE VALLEY COMMUNICATIONS GROUP,PUBLIC SAFETY RADIO NETWORK SERVICE,localhost:3000/award/CONT_AWD_70CMSD23P00000073_7012_-NONE-_-NONE-/,2026-02-13,DHS_FY2026P10_c:FY2026P01-P10_070_TAS_Contracts_AccountBreakdownByAward_2026-09-15_H22M13S36_01.csv:row:22420,data/raw/DHS_FY2026P10_c/FY2026P01-P10_070_TAS_AccountBreakdownByAward_2026-09-15_H22M11S11234807.zip,FY2026P01-P10_070_TAS_Contracts_AccountBreakdownByAward_2026-09-15_H22M13S36_01.csv,data/raw/DHS_FY2026P10_c/FY2026P01-P10_070_TAS_AccountBreakdownByAward_2026-09-15_H22M11S11234807.zip!FY2026P01-P10_070_TAS_Contracts_AccountBreakdownByAward_2026-09-15_H22M13S36_01.csv,22420,Contracts,https://files.usaspending.gov/generated_downloads/FY2026P01-P10_070_TAS_AccountBreakdownByAward_2026-09-15_H22M11S11234807.zip,State and local governments
FY2026P04,070-0540,070-2024/2024-0540-000,5ZD2ZMB6YC4,,25.2,D,Q,,CONT_AWD_70CMSD23P00000073_7012_-NONE-_-NONE-,70CMSD23P00000073,,,,FRAYUVFEU2K9,RIO GRANDE VALLEY COMMUNICATIONS GROUP,FRAYUVFEU2K9,RIO GRANDE VALLEY COMMUNICATIONS GROUP,PUBLIC SAFETY RADIO NETWORK SERVICE,localhost:3000/award/CONT_AWD_70CMSD23P00000073_7012_-NONE-_-NONE-/,2026-05-15,DHS_FY2026P10_c:FY2026P01-P10_070_TAS_Contracts_AccountBreakdownByAward_2026-09-15_H22M13S36_01.csv:row:22421,data/raw/DHS_FY2026P10_c/FY2026P01-P10_070_TAS_AccountBreakdownByAward_2026-09-15_H22M11S11234807.zip,FY2026P01-P10_070_TAS_Contracts_AccountBreakdownByAward_2026-09-15_H22M13S36_01.csv,data/raw/DHS_FY2026P10_c/FY2026P01-P10_070_TAS_AccountBreakdownByAward_2026-09-15_H22M11S11234807.zip!FY2026P01-P10_070_TAS_Contracts_AccountBreakdownByAward_2026-09-15_H22M13S36_01.csv,22421,Contracts,https://files.usaspending.gov/generated_downloads/FY2026P01-P10_070_TAS_AccountBreakdownByAward_2026-09-15_H22M11S11234807.zip,State and local governments
FY2026P05,070-0540,070-2024/2024-0540-000,5ZD2ZMB6YC4,,25.2,D,Q,,CONT_AWD_70CMSD23P00000073_7012_-NONE-_-NONE-,70CMSD23P00000073,,,,FRAYUVFEU2K9,RIO GRANDE VALLEY COMMUNICATIONS GROUP,FRAYUVFEU2K9,RIO GRANDE VALLEY COMMUNICATIONS GROUP,PUBLIC SAFETY RADIO NETWORK SERVICE,localhost:3000/award/CONT_AWD_70CMSD23P00000073_7012_-NONE-_-NONE-/,2026-05-15,DHS_FY2026P10_c:FY2026P01-P10_070_TAS_Contracts_AccountBreakdownByAward_2026-09-15_H22M13S36_01.csv:row:22422,data/raw/DHS_FY2026P10_c/FY2026P01-P10_070_TAS_AccountBreakdownByAward_2026-09-15_H22M11S11234807.zip,FY2026P01-P10_070_TAS_Contracts_AccountBreakdownByAward_2026-09-15_H22M13S36_01.csv,data/raw/DHS_FY2026P10_c/FY2026P01-P10_070_TAS_AccountBreakdownByAward_2026-09-15_H22M11S11234807.zip!FY2026P01-P10_070_TAS_Contracts_AccountBreakdownByAward_2026-09-15_H22M13S36_01.csv,22422,Contracts,https://files.usaspending.gov/generated_downloads/FY2026P01-P10_070_TAS_AccountBreakdownByAward_2026-09-15_H22M11S11234807.zip,State and local governments
FY2026P07,070-0540,070-2024/2024-0540-000,5ZD2ZMB6YC4,,25.2,D,Q,,CONT_AWD_70CMSD23P00000073_7012_-NONE-_-NONE-,70CMSD23P00000073,,,,FRAYUVFEU2K9,RIO GRANDE VALLEY COMMUNICATIONS GROUP,FRAYUVFEU2K9,RIO GRANDE VALLEY COMMUNICATIONS GROUP,PUBLIC SAFETY RADIO NETWORK SERVICE,localhost:3000/award/CONT_AWD_70CMSD23P00000073_7012_-NONE-_-NONE-/,2026-06-01,DHS_FY2026P10_c:FY2026P01-P10_070_TAS_Contracts_AccountBreakdownByAward_2026-09-15_H22M13S36_01.csv:row:22423,data/raw/DHS_FY2026P10_c/FY2026P01-P10_070_TAS_AccountBreakdownByAward_2026-09-15_H22M11S11234807.zip,FY2026P01-P10_070_TAS_Contracts_AccountBreakdownByAward_2026-09-15_H22M13S36_01.csv,data/raw/DHS_FY2026P10_c/FY2026P01-P10_070_TAS_AccountBreakdownByAward_2026-09-15_H22M11S11234807.zip!FY2026P01-P10_070_TAS_Contracts_AccountBreakdownByAward_2026-09-15_H22M13S36_01.csv,22423,Contracts,https://files.usaspending.gov/generated_downloads/FY2026P01-P10_070_TAS_AccountBreakdownByAward_2026-09-15_H22M11S11234807.zip,State and local governments
FY2026P06,070-0540,070-2024/2024-0540-000,5ZD2ZMB6YC4,,25.2,D,Q,,CONT_AWD_70CMSD23P00000073_7012_-NONE-_-NONE-,70CMSD23P00000073,,,,FRAYUVFEU2K9,RIO GRANDE VALLEY COMMUNICATIONS GROUP,FRAYUVFEU2K9,RIO GRANDE VALLEY COMMUNICATIONS GROUP,PUBLIC SAFETY RADIO NETWORK SERVICE,localhost:3000/award/CONT_AWD_70CMSD23P00000073_7012_-NONE-_-NONE-/,2026-08-07,DHS_FY2026P10_c:FY2026P01-P10_070_TAS_Contracts_AccountBreakdownByAward_2026-09-15_H22M13S36_01.csv:row:22424,data/raw/DHS_FY2026P10_c/FY2026P01-P10_070_TAS_AccountBreakdownByAward_2026-09-15_H22M11S11234807.zip,FY2026P01-P10_070_TAS_Contracts_AccountBreakdownByAward_2026-09-15_H22M13S36_01.csv,data/raw/DHS_FY2026P10_c/FY2026P01-P10_070_TAS_AccountBreakdownByAward_2026-09-15_H22M11S11234807.zip!FY2026P01-P10_070_TAS_Contracts_AccountBreakdownByAward_2026-09-15_H22M13S36_01.csv,22424,Contracts,https://files.usaspending.gov/generated_downloads/FY2026P01-P10_070_TAS_AccountBreakdownByAward_2026-09-15_H22M11S11234807.zip,State and local governments
FY2026P10,070-0540,070-2024/2024-0540-000,5ZD2ZMB6YC4,,25.2,D,Q,,CONT_AWD_70CMSD23P00000073_7012_-NONE-_-NONE-,70CMSD23P00000073,,,,FRAYUVFEU2K9,RIO GRANDE VALLEY COMMUNICATIONS GROUP,FRAYUVFEU2K9,RIO GRANDE VALLEY COMMUNICATIONS GROUP,PUBLIC SAFETY RADIO NETWORK SERVICE,localhost:3000/award/CONT_AWD_70CMSD23P00000073_7012_-NONE-_-NONE-/,2026-08-31,DHS_FY2026P10_c:FY2026P01-P10_070_TAS_Contracts_AccountBreakdownByAward_2026-09-15_H22M13S36_01.csv:row:22425,data/raw/DHS_FY2026P10_c/FY2026P01-P10_070_TAS_AccountBreakdownByAward_2026-09-15_H22M11S11234807.zip,FY2026P01-P10_070_TAS_Contracts_AccountBreakdownByAward_2026-09-15_H22M13S36_01.csv,data/raw/DHS_FY2026P10_c/FY2026P01-P10_070_TAS_AccountBreakdownByAward_2026-09-15_H22M11S11234807.zip!FY2026P01-P10_070_TAS_Contracts_AccountBreakdownByAward_2026-09-15_H22M13S36_01.csv,22425,Contracts,https://files.usaspending.gov/generated_downloads/FY2026P01-P10_070_TAS_AccountBreakdownByAward_2026-09-15_H22M11S11234807.zip,State and local governments
FY2026P10,070-0540,070-2025/2025-0540-000,5ZD2ZMB6YC4,,25.2,D,Q,,CONT_AWD_70CMSD23P00000073_7012_-NONE-_-NONE-,70CMSD23P00000073,,,,FRAYUVFEU2K9,RIO GRANDE VALLEY COMMUNICATIONS GROUP,FRAYUVFEU2K9,RIO GRANDE VALLEY COMMUNICATIONS GROUP,PUBLIC SAFETY RADIO NETWORK SERVICE,localhost:3000/award/CONT_AWD_70CMSD23P00000073_7012_-NONE-_-NONE-/,2026-08-31,DHS_FY2026P10_c:FY2026P01-P10_070_TAS_Contracts_AccountBreakdownByAward_2026-09-15_H22M13S36_01.csv:row:22426,data/raw/DHS_FY2026P10_c/FY2026P01-P10_070_TAS_AccountBreakdownByAward_2026-09-15_H22M11S11234807.zip,FY2026P01-P10_070_TAS_Contracts_AccountBreakdownByAward_2026-09-15_H22M13S36_01.csv,data/raw/DHS_FY2026P10_c/FY2026P01-P10_070_TAS_AccountBreakdownByAward_2026-09-15_H22M11S11234807.zip!FY2026P01-P10_070_TAS_Contracts_AccountBreakdownByAward_2026-09-15_H22M13S36_01.csv,22426,Contracts,https://files.usaspending.gov/generated_downloads/FY2026P01-P10_070_TAS_AccountBreakdownByAward_2026-09-15_H22M11S11234807.zip,State and local governments
FY2026P10,070-0540,070-2026/2026-0540-000,5ZD2ZMB6YC4,,25.2,D,Q,,CONT_AWD_70CMSD23P00000073_7012_-NONE-_-NONE-,70CMSD23P00000073,,,,FRAYUVFEU2K9,RIO GRANDE VALLEY COMMUNICATIONS GROUP,FRAYUVFEU2K9,RIO GRANDE VALLEY COMMUNICATIONS GROUP,PUBLIC SAFETY RADIO NETWORK SERVICE,localhost:3000/award/CONT_AWD_70CMSD23P00000073_7012_-NONE-_-NONE-/,2026-08-31,DHS_FY2026P10_c:FY2026P01-P10_070_TAS_Contracts_AccountBreakdownByAward_2026-09-15_H22M13S36_01.csv:row:22427,data/raw/DHS_FY2026P10_c/FY2026P01-P10_070_TAS_AccountBreakdownByAward_2026-09-15_H22M11S11234807.zip,FY2026P01-P10_070_TAS_Contracts_AccountBreakdownByAward_2026-09-15_H22M13S36_01.csv,data/raw/DHS_FY2026P10_c/FY2026P01-P10_070_TAS_AccountBreakdownByAward_2026-09-15_H22M11S11234807.zip!FY2026P01-P10_070_TAS_Contracts_AccountBreakdownByAward_2026-09-15_H22M13S36_01.csv,22427,Contracts,https://files.usaspending.gov/generated_downloads/FY2026P01-P10_070_TAS_AccountBreakdownByAward_2026-09-15_H22M11S11234807.zip,State and local governments
FY2026P03,070-0540,070-2024/2024-0540-000,5ZD2ZMB6YC4,,25.2,D,Q,,CONT_AWD_70CMSD23P00000073_7012_-NONE-_-NONE-,70CMSD23P00000073,,,,FRAYUVFEU2K9,RIO GRANDE VALLEY COMMUNICATIONS GROUP,FRAYUVFEU2K9,RIO GRANDE VALLEY COMMUNICATIONS GROUP,PUBLIC SAFETY RADIO NETWORK SERVICE,localhost:3000/award/CONT_AWD_70CMSD23P00000073_7012_-NONE-_-NONE-/,2026-08-07,DHS_FY2026P10_c:FY2026P01-P10_070_TAS_Contracts_AccountBreakdownByAward_2026-09-15_H22M13S36_01.csv:row:22428,data/raw/DHS_FY2026P10_c/FY2026P01-P10_070_TAS_AccountBreakdownByAward_2026-09-15_H22M11S11234807.zip,FY2026P01-P10_070_TAS_Contracts_AccountBreakdownByAward_2026-09-15_H22M13S36_01.csv,data/raw/DHS_FY2026P10_c/FY2026P01-P10_070_TAS_AccountBreakdownByAward_2026-09-15_H22M11S11234807.zip!FY2026P01-P10_070_TAS_Contracts_AccountBreakdownByAward_2026-09-15_H22M13S36_01.csv,22428,Contracts,https://files.usaspending.gov/generated_downloads/FY2026P01-P10_070_TAS_AccountBreakdownByAward_2026-09-15_H22M11S11234807.zip,State and local governments
FY2026P09,070-0540,070-2024/2024-0540-000,5ZD2ZMB6YC4,,25.2,D,Q,,CONT_AWD_70CMSD23P00000073_7012_-NONE-_-NONE-,70CMSD23P00000073,,,,FRAYUVFEU2K9,RIO GRANDE VALLEY COMMUNICATIONS GROUP,FRAYUVFEU2K9,RIO GRANDE VALLEY COMMUNICATIONS GROUP,PUBLIC SAFETY RADIO NETWORK SERVICE,localhost:3000/award/CONT_AWD_70CMSD23P00000073_7012_-NONE-_-NONE-/,2026-07-30,DHS_FY2026P10_c:FY2026P01-P10_070_TAS_Contracts_AccountBreakdownByAward_2026-09-15_H22M13S36_01.csv:row:22429,data/raw/DHS_FY2026P10_c/FY2026P01-P10_070_TAS_AccountBreakdownByAward_2026-09-15_H22M11S11234807.zip,FY2026P01-P10_070_TAS_Contracts_AccountBreakdownByAward_2026-09-15_H22M13S36_01.csv,data/raw/DHS_FY2026P10_c/FY2026P01-P10_070_TAS_AccountBreakdownByAward_2026-09-15_H22M11S11234807.zip!FY2026P01-P10_070_TAS_Contracts_AccountBreakdownByAward_2026-09-15_H22M13S36_01.csv,22429,Contracts,https://files.usaspending.gov/generated_downloads/FY2026P01-P10_070_TAS_AccountBreakdownByAward_2026-09-15_H22M11S11234807.zip,State and local governments
FY2026P09,070-0540,070-2025/2025-0540-000,5ZD2ZMB6YC4,,25.2,D,Q,,CONT_AWD_70CMSD23P00000073_7012_-NONE-_-NONE-,70CMSD23P00000073,,,,FRAYUVFEU2K9,RIO GRANDE VALLEY COMMUNICATIONS GROUP,FRAYUVFEU2K9,RIO GRANDE VALLEY COMMUNICATIONS GROUP,PUBLIC SAFETY RADIO NETWORK SERVICE,localhost:3000/award/CONT_AWD_70CMSD23P00000073_7012_-NONE-_-NONE-/,2026-07-30,DHS_FY2026P10_c:FY2026P01-P10_070_TAS_Contracts_AccountBreakdownByAward_2026-09-15_H22M13S36_01.csv:row:22430,data/raw/DHS_FY2026P10_c/FY2026P01-P10_070_TAS_AccountBreakdownByAward_2026-09-15_H22M11S11234807.zip,FY2026P01-P10_070_TAS_Contracts_AccountBreakdownByAward_2026-09-15_H22M13S36_01.csv,data/raw/DHS_FY2026P10_c/FY2026P01-P10_070_TAS_AccountBreakdownByAward_2026-09-15_H22M11S11234807.zip!FY2026P01-P10_070_TAS_Contracts_AccountBreakdownByAward_2026-09-15_H22M13S36_01.csv,22430,Contracts,https://files.usaspending.gov/generated_downloads/FY2026P01-P10_070_TAS_AccountBreakdownByAward_2026-09-15_H22M11S11234807.zip,State and local governments
FY2026P09,070-0540,070-2026/2026-0540-000,5ZD2ZMB6YC4,,25.2,D,Q,,CONT_AWD_70CMSD23P00000073_7012_-NONE-_-NONE-,70CMSD23P00000073,,,,FRAYUVFEU2K9,RIO GRANDE VALLEY COMMUNICATIONS GROUP,FRAYUVFEU2K9,RIO GRANDE VALLEY COMMUNICATIONS GROUP,PUBLIC SAFETY RADIO NETWORK SERVICE,localhost:3000/award/CONT_AWD_70CMSD23P00000073_7012_-NONE-_-NONE-/,2026-07-30,DHS_FY2026P10_c:FY2026P01-P10_070_TAS_Contracts_AccountBreakdownByAward_2026-09-15_H22M13S36_01.csv:row:22431,data/raw/DHS_FY2026P10_c/FY2026P01-P10_070_TAS_AccountBreakdownByAward_2026-09-15_H22M11S11234807.zip,FY2026P01-P10_070_TAS_Contracts_AccountBreakdownByAward_2026-09-15_H22M13S36_01.csv,data/raw/DHS_FY2026P10_c/FY2026P01-P10_070_TAS_AccountBreakdownByAward_2026-09-15_H22M11S11234807.zip!FY2026P01-P10_070_TAS_Contracts_AccountBreakdownByAward_2026-09-15_H22M13S36_01.csv,22431,Contracts,https://files.usaspending.gov/generated_downloads/FY2026P01-P10_070_TAS_AccountBreakdownByAward_2026-09-15_H22M11S11234807.zip,State and local governments
FY2026P08,070-0540,070-2025/2025-0540-000,5ZD2ZMB6YC5,,25.2,D,Q,,CONT_AWD_70CDCR22P00000004_7012_-NONE-_-NONE-,70CDCR22P00000004,,,,QWQDFDCNJ2H3,IMPERIAL VALLEY RIFLE & PISTOL ASSOCIATION INC,QWQDFDCNJ2H3,IMPERIAL VALLEY RIFLE & PISTOL ASSOCIATION INC,FIRING RANGE,localhost:3000/award/CONT_AWD_70CDCR22P00000004_7012_-NONE-_-NONE-/,2026-07-02,DHS_FY2026P10_c:FY2026P01-P10_070_TAS_Contracts_AccountBreakdownByAward_2026-09-15_H22M13S36_01.csv:row:26263,data/raw/DHS_FY2026P10_c/FY2026P01-P10_070_TAS_AccountBreakdownByAward_2026-09-15_H22M11S11234807.zip,FY2026P01-P10_070_TAS_Contracts_AccountBreakdownByAward_2026-09-15_H22M13S36_01.csv,data/raw/DHS_FY2026P10_c/FY2026P01-P10_070_TAS_AccountBreakdownByAward_2026-09-15_H22M11S11234807.zip!FY2026P01-P10_070_TAS_Contracts_AccountBreakdownByAward_2026-09-15_H22M13S36_01.csv,26263,Contracts,https://files.usaspending.gov/generated_downloads/FY2026P01-P10_070_TAS_AccountBreakdownByAward_2026-09-15_H22M11S11234807.zip,Other public or nonprofit entities
FY2026P08,070-0540,070-2024/2024-0540-000,5ZD2ZMB6YC5,,25.2,D,Q,,CONT_AWD_70CDCR22P00000004_7012_-NONE-_-NONE-,70CDCR22P00000004,,,,QWQDFDCNJ2H3,IMPERIAL VALLEY RIFLE & PISTOL ASSOCIATION INC,QWQDFDCNJ2H3,IMPERIAL VALLEY RIFLE & PISTOL ASSOCIATION INC,FIRING RANGE,localhost:3000/award/CONT_AWD_70CDCR22P00000004_7012_-NONE-_-NONE-/,2026-07-02,DHS_FY2026P10_c:FY2026P01-P10_070_TAS_Contracts_AccountBreakdownByAward_2026-09-15_H22M13S36_01.csv:row:26264,data/raw/DHS_FY2026P10_c/FY2026P01-P10_070_TAS_AccountBreakdownByAward_2026-09-15_H22M11S11234807.zip,FY2026P01-P10_070_TAS_Contracts_AccountBreakdownByAward_2026-09-15_H22M13S36_01.csv,data/raw/DHS_FY2026P10_c/FY2026P01-P10_070_TAS_AccountBreakdownByAward_2026-09-15_H22M11S11234807.zip!FY2026P01-P10_070_TAS_Contracts_AccountBreakdownByAward_2026-09-15_H22M13S36_01.csv,26264,Contracts,https://files.usaspending.gov/generated_downloads/FY2026P01-P10_070_TAS_AccountBreakdownByAward_2026-09-15_H22M11S11234807.zip,Other public or nonprofit entities
FY2026P10,070-0540,070-2024/2024-0540-000,5ZD2ZMB6YC5,,25.2,D,Q,,CONT_AWD_70CDCR22P00000004_7012_-NONE-_-NONE-,70CDCR22P00000004,,,,QWQDFDCNJ2H3,IMPERIAL VALLEY RIFLE & PISTOL ASSOCIATION INC,QWQDFDCNJ2H3,IMPERIAL VALLEY RIFLE & PISTOL ASSOCIATION INC,FIRING RANGE,localhost:3000/award/CONT_AWD_70CDCR22P00000004_7012_-NONE-_-NONE-/,2026-08-31,DHS_FY2026P10_c:FY2026P01-P10_070_TAS_Contracts_AccountBreakdownByAward_2026-09-15_H22M13S36_01.csv:row:26265,data/raw/DHS_FY2026P10_c/FY2026P01-P10_070_TAS_AccountBreakdownByAward_2026-09-15_H22M11S11234807.zip,FY2026P01-P10_070_TAS_Contracts_AccountBreakdownByAward_2026-09-15_H22M13S36_01.csv,data/raw/DHS_FY2026P10_c/FY2026P01-P10_070_TAS_AccountBreakdownByAward_2026-09-15_H22M11S11234807.zip!FY2026P01-P10_070_TAS_Contracts_AccountBreakdownByAward_2026-09-15_H22M13S36_01.csv,26265,Contracts,https://files.usaspending.gov/generated_downloads/FY2026P01-P10_070_TAS_AccountBreakdownByAward_2026-09-15_H22M11S11234807.zip,Other public or nonprofit entities
FY2026P10,070-0540,070-2025/2025-0540-000,5ZD2ZMB6YC5,,25.2,D,Q,,CONT_AWD_70CDCR22P00000004_7012_-NONE-_-NONE-,70CDCR22P00000004,,,,QWQDFDCNJ2H3,IMPERIAL VALLEY RIFLE & PISTOL ASSOCIATION INC,QWQDFDCNJ2H3,IMPERIAL VALLEY RIFLE & PISTOL ASSOCIATION INC,FIRING RANGE,localhost:3000/award/CONT_AWD_70CDCR22P00000004_7012_-NONE-_-NONE-/,2026-08-31,DHS_FY2026P10_c:FY2026P01-P10_070_TAS_Contracts_AccountBreakdownByAward_2026-09-15_H22M13S36_01.csv:row:26266,data/raw/DHS_FY2026P10_c/FY2026P01-P10_070_TAS_AccountBreakdownByAward_2026-09-15_H22M11S11234807.zip,FY2026P01-P10_070_TAS_Contracts_AccountBreakdownByAward_2026-09-15_H22M13S36_01.csv,data/raw/DHS_FY2026P10_c/FY2026P01-P10_070_TAS_AccountBreakdownByAward_2026-09-15_H22M11S11234807.zip!FY2026P01-P10_070_TAS_Contracts_AccountBreakdownByAward_2026-09-15_H22M13S36_01.csv,26266,Contracts,https://files.usaspending.gov/generated_downloads/FY2026P01-P10_070_TAS_AccountBreakdownByAward_2026-09-15_H22M11S11234807.zip,Other public or nonprofit entities
FY2026P09,070-0540,070-2024/2024-0540-000,5ZD2ZMB6YC5,,25.2,D,Q,,CONT_AWD_70CDCR22P00000004_7012_-NONE-_-NONE-,70CDCR22P00000004,,,,QWQDFDCNJ2H3,IMPERIAL VALLEY RIFLE & PISTOL ASSOCIATION INC,QWQDFDCNJ2H3,IMPERIAL VALLEY RIFLE & PISTOL ASSOCIATION INC,FIRING RANGE,localhost:3000/award/CONT_AWD_70CDCR22P00000004_7012_-NONE-_-NONE-/,2026-07-30,DHS_FY2026P10_c:FY2026P01-P10_070_TAS_Contracts_AccountBreakdownByAward_2026-09-15_H22M13S36_01.csv:row:26267,data/raw/DHS_FY2026P10_c/FY2026P01-P10_070_TAS_AccountBreakdownByAward_2026-09-15_H22M11S11234807.zip,FY2026P01-P10_070_TAS_Contracts_AccountBreakdownByAward_2026-09-15_H22M13S36_01.csv,data/raw/DHS_FY2026P10_c/FY2026P01-P10_070_TAS_AccountBreakdownByAward_2026-09-15_H22M11S11234807.zip!FY2026P01-P10_070_TAS_Contracts_AccountBreakdownByAward_2026-09-15_H22M13S36_01.csv,26267,Contracts,https://files.usaspending.gov/generated_downloads/FY2026P01-P10_070_TAS_AccountBreakdownByAward_2026-09-15_H22M11S11234807.zip,Other public or nonprofit entities
FY2026P09,070-0540,070-2025/2025-0540-000,5ZD2ZMB6YC5,,25.2,D,Q,,CONT_AWD_70CDCR22P00000004_7012_-NONE-_-NONE-,70CDCR22P00000004,,,,QWQDFDCNJ2H3,IMPERIAL VALLEY RIFLE & PISTOL ASSOCIATION INC,QWQDFDCNJ2H3,IMPERIAL VALLEY RIFLE & PISTOL ASSOCIATION INC,FIRING RANGE,localhost:3000/award/CONT_AWD_70CDCR22P00000004_7012_-NONE-_-NONE-/,2026-07-30,DHS_FY2026P10_c:FY2026P01-P10_070_TAS_Contracts_AccountBreakdownByAward_2026-09-15_H22M13S36_01.csv:row:26268,data/raw/DHS_FY2026P10_c/FY2026P01-P10_070_TAS_AccountBreakdownByAward_2026-09-15_H22M11S11234807.zip,FY2026P01-P10_070_TAS_Contracts_AccountBreakdownByAward_2026-09-15_H22M13S36_01.csv,data/raw/DHS_FY2026P10_c/FY2026P01-P10_070_TAS_AccountBreakdownByAward_2026-09-15_H22M11S11234807.zip!FY2026P01-P10_070_TAS_Contracts_AccountBreakdownByAward_2026-09-15_H22M13S36_01.csv,26268,Contracts,https://files.usaspending.gov/generated_downloads/FY2026P01-P10_070_TAS_AccountBreakdownByAward_2026-09-15_H22M11S11234807.zip,Other public or nonprofit entities
FY2026P04,070-0540,070-2025/2025-0540-000,5ZD2ZMB6YC4,,25.7,D,Q,,CONT_AWD_70CMSD25P00000044_7012_-NONE-_-NONE-,70CMSD25P00000044,,,,CU82DUZEEL81,SAN DIEGO ASSOCIATION OF GOVERNMENTS,CU82DUZEEL81,SAN DIEGO ASSOCIATION OF GOVERNMENTS,THIS AWARD PROVIDES ACCESS TO THE AUTOMATED REGIONAL JUSTICE INFORMATION SYSTEM FOR THE HOMELAND SECURITY INVESTIGATIONS SAN DIEGO OFFICE TO GATHER INFORMATION FOR CRIMINAL INVESTIGATIONS.,localhost:3000/award/CONT_AWD_70CMSD25P00000044_7012_-NONE-_-NONE-/,2026-05-15,DHS_FY2026P10_c:FY2026P01-P10_070_TAS_Contracts_AccountBreakdownByAward_2026-09-15_H22M13S36_01.csv:row:44329,data/raw/DHS_FY2026P10_c/FY2026P01-P10_070_TAS_AccountBreakdownByAward_2026-09-15_H22M11S11234807.zip,FY2026P01-P10_070_TAS_Contracts_AccountBreakdownByAward_2026-09-15_H22M13S36_01.csv,data/raw/DHS_FY2026P10_c/FY2026P01-P10_070_TAS_AccountBreakdownByAward_2026-09-15_H22M11S11234807.zip!FY2026P01-P10_070_TAS_Contracts_AccountBreakdownByAward_2026-09-15_H22M13S36_01.csv,44329,Contracts,https://files.usaspending.gov/generated_downloads/FY2026P01-P10_070_TAS_AccountBreakdownByAward_2026-09-15_H22M11S11234807.zip,State and local governments
FY2026P06,070-0540,070-2026/2026-0540-000,5ZD2ZMB6YC4,,25.7,D,Q,,CONT_AWD_70CMSD25P00000044_7012_-NONE-_-NONE-,70CMSD25P00000044,,,,CU82DUZEEL81,SAN DIEGO ASSOCIATION OF GOVERNMENTS,CU82DUZEEL81,SAN DIEGO ASSOCIATION OF GOVERNMENTS,THIS AWARD PROVIDES ACCESS TO THE AUTOMATED REGIONAL JUSTICE INFORMATION SYSTEM FOR THE HOMELAND SECURITY INVESTIGATIONS SAN DIEGO OFFICE TO GATHER INFORMATION FOR CRIMINAL INVESTIGATIONS.,localhost:3000/award/CONT_AWD_70CMSD25P00000044_7012_-NONE-_-NONE-/,2026-08-07,DHS_FY2026P10_c:FY2026P01-P10_070_TAS_Contracts_AccountBreakdownByAward_2026-09-15_H22M13S36_01.csv:row:44330,data/raw/DHS_FY2026P10_c/FY2026P01-P10_070_TAS_AccountBreakdownByAward_2026-09-15_H22M11S11234807.zip,FY2026P01-P10_070_TAS_Contracts_AccountBreakdownByAward_2026-09-15_H22M13S36_01.csv,data/raw/DHS_FY2026P10_c/FY2026P01-P10_070_TAS_AccountBreakdownByAward_2026-09-15_H22M11S11234807.zip!FY2026P01-P10_070_TAS_Contracts_AccountBreakdownByAward_2026-09-15_H22M13S36_01.csv,44330,Contracts,https://files.usaspending.gov/generated_downloads/FY2026P01-P10_070_TAS_AccountBreakdownByAward_2026-09-15_H22M11S11234807.zip,State and local governments
FY2026P04,070-0540,070-2026/2026-0540-000,5ZD2ZMB6YC4,,25.7,D,Q,,CONT_AWD_70CMSD25P00000044_7012_-NONE-_-NONE-,70CMSD25P00000044,,,,CU82DUZEEL81,SAN DIEGO ASSOCIATION OF GOVERNMENTS,CU82DUZEEL81,SAN DIEGO ASSOCIATION OF GOVERNMENTS,THIS AWARD PROVIDES ACCESS TO THE AUTOMATED REGIONAL JUSTICE INFORMATION SYSTEM FOR THE HOMELAND SECURITY INVESTIGATIONS SAN DIEGO OFFICE TO GATHER INFORMATION FOR CRIMINAL INVESTIGATIONS.,localhost:3000/award/CONT_AWD_70CMSD25P00000044_7012_-NONE-_-NONE-/,2026-05-15,DHS_FY2026P10_c:FY2026P01-P10_070_TAS_Contracts_AccountBreakdownByAward_2026-09-15_H22M13S36_01.csv:row:44331,data/raw/DHS_FY2026P10_c/FY2026P01-P10_070_TAS_AccountBreakdownByAward_2026-09-15_H22M11S11234807.zip,FY2026P01-P10_070_TAS_Contracts_AccountBreakdownByAward_2026-09-15_H22M13S36_01.csv,data/raw/DHS_FY2026P10_c/FY2026P01-P10_070_TAS_AccountBreakdownByAward_2026-09-15_H22M11S11234807.zip!FY2026P01-P10_070_TAS_Contracts_AccountBreakdownByAward_2026-09-15_H22M13S36_01.csv,44331,Contracts,https://files.usaspending.gov/generated_downloads/FY2026P01-P10_070_TAS_AccountBreakdownByAward_2026-09-15_H22M11S11234807.zip,State and local governments
FY2026P05,070-0540,070-2026/2026-0540-000,5ZD2ZMB6YC4,,25.7,D,Q,,CONT_AWD_70CMSD25P00000044_7012_-NONE-_-NONE-,70CMSD25P00000044,,,,CU82DUZEEL81,SAN DIEGO ASSOCIATION OF GOVERNMENTS,CU82DUZEEL81,SAN DIEGO ASSOCIATION OF GOVERNMENTS,THIS AWARD PROVIDES ACCESS TO THE AUTOMATED REGIONAL JUSTICE INFORMATION SYSTEM FOR THE HOMELAND SECURITY INVESTIGATIONS SAN DIEGO OFFICE TO GATHER INFORMATION FOR CRIMINAL INVESTIGATIONS.,localhost:3000/award/CONT_AWD_70CMSD25P00000044_7012_-NONE-_-NONE-/,2026-05-15,DHS_FY2026P10_c:FY2026P01-P10_070_TAS_Contracts_AccountBreakdownByAward_2026-09-15_H22M13S36_01.csv:row:44332,data/raw/DHS_FY2026P10_c/FY2026P01-P10_070_TAS_AccountBreakdownByAward_2026-09-15_H22M11S11234807.zip,FY2026P01-P10_070_TAS_Contracts_AccountBreakdownByAward_2026-09-15_H22M13S36_01.csv,data/raw/DHS_FY2026P10_c/FY2026P01-P10_070_TAS_AccountBreakdownByAward_2026-09-15_H22M11S11234807.zip!FY2026P01-P10_070_TAS_Contracts_AccountBreakdownByAward_2026-09-15_H22M13S36_01.csv,44332,Contracts,https://files.usaspending.gov/generated_downloads/FY2026P01-P10_070_TAS_AccountBreakdownByAward_2026-09-15_H22M11S11234807.zip,State and local governments
FY2026P10,070-0540,070-2025/2025-0540-000,5ZD2ZMB6YC4,,25.7,D,Q,,CONT_AWD_70CMSD25P00000044_7012_-NONE-_-NONE-,70CMSD25P00000044,,,,CU82DUZEEL81,SAN DIEGO ASSOCIATION OF GOVERNMENTS,CU82DUZEEL81,SAN DIEGO ASSOCIATION OF GOVERNMENTS,THIS AWARD PROVIDES ACCESS TO THE AUTOMATED REGIONAL JUSTICE INFORMATION SYSTEM FOR THE HOMELAND SECURITY INVESTIGATIONS SAN DIEGO OFFICE TO GATHER INFORMATION FOR CRIMINAL INVESTIGATIONS.,localhost:3000/award/CONT_AWD_70CMSD25P00000044_7012_-NONE-_-NONE-/,2026-08-31,DHS_FY2026P10_c:FY2026P01-P10_070_TAS_Contracts_AccountBreakdownByAward_2026-09-15_H22M13S36_01.csv:row:44334,data/raw/DHS_FY2026P10_c/FY2026P01-P10_070_TAS_AccountBreakdownByAward_2026-09-15_H22M11S11234807.zip,FY2026P01-P10_070_TAS_Contracts_AccountBreakdownByAward_2026-09-15_H22M13S36_01.csv,data/raw/DHS_FY2026P10_c/FY2026P01-P10_070_TAS_AccountBreakdownByAward_2026-09-15_H22M11S11234807.zip!FY2026P01-P10_070_TAS_Contracts_AccountBreakdownByAward_2026-09-15_H22M13S36_01.csv,44334,Contracts,https://files.usaspending.gov/generated_downloads/FY2026P01-P10_070_TAS_AccountBreakdownByAward_2026-09-15_H22M11S11234807.zip,State and local governments
FY2026P08,070-0540,070-2025/2025-0540-000,5ZD2ZMB6YC4,,25.7,D,Q,,CONT_AWD_70CMSD25P00000044_7012_-NONE-_-NONE-,70CMSD25P00000044,,,,CU82DUZEEL81,SAN DIEGO ASSOCIATION OF GOVERNMENTS,CU82DUZEEL81,SAN DIEGO ASSOCIATION OF GOVERNMENTS,THIS AWARD PROVIDES ACCESS TO THE AUTOMATED REGIONAL JUSTICE INFORMATION SYSTEM FOR THE HOMELAND SECURITY INVESTIGATIONS SAN DIEGO OFFICE TO GATHER INFORMATION FOR CRIMINAL INVESTIGATIONS.,localhost:3000/award/CONT_AWD_70CMSD25P00000044_7012_-NONE-_-NONE-/,2026-07-02,DHS_FY2026P10_c:FY2026P01-P10_070_TAS_Contracts_AccountBreakdownByAward_2026-09-15_H22M13S36_01.csv:row:44335,data/raw/DHS_FY2026P10_c/FY2026P01-P10_070_TAS_AccountBreakdownByAward_2026-09-15_H22M11S11234807.zip,FY2026P01-P10_070_TAS_Contracts_AccountBreakdownByAward_2026-09-15_H22M13S36_01.csv,data/raw/DHS_FY2026P10_c/FY2026P01-P10_070_TAS_AccountBreakdownByAward_2026-09-15_H22M11S11234807.zip!FY2026P01-P10_070_TAS_Contracts_AccountBreakdownByAward_2026-09-15_H22M13S36_01.csv,44335,Contracts,https://files.usaspending.gov/generated_downloads/FY2026P01-P10_070_TAS_AccountBreakdownByAward_2026-09-15_H22M11S11234807.zip,State and local governments
FY2026P08,070-0540,070-2026/2026-0540-000,5ZD2ZMB6YC4,,25.7,D,Q,,CONT_AWD_70CMSD25P00000044_7012_-NONE-_-NONE-,70CMSD25P00000044,,,,CU82DUZEEL81,SAN DIEGO ASSOCIATION OF GOVERNMENTS,CU82DUZEEL81,SAN DIEGO ASSOCIATION OF GOVERNMENTS,THIS AWARD PROVIDES ACCESS TO THE AUTOMATED REGIONAL JUSTICE INFORMATION SYSTEM FOR THE HOMELAND SECURITY INVESTIGATIONS SAN DIEGO OFFICE TO GATHER INFORMATION FOR CRIMINAL INVESTIGATIONS.,localhost:3000/award/CONT_AWD_70CMSD25P00000044_7012_-NONE-_-NONE-/,2026-07-02,DHS_FY2026P10_c:FY2026P01-P10_070_TAS_Contracts_AccountBreakdownByAward_2026-09-15_H22M13S36_01.csv:row:44336,data/raw/DHS_FY2026P10_c/FY2026P01-P10_070_TAS_AccountBreakdownByAward_2026-09-15_H22M11S11234807.zip,FY2026P01-P10_070_TAS_Contracts_AccountBreakdownByAward_2026-09-15_H22M13S36_01.csv,data/raw/DHS_FY2026P10_c/FY2026P01-P10_070_TAS_AccountBreakdownByAward_2026-09-15_H22M11S11234807.zip!FY2026P01-P10_070_TAS_Contracts_AccountBreakdownByAward_2026-09-15_H22M13S36_01.csv,44336,Contracts,https://files.usaspending.gov/generated_downloads/FY2026P01-P10_070_TAS_AccountBreakdownByAward_2026-09-15_H22M11S11234807.zip,State and local governments
FY2026P07,070-0540,070-2025/2025-0540-000,5ZD2ZMB6YC4,,25.7,D,Q,,CONT_AWD_70CMSD25P00000044_7012_-NONE-_-NONE-,70CMSD25P00000044,,,,CU82DUZEEL81,SAN DIEGO ASSOCIATION OF GOVERNMENTS,CU82DUZEEL81,SAN DIEGO ASSOCIATION OF GOVERNMENTS,THIS AWARD PROVIDES ACCESS TO THE AUTOMATED REGIONAL JUSTICE INFORMATION SYSTEM FOR THE HOMELAND SECURITY INVESTIGATIONS SAN DIEGO OFFICE TO GATHER INFORMATION FOR CRIMINAL INVESTIGATIONS.,localhost:3000/award/CONT_AWD_70CMSD25P00000044_7012_-NONE-_-NONE-/,2026-06-01,DHS_FY2026P10_c:FY2026P01-P10_070_TAS_Contracts_AccountBreakdownByAward_2026-09-15_H22M13S36_01.csv:row:44337,data/raw/DHS_FY2026P10_c/FY2026P01-P10_070_TAS_AccountBreakdownByAward_2026-09-15_H22M11S11234807.zip,FY2026P01-P10_070_TAS_Contracts_AccountBreakdownByAward_2026-09-15_H22M13S36_01.csv,data/raw/DHS_FY2026P10_c/FY2026P01-P10_070_TAS_AccountBreakdownByAward_2026-09-15_H22M11S11234807.zip!FY2026P01-P10_070_TAS_Contracts_AccountBreakdownByAward_2026-09-15_H22M13S36_01.csv,44337,Contracts,https://files.usaspending.gov/generated_downloads/FY2026P01-P10_070_TAS_AccountBreakdownByAward_2026-09-15_H22M11S11234807.zip,State and local governments
FY2026P07,070-0540,070-2026/2026-0540-000,5ZD2ZMB6YC4,,25.7,D,Q,,CONT_AWD_70CMSD25P00000044_7012_-NONE-_-NONE-,70CMSD25P00000044,,,,CU82DUZEEL81,SAN DIEGO ASSOCIATION OF GOVERNMENTS,CU82DUZEEL81,SAN DIEGO ASSOCIATION OF GOVERNMENTS,THIS AWARD PROVIDES ACCESS TO THE AUTOMATED REGIONAL JUSTICE INFORMATION SYSTEM FOR THE HOMELAND SECURITY INVESTIGATIONS SAN DIEGO OFFICE TO GATHER INFORMATION FOR CRIMINAL INVESTIGATIONS.,localhost:3000/award/CONT_AWD_70CMSD25P00000044_7012_-NONE-_-NONE-/,2026-06-01,DHS_FY2026P10_c:FY2026P01-P10_070_TAS_Contracts_AccountBreakdownByAward_2026-09-15_H22M13S36_01.csv:row:44338,data/raw/DHS_FY2026P10_c/FY2026P01-P10_070_TAS_AccountBreakdownByAward_2026-09-15_H22M11S11234807.zip,FY2026P01-P10_070_TAS_Contracts_AccountBreakdownByAward_2026-09-15_H22M13S36_01.csv,data/raw/DHS_FY2026P10_c/FY2026P01-P10_070_TAS_AccountBreakdownByAward_2026-09-15_H22M11S11234807.zip!FY2026P01-P10_070_TAS_Contracts_AccountBreakdownByAward_2026-09-15_H22M13S36_01.csv,44338,Contracts,https://files.usaspending.gov/generated_downloads/FY2026P01-P10_070_TAS_AccountBreakdownByAward_2026-09-15_H22M11S11234807.zip,State and local governments
FY2026P06,070-0540,070-2025/2025-0540-000,5ZD2ZMB6YC4,,25.7,D,Q,,CONT_AWD_70CMSD25P00000044_7012_-NONE-_-NONE-,70CMSD25P00000044,,,,CU82DUZEEL81,SAN DIEGO ASSOCIATION OF GOVERNMENTS,CU82DUZEEL81,SAN DIEGO ASSOCIATION OF GOVERNMENTS,THIS AWARD PROVIDES ACCESS TO THE AUTOMATED REGIONAL JUSTICE INFORMATION SYSTEM FOR THE HOMELAND SECURITY INVESTIGATIONS SAN DIEGO OFFICE TO GATHER INFORMATION FOR CRIMINAL INVESTIGATIONS.,localhost:3000/award/CONT_AWD_70CMSD25P00000044_7012_-NONE-_-NONE-/,2026-08-07,DHS_FY2026P10_c:FY2026P01-P10_070_TAS_Contracts_AccountBreakdownByAward_2026-09-15_H22M13S36_01.csv:row:44339,data/raw/DHS_FY2026P10_c/FY2026P01-P10_070_TAS_AccountBreakdownByAward_2026-09-15_H22M11S11234807.zip,FY2026P01-P10_070_TAS_Contracts_AccountBreakdownByAward_2026-09-15_H22M13S36_01.csv,data/raw/DHS_FY2026P10_c/FY2026P01-P10_070_TAS_AccountBreakdownByAward_2026-09-15_H22M11S11234807.zip!FY2026P01-P10_070_TAS_Contracts_AccountBreakdownByAward_2026-09-15_H22M13S36_01.csv,44339,Contracts,https://files.usaspending.gov/generated_downloads/FY2026P01-P10_070_TAS_AccountBreakdownByAward_2026-09-15_H22M11S11234807.zip,State and local governments
FY2026P09,070-0540,070-2025/2025-0540-000,5ZD2ZMB6YC4,,25.7,D,Q,,CONT_AWD_70CMSD25P00000044_7012_-NONE-_-NONE-,70CMSD25P00000044,,,,CU82DUZEEL81,SAN DIEGO ASSOCIATION OF GOVERNMENTS,CU82DUZEEL81,SAN DIEGO ASSOCIATION OF GOVERNMENTS,THIS AWARD PROVIDES ACCESS TO THE AUTOMATED REGIONAL JUSTICE INFORMATION SYSTEM FOR THE HOMELAND SECURITY INVESTIGATIONS SAN DIEGO OFFICE TO GATHER INFORMATION FOR CRIMINAL INVESTIGATIONS.,localhost:3000/award/CONT_AWD_70CMSD25P00000044_7012_-NONE-_-NONE-/,2026-07-30,DHS_FY2026P10_c:FY2026P01-P10_070_TAS_Contracts_AccountBreakdownByAward_2026-09-15_H22M13S36_01.csv:row:44340,data/raw/DHS_FY2026P10_c/FY2026P01-P10_070_TAS_AccountBreakdownByAward_2026-09-15_H22M11S11234807.zip,FY2026P01-P10_070_TAS_Contracts_AccountBreakdownByAward_2026-09-15_H22M13S36_01.csv,data/raw/DHS_FY2026P10_c/FY2026P01-P10_070_TAS_AccountBreakdownByAward_2026-09-15_H22M11S11234807.zip!FY2026P01-P10_070_TAS_Contracts_AccountBreakdownByAward_2026-09-15_H22M13S36_01.csv,44340,Contracts,https://files.usaspending.gov/generated_downloads/FY2026P01-P10_070_TAS_AccountBreakdownByAward_2026-09-15_H22M11S11234807.zip,State and local governments
FY2026P09,070-0540,070-2026/2026-0540-000,5ZD2ZMB6YC4,,25.7,D,Q,,CONT_AWD_70CMSD25P00000044_7012_-NONE-_-NONE-,70CMSD25P00000044,,,,CU82DUZEEL81,SAN DIEGO ASSOCIATION OF GOVERNMENTS,CU82DUZEEL81,SAN DIEGO ASSOCIATION OF GOVERNMENTS,THIS AWARD PROVIDES ACCESS TO THE AUTOMATED REGIONAL JUSTICE INFORMATION SYSTEM FOR THE HOMELAND SECURITY INVESTIGATIONS SAN DIEGO OFFICE TO GATHER INFORMATION FOR CRIMINAL INVESTIGATIONS.,localhost:3000/award/CONT_AWD_70CMSD25P00000044_7012_-NONE-_-NONE-/,2026-07-30,DHS_FY2026P10_c:FY2026P01-P10_070_TAS_Contracts_AccountBreakdownByAward_2026-09-15_H22M13S36_01.csv:row:44341,data/raw/DHS_FY2026P10_c/FY2026P01-P10_070_TAS_AccountBreakdownByAward_2026-09-15_H22M11S11234807.zip,FY2026P01-P10_070_TAS_Contracts_AccountBreakdownByAward_2026-09-15_H22M13S36_01.csv,data/raw/DHS_FY2026P10_c/FY2026P01-P10_070_TAS_AccountBreakdownByAward_2026-09-15_H22M11S11234807.zip!FY2026P01-P10_070_TAS_Contracts_AccountBreakdownByAward_2026-09-15_H22M13S36_01.csv,44341,Contracts,https://files.usaspending.gov/generated_downloads/FY2026P01-P10_070_TAS_AccountBreakdownByAward_2026-09-15_H22M11S11234807.zip,State and local governments
FY2026P05,070-0540,070-2025/2025-0540-000,5ZD2ZMB6YC4,,25.7,D,Q,,CONT_AWD_70CMSD25P00000044_7012_-NONE-_-NONE-,70CMSD25P00000044,,,,CU82DUZEEL81,SAN DIEGO ASSOCIATION OF GOVERNMENTS,CU82DUZEEL81,SAN DIEGO ASSOCIATION OF GOVERNMENTS,THIS AWARD PROVIDES ACCESS TO THE AUTOMATED REGIONAL JUSTICE INFORMATION SYSTEM FOR THE HOMELAND SECURITY INVESTIGATIONS SAN DIEGO OFFICE TO GATHER INFORMATION FOR CRIMINAL INVESTIGATIONS.,localhost:3000/award/CONT_AWD_70CMSD25P00000044_7012_-NONE-_-NONE-/,2026-05-15,DHS_FY2026P10_c:FY2026P01-P10_070_TAS_Contracts_AccountBreakdownByAward_2026-09-15_H22M13S36_01.csv:row:44342,data/raw/DHS_FY2026P10_c/FY2026P01-P10_070_TAS_AccountBreakdownByAward_2026-09-15_H22M11S11234807.zip,FY2026P01-P10_070_TAS_Contracts_AccountBreakdownByAward_2026-09-15_H22M13S36_01.csv,data/raw/DHS_FY2026P10_c/FY2026P01-P10_070_TAS_AccountBreakdownByAward_2026-09-15_H22M11S11234807.zip!FY2026P01-P10_070_TAS_Contracts_AccountBreakdownByAward_2026-09-15_H22M13S36_01.csv,44342,Contracts,https://files.usaspending.gov/generated_downloads/FY2026P01-P10_070_TAS_AccountBreakdownByAward_2026-09-15_H22M11S11234807.zip,State and local governments
FY2026P03,070-0540,070-2026/2026-0540-000,5ZD2ZMB6YC4,,25.7,D,Q,,CONT_AWD_70CMSD25P00000044_7012_-NONE-_-NONE-,70CMSD25P00000044,,,,CU82DUZEEL81,SAN DIEGO ASSOCIATION OF GOVERNMENTS,CU82DUZEEL81,SAN DIEGO ASSOCIATION OF GOVERNMENTS,THIS AWARD PROVIDES ACCESS TO THE AUTOMATED REGIONAL JUSTICE INFORMATION SYSTEM FOR THE HOMELAND SECURITY INVESTIGATIONS SAN DIEGO OFFICE TO GATHER INFORMATION FOR CRIMINAL INVESTIGATIONS.,localhost:3000/award/CONT_AWD_70CMSD25P00000044_7012_-NONE-_-NONE-/,2026-08-07,DHS_FY2026P10_c:FY2026P01-P10_070_TAS_Contracts_AccountBreakdownByAward_2026-09-15_H22M13S36_01.csv:row:44343,data/raw/DHS_FY2026P10_c/FY2026P01-P10_070_TAS_AccountBreakdownByAward_2026-09-15_H22M11S11234807.zip,FY2026P01-P10_070_TAS_Contracts_AccountBreakdownByAward_2026-09-15_H22M13S36_01.csv,data/raw/DHS_FY2026P10_c/FY2026P01-P10_070_TAS_AccountBreakdownByAward_2026-09-15_H22M11S11234807.zip!FY2026P01-P10_070_TAS_Contracts_AccountBreakdownByAward_2026-09-15_H22M13S36_01.csv,44343,Contracts,https://files.usaspending.gov/generated_downloads/FY2026P01-P10_070_TAS_AccountBreakdownByAward_2026-09-15_H22M11S11234807.zip,State and local governments
FY2026P03,070-0540,070-2025/2025-0540-000,5ZD2ZMB6YC4,,25.7,D,Q,,CONT_AWD_70CMSD25P00000044_7012_-NONE-_-NONE-,70CMSD25P00000044,,,,CU82DUZEEL81,SAN DIEGO ASSOCIATION OF GOVERNMENTS,CU82DUZEEL81,SAN DIEGO ASSOCIATION OF GOVERNMENTS,THIS AWARD PROVIDES ACCESS TO THE AUTOMATED REGIONAL JUSTICE INFORMATION SYSTEM FOR THE HOMELAND SECURITY INVESTIGATIONS SAN DIEGO OFFICE TO GATHER INFORMATION FOR CRIMINAL INVESTIGATIONS.,localhost:3000/award/CONT_AWD_70CMSD25P00000044_7012_-NONE-_-NONE-/,2026-08-07,DHS_FY2026P10_c:FY2026P01-P10_070_TAS_Contracts_AccountBreakdownByAward_2026-09-15_H22M13S36_01.csv:row:44344,data/raw/DHS_FY2026P10_c/FY2026P01-P10_070_TAS_AccountBreakdownByAward_2026-09-15_H22M11S11234807.zip,FY2026P01-P10_070_TAS_Contracts_AccountBreakdownByAward_2026-09-15_H22M13S36_01.csv,data/raw/DHS_FY2026P10_c/FY2026P01-P10_070_TAS_AccountBreakdownByAward_2026-09-15_H22M11S11234807.zip!FY2026P01-P10_070_TAS_Contracts_AccountBreakdownByAward_2026-09-15_H22M13S36_01.csv,44344,Contracts,https://files.usaspending.gov/generated_downloads/FY2026P01-P10_070_TAS_AccountBreakdownByAward_2026-09-15_H22M11S11234807.zip,State and local governments
FY2026P10,070-0540,070-2026/2026-0540-000,5ZD2ZMB6YC4,,25.7,D,Q,,CONT_AWD_70CMSD25P00000044_7012_-NONE-_-NONE-,70CMSD25P00000044,,,,CU82DUZEEL81,SAN DIEGO ASSOCIATION OF GOVERNMENTS,CU82DUZEEL81,SAN DIEGO ASSOCIATION OF GOVERNMENTS,THIS AWARD PROVIDES ACCESS TO THE AUTOMATED REGIONAL JUSTICE INFORMATION SYSTEM FOR THE HOMELAND SECURITY INVESTIGATIONS SAN DIEGO OFFICE TO GATHER INFORMATION FOR CRIMINAL INVESTIGATIONS.,localhost:3000/award/CONT_AWD_70CMSD25P00000044_7012_-NONE-_-NONE-/,2026-08-31,DHS_FY2026P10_c:FY2026P01-P10_070_TAS_Contracts_AccountBreakdownByAward_2026-09-15_H22M13S36_01.csv:row:44345,data/raw/DHS_FY2026P10_c/FY2026P01-P10_070_TAS_AccountBreakdownByAward_2026-09-15_H22M11S11234807.zip,FY2026P01-P10_070_TAS_Contracts_AccountBreakdownByAward_2026-09-15_H22M13S36_01.csv,data/raw/DHS_FY2026P10_c/FY2026P01-P10_070_TAS_AccountBreakdownByAward_2026-09-15_H22M11S11234807.zip!FY2026P01-P10_070_TAS_Contracts_AccountBreakdownByAward_2026-09-15_H22M13S36_01.csv,44345,Contracts,https://files.usaspending.gov/generated_downloads/FY2026P01-P10_070_TAS_AccountBreakdownByAward_2026-09-15_H22M11S11234807.zip,State and local governments
FY2026P05,070-0540,070-2024/2025-0540-000,5ZD2ZMB6YC4,,25.2,D,Q,,CONT_AWD_70CMSD25P00000116_7012_-NONE-_-NONE-,70CMSD25P00000116,,,,U8LTFJCZLK68,PHILADELPHIA PARKING AUTHORITY,U8LTFJCZLK68,PHILADELPHIA PARKING AUTHORITY,THIS AWARD PROVIDES THE RENTAL OF INDOOR PARKING GARAGE SPACES REQUIRED FOR GOVERNMENT VEHICLES FOR ICE HOMELAND SECURITY INVESTIGATIONS PHILADELPHIA.,localhost:3000/award/CONT_AWD_70CMSD25P00000116_7012_-NONE-_-NONE-/,2026-05-15,DHS_FY2026P10_c:FY2026P01-P10_070_TAS_Contracts_AccountBreakdownByAward_2026-09-15_H22M13S36_01.csv:row:57180,data/raw/DHS_FY2026P10_c/FY2026P01-P10_070_TAS_AccountBreakdownByAward_2026-09-15_H22M11S11234807.zip,FY2026P01-P10_070_TAS_Contracts_AccountBreakdownByAward_2026-09-15_H22M13S36_01.csv,data/raw/DHS_FY2026P10_c/FY2026P01-P10_070_TAS_AccountBreakdownByAward_2026-09-15_H22M11S11234807.zip!FY2026P01-P10_070_TAS_Contracts_AccountBreakdownByAward_2026-09-15_H22M13S36_01.csv,57180,Contracts,https://files.usaspending.gov/generated_downloads/FY2026P01-P10_070_TAS_AccountBreakdownByAward_2026-09-15_H22M11S11234807.zip,State and local governments
FY2026P04,070-0540,070-2024/2025-0540-000,5ZD2ZMB6YC4,,25.2,D,Q,,CONT_AWD_70CMSD25P00000116_7012_-NONE-_-NONE-,70CMSD25P00000116,,,,U8LTFJCZLK68,PHILADELPHIA PARKING AUTHORITY,U8LTFJCZLK68,PHILADELPHIA PARKING AUTHORITY,THIS AWARD PROVIDES THE RENTAL OF INDOOR PARKING GARAGE SPACES REQUIRED FOR GOVERNMENT VEHICLES FOR ICE HOMELAND SECURITY INVESTIGATIONS PHILADELPHIA.,localhost:3000/award/CONT_AWD_70CMSD25P00000116_7012_-NONE-_-NONE-/,2026-05-15,DHS_FY2026P10_c:FY2026P01-P10_070_TAS_Contracts_AccountBreakdownByAward_2026-09-15_H22M13S36_01.csv:row:57181,data/raw/DHS_FY2026P10_c/FY2026P01-P10_070_TAS_AccountBreakdownByAward_2026-09-15_H22M11S11234807.zip,FY2026P01-P10_070_TAS_Contracts_AccountBreakdownByAward_2026-09-15_H22M13S36_01.csv,data/raw/DHS_FY2026P10_c/FY2026P01-P10_070_TAS_AccountBreakdownByAward_2026-09-15_H22M11S11234807.zip!FY2026P01-P10_070_TAS_Contracts_AccountBreakdownByAward_2026-09-15_H22M13S36_01.csv,57181,Contracts,https://files.usaspending.gov/generated_downloads/FY2026P01-P10_070_TAS_AccountBreakdownByAward_2026-09-15_H22M11S11234807.zip,State and local governments
FY2026P04,070-0540,070-2025/2026-0540-000,5ZD2ZMB6YC4,,25.2,D,Q,,CONT_AWD_70CMSD25P00000116_7012_-NONE-_-NONE-,70CMSD25P00000116,,,,U8LTFJCZLK68,PHILADELPHIA PARKING AUTHORITY,U8LTFJCZLK68,PHILADELPHIA PARKING AUTHORITY,THIS AWARD PROVIDES THE RENTAL OF INDOOR PARKING GARAGE SPACES REQUIRED FOR GOVERNMENT VEHICLES FOR ICE HOMELAND SECURITY INVESTIGATIONS PHILADELPHIA.,localhost:3000/award/CONT_AWD_70CMSD25P00000116_7012_-NONE-_-NONE-/,2026-05-15,DHS_FY2026P10_c:FY2026P01-P10_070_TAS_Contracts_AccountBreakdownByAward_2026-09-15_H22M13S36_01.csv:row:57182,data/raw/DHS_FY2026P10_c/FY2026P01-P10_070_TAS_AccountBreakdownByAward_2026-09-15_H22M11S11234807.zip,FY2026P01-P10_070_TAS_Contracts_AccountBreakdownByAward_2026-09-15_H22M13S36_01.csv,data/raw/DHS_FY2026P10_c/FY2026P01-P10_070_TAS_AccountBreakdownByAward_2026-09-15_H22M11S11234807.zip!FY2026P01-P10_070_TAS_Contracts_AccountBreakdownByAward_2026-09-15_H22M13S36_01.csv,57182,Contracts,https://files.usaspending.gov/generated_downloads/FY2026P01-P10_070_TAS_AccountBreakdownByAward_2026-09-15_H22M11S11234807.zip,State and local governments
FY2026P05,070-0540,070-2025/2026-0540-000,5ZD2ZMB6YC4,,25.2,D,Q,,CONT_AWD_70CMSD25P00000116_7012_-NONE-_-NONE-,70CMSD25P00000116,,,,U8LTFJCZLK68,PHILADELPHIA PARKING AUTHORITY,U8LTFJCZLK68,PHILADELPHIA PARKING AUTHORITY,THIS AWARD PROVIDES THE RENTAL OF INDOOR PARKING GARAGE SPACES REQUIRED FOR GOVERNMENT VEHICLES FOR ICE HOMELAND SECURITY INVESTIGATIONS PHILADELPHIA.,localhost:3000/award/CONT_AWD_70CMSD25P00000116_7012_-NONE-_-NONE-/,2026-05-15,DHS_FY2026P10_c:FY2026P01-P10_070_TAS_Contracts_AccountBreakdownByAward_2026-09-15_H22M13S36_01.csv:row:57183,data/raw/DHS_FY2026P10_c/FY2026P01-P10_070_TAS_AccountBreakdownByAward_2026-09-15_H22M11S11234807.zip,FY2026P01-P10_070_TAS_Contracts_AccountBreakdownByAward_2026-09-15_H22M13S36_01.csv,data/raw/DHS_FY2026P10_c/FY2026P01-P10_070_TAS_AccountBreakdownByAward_2026-09-15_H22M11S11234807.zip!FY2026P01-P10_070_TAS_Contracts_AccountBreakdownByAward_2026-09-15_H22M13S36_01.csv,57183,Contracts,https://files.usaspending.gov/generated_downloads/FY2026P01-P10_070_TAS_AccountBreakdownByAward_2026-09-15_H22M11S11234807.zip,State and local governments
FY2026P07,070-0540,070-2024/2025-0540-000,5ZD2ZMB6YC4,,25.2,D,Q,,CONT_AWD_70CMSD25P00000116_7012_-NONE-_-NONE-,70CMSD25P00000116,,,,U8LTFJCZLK68,PHILADELPHIA PARKING AUTHORITY,U8LTFJCZLK68,PHILADELPHIA PARKING AUTHORITY,THIS AWARD PROVIDES THE RENTAL OF INDOOR PARKING GARAGE SPACES REQUIRED FOR GOVERNMENT VEHICLES FOR ICE HOMELAND SECURITY INVESTIGATIONS PHILADELPHIA.,localhost:3000/award/CONT_AWD_70CMSD25P00000116_7012_-NONE-_-NONE-/,2026-06-01,DHS_FY2026P10_c:FY2026P01-P10_070_TAS_Contracts_AccountBreakdownByAward_2026-09-15_H22M13S36_01.csv:row:57184,data/raw/DHS_FY2026P10_c/FY2026P01-P10_070_TAS_AccountBreakdownByAward_2026-09-15_H22M11S11234807.zip,FY2026P01-P10_070_TAS_Contracts_AccountBreakdownByAward_2026-09-15_H22M13S36_01.csv,data/raw/DHS_FY2026P10_c/FY2026P01-P10_070_TAS_AccountBreakdownByAward_2026-09-15_H22M11S11234807.zip!FY2026P01-P10_070_TAS_Contracts_AccountBreakdownByAward_2026-09-15_H22M13S36_01.csv,57184,Contracts,https://files.usaspending.gov/generated_downloads/FY2026P01-P10_070_TAS_AccountBreakdownByAward_2026-09-15_H22M11S11234807.zip,State and local governments
FY2026P06,070-0540,070-2024/2025-0540-000,5ZD2ZMB6YC4,,25.2,D,Q,,CONT_AWD_70CMSD25P00000116_7012_-NONE-_-NONE-,70CMSD25P00000116,,,,U8LTFJCZLK68,PHILADELPHIA PARKING AUTHORITY,U8LTFJCZLK68,PHILADELPHIA PARKING AUTHORITY,THIS AWARD PROVIDES THE RENTAL OF INDOOR PARKING GARAGE SPACES REQUIRED FOR GOVERNMENT VEHICLES FOR ICE HOMELAND SECURITY INVESTIGATIONS PHILADELPHIA.,localhost:3000/award/CONT_AWD_70CMSD25P00000116_7012_-NONE-_-NONE-/,2026-08-07,DHS_FY2026P10_c:FY2026P01-P10_070_TAS_Contracts_AccountBreakdownByAward_2026-09-15_H22M13S36_01.csv:row:57185,data/raw/DHS_FY2026P10_c/FY2026P01-P10_070_TAS_AccountBreakdownByAward_2026-09-15_H22M11S11234807.zip,FY2026P01-P10_070_TAS_Contracts_AccountBreakdownByAward_2026-09-15_H22M13S36_01.csv,data/raw/DHS_FY2026P10_c/FY2026P01-P10_070_TAS_AccountBreakdownByAward_2026-09-15_H22M11S11234807.zip!FY2026P01-P10_070_TAS_Contracts_AccountBreakdownByAward_2026-09-15_H22M13S36_01.csv,57185,Contracts,https://files.usaspending.gov/generated_downloads/FY2026P01-P10_070_TAS_AccountBreakdownByAward_2026-09-15_H22M11S11234807.zip,State and local governments
FY2026P07,070-0540,070-2025/2026-0540-000,5ZD2ZMB6YC4,,25.2,D,Q,,CONT_AWD_70CMSD25P00000116_7012_-NONE-_-NONE-,70CMSD25P00000116,,,,U8LTFJCZLK68,PHILADELPHIA PARKING AUTHORITY,U8LTFJCZLK68,PHILADELPHIA PARKING AUTHORITY,THIS AWARD PROVIDES THE RENTAL OF INDOOR PARKING GARAGE SPACES REQUIRED FOR GOVERNMENT VEHICLES FOR ICE HOMELAND SECURITY INVESTIGATIONS PHILADELPHIA.,localhost:3000/award/CONT_AWD_70CMSD25P00000116_7012_-NONE-_-NONE-/,2026-06-01,DHS_FY2026P10_c:FY2026P01-P10_070_TAS_Contracts_AccountBreakdownByAward_2026-09-15_H22M13S36_01.csv:row:57186,data/raw/DHS_FY2026P10_c/FY2026P01-P10_070_TAS_AccountBreakdownByAward_2026-09-15_H22M11S11234807.zip,FY2026P01-P10_070_TAS_Contracts_AccountBreakdownByAward_2026-09-15_H22M13S36_01.csv,data/raw/DHS_FY2026P10_c/FY2026P01-P10_070_TAS_AccountBreakdownByAward_2026-09-15_H22M11S11234807.zip!FY2026P01-P10_070_TAS_Contracts_AccountBreakdownByAward_2026-09-15_H22M13S36_01.csv,57186,Contracts,https://files.usaspending.gov/generated_downloads/FY2026P01-P10_070_TAS_AccountBreakdownByAward_2026-09-15_H22M11S11234807.zip,State and local governments
FY2026P08,070-0540,070-2025/2026-0540-000,5ZD2ZMB6YC4,,25.2,D,Q,,CONT_AWD_70CMSD25P00000116_7012_-NONE-_-NONE-,70CMSD25P00000116,,,,U8LTFJCZLK68,PHILADELPHIA PARKING AUTHORITY,U8LTFJCZLK68,PHILADELPHIA PARKING AUTHORITY,THIS AWARD PROVIDES THE RENTAL OF INDOOR PARKING GARAGE SPACES REQUIRED FOR GOVERNMENT VEHICLES FOR ICE HOMELAND SECURITY INVESTIGATIONS PHILADELPHIA.,localhost:3000/award/CONT_AWD_70CMSD25P00000116_7012_-NONE-_-NONE-/,2026-07-02,DHS_FY2026P10_c:FY2026P01-P10_070_TAS_Contracts_AccountBreakdownByAward_2026-09-15_H22M13S36_01.csv:row:57187,data/raw/DHS_FY2026P10_c/FY2026P01-P10_070_TAS_AccountBreakdownByAward_2026-09-15_H22M11S11234807.zip,FY2026P01-P10_070_TAS_Contracts_AccountBreakdownByAward_2026-09-15_H22M13S36_01.csv,data/raw/DHS_FY2026P10_c/FY2026P01-P10_070_TAS_AccountBreakdownByAward_2026-09-15_H22M11S11234807.zip!FY2026P01-P10_070_TAS_Contracts_AccountBreakdownByAward_2026-09-15_H22M13S36_01.csv,57187,Contracts,https://files.usaspending.gov/generated_downloads/FY2026P01-P10_070_TAS_AccountBreakdownByAward_2026-09-15_H22M11S11234807.zip,State and local governments
FY2026P08,070-0540,070-2024/2025-0540-000,5ZD2ZMB6YC4,,25.2,D,Q,,CONT_AWD_70CMSD25P00000116_7012_-NONE-_-NONE-,70CMSD25P00000116,,,,U8LTFJCZLK68,PHILADELPHIA PARKING AUTHORITY,U8LTFJCZLK68,PHILADELPHIA PARKING AUTHORITY,THIS AWARD PROVIDES THE RENTAL OF INDOOR PARKING GARAGE SPACES REQUIRED FOR GOVERNMENT VEHICLES FOR ICE HOMELAND SECURITY INVESTIGATIONS PHILADELPHIA.,localhost:3000/award/CONT_AWD_70CMSD25P00000116_7012_-NONE-_-NONE-/,2026-07-02,DHS_FY2026P10_c:FY2026P01-P10_070_TAS_Contracts_AccountBreakdownByAward_2026-09-15_H22M13S36_01.csv:row:57188,data/raw/DHS_FY2026P10_c/FY2026P01-P10_070_TAS_AccountBreakdownByAward_2026-09-15_H22M11S11234807.zip,FY2026P01-P10_070_TAS_Contracts_AccountBreakdownByAward_2026-09-15_H22M13S36_01.csv,data/raw/DHS_FY2026P10_c/FY2026P01-P10_070_TAS_AccountBreakdownByAward_2026-09-15_H22M11S11234807.zip!FY2026P01-P10_070_TAS_Contracts_AccountBreakdownByAward_2026-09-15_H22M13S36_01.csv,57188,Contracts,https://files.usaspending.gov/generated_downloads/FY2026P01-P10_070_TAS_AccountBreakdownByAward_2026-09-15_H22M11S11234807.zip,State and local governments
FY2026P06,070-0540,070-2025/2026-0540-000,5ZD2ZMB6YC4,,25.2,D,Q,,CONT_AWD_70CMSD25P00000116_7012_-NONE-_-NONE-,70CMSD25P00000116,,,,U8LTFJCZLK68,PHILADELPHIA PARKING AUTHORITY,U8LTFJCZLK68,PHILADELPHIA PARKING AUTHORITY,THIS AWARD PROVIDES THE RENTAL OF INDOOR PARKING GARAGE SPACES REQUIRED FOR GOVERNMENT VEHICLES FOR ICE HOMELAND SECURITY INVESTIGATIONS PHILADELPHIA.,localhost:3000/award/CONT_AWD_70CMSD25P00000116_7012_-NONE-_-NONE-/,2026-08-07,DHS_FY2026P10_c:FY2026P01-P10_070_TAS_Contracts_AccountBreakdownByAward_2026-09-15_H22M13S36_01.csv:row:57189,data/raw/DHS_FY2026P10_c/FY2026P01-P10_070_TAS_AccountBreakdownByAward_2026-09-15_H22M11S11234807.zip,FY2026P01-P10_070_TAS_Contracts_AccountBreakdownByAward_2026-09-15_H22M13S36_01.csv,data/raw/DHS_FY2026P10_c/FY2026P01-P10_070_TAS_AccountBreakdownByAward_2026-09-15_H22M11S11234807.zip!FY2026P01-P10_070_TAS_Contracts_AccountBreakdownByAward_2026-09-15_H22M13S36_01.csv,57189,Contracts,https://files.usaspending.gov/generated_downloads/FY2026P01-P10_070_TAS_AccountBreakdownByAward_2026-09-15_H22M11S11234807.zip,State and local governments
FY2026P09,070-0540,070-2024/2025-0540-000,5ZD2ZMB6YC4,,25.2,D,Q,,CONT_AWD_70CMSD25P00000116_7012_-NONE-_-NONE-,70CMSD25P00000116,,,,U8LTFJCZLK68,PHILADELPHIA PARKING AUTHORITY,U8LTFJCZLK68,PHILADELPHIA PARKING AUTHORITY,THIS AWARD PROVIDES THE RENTAL OF INDOOR PARKING GARAGE SPACES REQUIRED FOR GOVERNMENT VEHICLES FOR ICE HOMELAND SECURITY INVESTIGATIONS PHILADELPHIA.,localhost:3000/award/CONT_AWD_70CMSD25P00000116_7012_-NONE-_-NONE-/,2026-07-30,DHS_FY2026P10_c:FY2026P01-P10_070_TAS_Contracts_AccountBreakdownByAward_2026-09-15_H22M13S36_01.csv:row:57190,data/raw/DHS_FY2026P10_c/FY2026P01-P10_070_TAS_AccountBreakdownByAward_2026-09-15_H22M11S11234807.zip,FY2026P01-P10_070_TAS_Contracts_AccountBreakdownByAward_2026-09-15_H22M13S36_01.csv,data/raw/DHS_FY2026P10_c/FY2026P01-P10_070_TAS_AccountBreakdownByAward_2026-09-15_H22M11S11234807.zip!FY2026P01-P10_070_TAS_Contracts_AccountBreakdownByAward_2026-09-15_H22M13S36_01.csv,57190,Contracts,https://files.usaspending.gov/generated_downloads/FY2026P01-P10_070_TAS_AccountBreakdownByAward_2026-09-15_H22M11S11234807.zip,State and local governments
FY2026P09,070-0540,070-2025/2026-0540-000,5ZD2ZMB6YC4,,25.2,D,Q,,CONT_AWD_70CMSD25P00000116_7012_-NONE-_-NONE-,70CMSD25P00000116,,,,U8LTFJCZLK68,PHILADELPHIA PARKING AUTHORITY,U8LTFJCZLK68,PHILADELPHIA PARKING AUTHORITY,THIS AWARD PROVIDES THE RENTAL OF INDOOR PARKING GARAGE SPACES REQUIRED FOR GOVERNMENT VEHICLES FOR ICE HOMELAND SECURITY INVESTIGATIONS PHILADELPHIA.,localhost:3000/award/CONT_AWD_70CMSD25P00000116_7012_-NONE-_-NONE-/,2026-07-30,DHS_FY2026P10_c:FY2026P01-P10_070_TAS_Contracts_AccountBreakdownByAward_2026-09-15_H22M13S36_01.csv:row:57191,data/raw/DHS_FY2026P10_c/FY2026P01-P10_070_TAS_AccountBreakdownByAward_2026-09-15_H22M11S11234807.zip,FY2026P01-P10_070_TAS_Contracts_AccountBreakdownByAward_2026-09-15_H22M13S36_01.csv,data/raw/DHS_FY2026P10_c/FY2026P01-P10_070_TAS_AccountBreakdownByAward_2026-09-15_H22M11S11234807.zip!FY2026P01-P10_070_TAS_Contracts_AccountBreakdownByAward_2026-09-15_H22M13S36_01.csv,57191,Contracts,https://files.usaspending.gov/generated_downloads/FY2026P01-P10_070_TAS_AccountBreakdownByAward_2026-09-15_H22M11S11234807.zip,State and local governments
FY2026P10,070-0540,070-2024/2025-0540-000,5ZD2ZMB6YC4,,25.2,D,Q,,CONT_AWD_70CMSD25P00000116_7012_-NONE-_-NONE-,70CMSD25P00000116,,,,U8LTFJCZLK68,PHILADELPHIA PARKING AUTHORITY,U8LTFJCZLK68,PHILADELPHIA PARKING AUTHORITY,THIS AWARD PROVIDES THE RENTAL OF INDOOR PARKING GARAGE SPACES REQUIRED FOR GOVERNMENT VEHICLES FOR ICE HOMELAND SECURITY INVESTIGATIONS PHILADELPHIA.,localhost:3000/award/CONT_AWD_70CMSD25P00000116_7012_-NONE-_-NONE-/,2026-08-31,DHS_FY2026P10_c:FY2026P01-P10_070_TAS_Contracts_AccountBreakdownByAward_2026-09-15_H22M13S36_01.csv:row:57192,data/raw/DHS_FY2026P10_c/FY2026P01-P10_070_TAS_AccountBreakdownByAward_2026-09-15_H22M11S11234807.zip,FY2026P01-P10_070_TAS_Contracts_AccountBreakdownByAward_2026-09-15_H22M13S36_01.csv,data/raw/DHS_FY2026P10_c/FY2026P01-P10_070_TAS_AccountBreakdownByAward_2026-09-15_H22M11S11234807.zip!FY2026P01-P10_070_TAS_Contracts_AccountBreakdownByAward_2026-09-15_H22M13S36_01.csv,57192,Contracts,https://files.usaspending.gov/generated_downloads/FY2026P01-P10_070_TAS_AccountBreakdownByAward_2026-09-15_H22M11S11234807.zip,State and local governments
FY2026P10,070-0540,070-2025/2026-0540-000,5ZD2ZMB6YC4,,25.2,D,Q,,CONT_AWD_70CMSD25P00000116_7012_-NONE-_-NONE-,70CMSD25P00000116,,,,U8LTFJCZLK68,PHILADELPHIA PARKING AUTHORITY,U8LTFJCZLK68,PHILADELPHIA PARKING AUTHORITY,THIS AWARD PROVIDES THE RENTAL OF INDOOR PARKING GARAGE SPACES REQUIRED FOR GOVERNMENT VEHICLES FOR ICE HOMELAND SECURITY INVESTIGATIONS PHILADELPHIA.,localhost:3000/award/CONT_AWD_70CMSD25P00000116_7012_-NONE-_-NONE-/,2026-08-31,DHS_FY2026P10_c:FY2026P01-P10_070_TAS_Contracts_AccountBreakdownByAward_2026-09-15_H22M13S36_01.csv:row:57193,data/raw/DHS_FY2026P10_c/FY2026P01-P10_070_TAS_AccountBreakdownByAward_2026-09-15_H22M11S11234807.zip,FY2026P01-P10_070_TAS_Contracts_AccountBreakdownByAward_2026-09-15_H22M13S36_01.csv,data/raw/DHS_FY2026P10_c/FY2026P01-P10_070_TAS_AccountBreakdownByAward_2026-09-15_H22M11S11234807.zip!FY2026P01-P10_070_TAS_Contracts_AccountBreakdownByAward_2026-09-15_H22M13S36_01.csv,57193,Contracts,https://files.usaspending.gov/generated_downloads/FY2026P01-P10_070_TAS_AccountBreakdownByAward_2026-09-15_H22M11S11234807.zip,State and local governments
FY2026P10,070-0540,070-2026/2026-0540-000,5ZD2ZMB6YC5,,25.2,D,Q,,CONT_AWD_70CDCR26P00000004_7012_-NONE-_-NONE-,70CDCR26P00000004,,,,KMXSSRURLT43,THE AMERICAN CORRECTIONAL ASSOCIATION,KMXSSRURLT43,THE AMERICAN CORRECTIONAL ASSOCIATION,"PURCHASE ORDER AWARD FOR RE-ACCREDITATION SERVICES AT KROME SERVICE PROCESSING CENTER (KROME SPC). SERVICES INCLUDE DOCUMENT REVIEW, ON-SITE ASSESSMENT, ISSUANCE OF AN ACCREDITATION DECISION AND REPORT, IN ACCORDANCE WITH DETENTION FACILITY STANDARDS",localhost:3000/award/CONT_AWD_70CDCR26P00000004_7012_-NONE-_-NONE-/,2026-08-31,DHS_FY2026P10_c:FY2026P01-P10_070_TAS_Contracts_AccountBreakdownByAward_2026-09-15_H22M13S36_01.csv:row:71096,data/raw/DHS_FY2026P10_c/FY2026P01-P10_070_TAS_AccountBreakdownByAward_2026-09-15_H22M11S11234807.zip,FY2026P01-P10_070_TAS_Contracts_AccountBreakdownByAward_2026-09-15_H22M13S36_01.csv,data/raw/DHS_FY2026P10_c/FY2026P01-P10_070_TAS_AccountBreakdownByAward_2026-09-15_H22M11S11234807.zip!FY2026P01-P10_070_TAS_Contracts_AccountBreakdownByAward_2026-09-15_H22M13S36_01.csv,71096,Contracts,https://files.usaspending.gov/generated_downloads/FY2026P01-P10_070_TAS_AccountBreakdownByAward_2026-09-15_H22M11S11234807.zip,Other public or nonprofit entities
FY2026P08,070-0540,070-2026/2026-0540-000,5ZD2ZMB6YC5,,25.2,D,Q,,CONT_AWD_70CDCR26P00000004_7012_-NONE-_-NONE-,70CDCR26P00000004,,,,KMXSSRURLT43,THE AMERICAN CORRECTIONAL ASSOCIATION,KMXSSRURLT43,THE AMERICAN CORRECTIONAL ASSOCIATION,"PURCHASE ORDER AWARD FOR RE-ACCREDITATION SERVICES AT KROME SERVICE PROCESSING CENTER (KROME SPC). SERVICES INCLUDE DOCUMENT REVIEW, ON-SITE ASSESSMENT, ISSUANCE OF AN ACCREDITATION DECISION AND REPORT, IN ACCORDANCE WITH DETENTION FACILITY STANDARDS",localhost:3000/award/CONT_AWD_70CDCR26P00000004_7012_-NONE-_-NONE-/,2026-07-02,DHS_FY2026P10_c:FY2026P01-P10_070_TAS_Contracts_AccountBreakdownByAward_2026-09-15_H22M13S36_01.csv:row:71097,data/raw/DHS_FY2026P10_c/FY2026P01-P10_070_TAS_AccountBreakdownByAward_2026-09-15_H22M11S11234807.zip,FY2026P01-P10_070_TAS_Contracts_AccountBreakdownByAward_2026-09-15_H22M13S36_01.csv,data/raw/DHS_FY2026P10_c/FY2026P01-P10_070_TAS_AccountBreakdownByAward_2026-09-15_H22M11S11234807.zip!FY2026P01-P10_070_TAS_Contracts_AccountBreakdownByAward_2026-09-15_H22M13S36_01.csv,71097,Contracts,https://files.usaspending.gov/generated_downloads/FY2026P01-P10_070_TAS_AccountBreakdownByAward_2026-09-15_H22M11S11234807.zip,Other public or nonprofit entities
FY2026P09,070-0540,070-2026/2026-0540-000,5ZD2ZMB6YC5,,25.2,D,Q,,CONT_AWD_70CDCR26P00000004_7012_-NONE-_-NONE-,70CDCR26P00000004,,,,KMXSSRURLT43,THE AMERICAN CORRECTIONAL ASSOCIATION,KMXSSRURLT43,THE AMERICAN CORRECTIONAL ASSOCIATION,"PURCHASE ORDER AWARD FOR RE-ACCREDITATION SERVICES AT KROME SERVICE PROCESSING CENTER (KROME SPC). SERVICES INCLUDE DOCUMENT REVIEW, ON-SITE ASSESSMENT, ISSUANCE OF AN ACCREDITATION DECISION AND REPORT, IN ACCORDANCE WITH DETENTION FACILITY STANDARDS",localhost:3000/award/CONT_AWD_70CDCR26P00000004_7012_-NONE-_-NONE-/,2026-07-30,DHS_FY2026P10_c:FY2026P01-P10_070_TAS_Contracts_AccountBreakdownByAward_2026-09-15_H22M13S36_01.csv:row:71098,data/raw/DHS_FY2026P10_c/FY2026P01-P10_070_TAS_AccountBreakdownByAward_2026-09-15_H22M11S11234807.zip,FY2026P01-P10_070_TAS_Contracts_AccountBreakdownByAward_2026-09-15_H22M13S36_01.csv,data/raw/DHS_FY2026P10_c/FY2026P01-P10_070_TAS_AccountBreakdownByAward_2026-09-15_H22M11S11234807.zip!FY2026P01-P10_070_TAS_Contracts_AccountBreakdownByAward_2026-09-15_H22M13S36_01.csv,71098,Contracts,https://files.usaspending.gov/generated_downloads/FY2026P01-P10_070_TAS_AccountBreakdownByAward_2026-09-15_H22M11S11234807.zip,Other public or nonprofit entities
FY2026P07,070-0540,070-2026/2026-0540-000,5ZD2ZMB6YC5,,25.2,D,Q,,CONT_AWD_70CDCR26P00000004_7012_-NONE-_-NONE-,70CDCR26P00000004,,,,KMXSSRURLT43,THE AMERICAN CORRECTIONAL ASSOCIATION,KMXSSRURLT43,THE AMERICAN CORRECTIONAL ASSOCIATION,"PURCHASE ORDER AWARD FOR RE-ACCREDITATION SERVICES AT KROME SERVICE PROCESSING CENTER (KROME SPC). SERVICES INCLUDE DOCUMENT REVIEW, ON-SITE ASSESSMENT, ISSUANCE OF AN ACCREDITATION DECISION AND REPORT, IN ACCORDANCE WITH DETENTION FACILITY STANDARDS",localhost:3000/award/CONT_AWD_70CDCR26P00000004_7012_-NONE-_-NONE-/,2026-06-01,DHS_FY2026P10_c:FY2026P01-P10_070_TAS_Contracts_AccountBreakdownByAward_2026-09-15_H22M13S36_01.csv:row:71099,data/raw/DHS_FY2026P10_c/FY2026P01-P10_070_TAS_AccountBreakdownByAward_2026-09-15_H22M11S11234807.zip,FY2026P01-P10_070_TAS_Contracts_AccountBreakdownByAward_2026-09-15_H22M13S36_01.csv,data/raw/DHS_FY2026P10_c/FY2026P01-P10_070_TAS_AccountBreakdownByAward_2026-09-15_H22M11S11234807.zip!FY2026P01-P10_070_TAS_Contracts_AccountBreakdownByAward_2026-09-15_H22M13S36_01.csv,71099,Contracts,https://files.usaspending.gov/generated_downloads/FY2026P01-P10_070_TAS_AccountBreakdownByAward_2026-09-15_H22M11S11234807.zip,Other public or nonprofit entities
FY2026P03,070-0540,070-2026/2026-0540-000,5ZD2ZMB6YC5,,25.2,D,Q,15550.00,CONT_AWD_70CDCR26P00000004_7012_-NONE-_-NONE-,70CDCR26P00000004,,,,KMXSSRURLT43,THE AMERICAN CORRECTIONAL ASSOCIATION,KMXSSRURLT43,THE AMERICAN CORRECTIONAL ASSOCIATION,"PURCHASE ORDER AWARD FOR RE-ACCREDITATION SERVICES AT KROME SERVICE PROCESSING CENTER (KROME SPC). SERVICES INCLUDE DOCUMENT REVIEW, ON-SITE ASSESSMENT, ISSUANCE OF AN ACCREDITATION DECISION AND REPORT, IN ACCORDANCE WITH DETENTION FACILITY STANDARDS",localhost:3000/award/CONT_AWD_70CDCR26P00000004_7012_-NONE-_-NONE-/,2026-08-07,DHS_FY2026P10_c:FY2026P01-P10_070_TAS_Contracts_AccountBreakdownByAward_2026-09-15_H22M13S36_01.csv:row:71100,data/raw/DHS_FY2026P10_c/FY2026P01-P10_070_TAS_AccountBreakdownByAward_2026-09-15_H22M11S11234807.zip,FY2026P01-P10_070_TAS_Contracts_AccountBreakdownByAward_2026-09-15_H22M13S36_01.csv,data/raw/DHS_FY2026P10_c/FY2026P01-P10_070_TAS_AccountBreakdownByAward_2026-09-15_H22M11S11234807.zip!FY2026P01-P10_070_TAS_Contracts_AccountBreakdownByAward_2026-09-15_H22M13S36_01.csv,71100,Contracts,https://files.usaspending.gov/generated_downloads/FY2026P01-P10_070_TAS_AccountBreakdownByAward_2026-09-15_H22M11S11234807.zip,Other public or nonprofit entities
FY2026P10,070-0540,070-2026/2026-0540-000,5ZD2ZMB6YC4,,25.2,D,Q,,CONT_AWD_70CMSD21P00000064_7012_-NONE-_-NONE-,70CMSD21P00000064,,,,H8YFF5F9TM53,THE HIGHLANDS RANCH LAW ENFORCEMENT TRAINING FOUNDATION,H8YFF5F9TM53,THE HIGHLANDS RANCH LAW ENFORCEMENT TRAINING FOUNDATION,ANNUAL REQUISITION CONTRACT FOR FIRING RANGE SERVICES - BASE YEAR AND 5 OPTION YEARS,localhost:3000/award/CONT_AWD_70CMSD21P00000064_7012_-NONE-_-NONE-/,2026-08-31,DHS_FY2026P10_c:FY2026P01-P10_070_TAS_Contracts_AccountBreakdownByAward_2026-09-15_H22M13S36_01.csv:row:72208,data/raw/DHS_FY2026P10_c/FY2026P01-P10_070_TAS_AccountBreakdownByAward_2026-09-15_H22M11S11234807.zip,FY2026P01-P10_070_TAS_Contracts_AccountBreakdownByAward_2026-09-15_H22M13S36_01.csv,data/raw/DHS_FY2026P10_c/FY2026P01-P10_070_TAS_AccountBreakdownByAward_2026-09-15_H22M11S11234807.zip!FY2026P01-P10_070_TAS_Contracts_AccountBreakdownByAward_2026-09-15_H22M13S36_01.csv,72208,Contracts,https://files.usaspending.gov/generated_downloads/FY2026P01-P10_070_TAS_AccountBreakdownByAward_2026-09-15_H22M11S11234807.zip,Other public or nonprofit entities
FY2026P07,070-0540,070-2025/2025-0540-000,5ZD2ZMB6YC4,,25.2,D,Q,,CONT_AWD_70CMSD21P00000064_7012_-NONE-_-NONE-,70CMSD21P00000064,,,,H8YFF5F9TM53,THE HIGHLANDS RANCH LAW ENFORCEMENT TRAINING FOUNDATION,H8YFF5F9TM53,THE HIGHLANDS RANCH LAW ENFORCEMENT TRAINING FOUNDATION,ANNUAL REQUISITION CONTRACT FOR FIRING RANGE SERVICES - BASE YEAR AND 5 OPTION YEARS,localhost:3000/award/CONT_AWD_70CMSD21P00000064_7012_-NONE-_-NONE-/,2026-06-01,DHS_FY2026P10_c:FY2026P01-P10_070_TAS_Contracts_AccountBreakdownByAward_2026-09-15_H22M13S36_01.csv:row:72209,data/raw/DHS_FY2026P10_c/FY2026P01-P10_070_TAS_AccountBreakdownByAward_2026-09-15_H22M11S11234807.zip,FY2026P01-P10_070_TAS_Contracts_AccountBreakdownByAward_2026-09-15_H22M13S36_01.csv,data/raw/DHS_FY2026P10_c/FY2026P01-P10_070_TAS_AccountBreakdownByAward_2026-09-15_H22M11S11234807.zip!FY2026P01-P10_070_TAS_Contracts_AccountBreakdownByAward_2026-09-15_H22M13S36_01.csv,72209,Contracts,https://files.usaspending.gov/generated_downloads/FY2026P01-P10_070_TAS_AccountBreakdownByAward_2026-09-15_H22M11S11234807.zip,Other public or nonprofit entities
FY2026P06,070-0540,070-2025/2025-0540-000,5ZD2ZMB6YC4,,25.2,D,Q,,CONT_AWD_70CMSD21P00000064_7012_-NONE-_-NONE-,70CMSD21P00000064,,,,H8YFF5F9TM53,THE HIGHLANDS RANCH LAW ENFORCEMENT TRAINING FOUNDATION,H8YFF5F9TM53,THE HIGHLANDS RANCH LAW ENFORCEMENT TRAINING FOUNDATION,ANNUAL REQUISITION CONTRACT FOR FIRING RANGE SERVICES - BASE YEAR AND 5 OPTION YEARS,localhost:3000/award/CONT_AWD_70CMSD21P00000064_7012_-NONE-_-NONE-/,2026-08-07,DHS_FY2026P10_c:FY2026P01-P10_070_TAS_Contracts_AccountBreakdownByAward_2026-09-15_H22M13S36_01.csv:row:72210,data/raw/DHS_FY2026P10_c/FY2026P01-P10_070_TAS_AccountBreakdownByAward_2026-09-15_H22M11S11234807.zip,FY2026P01-P10_070_TAS_Contracts_AccountBreakdownByAward_2026-09-15_H22M13S36_01.csv,data/raw/DHS_FY2026P10_c/FY2026P01-P10_070_TAS_AccountBreakdownByAward_2026-09-15_H22M11S11234807.zip!FY2026P01-P10_070_TAS_Contracts_AccountBreakdownByAward_2026-09-15_H22M13S36_01.csv,72210,Contracts,https://files.usaspending.gov/generated_downloads/FY2026P01-P10_070_TAS_AccountBreakdownByAward_2026-09-15_H22M11S11234807.zip,Other public or nonprofit entities
FY2026P09,070-0540,070-2025/2025-0540-000,5ZD2ZMB6YC4,,25.2,D,Q,,CONT_AWD_70CMSD21P00000064_7012_-NONE-_-NONE-,70CMSD21P00000064,,,,H8YFF5F9TM53,THE HIGHLANDS RANCH LAW ENFORCEMENT TRAINING FOUNDATION,H8YFF5F9TM53,THE HIGHLANDS RANCH LAW ENFORCEMENT TRAINING FOUNDATION,ANNUAL REQUISITION CONTRACT FOR FIRING RANGE SERVICES - BASE YEAR AND 5 OPTION YEARS,localhost:3000/award/CONT_AWD_70CMSD21P00000064_7012_-NONE-_-NONE-/,2026-07-30,DHS_FY2026P10_c:FY2026P01-P10_070_TAS_Contracts_AccountBreakdownByAward_2026-09-15_H22M13S36_01.csv:row:72211,data/raw/DHS_FY2026P10_c/FY2026P01-P10_070_TAS_AccountBreakdownByAward_2026-09-15_H22M11S11234807.zip,FY2026P01-P10_070_TAS_Contracts_AccountBreakdownByAward_2026-09-15_H22M13S36_01.csv,data/raw/DHS_FY2026P10_c/FY2026P01-P10_070_TAS_AccountBreakdownByAward_2026-09-15_H22M11S11234807.zip!FY2026P01-P10_070_TAS_Contracts_AccountBreakdownByAward_2026-09-15_H22M13S36_01.csv,72211,Contracts,https://files.usaspending.gov/generated_downloads/FY2026P01-P10_070_TAS_AccountBreakdownByAward_2026-09-15_H22M11S11234807.zip,Other public or nonprofit entities
FY2026P09,070-0540,070-2026/2026-0540-000,5ZD2ZMB6YC4,,25.2,D,Q,,CONT_AWD_70CMSD21P00000064_7012_-NONE-_-NONE-,70CMSD21P00000064,,,,H8YFF5F9TM53,THE HIGHLANDS RANCH LAW ENFORCEMENT TRAINING FOUNDATION,H8YFF5F9TM53,THE HIGHLANDS RANCH LAW ENFORCEMENT TRAINING FOUNDATION,ANNUAL REQUISITION CONTRACT FOR FIRING RANGE SERVICES - BASE YEAR AND 5 OPTION YEARS,localhost:3000/award/CONT_AWD_70CMSD21P00000064_7012_-NONE-_-NONE-/,2026-07-30,DHS_FY2026P10_c:FY2026P01-P10_070_TAS_Contracts_AccountBreakdownByAward_2026-09-15_H22M13S36_01.csv:row:72212,data/raw/DHS_FY2026P10_c/FY2026P01-P10_070_TAS_AccountBreakdownByAward_2026-09-15_H22M11S11234807.zip,FY2026P01-P10_070_TAS_Contracts_AccountBreakdownByAward_2026-09-15_H22M13S36_01.csv,data/raw/DHS_FY2026P10_c/FY2026P01-P10_070_TAS_AccountBreakdownByAward_2026-09-15_H22M11S11234807.zip!FY2026P01-P10_070_TAS_Contracts_AccountBreakdownByAward_2026-09-15_H22M13S36_01.csv,72212,Contracts,https://files.usaspending.gov/generated_downloads/FY2026P01-P10_070_TAS_AccountBreakdownByAward_2026-09-15_H22M11S11234807.zip,Other public or nonprofit entities
FY2026P08,070-0540,070-2025/2025-0540-000,5ZD2ZMB6YC4,,25.2,D,Q,,CONT_AWD_70CMSD21P00000064_7012_-NONE-_-NONE-,70CMSD21P00000064,,,,H8YFF5F9TM53,THE HIGHLANDS RANCH LAW ENFORCEMENT TRAINING FOUNDATION,H8YFF5F9TM53,THE HIGHLANDS RANCH LAW ENFORCEMENT TRAINING FOUNDATION,ANNUAL REQUISITION CONTRACT FOR FIRING RANGE SERVICES - BASE YEAR AND 5 OPTION YEARS,localhost:3000/award/CONT_AWD_70CMSD21P00000064_7012_-NONE-_-NONE-/,2026-07-02,DHS_FY2026P10_c:FY2026P01-P10_070_TAS_Contracts_AccountBreakdownByAward_2026-09-15_H22M13S36_01.csv:row:72213,data/raw/DHS_FY2026P10_c/FY2026P01-P10_070_TAS_AccountBreakdownByAward_2026-09-15_H22M11S11234807.zip,FY2026P01-P10_070_TAS_Contracts_AccountBreakdownByAward_2026-09-15_H22M13S36_01.csv,data/raw/DHS_FY2026P10_c/FY2026P01-P10_070_TAS_AccountBreakdownByAward_2026-09-15_H22M11S11234807.zip!FY2026P01-P10_070_TAS_Contracts_AccountBreakdownByAward_2026-09-15_H22M13S36_01.csv,72213,Contracts,https://files.usaspending.gov/generated_downloads/FY2026P01-P10_070_TAS_AccountBreakdownByAward_2026-09-15_H22M11S11234807.zip,Other public or nonprofit entities
FY2026P10,070-0540,070-2025/2025-0540-000,5ZD2ZMB6YC4,,25.2,D,Q,,CONT_AWD_70CMSD21P00000064_7012_-NONE-_-NONE-,70CMSD21P00000064,,,,H8YFF5F9TM53,THE HIGHLANDS RANCH LAW ENFORCEMENT TRAINING FOUNDATION,H8YFF5F9TM53,THE HIGHLANDS RANCH LAW ENFORCEMENT TRAINING FOUNDATION,ANNUAL REQUISITION CONTRACT FOR FIRING RANGE SERVICES - BASE YEAR AND 5 OPTION YEARS,localhost:3000/award/CONT_AWD_70CMSD21P00000064_7012_-NONE-_-NONE-/,2026-08-31,DHS_FY2026P10_c:FY2026P01-P10_070_TAS_Contracts_AccountBreakdownByAward_2026-09-15_H22M13S36_01.csv:row:72214,data/raw/DHS_FY2026P10_c/FY2026P01-P10_070_TAS_AccountBreakdownByAward_2026-09-15_H22M11S11234807.zip,FY2026P01-P10_070_TAS_Contracts_AccountBreakdownByAward_2026-09-15_H22M13S36_01.csv,data/raw/DHS_FY2026P10_c/FY2026P01-P10_070_TAS_AccountBreakdownByAward_2026-09-15_H22M11S11234807.zip!FY2026P01-P10_070_TAS_Contracts_AccountBreakdownByAward_2026-09-15_H22M13S36_01.csv,72214,Contracts,https://files.usaspending.gov/generated_downloads/FY2026P01-P10_070_TAS_AccountBreakdownByAward_2026-09-15_H22M11S11234807.zip,Other public or nonprofit entities
FY2026P10,070-0540,070-2026/2026-0540-000,5ZD2ZMB6YC4,,25.2,D,Q,,CONT_AWD_70CMSD24P00000173_7012_-NONE-_-NONE-,70CMSD24P00000173,,,,YWJJK1EQNDD7,CITY OF KANSAS CITY,YWJJK1EQNDD7,CITY OF KANSAS CITY,ACCESS TO RADIO NETWORK,localhost:3000/award/CONT_AWD_70CMSD24P00000173_7012_-NONE-_-NONE-/,2026-08-31,DHS_FY2026P10_c:FY2026P01-P10_070_TAS_Contracts_AccountBreakdownByAward_2026-09-15_H22M13S36_01.csv:row:80607,data/raw/DHS_FY2026P10_c/FY2026P01-P10_070_TAS_AccountBreakdownByAward_2026-09-15_H22M11S11234807.zip,FY2026P01-P10_070_TAS_Contracts_AccountBreakdownByAward_2026-09-15_H22M13S36_01.csv,data/raw/DHS_FY2026P10_c/FY2026P01-P10_070_TAS_AccountBreakdownByAward_2026-09-15_H22M11S11234807.zip!FY2026P01-P10_070_TAS_Contracts_AccountBreakdownByAward_2026-09-15_H22M13S36_01.csv,80607,Contracts,https://files.usaspending.gov/generated_downloads/FY2026P01-P10_070_TAS_AccountBreakdownByAward_2026-09-15_H22M11S11234807.zip,State and local governments
FY2026P08,070-0540,070-2025/2025-0540-000,5ZD2ZMB6YC4,,25.2,D,Q,,CONT_AWD_70CMSD24P00000173_7012_-NONE-_-NONE-,70CMSD24P00000173,,,,YWJJK1EQNDD7,CITY OF KANSAS CITY,YWJJK1EQNDD7,CITY OF KANSAS CITY,ACCESS TO RADIO NETWORK,localhost:3000/award/CONT_AWD_70CMSD24P00000173_7012_-NONE-_-NONE-/,2026-07-02,DHS_FY2026P10_c:FY2026P01-P10_070_TAS_Contracts_AccountBreakdownByAward_2026-09-15_H22M13S36_01.csv:row:80608,data/raw/DHS_FY2026P10_c/FY2026P01-P10_070_TAS_AccountBreakdownByAward_2026-09-15_H22M11S11234807.zip,FY2026P01-P10_070_TAS_Contracts_AccountBreakdownByAward_2026-09-15_H22M13S36_01.csv,data/raw/DHS_FY2026P10_c/FY2026P01-P10_070_TAS_AccountBreakdownByAward_2026-09-15_H22M11S11234807.zip!FY2026P01-P10_070_TAS_Contracts_AccountBreakdownByAward_2026-09-15_H22M13S36_01.csv,80608,Contracts,https://files.usaspending.gov/generated_downloads/FY2026P01-P10_070_TAS_AccountBreakdownByAward_2026-09-15_H22M11S11234807.zip,State and local governments
FY2026P06,070-0540,070-2025/2025-0540-000,5ZD2ZMB6YC4,,25.2,D,Q,,CONT_AWD_70CMSD24P00000173_7012_-NONE-_-NONE-,70CMSD24P00000173,,,,YWJJK1EQNDD7,CITY OF KANSAS CITY,YWJJK1EQNDD7,CITY OF KANSAS CITY,ACCESS TO RADIO NETWORK,localhost:3000/award/CONT_AWD_70CMSD24P00000173_7012_-NONE-_-NONE-/,2026-08-07,DHS_FY2026P10_c:FY2026P01-P10_070_TAS_Contracts_AccountBreakdownByAward_2026-09-15_H22M13S36_01.csv:row:80609,data/raw/DHS_FY2026P10_c/FY2026P01-P10_070_TAS_AccountBreakdownByAward_2026-09-15_H22M11S11234807.zip,FY2026P01-P10_070_TAS_Contracts_AccountBreakdownByAward_2026-09-15_H22M13S36_01.csv,data/raw/DHS_FY2026P10_c/FY2026P01-P10_070_TAS_AccountBreakdownByAward_2026-09-15_H22M11S11234807.zip!FY2026P01-P10_070_TAS_Contracts_AccountBreakdownByAward_2026-09-15_H22M13S36_01.csv,80609,Contracts,https://files.usaspending.gov/generated_downloads/FY2026P01-P10_070_TAS_AccountBreakdownByAward_2026-09-15_H22M11S11234807.zip,State and local governments
FY2026P07,070-0540,070-2025/2025-0540-000,5ZD2ZMB6YC4,,25.2,D,Q,,CONT_AWD_70CMSD24P00000173_7012_-NONE-_-NONE-,70CMSD24P00000173,,,,YWJJK1EQNDD7,CITY OF KANSAS CITY,YWJJK1EQNDD7,CITY OF KANSAS CITY,ACCESS TO RADIO NETWORK,localhost:3000/award/CONT_AWD_70CMSD24P00000173_7012_-NONE-_-NONE-/,2026-06-01,DHS_FY2026P10_c:FY2026P01-P10_070_TAS_Contracts_AccountBreakdownByAward_2026-09-15_H22M13S36_01.csv:row:80610,data/raw/DHS_FY2026P10_c/FY2026P01-P10_070_TAS_AccountBreakdownByAward_2026-09-15_H22M11S11234807.zip,FY2026P01-P10_070_TAS_Contracts_AccountBreakdownByAward_2026-09-15_H22M13S36_01.csv,data/raw/DHS_FY2026P10_c/FY2026P01-P10_070_TAS_AccountBreakdownByAward_2026-09-15_H22M11S11234807.zip!FY2026P01-P10_070_TAS_Contracts_AccountBreakdownByAward_2026-09-15_H22M13S36_01.csv,80610,Contracts,https://files.usaspending.gov/generated_downloads/FY2026P01-P10_070_TAS_AccountBreakdownByAward_2026-09-15_H22M11S11234807.zip,State and local governments
FY2026P09,070-0540,070-2025/2025-0540-000,5ZD2ZMB6YC4,,25.2,D,Q,,CONT_AWD_70CMSD24P00000173_7012_-NONE-_-NONE-,70CMSD24P00000173,,,,YWJJK1EQNDD7,CITY OF KANSAS CITY,YWJJK1EQNDD7,CITY OF KANSAS CITY,ACCESS TO RADIO NETWORK,localhost:3000/award/CONT_AWD_70CMSD24P00000173_7012_-NONE-_-NONE-/,2026-07-30,DHS_FY2026P10_c:FY2026P01-P10_070_TAS_Contracts_AccountBreakdownByAward_2026-09-15_H22M13S36_01.csv:row:80611,data/raw/DHS_FY2026P10_c/FY2026P01-P10_070_TAS_AccountBreakdownByAward_2026-09-15_H22M11S11234807.zip,FY2026P01-P10_070_TAS_Contracts_AccountBreakdownByAward_2026-09-15_H22M13S36_01.csv,data/raw/DHS_FY2026P10_c/FY2026P01-P10_070_TAS_AccountBreakdownByAward_2026-09-15_H22M11S11234807.zip!FY2026P01-P10_070_TAS_Contracts_AccountBreakdownByAward_2026-09-15_H22M13S36_01.csv,80611,Contracts,https://files.usaspending.gov/generated_downloads/FY2026P01-P10_070_TAS_AccountBreakdownByAward_2026-09-15_H22M11S11234807.zip,State and local governments
FY2026P09,070-0540,070-2026/2026-0540-000,5ZD2ZMB6YC4,,25.2,D,Q,,CONT_AWD_70CMSD24P00000173_7012_-NONE-_-NONE-,70CMSD24P00000173,,,,YWJJK1EQNDD7,CITY OF KANSAS CITY,YWJJK1EQNDD7,CITY OF KANSAS CITY,ACCESS TO RADIO NETWORK,localhost:3000/award/CONT_AWD_70CMSD24P00000173_7012_-NONE-_-NONE-/,2026-07-30,DHS_FY2026P10_c:FY2026P01-P10_070_TAS_Contracts_AccountBreakdownByAward_2026-09-15_H22M13S36_01.csv:row:80612,data/raw/DHS_FY2026P10_c/FY2026P01-P10_070_TAS_AccountBreakdownByAward_2026-09-15_H22M11S11234807.zip,FY2026P01-P10_070_TAS_Contracts_AccountBreakdownByAward_2026-09-15_H22M13S36_01.csv,data/raw/DHS_FY2026P10_c/FY2026P01-P10_070_TAS_AccountBreakdownByAward_2026-09-15_H22M11S11234807.zip!FY2026P01-P10_070_TAS_Contracts_AccountBreakdownByAward_2026-09-15_H22M13S36_01.csv,80612,Contracts,https://files.usaspending.gov/generated_downloads/FY2026P01-P10_070_TAS_AccountBreakdownByAward_2026-09-15_H22M11S11234807.zip,State and local governments
FY2026P09,070-0540,070-2025/2026-0540-000,5ZD2ZMB6J1J,,25.2,R,Q,39120.00,CONT_AWD_70CMSD24P00000173_7012_-NONE-_-NONE-,70CMSD24P00000173,,,,YWJJK1EQNDD7,CITY OF KANSAS CITY,YWJJK1EQNDD7,CITY OF KANSAS CITY,ACCESS TO RADIO NETWORK,localhost:3000/award/CONT_AWD_70CMSD24P00000173_7012_-NONE-_-NONE-/,2026-07-30,DHS_FY2026P10_c:FY2026P01-P10_070_TAS_Contracts_AccountBreakdownByAward_2026-09-15_H22M13S36_01.csv:row:80613,data/raw/DHS_FY2026P10_c/FY2026P01-P10_070_TAS_AccountBreakdownByAward_2026-09-15_H22M11S11234807.zip,FY2026P01-P10_070_TAS_Contracts_AccountBreakdownByAward_2026-09-15_H22M13S36_01.csv,data/raw/DHS_FY2026P10_c/FY2026P01-P10_070_TAS_AccountBreakdownByAward_2026-09-15_H22M11S11234807.zip!FY2026P01-P10_070_TAS_Contracts_AccountBreakdownByAward_2026-09-15_H22M13S36_01.csv,80613,Contracts,https://files.usaspending.gov/generated_downloads/FY2026P01-P10_070_TAS_AccountBreakdownByAward_2026-09-15_H22M11S11234807.zip,State and local governments
FY2026P04,070-0540,070-2025/2025-0540-000,5ZD2ZMB6YC4,,25.2,D,Q,,CONT_AWD_70CMSD24P00000173_7012_-NONE-_-NONE-,70CMSD24P00000173,,,,YWJJK1EQNDD7,CITY OF KANSAS CITY,YWJJK1EQNDD7,CITY OF KANSAS CITY,ACCESS TO RADIO NETWORK,localhost:3000/award/CONT_AWD_70CMSD24P00000173_7012_-NONE-_-NONE-/,2026-05-15,DHS_FY2026P10_c:FY2026P01-P10_070_TAS_Contracts_AccountBreakdownByAward_2026-09-15_H22M13S36_01.csv:row:80614,data/raw/DHS_FY2026P10_c/FY2026P01-P10_070_TAS_AccountBreakdownByAward_2026-09-15_H22M11S11234807.zip,FY2026P01-P10_070_TAS_Contracts_AccountBreakdownByAward_2026-09-15_H22M13S36_01.csv,data/raw/DHS_FY2026P10_c/FY2026P01-P10_070_TAS_AccountBreakdownByAward_2026-09-15_H22M11S11234807.zip!FY2026P01-P10_070_TAS_Contracts_AccountBreakdownByAward_2026-09-15_H22M13S36_01.csv,80614,Contracts,https://files.usaspending.gov/generated_downloads/FY2026P01-P10_070_TAS_AccountBreakdownByAward_2026-09-15_H22M11S11234807.zip,State and local governments
FY2026P10,070-0540,070-2025/2025-0540-000,5ZD2ZMB6YC4,,25.2,D,Q,,CONT_AWD_70CMSD24P00000173_7012_-NONE-_-NONE-,70CMSD24P00000173,,,,YWJJK1EQNDD7,CITY OF KANSAS CITY,YWJJK1EQNDD7,CITY OF KANSAS CITY,ACCESS TO RADIO NETWORK,localhost:3000/award/CONT_AWD_70CMSD24P00000173_7012_-NONE-_-NONE-/,2026-08-31,DHS_FY2026P10_c:FY2026P01-P10_070_TAS_Contracts_AccountBreakdownByAward_2026-09-15_H22M13S36_01.csv:row:80615,data/raw/DHS_FY2026P10_c/FY2026P01-P10_070_TAS_AccountBreakdownByAward_2026-09-15_H22M11S11234807.zip,FY2026P01-P10_070_TAS_Contracts_AccountBreakdownByAward_2026-09-15_H22M13S36_01.csv,data/raw/DHS_FY2026P10_c/FY2026P01-P10_070_TAS_AccountBreakdownByAward_2026-09-15_H22M11S11234807.zip!FY2026P01-P10_070_TAS_Contracts_AccountBreakdownByAward_2026-09-15_H22M13S36_01.csv,80615,Contracts,https://files.usaspending.gov/generated_downloads/FY2026P01-P10_070_TAS_AccountBreakdownByAward_2026-09-15_H22M11S11234807.zip,State and local governments
FY2026P05,070-0540,070-2025/2025-0540-000,5ZD2ZMB6YC4,,25.2,D,Q,,CONT_AWD_70CMSD24P00000173_7012_-NONE-_-NONE-,70CMSD24P00000173,,,,YWJJK1EQNDD7,CITY OF KANSAS CITY,YWJJK1EQNDD7,CITY OF KANSAS CITY,ACCESS TO RADIO NETWORK,localhost:3000/award/CONT_AWD_70CMSD24P00000173_7012_-NONE-_-NONE-/,2026-05-15,DHS_FY2026P10_c:FY2026P01-P10_070_TAS_Contracts_AccountBreakdownByAward_2026-09-15_H22M13S36_01.csv:row:80616,data/raw/DHS_FY2026P10_c/FY2026P01-P10_070_TAS_AccountBreakdownByAward_2026-09-15_H22M11S11234807.zip,FY2026P01-P10_070_TAS_Contracts_AccountBreakdownByAward_2026-09-15_H22M13S36_01.csv,data/raw/DHS_FY2026P10_c/FY2026P01-P10_070_TAS_AccountBreakdownByAward_2026-09-15_H22M11S11234807.zip!FY2026P01-P10_070_TAS_Contracts_AccountBreakdownByAward_2026-09-15_H22M13S36_01.csv,80616,Contracts,https://files.usaspending.gov/generated_downloads/FY2026P01-P10_070_TAS_AccountBreakdownByAward_2026-09-15_H22M11S11234807.zip,State and local governments
FY2026P07,070-0540,070-2025/2025-0540-000,5ZD2ZMB6YC5,,23.2,D,Q,,CONT_AWD_70CDCR21P00000045_7012_-NONE-_-NONE-,70CDCR21P00000045,,,,W3HVB3149KQ9,TOWN OF LANCASTER,W3HVB3149KQ9,TOWN OF LANCASTER,SECURE STORAGE FOR ICE/ERO/BUFFALO FIELD OFFICE SPECIAL RESPONSE TEAM (SRT) ASSETS,localhost:3000/award/CONT_AWD_70CDCR21P00000045_7012_-NONE-_-NONE-/,2026-06-01,DHS_FY2026P10_c:FY2026P01-P10_070_TAS_Contracts_AccountBreakdownByAward_2026-09-15_H22M13S36_01.csv:row:90542,data/raw/DHS_FY2026P10_c/FY2026P01-P10_070_TAS_AccountBreakdownByAward_2026-09-15_H22M11S11234807.zip,FY2026P01-P10_070_TAS_Contracts_AccountBreakdownByAward_2026-09-15_H22M13S36_01.csv,data/raw/DHS_FY2026P10_c/FY2026P01-P10_070_TAS_AccountBreakdownByAward_2026-09-15_H22M11S11234807.zip!FY2026P01-P10_070_TAS_Contracts_AccountBreakdownByAward_2026-09-15_H22M13S36_01.csv,90542,Contracts,https://files.usaspending.gov/generated_downloads/FY2026P01-P10_070_TAS_AccountBreakdownByAward_2026-09-15_H22M11S11234807.zip,State and local governments
FY2026P04,070-0540,070-2026/2026-0540-000,5ZD2ZMB6YC5,,23.2,D,Q,,CONT_AWD_70CDCR21P00000045_7012_-NONE-_-NONE-,70CDCR21P00000045,,,,W3HVB3149KQ9,TOWN OF LANCASTER,W3HVB3149KQ9,TOWN OF LANCASTER,SECURE STORAGE FOR ICE/ERO/BUFFALO FIELD OFFICE SPECIAL RESPONSE TEAM (SRT) ASSETS,localhost:3000/award/CONT_AWD_70CDCR21P00000045_7012_-NONE-_-NONE-/,2026-05-15,DHS_FY2026P10_c:FY2026P01-P10_070_TAS_Contracts_AccountBreakdownByAward_2026-09-15_H22M13S36_01.csv:row:90543,data/raw/DHS_FY2026P10_c/FY2026P01-P10_070_TAS_AccountBreakdownByAward_2026-09-15_H22M11S11234807.zip,FY2026P01-P10_070_TAS_Contracts_AccountBreakdownByAward_2026-09-15_H22M13S36_01.csv,data/raw/DHS_FY2026P10_c/FY2026P01-P10_070_TAS_AccountBreakdownByAward_2026-09-15_H22M11S11234807.zip!FY2026P01-P10_070_TAS_Contracts_AccountBreakdownByAward_2026-09-15_H22M13S36_01.csv,90543,Contracts,https://files.usaspending.gov/generated_downloads/FY2026P01-P10_070_TAS_AccountBreakdownByAward_2026-09-15_H22M11S11234807.zip,State and local governments
FY2026P05,070-0540,070-2024/2024-0540-000,5ZD2ZMB6YC5,,23.2,D,Q,,CONT_AWD_70CDCR21P00000045_7012_-NONE-_-NONE-,70CDCR21P00000045,,,,W3HVB3149KQ9,TOWN OF LANCASTER,W3HVB3149KQ9,TOWN OF LANCASTER,SECURE STORAGE FOR ICE/ERO/BUFFALO FIELD OFFICE SPECIAL RESPONSE TEAM (SRT) ASSETS,localhost:3000/award/CONT_AWD_70CDCR21P00000045_7012_-NONE-_-NONE-/,2026-05-15,DHS_FY2026P10_c:FY2026P01-P10_070_TAS_Contracts_AccountBreakdownByAward_2026-09-15_H22M13S36_01.csv:row:90544,data/raw/DHS_FY2026P10_c/FY2026P01-P10_070_TAS_AccountBreakdownByAward_2026-09-15_H22M11S11234807.zip,FY2026P01-P10_070_TAS_Contracts_AccountBreakdownByAward_2026-09-15_H22M13S36_01.csv,data/raw/DHS_FY2026P10_c/FY2026P01-P10_070_TAS_AccountBreakdownByAward_2026-09-15_H22M11S11234807.zip!FY2026P01-P10_070_TAS_Contracts_AccountBreakdownByAward_2026-09-15_H22M13S36_01.csv,90544,Contracts,https://files.usaspending.gov/generated_downloads/FY2026P01-P10_070_TAS_AccountBreakdownByAward_2026-09-15_H22M11S11234807.zip,State and local governments
FY2026P06,070-0540,070-2026/2026-0540-000,5ZD2ZMB6YC5,,23.2,D,Q,,CONT_AWD_70CDCR21P00000045_7012_-NONE-_-NONE-,70CDCR21P00000045,,,,W3HVB3149KQ9,TOWN OF LANCASTER,W3HVB3149KQ9,TOWN OF LANCASTER,SECURE STORAGE FOR ICE/ERO/BUFFALO FIELD OFFICE SPECIAL RESPONSE TEAM (SRT) ASSETS,localhost:3000/award/CONT_AWD_70CDCR21P00000045_7012_-NONE-_-NONE-/,2026-08-07,DHS_FY2026P10_c:FY2026P01-P10_070_TAS_Contracts_AccountBreakdownByAward_2026-09-15_H22M13S36_01.csv:row:90545,data/raw/DHS_FY2026P10_c/FY2026P01-P10_070_TAS_AccountBreakdownByAward_2026-09-15_H22M11S11234807.zip,FY2026P01-P10_070_TAS_Contracts_AccountBreakdownByAward_2026-09-15_H22M13S36_01.csv,data/raw/DHS_FY2026P10_c/FY2026P01-P10_070_TAS_AccountBreakdownByAward_2026-09-15_H22M11S11234807.zip!FY2026P01-P10_070_TAS_Contracts_AccountBreakdownByAward_2026-09-15_H22M13S36_01.csv,90545,Contracts,https://files.usaspending.gov/generated_downloads/FY2026P01-P10_070_TAS_AccountBreakdownByAward_2026-09-15_H22M11S11234807.zip,State and local governments
FY2026P09,070-0540,070-2024/2024-0540-000,5ZD2ZMB6YC5,,23.2,D,Q,,CONT_AWD_70CDCR21P00000045_7012_-NONE-_-NONE-,70CDCR21P00000045,,,,W3HVB3149KQ9,TOWN OF LANCASTER,W3HVB3149KQ9,TOWN OF LANCASTER,SECURE STORAGE FOR ICE/ERO/BUFFALO FIELD OFFICE SPECIAL RESPONSE TEAM (SRT) ASSETS,localhost:3000/award/CONT_AWD_70CDCR21P00000045_7012_-NONE-_-NONE-/,2026-07-30,DHS_FY2026P10_c:FY2026P01-P10_070_TAS_Contracts_AccountBreakdownByAward_2026-09-15_H22M13S36_01.csv:row:90546,data/raw/DHS_FY2026P10_c/FY2026P01-P10_070_TAS_AccountBreakdownByAward_2026-09-15_H22M11S11234807.zip,FY2026P01-P10_070_TAS_Contracts_AccountBreakdownByAward_2026-09-15_H22M13S36_01.csv,data/raw/DHS_FY2026P10_c/FY2026P01-P10_070_TAS_AccountBreakdownByAward_2026-09-15_H22M11S11234807.zip!FY2026P01-P10_070_TAS_Contracts_AccountBreakdownByAward_2026-09-15_H22M13S36_01.csv,90546,Contracts,https://files.usaspending.gov/generated_downloads/FY2026P01-P10_070_TAS_AccountBreakdownByAward_2026-09-15_H22M11S11234807.zip,State and local governments
FY2026P09,070-0540,070-2025/2025-0540-000,5ZD2ZMB6YC5,,23.2,D,Q,,CONT_AWD_70CDCR21P00000045_7012_-NONE-_-NONE-,70CDCR21P00000045,,,,W3HVB3149KQ9,TOWN OF LANCASTER,W3HVB3149KQ9,TOWN OF LANCASTER,SECURE STORAGE FOR ICE/ERO/BUFFALO FIELD OFFICE SPECIAL RESPONSE TEAM (SRT) ASSETS,localhost:3000/award/CONT_AWD_70CDCR21P00000045_7012_-NONE-_-NONE-/,2026-07-30,DHS_FY2026P10_c:FY2026P01-P10_070_TAS_Contracts_AccountBreakdownByAward_2026-09-15_H22M13S36_01.csv:row:90547,data/raw/DHS_FY2026P10_c/FY2026P01-P10_070_TAS_AccountBreakdownByAward_2026-09-15_H22M11S11234807.zip,FY2026P01-P10_070_TAS_Contracts_AccountBreakdownByAward_2026-09-15_H22M13S36_01.csv,data/raw/DHS_FY2026P10_c/FY2026P01-P10_070_TAS_AccountBreakdownByAward_2026-09-15_H22M11S11234807.zip!FY2026P01-P10_070_TAS_Contracts_AccountBreakdownByAward_2026-09-15_H22M13S36_01.csv,90547,Contracts,https://files.usaspending.gov/generated_downloads/FY2026P01-P10_070_TAS_AccountBreakdownByAward_2026-09-15_H22M11S11234807.zip,State and local governments
FY2026P09,070-0540,070-2026/2026-0540-000,5ZD2ZMB6YC5,,23.2,D,Q,,CONT_AWD_70CDCR21P00000045_7012_-NONE-_-NONE-,70CDCR21P00000045,,,,W3HVB3149KQ9,TOWN OF LANCASTER,W3HVB3149KQ9,TOWN OF LANCASTER,SECURE STORAGE FOR ICE/ERO/BUFFALO FIELD OFFICE SPECIAL RESPONSE TEAM (SRT) ASSETS,localhost:3000/award/CONT_AWD_70CDCR21P00000045_7012_-NONE-_-NONE-/,2026-07-30,DHS_FY2026P10_c:FY2026P01-P10_070_TAS_Contracts_AccountBreakdownByAward_2026-09-15_H22M13S36_01.csv:row:90548,data/raw/DHS_FY2026P10_c/FY2026P01-P10_070_TAS_AccountBreakdownByAward_2026-09-15_H22M11S11234807.zip,FY2026P01-P10_070_TAS_Contracts_AccountBreakdownByAward_2026-09-15_H22M13S36_01.csv,data/raw/DHS_FY2026P10_c/FY2026P01-P10_070_TAS_AccountBreakdownByAward_2026-09-15_H22M11S11234807.zip!FY2026P01-P10_070_TAS_Contracts_AccountBreakdownByAward_2026-09-15_H22M13S36_01.csv,90548,Contracts,https://files.usaspending.gov/generated_downloads/FY2026P01-P10_070_TAS_AccountBreakdownByAward_2026-09-15_H22M11S11234807.zip,State and local governments
FY2026P08,070-0540,070-2024/2024-0540-000,5ZD2ZMB6YC5,,23.2,D,Q,,CONT_AWD_70CDCR21P00000045_7012_-NONE-_-NONE-,70CDCR21P00000045,,,,W3HVB3149KQ9,TOWN OF LANCASTER,W3HVB3149KQ9,TOWN OF LANCASTER,SECURE STORAGE FOR ICE/ERO/BUFFALO FIELD OFFICE SPECIAL RESPONSE TEAM (SRT) ASSETS,localhost:3000/award/CONT_AWD_70CDCR21P00000045_7012_-NONE-_-NONE-/,2026-07-02,DHS_FY2026P10_c:FY2026P01-P10_070_TAS_Contracts_AccountBreakdownByAward_2026-09-15_H22M13S36_01.csv:row:90549,data/raw/DHS_FY2026P10_c/FY2026P01-P10_070_TAS_AccountBreakdownByAward_2026-09-15_H22M11S11234807.zip,FY2026P01-P10_070_TAS_Contracts_AccountBreakdownByAward_2026-09-15_H22M13S36_01.csv,data/raw/DHS_FY2026P10_c/FY2026P01-P10_070_TAS_AccountBreakdownByAward_2026-09-15_H22M11S11234807.zip!FY2026P01-P10_070_TAS_Contracts_AccountBreakdownByAward_2026-09-15_H22M13S36_01.csv,90549,Contracts,https://files.usaspending.gov/generated_downloads/FY2026P01-P10_070_TAS_AccountBreakdownByAward_2026-09-15_H22M11S11234807.zip,State and local governments
FY2026P08,070-0540,070-2025/2025-0540-000,5ZD2ZMB6YC5,,23.2,D,Q,,CONT_AWD_70CDCR21P00000045_7012_-NONE-_-NONE-,70CDCR21P00000045,,,,W3HVB3149KQ9,TOWN OF LANCASTER,W3HVB3149KQ9,TOWN OF LANCASTER,SECURE STORAGE FOR ICE/ERO/BUFFALO FIELD OFFICE SPECIAL RESPONSE TEAM (SRT) ASSETS,localhost:3000/award/CONT_AWD_70CDCR21P00000045_7012_-NONE-_-NONE-/,2026-07-02,DHS_FY2026P10_c:FY2026P01-P10_070_TAS_Contracts_AccountBreakdownByAward_2026-09-15_H22M13S36_01.csv:row:90550,data/raw/DHS_FY2026P10_c/FY2026P01-P10_070_TAS_AccountBreakdownByAward_2026-09-15_H22M11S11234807.zip,FY2026P01-P10_070_TAS_Contracts_AccountBreakdownByAward_2026-09-15_H22M13S36_01.csv,data/raw/DHS_FY2026P10_c/FY2026P01-P10_070_TAS_AccountBreakdownByAward_2026-09-15_H22M11S11234807.zip!FY2026P01-P10_070_TAS_Contracts_AccountBreakdownByAward_2026-09-15_H22M13S36_01.csv,90550,Contracts,https://files.usaspending.gov/generated_downloads/FY2026P01-P10_070_TAS_AccountBreakdownByAward_2026-09-15_H22M11S11234807.zip,State and local governments
FY2026P08,070-0540,070-2026/2026-0540-000,5ZD2ZMB6YC5,,23.2,D,Q,,CONT_AWD_70CDCR21P00000045_7012_-NONE-_-NONE-,70CDCR21P00000045,,,,W3HVB3149KQ9,TOWN OF LANCASTER,W3HVB3149KQ9,TOWN OF LANCASTER,SECURE STORAGE FOR ICE/ERO/BUFFALO FIELD OFFICE SPECIAL RESPONSE TEAM (SRT) ASSETS,localhost:3000/award/CONT_AWD_70CDCR21P00000045_7012_-NONE-_-NONE-/,2026-07-02,DHS_FY2026P10_c:FY2026P01-P10_070_TAS_Contracts_AccountBreakdownByAward_2026-09-15_H22M13S36_01.csv:row:90551,data/raw/DHS_FY2026P10_c/FY2026P01-P10_070_TAS_AccountBreakdownByAward_2026-09-15_H22M11S11234807.zip,FY2026P01-P10_070_TAS_Contracts_AccountBreakdownByAward_2026-09-15_H22M13S36_01.csv,data/raw/DHS_FY2026P10_c/FY2026P01-P10_070_TAS_AccountBreakdownByAward_2026-09-15_H22M11S11234807.zip!FY2026P01-P10_070_TAS_Contracts_AccountBreakdownByAward_2026-09-15_H22M13S36_01.csv,90551,Contracts,https://files.usaspending.gov/generated_downloads/FY2026P01-P10_070_TAS_AccountBreakdownByAward_2026-09-15_H22M11S11234807.zip,State and local governments
FY2026P06,070-0540,070-2025/2025-0540-000,5ZD2ZMB6YC5,,23.2,D,Q,,CONT_AWD_70CDCR21P00000045_7012_-NONE-_-NONE-,70CDCR21P00000045,,,,W3HVB3149KQ9,TOWN OF LANCASTER,W3HVB3149KQ9,TOWN OF LANCASTER,SECURE STORAGE FOR ICE/ERO/BUFFALO FIELD OFFICE SPECIAL RESPONSE TEAM (SRT) ASSETS,localhost:3000/award/CONT_AWD_70CDCR21P00000045_7012_-NONE-_-NONE-/,2026-08-07,DHS_FY2026P10_c:FY2026P01-P10_070_TAS_Contracts_AccountBreakdownByAward_2026-09-15_H22M13S36_01.csv:row:90552,data/raw/DHS_FY2026P10_c/FY2026P01-P10_070_TAS_AccountBreakdownByAward_2026-09-15_H22M11S11234807.zip,FY2026P01-P10_070_TAS_Contracts_AccountBreakdownByAward_2026-09-15_H22M13S36_01.csv,data/raw/DHS_FY2026P10_c/FY2026P01-P10_070_TAS_AccountBreakdownByAward_2026-09-15_H22M11S11234807.zip!FY2026P01-P10_070_TAS_Contracts_AccountBreakdownByAward_2026-09-15_H22M13S36_01.csv,90552,Contracts,https://files.usaspending.gov/generated_downloads/FY2026P01-P10_070_TAS_AccountBreakdownByAward_2026-09-15_H22M11S11234807.zip,State and local governments
FY2026P06,070-0540,070-2024/2024-0540-000,5ZD2ZMB6YC5,,23.2,D,Q,,CONT_AWD_70CDCR21P00000045_7012_-NONE-_-NONE-,70CDCR21P00000045,,,,W3HVB3149KQ9,TOWN OF LANCASTER,W3HVB3149KQ9,TOWN OF LANCASTER,SECURE STORAGE FOR ICE/ERO/BUFFALO FIELD OFFICE SPECIAL RESPONSE TEAM (SRT) ASSETS,localhost:3000/award/CONT_AWD_70CDCR21P00000045_7012_-NONE-_-NONE-/,2026-08-07,DHS_FY2026P10_c:FY2026P01-P10_070_TAS_Contracts_AccountBreakdownByAward_2026-09-15_H22M13S36_01.csv:row:90553,data/raw/DHS_FY2026P10_c/FY2026P01-P10_070_TAS_AccountBreakdownByAward_2026-09-15_H22M11S11234807.zip,FY2026P01-P10_070_TAS_Contracts_AccountBreakdownByAward_2026-09-15_H22M13S36_01.csv,data/raw/DHS_FY2026P10_c/FY2026P01-P10_070_TAS_AccountBreakdownByAward_2026-09-15_H22M11S11234807.zip!FY2026P01-P10_070_TAS_Contracts_AccountBreakdownByAward_2026-09-15_H22M13S36_01.csv,90553,Contracts,https://files.usaspending.gov/generated_downloads/FY2026P01-P10_070_TAS_AccountBreakdownByAward_2026-09-15_H22M11S11234807.zip,State and local governments
FY2026P05,070-0540,070-2025/2025-0540-000,5ZD2ZMB6YC5,,23.2,D,Q,,CONT_AWD_70CDCR21P00000045_7012_-NONE-_-NONE-,70CDCR21P00000045,,,,W3HVB3149KQ9,TOWN OF LANCASTER,W3HVB3149KQ9,TOWN OF LANCASTER,SECURE STORAGE FOR ICE/ERO/BUFFALO FIELD OFFICE SPECIAL RESPONSE TEAM (SRT) ASSETS,localhost:3000/award/CONT_AWD_70CDCR21P00000045_7012_-NONE-_-NONE-/,2026-05-15,DHS_FY2026P10_c:FY2026P01-P10_070_TAS_Contracts_AccountBreakdownByAward_2026-09-15_H22M13S36_01.csv:row:90554,data/raw/DHS_FY2026P10_c/FY2026P01-P10_070_TAS_AccountBreakdownByAward_2026-09-15_H22M11S11234807.zip,FY2026P01-P10_070_TAS_Contracts_AccountBreakdownByAward_2026-09-15_H22M13S36_01.csv,data/raw/DHS_FY2026P10_c/FY2026P01-P10_070_TAS_AccountBreakdownByAward_2026-09-15_H22M11S11234807.zip!FY2026P01-P10_070_TAS_Contracts_AccountBreakdownByAward_2026-09-15_H22M13S36_01.csv,90554,Contracts,https://files.usaspending.gov/generated_downloads/FY2026P01-P10_070_TAS_AccountBreakdownByAward_2026-09-15_H22M11S11234807.zip,State and local governments
FY2026P10,070-0540,070-2024/2024-0540-000,5ZD2ZMB6YC5,,23.2,D,Q,,CONT_AWD_70CDCR21P00000045_7012_-NONE-_-NONE-,70CDCR21P00000045,,,,W3HVB3149KQ9,TOWN OF LANCASTER,W3HVB3149KQ9,TOWN OF LANCASTER,SECURE STORAGE FOR ICE/ERO/BUFFALO FIELD OFFICE SPECIAL RESPONSE TEAM (SRT) ASSETS,localhost:3000/award/CONT_AWD_70CDCR21P00000045_7012_-NONE-_-NONE-/,2026-08-31,DHS_FY2026P10_c:FY2026P01-P10_070_TAS_Contracts_AccountBreakdownByAward_2026-09-15_H22M13S36_01.csv:row:90555,data/raw/DHS_FY2026P10_c/FY2026P01-P10_070_TAS_AccountBreakdownByAward_2026-09-15_H22M11S11234807.zip,FY2026P01-P10_070_TAS_Contracts_AccountBreakdownByAward_2026-09-15_H22M13S36_01.csv,data/raw/DHS_FY2026P10_c/FY2026P01-P10_070_TAS_AccountBreakdownByAward_2026-09-15_H22M11S11234807.zip!FY2026P01-P10_070_TAS_Contracts_AccountBreakdownByAward_2026-09-15_H22M13S36_01.csv,90555,Contracts,https://files.usaspending.gov/generated_downloads/FY2026P01-P10_070_TAS_AccountBreakdownByAward_2026-09-15_H22M11S11234807.zip,State and local governments
FY2026P10,070-0540,070-2025/2025-0540-000,5ZD2ZMB6YC5,,23.2,D,Q,,CONT_AWD_70CDCR21P00000045_7012_-NONE-_-NONE-,70CDCR21P00000045,,,,W3HVB3149KQ9,TOWN OF LANCASTER,W3HVB3149KQ9,TOWN OF LANCASTER,SECURE STORAGE FOR ICE/ERO/BUFFALO FIELD OFFICE SPECIAL RESPONSE TEAM (SRT) ASSETS,localhost:3000/award/CONT_AWD_70CDCR21P00000045_7012_-NONE-_-NONE-/,2026-08-31,DHS_FY2026P10_c:FY2026P01-P10_070_TAS_Contracts_AccountBreakdownByAward_2026-09-15_H22M13S36_01.csv:row:90556,data/raw/DHS_FY2026P10_c/FY2026P01-P10_070_TAS_AccountBreakdownByAward_2026-09-15_H22M11S11234807.zip,FY2026P01-P10_070_TAS_Contracts_AccountBreakdownByAward_2026-09-15_H22M13S36_01.csv,data/raw/DHS_FY2026P10_c/FY2026P01-P10_070_TAS_AccountBreakdownByAward_2026-09-15_H22M11S11234807.zip!FY2026P01-P10_070_TAS_Contracts_AccountBreakdownByAward_2026-09-15_H22M13S36_01.csv,90556,Contracts,https://files.usaspending.gov/generated_downloads/FY2026P01-P10_070_TAS_AccountBreakdownByAward_2026-09-15_H22M11S11234807.zip,State and local governments
FY2026P10,070-0540,070-2026/2026-0540-000,5ZD2ZMB6YC5,,23.2,D,Q,,CONT_AWD_70CDCR21P00000045_7012_-NONE-_-NONE-,70CDCR21P00000045,,,,W3HVB3149KQ9,TOWN OF LANCASTER,W3HVB3149KQ9,TOWN OF LANCASTER,SECURE STORAGE FOR ICE/ERO/BUFFALO FIELD OFFICE SPECIAL RESPONSE TEAM (SRT) ASSETS,localhost:3000/award/CONT_AWD_70CDCR21P00000045_7012_-NONE-_-NONE-/,2026-08-31,DHS_FY2026P10_c:FY2026P01-P10_070_TAS_Contracts_AccountBreakdownByAward_2026-09-15_H22M13S36_01.csv:row:90557,data/raw/DHS_FY2026P10_c/FY2026P01-P10_070_TAS_AccountBreakdownByAward_2026-09-15_H22M11S11234807.zip,FY2026P01-P10_070_TAS_Contracts_AccountBreakdownByAward_2026-09-15_H22M13S36_01.csv,data/raw/DHS_FY2026P10_c/FY2026P01-P10_070_TAS_AccountBreakdownByAward_2026-09-15_H22M11S11234807.zip!FY2026P01-P10_070_TAS_Contracts_AccountBreakdownByAward_2026-09-15_H22M13S36_01.csv,90557,Contracts,https://files.usaspending.gov/generated_downloads/FY2026P01-P10_070_TAS_AccountBreakdownByAward_2026-09-15_H22M11S11234807.zip,State and local governments
FY2026P07,070-0540,070-2026/2026-0540-000,5ZD2ZMB6YC5,,23.2,D,Q,,CONT_AWD_70CDCR21P00000045_7012_-NONE-_-NONE-,70CDCR21P00000045,,,,W3HVB3149KQ9,TOWN OF LANCASTER,W3HVB3149KQ9,TOWN OF LANCASTER,SECURE STORAGE FOR ICE/ERO/BUFFALO FIELD OFFICE SPECIAL RESPONSE TEAM (SRT) ASSETS,localhost:3000/award/CONT_AWD_70CDCR21P00000045_7012_-NONE-_-NONE-/,2026-06-01,DHS_FY2026P10_c:FY2026P01-P10_070_TAS_Contracts_AccountBreakdownByAward_2026-09-15_H22M13S36_01.csv:row:90558,data/raw/DHS_FY2026P10_c/FY2026P01-P10_070_TAS_AccountBreakdownByAward_2026-09-15_H22M11S11234807.zip,FY2026P01-P10_070_TAS_Contracts_AccountBreakdownByAward_2026-09-15_H22M13S36_01.csv,data/raw/DHS_FY2026P10_c/FY2026P01-P10_070_TAS_AccountBreakdownByAward_2026-09-15_H22M11S11234807.zip!FY2026P01-P10_070_TAS_Contracts_AccountBreakdownByAward_2026-09-15_H22M13S36_01.csv,90558,Contracts,https://files.usaspending.gov/generated_downloads/FY2026P01-P10_070_TAS_AccountBreakdownByAward_2026-09-15_H22M11S11234807.zip,State and local governments
FY2026P04,070-0540,070-2025/2025-0540-000,5ZD2ZMB6YC5,,23.2,D,Q,,CONT_AWD_70CDCR21P00000045_7012_-NONE-_-NONE-,70CDCR21P00000045,,,,W3HVB3149KQ9,TOWN OF LANCASTER,W3HVB3149KQ9,TOWN OF LANCASTER,SECURE STORAGE FOR ICE/ERO/BUFFALO FIELD OFFICE SPECIAL RESPONSE TEAM (SRT) ASSETS,localhost:3000/award/CONT_AWD_70CDCR21P00000045_7012_-NONE-_-NONE-/,2026-05-15,DHS_FY2026P10_c:FY2026P01-P10_070_TAS_Contracts_AccountBreakdownByAward_2026-09-15_H22M13S36_01.csv:row:90559,data/raw/DHS_FY2026P10_c/FY2026P01-P10_070_TAS_AccountBreakdownByAward_2026-09-15_H22M11S11234807.zip,FY2026P01-P10_070_TAS_Contracts_AccountBreakdownByAward_2026-09-15_H22M13S36_01.csv,data/raw/DHS_FY2026P10_c/FY2026P01-P10_070_TAS_AccountBreakdownByAward_2026-09-15_H22M11S11234807.zip!FY2026P01-P10_070_TAS_Contracts_AccountBreakdownByAward_2026-09-15_H22M13S36_01.csv,90559,Contracts,https://files.usaspending.gov/generated_downloads/FY2026P01-P10_070_TAS_AccountBreakdownByAward_2026-09-15_H22M11S11234807.zip,State and local governments
FY2026P04,070-0540,070-2024/2024-0540-000,5ZD2ZMB6YC5,,23.2,D,Q,,CONT_AWD_70CDCR21P00000045_7012_-NONE-_-NONE-,70CDCR21P00000045,,,,W3HVB3149KQ9,TOWN OF LANCASTER,W3HVB3149KQ9,TOWN OF LANCASTER,SECURE STORAGE FOR ICE/ERO/BUFFALO FIELD OFFICE SPECIAL RESPONSE TEAM (SRT) ASSETS,localhost:3000/award/CONT_AWD_70CDCR21P00000045_7012_-NONE-_-NONE-/,2026-05-15,DHS_FY2026P10_c:FY2026P01-P10_070_TAS_Contracts_AccountBreakdownByAward_2026-09-15_H22M13S36_01.csv:row:90560,data/raw/DHS_FY2026P10_c/FY2026P01-P10_070_TAS_AccountBreakdownByAward_2026-09-15_H22M11S11234807.zip,FY2026P01-P10_070_TAS_Contracts_AccountBreakdownByAward_2026-09-15_H22M13S36_01.csv,data/raw/DHS_FY2026P10_c/FY2026P01-P10_070_TAS_AccountBreakdownByAward_2026-09-15_H22M11S11234807.zip!FY2026P01-P10_070_TAS_Contracts_AccountBreakdownByAward_2026-09-15_H22M13S36_01.csv,90560,Contracts,https://files.usaspending.gov/generated_downloads/FY2026P01-P10_070_TAS_AccountBreakdownByAward_2026-09-15_H22M11S11234807.zip,State and local governments
FY2026P05,070-0540,070-2026/2026-0540-000,5ZD2ZMB6YC5,,23.2,D,Q,,CONT_AWD_70CDCR21P00000045_7012_-NONE-_-NONE-,70CDCR21P00000045,,,,W3HVB3149KQ9,TOWN OF LANCASTER,W3HVB3149KQ9,TOWN OF LANCASTER,SECURE STORAGE FOR ICE/ERO/BUFFALO FIELD OFFICE SPECIAL RESPONSE TEAM (SRT) ASSETS,localhost:3000/award/CONT_AWD_70CDCR21P00000045_7012_-NONE-_-NONE-/,2026-05-15,DHS_FY2026P10_c:FY2026P01-P10_070_TAS_Contracts_AccountBreakdownByAward_2026-09-15_H22M13S36_01.csv:row:90561,data/raw/DHS_FY2026P10_c/FY2026P01-P10_070_TAS_AccountBreakdownByAward_2026-09-15_H22M11S11234807.zip,FY2026P01-P10_070_TAS_Contracts_AccountBreakdownByAward_2026-09-15_H22M13S36_01.csv,data/raw/DHS_FY2026P10_c/FY2026P01-P10_070_TAS_AccountBreakdownByAward_2026-09-15_H22M11S11234807.zip!FY2026P01-P10_070_TAS_Contracts_AccountBreakdownByAward_2026-09-15_H22M13S36_01.csv,90561,Contracts,https://files.usaspending.gov/generated_downloads/FY2026P01-P10_070_TAS_AccountBreakdownByAward_2026-09-15_H22M11S11234807.zip,State and local governments
FY2026P07,070-0540,070-2024/2024-0540-000,5ZD2ZMB6YC5,,23.2,D,Q,,CONT_AWD_70CDCR21P00000045_7012_-NONE-_-NONE-,70CDCR21P00000045,,,,W3HVB3149KQ9,TOWN OF LANCASTER,W3HVB3149KQ9,TOWN OF LANCASTER,SECURE STORAGE FOR ICE/ERO/BUFFALO FIELD OFFICE SPECIAL RESPONSE TEAM (SRT) ASSETS,localhost:3000/award/CONT_AWD_70CDCR21P00000045_7012_-NONE-_-NONE-/,2026-06-01,DHS_FY2026P10_c:FY2026P01-P10_070_TAS_Contracts_AccountBreakdownByAward_2026-09-15_H22M13S36_01.csv:row:90562,data/raw/DHS_FY2026P10_c/FY2026P01-P10_070_TAS_AccountBreakdownByAward_2026-09-15_H22M11S11234807.zip,FY2026P01-P10_070_TAS_Contracts_AccountBreakdownByAward_2026-09-15_H22M13S36_01.csv,data/raw/DHS_FY2026P10_c/FY2026P01-P10_070_TAS_AccountBreakdownByAward_2026-09-15_H22M11S11234807.zip!FY2026P01-P10_070_TAS_Contracts_AccountBreakdownByAward_2026-09-15_H22M13S36_01.csv,90562,Contracts,https://files.usaspending.gov/generated_downloads/FY2026P01-P10_070_TAS_AccountBreakdownByAward_2026-09-15_H22M11S11234807.zip,State and local governments
FY2026P03,070-0540,070-2026/2026-0540-000,5ZD2ZMB6YC5,,23.2,D,Q,,CONT_AWD_70CDCR21P00000045_7012_-NONE-_-NONE-,70CDCR21P00000045,,,,W3HVB3149KQ9,TOWN OF LANCASTER,W3HVB3149KQ9,TOWN OF LANCASTER,SECURE STORAGE FOR ICE/ERO/BUFFALO FIELD OFFICE SPECIAL RESPONSE TEAM (SRT) ASSETS,localhost:3000/award/CONT_AWD_70CDCR21P00000045_7012_-NONE-_-NONE-/,2026-08-07,DHS_FY2026P10_c:FY2026P01-P10_070_TAS_Contracts_AccountBreakdownByAward_2026-09-15_H22M13S36_01.csv:row:90563,data/raw/DHS_FY2026P10_c/FY2026P01-P10_070_TAS_AccountBreakdownByAward_2026-09-15_H22M11S11234807.zip,FY2026P01-P10_070_TAS_Contracts_AccountBreakdownByAward_2026-09-15_H22M13S36_01.csv,data/raw/DHS_FY2026P10_c/FY2026P01-P10_070_TAS_AccountBreakdownByAward_2026-09-15_H22M11S11234807.zip!FY2026P01-P10_070_TAS_Contracts_AccountBreakdownByAward_2026-09-15_H22M13S36_01.csv,90563,Contracts,https://files.usaspending.gov/generated_downloads/FY2026P01-P10_070_TAS_AccountBreakdownByAward_2026-09-15_H22M11S11234807.zip,State and local governments
FY2026P03,070-0540,070-2024/2024-0540-000,5ZD2ZMB6YC5,,23.2,D,Q,,CONT_AWD_70CDCR21P00000045_7012_-NONE-_-NONE-,70CDCR21P00000045,,,,W3HVB3149KQ9,TOWN OF LANCASTER,W3HVB3149KQ9,TOWN OF LANCASTER,SECURE STORAGE FOR ICE/ERO/BUFFALO FIELD OFFICE SPECIAL RESPONSE TEAM (SRT) ASSETS,localhost:3000/award/CONT_AWD_70CDCR21P00000045_7012_-NONE-_-NONE-/,2026-08-07,DHS_FY2026P10_c:FY2026P01-P10_070_TAS_Contracts_AccountBreakdownByAward_2026-09-15_H22M13S36_01.csv:row:90564,data/raw/DHS_FY2026P10_c/FY2026P01-P10_070_TAS_AccountBreakdownByAward_2026-09-15_H22M11S11234807.zip,FY2026P01-P10_070_TAS_Contracts_AccountBreakdownByAward_2026-09-15_H22M13S36_01.csv,data/raw/DHS_FY2026P10_c/FY2026P01-P10_070_TAS_AccountBreakdownByAward_2026-09-15_H22M11S11234807.zip!FY2026P01-P10_070_TAS_Contracts_AccountBreakdownByAward_2026-09-15_H22M13S36_01.csv,90564,Contracts,https://files.usaspending.gov/generated_downloads/FY2026P01-P10_070_TAS_AccountBreakdownByAward_2026-09-15_H22M11S11234807.zip,State and local governments
FY2026P07,070-0540,070-2025/2025-0540-000,5ZD2ZMB6YC5,,25.3,D,Q,,CONT_AWD_70CDCR24P00000004_7012_-NONE-_-NONE-,70CDCR24P00000004,,,,HZ4EUKDD7AB4,COUNTY OF OAKLAND,HZ4EUKDD7AB4,COUNTY OF OAKLAND,CLEMIS (OAKLAND COUNTY COURT AND LAW ENFORCEMENT MANAGEMENT INFORMATION SYSTEM) DATABASE FOR ICE OFFICERS ASSIGNED TO THE ICE/ERO/DETROIT AREA OF RESPONSIBILITY (AOR).,localhost:3000/award/CONT_AWD_70CDCR24P00000004_7012_-NONE-_-NONE-/,2026-06-01,DHS_FY2026P10_c:FY2026P01-P10_070_TAS_Contracts_AccountBreakdownByAward_2026-09-15_H22M13S36_01.csv:row:91781,data/raw/DHS_FY2026P10_c/FY2026P01-P10_070_TAS_AccountBreakdownByAward_2026-09-15_H22M11S11234807.zip,FY2026P01-P10_070_TAS_Contracts_AccountBreakdownByAward_2026-09-15_H22M13S36_01.csv,data/raw/DHS_FY2026P10_c/FY2026P01-P10_070_TAS_AccountBreakdownByAward_2026-09-15_H22M11S11234807.zip!FY2026P01-P10_070_TAS_Contracts_AccountBreakdownByAward_2026-09-15_H22M13S36_01.csv,91781,Contracts,https://files.usaspending.gov/generated_downloads/FY2026P01-P10_070_TAS_AccountBreakdownByAward_2026-09-15_H22M11S11234807.zip,State and local governments
FY2026P10,070-0540,070-2025/2025-0540-000,5ZD2ZMB6YC5,,25.3,D,Q,-385.75,CONT_AWD_70CDCR24P00000004_7012_-NONE-_-NONE-,70CDCR24P00000004,,,,HZ4EUKDD7AB4,COUNTY OF OAKLAND,HZ4EUKDD7AB4,COUNTY OF OAKLAND,CLEMIS (OAKLAND COUNTY COURT AND LAW ENFORCEMENT MANAGEMENT INFORMATION SYSTEM) DATABASE FOR ICE OFFICERS ASSIGNED TO THE ICE/ERO/DETROIT AREA OF RESPONSIBILITY (AOR).,localhost:3000/award/CONT_AWD_70CDCR24P00000004_7012_-NONE-_-NONE-/,2026-08-31,DHS_FY2026P10_c:FY2026P01-P10_070_TAS_Contracts_AccountBreakdownByAward_2026-09-15_H22M13S36_01.csv:row:91782,data/raw/DHS_FY2026P10_c/FY2026P01-P10_070_TAS_AccountBreakdownByAward_2026-09-15_H22M11S11234807.zip,FY2026P01-P10_070_TAS_Contracts_AccountBreakdownByAward_2026-09-15_H22M13S36_01.csv,data/raw/DHS_FY2026P10_c/FY2026P01-P10_070_TAS_AccountBreakdownByAward_2026-09-15_H22M11S11234807.zip!FY2026P01-P10_070_TAS_Contracts_AccountBreakdownByAward_2026-09-15_H22M13S36_01.csv,91782,Contracts,https://files.usaspending.gov/generated_downloads/FY2026P01-P10_070_TAS_AccountBreakdownByAward_2026-09-15_H22M11S11234807.zip,State and local governments
FY2026P10,070-0540,070-2025/2025-0540-000,5ZD2ZMB6YC5,,25.3,D,Q,,CONT_AWD_70CDCR24P00000004_7012_-NONE-_-NONE-,70CDCR24P00000004,,,,HZ4EUKDD7AB4,COUNTY OF OAKLAND,HZ4EUKDD7AB4,COUNTY OF OAKLAND,CLEMIS (OAKLAND COUNTY COURT AND LAW ENFORCEMENT MANAGEMENT INFORMATION SYSTEM) DATABASE FOR ICE OFFICERS ASSIGNED TO THE ICE/ERO/DETROIT AREA OF RESPONSIBILITY (AOR).,localhost:3000/award/CONT_AWD_70CDCR24P00000004_7012_-NONE-_-NONE-/,2026-08-31,DHS_FY2026P10_c:FY2026P01-P10_070_TAS_Contracts_AccountBreakdownByAward_2026-09-15_H22M13S36_01.csv:row:91783,data/raw/DHS_FY2026P10_c/FY2026P01-P10_070_TAS_AccountBreakdownByAward_2026-09-15_H22M11S11234807.zip,FY2026P01-P10_070_TAS_Contracts_AccountBreakdownByAward_2026-09-15_H22M13S36_01.csv,data/raw/DHS_FY2026P10_c/FY2026P01-P10_070_TAS_AccountBreakdownByAward_2026-09-15_H22M11S11234807.zip!FY2026P01-P10_070_TAS_Contracts_AccountBreakdownByAward_2026-09-15_H22M13S36_01.csv,91783,Contracts,https://files.usaspending.gov/generated_downloads/FY2026P01-P10_070_TAS_AccountBreakdownByAward_2026-09-15_H22M11S11234807.zip,State and local governments
FY2026P10,070-0540,070-2026/2026-0540-000,5ZD2ZMB6YC5,,25.3,D,Q,,CONT_AWD_70CDCR24P00000004_7012_-NONE-_-NONE-,70CDCR24P00000004,,,,HZ4EUKDD7AB4,COUNTY OF OAKLAND,HZ4EUKDD7AB4,COUNTY OF OAKLAND,CLEMIS (OAKLAND COUNTY COURT AND LAW ENFORCEMENT MANAGEMENT INFORMATION SYSTEM) DATABASE FOR ICE OFFICERS ASSIGNED TO THE ICE/ERO/DETROIT AREA OF RESPONSIBILITY (AOR).,localhost:3000/award/CONT_AWD_70CDCR24P00000004_7012_-NONE-_-NONE-/,2026-08-31,DHS_FY2026P10_c:FY2026P01-P10_070_TAS_Contracts_AccountBreakdownByAward_2026-09-15_H22M13S36_01.csv:row:91784,data/raw/DHS_FY2026P10_c/FY2026P01-P10_070_TAS_AccountBreakdownByAward_2026-09-15_H22M11S11234807.zip,FY2026P01-P10_070_TAS_Contracts_AccountBreakdownByAward_2026-09-15_H22M13S36_01.csv,data/raw/DHS_FY2026P10_c/FY2026P01-P10_070_TAS_AccountBreakdownByAward_2026-09-15_H22M11S11234807.zip!FY2026P01-P10_070_TAS_Contracts_AccountBreakdownByAward_2026-09-15_H22M13S36_01.csv,91784,Contracts,https://files.usaspending.gov/generated_downloads/FY2026P01-P10_070_TAS_AccountBreakdownByAward_2026-09-15_H22M11S11234807.zip,State and local governments
FY2026P03,070-0540,070-2026/2026-0540-000,5ZD2ZMB6YC5,,25.3,D,Q,,CONT_AWD_70CDCR24P00000004_7012_-NONE-_-NONE-,70CDCR24P00000004,,,,HZ4EUKDD7AB4,COUNTY OF OAKLAND,HZ4EUKDD7AB4,COUNTY OF OAKLAND,CLEMIS (OAKLAND COUNTY COURT AND LAW ENFORCEMENT MANAGEMENT INFORMATION SYSTEM) DATABASE FOR ICE OFFICERS ASSIGNED TO THE ICE/ERO/DETROIT AREA OF RESPONSIBILITY (AOR).,localhost:3000/award/CONT_AWD_70CDCR24P00000004_7012_-NONE-_-NONE-/,2026-08-07,DHS_FY2026P10_c:FY2026P01-P10_070_TAS_Contracts_AccountBreakdownByAward_2026-09-15_H22M13S36_01.csv:row:91785,data/raw/DHS_FY2026P10_c/FY2026P01-P10_070_TAS_AccountBreakdownByAward_2026-09-15_H22M11S11234807.zip,FY2026P01-P10_070_TAS_Contracts_AccountBreakdownByAward_2026-09-15_H22M13S36_01.csv,data/raw/DHS_FY2026P10_c/FY2026P01-P10_070_TAS_AccountBreakdownByAward_2026-09-15_H22M11S11234807.zip!FY2026P01-P10_070_TAS_Contracts_AccountBreakdownByAward_2026-09-15_H22M13S36_01.csv,91785,Contracts,https://files.usaspending.gov/generated_downloads/FY2026P01-P10_070_TAS_AccountBreakdownByAward_2026-09-15_H22M11S11234807.zip,State and local governments
FY2026P03,070-0540,070-2025/2025-0540-000,5ZD2ZMB6YC5,,25.3,D,Q,,CONT_AWD_70CDCR24P00000004_7012_-NONE-_-NONE-,70CDCR24P00000004,,,,HZ4EUKDD7AB4,COUNTY OF OAKLAND,HZ4EUKDD7AB4,COUNTY OF OAKLAND,CLEMIS (OAKLAND COUNTY COURT AND LAW ENFORCEMENT MANAGEMENT INFORMATION SYSTEM) DATABASE FOR ICE OFFICERS ASSIGNED TO THE ICE/ERO/DETROIT AREA OF RESPONSIBILITY (AOR).,localhost:3000/award/CONT_AWD_70CDCR24P00000004_7012_-NONE-_-NONE-/,2026-08-07,DHS_FY2026P10_c:FY2026P01-P10_070_TAS_Contracts_AccountBreakdownByAward_2026-09-15_H22M13S36_01.csv:row:91786,data/raw/DHS_FY2026P10_c/FY2026P01-P10_070_TAS_AccountBreakdownByAward_2026-09-15_H22M11S11234807.zip,FY2026P01-P10_070_TAS_Contracts_AccountBreakdownByAward_2026-09-15_H22M13S36_01.csv,data/raw/DHS_FY2026P10_c/FY2026P01-P10_070_TAS_AccountBreakdownByAward_2026-09-15_H22M11S11234807.zip!FY2026P01-P10_070_TAS_Contracts_AccountBreakdownByAward_2026-09-15_H22M13S36_01.csv,91786,Contracts,https://files.usaspending.gov/generated_downloads/FY2026P01-P10_070_TAS_AccountBreakdownByAward_2026-09-15_H22M11S11234807.zip,State and local governments
FY2026P05,070-0540,070-2025/2025-0540-000,5ZD2ZMB6YC5,,25.3,D,Q,,CONT_AWD_70CDCR24P00000004_7012_-NONE-_-NONE-,70CDCR24P00000004,,,,HZ4EUKDD7AB4,COUNTY OF OAKLAND,HZ4EUKDD7AB4,COUNTY OF OAKLAND,CLEMIS (OAKLAND COUNTY COURT AND LAW ENFORCEMENT MANAGEMENT INFORMATION SYSTEM) DATABASE FOR ICE OFFICERS ASSIGNED TO THE ICE/ERO/DETROIT AREA OF RESPONSIBILITY (AOR).,localhost:3000/award/CONT_AWD_70CDCR24P00000004_7012_-NONE-_-NONE-/,2026-05-15,DHS_FY2026P10_c:FY2026P01-P10_070_TAS_Contracts_AccountBreakdownByAward_2026-09-15_H22M13S36_01.csv:row:91787,data/raw/DHS_FY2026P10_c/FY2026P01-P10_070_TAS_AccountBreakdownByAward_2026-09-15_H22M11S11234807.zip,FY2026P01-P10_070_TAS_Contracts_AccountBreakdownByAward_2026-09-15_H22M13S36_01.csv,data/raw/DHS_FY2026P10_c/FY2026P01-P10_070_TAS_AccountBreakdownByAward_2026-09-15_H22M11S11234807.zip!FY2026P01-P10_070_TAS_Contracts_AccountBreakdownByAward_2026-09-15_H22M13S36_01.csv,91787,Contracts,https://files.usaspending.gov/generated_downloads/FY2026P01-P10_070_TAS_AccountBreakdownByAward_2026-09-15_H22M11S11234807.zip,State and local governments
FY2026P05,070-0540,070-2026/2026-0540-000,5ZD2ZMB6YC5,,25.3,D,Q,,CONT_AWD_70CDCR24P00000004_7012_-NONE-_-NONE-,70CDCR24P00000004,,,,HZ4EUKDD7AB4,COUNTY OF OAKLAND,HZ4EUKDD7AB4,COUNTY OF OAKLAND,CLEMIS (OAKLAND COUNTY COURT AND LAW ENFORCEMENT MANAGEMENT INFORMATION SYSTEM) DATABASE FOR ICE OFFICERS ASSIGNED TO THE ICE/ERO/DETROIT AREA OF RESPONSIBILITY (AOR).,localhost:3000/award/CONT_AWD_70CDCR24P00000004_7012_-NONE-_-NONE-/,2026-05-15,DHS_FY2026P10_c:FY2026P01-P10_070_TAS_Contracts_AccountBreakdownByAward_2026-09-15_H22M13S36_01.csv:row:91788,data/raw/DHS_FY2026P10_c/FY2026P01-P10_070_TAS_AccountBreakdownByAward_2026-09-15_H22M11S11234807.zip,FY2026P01-P10_070_TAS_Contracts_AccountBreakdownByAward_2026-09-15_H22M13S36_01.csv,data/raw/DHS_FY2026P10_c/FY2026P01-P10_070_TAS_AccountBreakdownByAward_2026-09-15_H22M11S11234807.zip!FY2026P01-P10_070_TAS_Contracts_AccountBreakdownByAward_2026-09-15_H22M13S36_01.csv,91788,Contracts,https://files.usaspending.gov/generated_downloads/FY2026P01-P10_070_TAS_AccountBreakdownByAward_2026-09-15_H22M11S11234807.zip,State and local governments
FY2026P06,070-0540,070-2026/2026-0540-000,5ZD2ZMB6YC5,,25.3,D,Q,,CONT_AWD_70CDCR24P00000004_7012_-NONE-_-NONE-,70CDCR24P00000004,,,,HZ4EUKDD7AB4,COUNTY OF OAKLAND,HZ4EUKDD7AB4,COUNTY OF OAKLAND,CLEMIS (OAKLAND COUNTY COURT AND LAW ENFORCEMENT MANAGEMENT INFORMATION SYSTEM) DATABASE FOR ICE OFFICERS ASSIGNED TO THE ICE/ERO/DETROIT AREA OF RESPONSIBILITY (AOR).,localhost:3000/award/CONT_AWD_70CDCR24P00000004_7012_-NONE-_-NONE-/,2026-08-07,DHS_FY2026P10_c:FY2026P01-P10_070_TAS_Contracts_AccountBreakdownByAward_2026-09-15_H22M13S36_01.csv:row:91789,data/raw/DHS_FY2026P10_c/FY2026P01-P10_070_TAS_AccountBreakdownByAward_2026-09-15_H22M11S11234807.zip,FY2026P01-P10_070_TAS_Contracts_AccountBreakdownByAward_2026-09-15_H22M13S36_01.csv,data/raw/DHS_FY2026P10_c/FY2026P01-P10_070_TAS_AccountBreakdownByAward_2026-09-15_H22M11S11234807.zip!FY2026P01-P10_070_TAS_Contracts_AccountBreakdownByAward_2026-09-15_H22M13S36_01.csv,91789,Contracts,https://files.usaspending.gov/generated_downloads/FY2026P01-P10_070_TAS_AccountBreakdownByAward_2026-09-15_H22M11S11234807.zip,State and local governments
FY2026P04,070-0540,070-2025/2025-0540-000,5ZD2ZMB6YC5,,25.3,D,Q,,CONT_AWD_70CDCR24P00000004_7012_-NONE-_-NONE-,70CDCR24P00000004,,,,HZ4EUKDD7AB4,COUNTY OF OAKLAND,HZ4EUKDD7AB4,COUNTY OF OAKLAND,CLEMIS (OAKLAND COUNTY COURT AND LAW ENFORCEMENT MANAGEMENT INFORMATION SYSTEM) DATABASE FOR ICE OFFICERS ASSIGNED TO THE ICE/ERO/DETROIT AREA OF RESPONSIBILITY (AOR).,localhost:3000/award/CONT_AWD_70CDCR24P00000004_7012_-NONE-_-NONE-/,2026-05-15,DHS_FY2026P10_c:FY2026P01-P10_070_TAS_Contracts_AccountBreakdownByAward_2026-09-15_H22M13S36_01.csv:row:91790,data/raw/DHS_FY2026P10_c/FY2026P01-P10_070_TAS_AccountBreakdownByAward_2026-09-15_H22M11S11234807.zip,FY2026P01-P10_070_TAS_Contracts_AccountBreakdownByAward_2026-09-15_H22M13S36_01.csv,data/raw/DHS_FY2026P10_c/FY2026P01-P10_070_TAS_AccountBreakdownByAward_2026-09-15_H22M11S11234807.zip!FY2026P01-P10_070_TAS_Contracts_AccountBreakdownByAward_2026-09-15_H22M13S36_01.csv,91790,Contracts,https://files.usaspending.gov/generated_downloads/FY2026P01-P10_070_TAS_AccountBreakdownByAward_2026-09-15_H22M11S11234807.zip,State and local governments
FY2026P09,070-0540,070-2025/2025-0540-000,5ZD2ZMB6YC5,,25.3,D,Q,,CONT_AWD_70CDCR24P00000004_7012_-NONE-_-NONE-,70CDCR24P00000004,,,,HZ4EUKDD7AB4,COUNTY OF OAKLAND,HZ4EUKDD7AB4,COUNTY OF OAKLAND,CLEMIS (OAKLAND COUNTY COURT AND LAW ENFORCEMENT MANAGEMENT INFORMATION SYSTEM) DATABASE FOR ICE OFFICERS ASSIGNED TO THE ICE/ERO/DETROIT AREA OF RESPONSIBILITY (AOR).,localhost:3000/award/CONT_AWD_70CDCR24P00000004_7012_-NONE-_-NONE-/,2026-07-30,DHS_FY2026P10_c:FY2026P01-P10_070_TAS_Contracts_AccountBreakdownByAward_2026-09-15_H22M13S36_01.csv:row:91791,data/raw/DHS_FY2026P10_c/FY2026P01-P10_070_TAS_AccountBreakdownByAward_2026-09-15_H22M11S11234807.zip,FY2026P01-P10_070_TAS_Contracts_AccountBreakdownByAward_2026-09-15_H22M13S36_01.csv,data/raw/DHS_FY2026P10_c/FY2026P01-P10_070_TAS_AccountBreakdownByAward_2026-09-15_H22M11S11234807.zip!FY2026P01-P10_070_TAS_Contracts_AccountBreakdownByAward_2026-09-15_H22M13S36_01.csv,91791,Contracts,https://files.usaspending.gov/generated_downloads/FY2026P01-P10_070_TAS_AccountBreakdownByAward_2026-09-15_H22M11S11234807.zip,State and local governments
FY2026P09,070-0540,070-2026/2026-0540-000,5ZD2ZMB6YC5,,25.3,D,Q,,CONT_AWD_70CDCR24P00000004_7012_-NONE-_-NONE-,70CDCR24P00000004,,,,HZ4EUKDD7AB4,COUNTY OF OAKLAND,HZ4EUKDD7AB4,COUNTY OF OAKLAND,CLEMIS (OAKLAND COUNTY COURT AND LAW ENFORCEMENT MANAGEMENT INFORMATION SYSTEM) DATABASE FOR ICE OFFICERS ASSIGNED TO THE ICE/ERO/DETROIT AREA OF RESPONSIBILITY (AOR).,localhost:3000/award/CONT_AWD_70CDCR24P00000004_7012_-NONE-_-NONE-/,2026-07-30,DHS_FY2026P10_c:FY2026P01-P10_070_TAS_Contracts_AccountBreakdownByAward_2026-09-15_H22M13S36_01.csv:row:91792,data/raw/DHS_FY2026P10_c/FY2026P01-P10_070_TAS_AccountBreakdownByAward_2026-09-15_H22M11S11234807.zip,FY2026P01-P10_070_TAS_Contracts_AccountBreakdownByAward_2026-09-15_H22M13S36_01.csv,data/raw/DHS_FY2026P10_c/FY2026P01-P10_070_TAS_AccountBreakdownByAward_2026-09-15_H22M11S11234807.zip!FY2026P01-P10_070_TAS_Contracts_AccountBreakdownByAward_2026-09-15_H22M13S36_01.csv,91792,Contracts,https://files.usaspending.gov/generated_downloads/FY2026P01-P10_070_TAS_AccountBreakdownByAward_2026-09-15_H22M11S11234807.zip,State and local governments
FY2026P06,070-0540,070-2025/2025-0540-000,5ZD2ZMB6YC5,,25.3,D,Q,,CONT_AWD_70CDCR24P00000004_7012_-NONE-_-NONE-,70CDCR24P00000004,,,,HZ4EUKDD7AB4,COUNTY OF OAKLAND,HZ4EUKDD7AB4,COUNTY OF OAKLAND,CLEMIS (OAKLAND COUNTY COURT AND LAW ENFORCEMENT MANAGEMENT INFORMATION SYSTEM) DATABASE FOR ICE OFFICERS ASSIGNED TO THE ICE/ERO/DETROIT AREA OF RESPONSIBILITY (AOR).,localhost:3000/award/CONT_AWD_70CDCR24P00000004_7012_-NONE-_-NONE-/,2026-08-07,DHS_FY2026P10_c:FY2026P01-P10_070_TAS_Contracts_AccountBreakdownByAward_2026-09-15_H22M13S36_01.csv:row:91793,data/raw/DHS_FY2026P10_c/FY2026P01-P10_070_TAS_AccountBreakdownByAward_2026-09-15_H22M11S11234807.zip,FY2026P01-P10_070_TAS_Contracts_AccountBreakdownByAward_2026-09-15_H22M13S36_01.csv,data/raw/DHS_FY2026P10_c/FY2026P01-P10_070_TAS_AccountBreakdownByAward_2026-09-15_H22M11S11234807.zip!FY2026P01-P10_070_TAS_Contracts_AccountBreakdownByAward_2026-09-15_H22M13S36_01.csv,91793,Contracts,https://files.usaspending.gov/generated_downloads/FY2026P01-P10_070_TAS_AccountBreakdownByAward_2026-09-15_H22M11S11234807.zip,State and local governments
FY2026P08,070-0540,070-2026/2026-0540-000,5ZD2ZMB6YC5,,25.3,D,Q,,CONT_AWD_70CDCR24P00000004_7012_-NONE-_-NONE-,70CDCR24P00000004,,,,HZ4EUKDD7AB4,COUNTY OF OAKLAND,HZ4EUKDD7AB4,COUNTY OF OAKLAND,CLEMIS (OAKLAND COUNTY COURT AND LAW ENFORCEMENT MANAGEMENT INFORMATION SYSTEM) DATABASE FOR ICE OFFICERS ASSIGNED TO THE ICE/ERO/DETROIT AREA OF RESPONSIBILITY (AOR).,localhost:3000/award/CONT_AWD_70CDCR24P00000004_7012_-NONE-_-NONE-/,2026-07-02,DHS_FY2026P10_c:FY2026P01-P10_070_TAS_Contracts_AccountBreakdownByAward_2026-09-15_H22M13S36_01.csv:row:91794,data/raw/DHS_FY2026P10_c/FY2026P01-P10_070_TAS_AccountBreakdownByAward_2026-09-15_H22M11S11234807.zip,FY2026P01-P10_070_TAS_Contracts_AccountBreakdownByAward_2026-09-15_H22M13S36_01.csv,data/raw/DHS_FY2026P10_c/FY2026P01-P10_070_TAS_AccountBreakdownByAward_2026-09-15_H22M11S11234807.zip!FY2026P01-P10_070_TAS_Contracts_AccountBreakdownByAward_2026-09-15_H22M13S36_01.csv,91794,Contracts,https://files.usaspending.gov/generated_downloads/FY2026P01-P10_070_TAS_AccountBreakdownByAward_2026-09-15_H22M11S11234807.zip,State and local governments
FY2026P08,070-0540,070-2025/2025-0540-000,5ZD2ZMB6YC5,,25.3,D,Q,,CONT_AWD_70CDCR24P00000004_7012_-NONE-_-NONE-,70CDCR24P00000004,,,,HZ4EUKDD7AB4,COUNTY OF OAKLAND,HZ4EUKDD7AB4,COUNTY OF OAKLAND,CLEMIS (OAKLAND COUNTY COURT AND LAW ENFORCEMENT MANAGEMENT INFORMATION SYSTEM) DATABASE FOR ICE OFFICERS ASSIGNED TO THE ICE/ERO/DETROIT AREA OF RESPONSIBILITY (AOR).,localhost:3000/award/CONT_AWD_70CDCR24P00000004_7012_-NONE-_-NONE-/,2026-07-02,DHS_FY2026P10_c:FY2026P01-P10_070_TAS_Contracts_AccountBreakdownByAward_2026-09-15_H22M13S36_01.csv:row:91795,data/raw/DHS_FY2026P10_c/FY2026P01-P10_070_TAS_AccountBreakdownByAward_2026-09-15_H22M11S11234807.zip,FY2026P01-P10_070_TAS_Contracts_AccountBreakdownByAward_2026-09-15_H22M13S36_01.csv,data/raw/DHS_FY2026P10_c/FY2026P01-P10_070_TAS_AccountBreakdownByAward_2026-09-15_H22M11S11234807.zip!FY2026P01-P10_070_TAS_Contracts_AccountBreakdownByAward_2026-09-15_H22M13S36_01.csv,91795,Contracts,https://files.usaspending.gov/generated_downloads/FY2026P01-P10_070_TAS_AccountBreakdownByAward_2026-09-15_H22M11S11234807.zip,State and local governments
FY2026P04,070-0540,070-2026/2026-0540-000,5ZD2ZMB6YC5,,25.3,D,Q,,CONT_AWD_70CDCR24P00000004_7012_-NONE-_-NONE-,70CDCR24P00000004,,,,HZ4EUKDD7AB4,COUNTY OF OAKLAND,HZ4EUKDD7AB4,COUNTY OF OAKLAND,CLEMIS (OAKLAND COUNTY COURT AND LAW ENFORCEMENT MANAGEMENT INFORMATION SYSTEM) DATABASE FOR ICE OFFICERS ASSIGNED TO THE ICE/ERO/DETROIT AREA OF RESPONSIBILITY (AOR).,localhost:3000/award/CONT_AWD_70CDCR24P00000004_7012_-NONE-_-NONE-/,2026-05-15,DHS_FY2026P10_c:FY2026P01-P10_070_TAS_Contracts_AccountBreakdownByAward_2026-09-15_H22M13S36_01.csv:row:91796,data/raw/DHS_FY2026P10_c/FY2026P01-P10_070_TAS_AccountBreakdownByAward_2026-09-15_H22M11S11234807.zip,FY2026P01-P10_070_TAS_Contracts_AccountBreakdownByAward_2026-09-15_H22M13S36_01.csv,data/raw/DHS_FY2026P10_c/FY2026P01-P10_070_TAS_AccountBreakdownByAward_2026-09-15_H22M11S11234807.zip!FY2026P01-P10_070_TAS_Contracts_AccountBreakdownByAward_2026-09-15_H22M13S36_01.csv,91796,Contracts,https://files.usaspending.gov/generated_downloads/FY2026P01-P10_070_TAS_AccountBreakdownByAward_2026-09-15_H22M11S11234807.zip,State and local governments
FY2026P07,070-0540,070-2026/2026-0540-000,5ZD2ZMB6YC5,,25.3,D,Q,,CONT_AWD_70CDCR24P00000004_7012_-NONE-_-NONE-,70CDCR24P00000004,,,,HZ4EUKDD7AB4,COUNTY OF OAKLAND,HZ4EUKDD7AB4,COUNTY OF OAKLAND,CLEMIS (OAKLAND COUNTY COURT AND LAW ENFORCEMENT MANAGEMENT INFORMATION SYSTEM) DATABASE FOR ICE OFFICERS ASSIGNED TO THE ICE/ERO/DETROIT AREA OF RESPONSIBILITY (AOR).,localhost:3000/award/CONT_AWD_70CDCR24P00000004_7012_-NONE-_-NONE-/,2026-06-01,DHS_FY2026P10_c:FY2026P01-P10_070_TAS_Contracts_AccountBreakdownByAward_2026-09-15_H22M13S36_01.csv:row:91797,data/raw/DHS_FY2026P10_c/FY2026P01-P10_070_TAS_AccountBreakdownByAward_2026-09-15_H22M11S11234807.zip,FY2026P01-P10_070_TAS_Contracts_AccountBreakdownByAward_2026-09-15_H22M13S36_01.csv,data/raw/DHS_FY2026P10_c/FY2026P01-P10_070_TAS_AccountBreakdownByAward_2026-09-15_H22M11S11234807.zip!FY2026P01-P10_070_TAS_Contracts_AccountBreakdownByAward_2026-09-15_H22M13S36_01.csv,91797,Contracts,https://files.usaspending.gov/generated_downloads/FY2026P01-P10_070_TAS_AccountBreakdownByAward_2026-09-15_H22M11S11234807.zip,State and local governments
FY2026P04,070-0540,070-2025/2025-0540-000,5ZD2ZMB6YC5,,25.2,D,Q,,CONT_AWD_70CDCR25P00000016_7012_-NONE-_-NONE-,70CDCR25P00000016,,,,P33MHG98ZU64,UTAH COMMUNICATIONS AUTHORITY,P33MHG98ZU64,UTAH COMMUNICATIONS AUTHORITY,"NEW TASK ORDER FOR ICE/ERO SALT LAKE CITY FIELD OFFICE, OGDEN, PROVO, AND ST. GEORGE SUB-OFFICES WITH RADIO PROGRAMING AND MONTHLY RADIO SERVICE VIA THE 800MHZ PUBLIC RADIO SYSTEM.",localhost:3000/award/CONT_AWD_70CDCR25P00000016_7012_-NONE-_-NONE-/,2026-05-15,DHS_FY2026P10_c:FY2026P01-P10_070_TAS_Contracts_AccountBreakdownByAward_2026-09-15_H22M13S36_01.csv:row:94055,data/raw/DHS_FY2026P10_c/FY2026P01-P10_070_TAS_AccountBreakdownByAward_2026-09-15_H22M11S11234807.zip,FY2026P01-P10_070_TAS_Contracts_AccountBreakdownByAward_2026-09-15_H22M13S36_01.csv,data/raw/DHS_FY2026P10_c/FY2026P01-P10_070_TAS_AccountBreakdownByAward_2026-09-15_H22M11S11234807.zip!FY2026P01-P10_070_TAS_Contracts_AccountBreakdownByAward_2026-09-15_H22M13S36_01.csv,94055,Contracts,https://files.usaspending.gov/generated_downloads/FY2026P01-P10_070_TAS_AccountBreakdownByAward_2026-09-15_H22M11S11234807.zip,State and local governments
FY2026P05,070-0540,070-2025/2025-0540-000,5ZD2ZMB6YC5,,25.2,D,Q,,CONT_AWD_70CDCR25P00000016_7012_-NONE-_-NONE-,70CDCR25P00000016,,,,P33MHG98ZU64,UTAH COMMUNICATIONS AUTHORITY,P33MHG98ZU64,UTAH COMMUNICATIONS AUTHORITY,"NEW TASK ORDER FOR ICE/ERO SALT LAKE CITY FIELD OFFICE, OGDEN, PROVO, AND ST. GEORGE SUB-OFFICES WITH RADIO PROGRAMING AND MONTHLY RADIO SERVICE VIA THE 800MHZ PUBLIC RADIO SYSTEM.",localhost:3000/award/CONT_AWD_70CDCR25P00000016_7012_-NONE-_-NONE-/,2026-05-15,DHS_FY2026P10_c:FY2026P01-P10_070_TAS_Contracts_AccountBreakdownByAward_2026-09-15_H22M13S36_01.csv:row:94056,data/raw/DHS_FY2026P10_c/FY2026P01-P10_070_TAS_AccountBreakdownByAward_2026-09-15_H22M11S11234807.zip,FY2026P01-P10_070_TAS_Contracts_AccountBreakdownByAward_2026-09-15_H22M13S36_01.csv,data/raw/DHS_FY2026P10_c/FY2026P01-P10_070_TAS_AccountBreakdownByAward_2026-09-15_H22M11S11234807.zip!FY2026P01-P10_070_TAS_Contracts_AccountBreakdownByAward_2026-09-15_H22M13S36_01.csv,94056,Contracts,https://files.usaspending.gov/generated_downloads/FY2026P01-P10_070_TAS_AccountBreakdownByAward_2026-09-15_H22M11S11234807.zip,State and local governments
FY2026P06,070-0540,070-2025/2025-0540-000,5ZD2ZMB6YC5,,25.2,D,Q,,CONT_AWD_70CDCR25P00000016_7012_-NONE-_-NONE-,70CDCR25P00000016,,,,P33MHG98ZU64,UTAH COMMUNICATIONS AUTHORITY,P33MHG98ZU64,UTAH COMMUNICATIONS AUTHORITY,"NEW TASK ORDER FOR ICE/ERO SALT LAKE CITY FIELD OFFICE, OGDEN, PROVO, AND ST. GEORGE SUB-OFFICES WITH RADIO PROGRAMING AND MONTHLY RADIO SERVICE VIA THE 800MHZ PUBLIC RADIO SYSTEM.",localhost:3000/award/CONT_AWD_70CDCR25P00000016_7012_-NONE-_-NONE-/,2026-08-07,DHS_FY2026P10_c:FY2026P01-P10_070_TAS_Contracts_AccountBreakdownByAward_2026-09-15_H22M13S36_01.csv:row:94057,data/raw/DHS_FY2026P10_c/FY2026P01-P10_070_TAS_AccountBreakdownByAward_2026-09-15_H22M11S11234807.zip,FY2026P01-P10_070_TAS_Contracts_AccountBreakdownByAward_2026-09-15_H22M13S36_01.csv,data/raw/DHS_FY2026P10_c/FY2026P01-P10_070_TAS_AccountBreakdownByAward_2026-09-15_H22M11S11234807.zip!FY2026P01-P10_070_TAS_Contracts_AccountBreakdownByAward_2026-09-15_H22M13S36_01.csv,94057,Contracts,https://files.usaspending.gov/generated_downloads/FY2026P01-P10_070_TAS_AccountBreakdownByAward_2026-09-15_H22M11S11234807.zip,State and local governments
FY2026P07,070-0540,070-2025/2025-0540-000,5ZD2ZMB6YC5,,25.2,D,Q,,CONT_AWD_70CDCR25P00000016_7012_-NONE-_-NONE-,70CDCR25P00000016,,,,P33MHG98ZU64,UTAH COMMUNICATIONS AUTHORITY,P33MHG98ZU64,UTAH COMMUNICATIONS AUTHORITY,"NEW TASK ORDER FOR ICE/ERO SALT LAKE CITY FIELD OFFICE, OGDEN, PROVO, AND ST. GEORGE SUB-OFFICES WITH RADIO PROGRAMING AND MONTHLY RADIO SERVICE VIA THE 800MHZ PUBLIC RADIO SYSTEM.",localhost:3000/award/CONT_AWD_70CDCR25P00000016_7012_-NONE-_-NONE-/,2026-06-01,DHS_FY2026P10_c:FY2026P01-P10_070_TAS_Contracts_AccountBreakdownByAward_2026-09-15_H22M13S36_01.csv:row:94058,data/raw/DHS_FY2026P10_c/FY2026P01-P10_070_TAS_AccountBreakdownByAward_2026-09-15_H22M11S11234807.zip,FY2026P01-P10_070_TAS_Contracts_AccountBreakdownByAward_2026-09-15_H22M13S36_01.csv,data/raw/DHS_FY2026P10_c/FY2026P01-P10_070_TAS_AccountBreakdownByAward_2026-09-15_H22M11S11234807.zip!FY2026P01-P10_070_TAS_Contracts_AccountBreakdownByAward_2026-09-15_H22M13S36_01.csv,94058,Contracts,https://files.usaspending.gov/generated_downloads/FY2026P01-P10_070_TAS_AccountBreakdownByAward_2026-09-15_H22M11S11234807.zip,State and local governments
FY2026P10,070-0540,070-2025/2029-0540-000,5ZD2ZMB6YC1,,25.2,D,Q,-34944.00,CONT_AWD_70CDCR25P00000016_7012_-NONE-_-NONE-,70CDCR25P00000016,,,,P33MHG98ZU64,UTAH COMMUNICATIONS AUTHORITY,P33MHG98ZU64,UTAH COMMUNICATIONS AUTHORITY,"NEW TASK ORDER FOR ICE/ERO SALT LAKE CITY FIELD OFFICE, OGDEN, PROVO, AND ST. GEORGE SUB-OFFICES WITH RADIO PROGRAMING AND MONTHLY RADIO SERVICE VIA THE 800MHZ PUBLIC RADIO SYSTEM.",localhost:3000/award/CONT_AWD_70CDCR25P00000016_7012_-NONE-_-NONE-/,2026-08-31,DHS_FY2026P10_c:FY2026P01-P10_070_TAS_Contracts_AccountBreakdownByAward_2026-09-15_H22M13S36_01.csv:row:94059,data/raw/DHS_FY2026P10_c/FY2026P01-P10_070_TAS_AccountBreakdownByAward_2026-09-15_H22M11S11234807.zip,FY2026P01-P10_070_TAS_Contracts_AccountBreakdownByAward_2026-09-15_H22M13S36_01.csv,data/raw/DHS_FY2026P10_c/FY2026P01-P10_070_TAS_AccountBreakdownByAward_2026-09-15_H22M11S11234807.zip!FY2026P01-P10_070_TAS_Contracts_AccountBreakdownByAward_2026-09-15_H22M13S36_01.csv,94059,Contracts,https://files.usaspending.gov/generated_downloads/FY2026P01-P10_070_TAS_AccountBreakdownByAward_2026-09-15_H22M11S11234807.zip,State and local governments
FY2026P08,070-0540,070-2025/2025-0540-000,5ZD2ZMB6YC5,,25.2,D,Q,,CONT_AWD_70CDCR25P00000016_7012_-NONE-_-NONE-,70CDCR25P00000016,,,,P33MHG98ZU64,UTAH COMMUNICATIONS AUTHORITY,P33MHG98ZU64,UTAH COMMUNICATIONS AUTHORITY,"NEW TASK ORDER FOR ICE/ERO SALT LAKE CITY FIELD OFFICE, OGDEN, PROVO, AND ST. GEORGE SUB-OFFICES WITH RADIO PROGRAMING AND MONTHLY RADIO SERVICE VIA THE 800MHZ PUBLIC RADIO SYSTEM.",localhost:3000/award/CONT_AWD_70CDCR25P00000016_7012_-NONE-_-NONE-/,2026-07-02,DHS_FY2026P10_c:FY2026P01-P10_070_TAS_Contracts_AccountBreakdownByAward_2026-09-15_H22M13S36_01.csv:row:94060,data/raw/DHS_FY2026P10_c/FY2026P01-P10_070_TAS_AccountBreakdownByAward_2026-09-15_H22M11S11234807.zip,FY2026P01-P10_070_TAS_Contracts_AccountBreakdownByAward_2026-09-15_H22M13S36_01.csv,data/raw/DHS_FY2026P10_c/FY2026P01-P10_070_TAS_AccountBreakdownByAward_2026-09-15_H22M11S11234807.zip!FY2026P01-P10_070_TAS_Contracts_AccountBreakdownByAward_2026-09-15_H22M13S36_01.csv,94060,Contracts,https://files.usaspending.gov/generated_downloads/FY2026P01-P10_070_TAS_AccountBreakdownByAward_2026-09-15_H22M11S11234807.zip,State and local governments
FY2026P10,070-0540,070-2025/2029-0540-000,5ZD2ZMB6YC1,,25.2,D,Q,34944.00,CONT_AWD_70CDCR25P00000016_7012_-NONE-_-NONE-,70CDCR25P00000016,,,,P33MHG98ZU64,UTAH COMMUNICATIONS AUTHORITY,P33MHG98ZU64,UTAH COMMUNICATIONS AUTHORITY,"NEW TASK ORDER FOR ICE/ERO SALT LAKE CITY FIELD OFFICE, OGDEN, PROVO, AND ST. GEORGE SUB-OFFICES WITH RADIO PROGRAMING AND MONTHLY RADIO SERVICE VIA THE 800MHZ PUBLIC RADIO SYSTEM.",localhost:3000/award/CONT_AWD_70CDCR25P00000016_7012_-NONE-_-NONE-/,2026-08-31,DHS_FY2026P10_c:FY2026P01-P10_070_TAS_Contracts_AccountBreakdownByAward_2026-09-15_H22M13S36_01.csv:row:94061,data/raw/DHS_FY2026P10_c/FY2026P01-P10_070_TAS_AccountBreakdownByAward_2026-09-15_H22M11S11234807.zip,FY2026P01-P10_070_TAS_Contracts_AccountBreakdownByAward_2026-09-15_H22M13S36_01.csv,data/raw/DHS_FY2026P10_c/FY2026P01-P10_070_TAS_AccountBreakdownByAward_2026-09-15_H22M11S11234807.zip!FY2026P01-P10_070_TAS_Contracts_AccountBreakdownByAward_2026-09-15_H22M13S36_01.csv,94061,Contracts,https://files.usaspending.gov/generated_downloads/FY2026P01-P10_070_TAS_AccountBreakdownByAward_2026-09-15_H22M11S11234807.zip,State and local governments
FY2026P10,070-0540,070-2025/2025-0540-000,5ZD2ZMB6YC5,,25.2,D,Q,,CONT_AWD_70CDCR25P00000016_7012_-NONE-_-NONE-,70CDCR25P00000016,,,,P33MHG98ZU64,UTAH COMMUNICATIONS AUTHORITY,P33MHG98ZU64,UTAH COMMUNICATIONS AUTHORITY,"NEW TASK ORDER FOR ICE/ERO SALT LAKE CITY FIELD OFFICE, OGDEN, PROVO, AND ST. GEORGE SUB-OFFICES WITH RADIO PROGRAMING AND MONTHLY RADIO SERVICE VIA THE 800MHZ PUBLIC RADIO SYSTEM.",localhost:3000/award/CONT_AWD_70CDCR25P00000016_7012_-NONE-_-NONE-/,2026-08-31,DHS_FY2026P10_c:FY2026P01-P10_070_TAS_Contracts_AccountBreakdownByAward_2026-09-15_H22M13S36_01.csv:row:94062,data/raw/DHS_FY2026P10_c/FY2026P01-P10_070_TAS_AccountBreakdownByAward_2026-09-15_H22M11S11234807.zip,FY2026P01-P10_070_TAS_Contracts_AccountBreakdownByAward_2026-09-15_H22M13S36_01.csv,data/raw/DHS_FY2026P10_c/FY2026P01-P10_070_TAS_AccountBreakdownByAward_2026-09-15_H22M11S11234807.zip!FY2026P01-P10_070_TAS_Contracts_AccountBreakdownByAward_2026-09-15_H22M13S36_01.csv,94062,Contracts,https://files.usaspending.gov/generated_downloads/FY2026P01-P10_070_TAS_AccountBreakdownByAward_2026-09-15_H22M11S11234807.zip,State and local governments
FY2026P02,070-0540,070-2025/2025-0540-000,5ZD2ZMB6YC5,,25.2,D,Q,,CONT_AWD_70CDCR25P00000016_7012_-NONE-_-NONE-,70CDCR25P00000016,,,,P33MHG98ZU64,UTAH COMMUNICATIONS AUTHORITY,P33MHG98ZU64,UTAH COMMUNICATIONS AUTHORITY,"NEW TASK ORDER FOR ICE/ERO SALT LAKE CITY FIELD OFFICE, OGDEN, PROVO, AND ST. GEORGE SUB-OFFICES WITH RADIO PROGRAMING AND MONTHLY RADIO SERVICE VIA THE 800MHZ PUBLIC RADIO SYSTEM.",localhost:3000/award/CONT_AWD_70CDCR25P00000016_7012_-NONE-_-NONE-/,2026-02-13,DHS_FY2026P10_c:FY2026P01-P10_070_TAS_Contracts_AccountBreakdownByAward_2026-09-15_H22M13S36_01.csv:row:94063,data/raw/DHS_FY2026P10_c/FY2026P01-P10_070_TAS_AccountBreakdownByAward_2026-09-15_H22M11S11234807.zip,FY2026P01-P10_070_TAS_Contracts_AccountBreakdownByAward_2026-09-15_H22M13S36_01.csv,data/raw/DHS_FY2026P10_c/FY2026P01-P10_070_TAS_AccountBreakdownByAward_2026-09-15_H22M11S11234807.zip!FY2026P01-P10_070_TAS_Contracts_AccountBreakdownByAward_2026-09-15_H22M13S36_01.csv,94063,Contracts,https://files.usaspending.gov/generated_downloads/FY2026P01-P10_070_TAS_AccountBreakdownByAward_2026-09-15_H22M11S11234807.zip,State and local governments
FY2026P03,070-0540,070-2025/2025-0540-000,5ZD2ZMB6YC5,,25.2,D,Q,,CONT_AWD_70CDCR25P00000016_7012_-NONE-_-NONE-,70CDCR25P00000016,,,,P33MHG98ZU64,UTAH COMMUNICATIONS AUTHORITY,P33MHG98ZU64,UTAH COMMUNICATIONS AUTHORITY,"NEW TASK ORDER FOR ICE/ERO SALT LAKE CITY FIELD OFFICE, OGDEN, PROVO, AND ST. GEORGE SUB-OFFICES WITH RADIO PROGRAMING AND MONTHLY RADIO SERVICE VIA THE 800MHZ PUBLIC RADIO SYSTEM.",localhost:3000/award/CONT_AWD_70CDCR25P00000016_7012_-NONE-_-NONE-/,2026-08-07,DHS_FY2026P10_c:FY2026P01-P10_070_TAS_Contracts_AccountBreakdownByAward_2026-09-15_H22M13S36_01.csv:row:94064,data/raw/DHS_FY2026P10_c/FY2026P01-P10_070_TAS_AccountBreakdownByAward_2026-09-15_H22M11S11234807.zip,FY2026P01-P10_070_TAS_Contracts_AccountBreakdownByAward_2026-09-15_H22M13S36_01.csv,data/raw/DHS_FY2026P10_c/FY2026P01-P10_070_TAS_AccountBreakdownByAward_2026-09-15_H22M11S11234807.zip!FY2026P01-P10_070_TAS_Contracts_AccountBreakdownByAward_2026-09-15_H22M13S36_01.csv,94064,Contracts,https://files.usaspending.gov/generated_downloads/FY2026P01-P10_070_TAS_AccountBreakdownByAward_2026-09-15_H22M11S11234807.zip,State and local governments
FY2026P09,070-0540,070-2025/2029-0540-000,5ZD2ZMB6YC1,,25.2,D,Q,34944.00,CONT_AWD_70CDCR25P00000016_7012_-NONE-_-NONE-,70CDCR25P00000016,,,,P33MHG98ZU64,UTAH COMMUNICATIONS AUTHORITY,P33MHG98ZU64,UTAH COMMUNICATIONS AUTHORITY,"NEW TASK ORDER FOR ICE/ERO SALT LAKE CITY FIELD OFFICE, OGDEN, PROVO, AND ST. GEORGE SUB-OFFICES WITH RADIO PROGRAMING AND MONTHLY RADIO SERVICE VIA THE 800MHZ PUBLIC RADIO SYSTEM.",localhost:3000/award/CONT_AWD_70CDCR25P00000016_7012_-NONE-_-NONE-/,2026-07-30,DHS_FY2026P10_c:FY2026P01-P10_070_TAS_Contracts_AccountBreakdownByAward_2026-09-15_H22M13S36_01.csv:row:94065,data/raw/DHS_FY2026P10_c/FY2026P01-P10_070_TAS_AccountBreakdownByAward_2026-09-15_H22M11S11234807.zip,FY2026P01-P10_070_TAS_Contracts_AccountBreakdownByAward_2026-09-15_H22M13S36_01.csv,data/raw/DHS_FY2026P10_c/FY2026P01-P10_070_TAS_AccountBreakdownByAward_2026-09-15_H22M11S11234807.zip!FY2026P01-P10_070_TAS_Contracts_AccountBreakdownByAward_2026-09-15_H22M13S36_01.csv,94065,Contracts,https://files.usaspending.gov/generated_downloads/FY2026P01-P10_070_TAS_AccountBreakdownByAward_2026-09-15_H22M11S11234807.zip,State and local governments
FY2026P09,070-0540,070-2025/2025-0540-000,5ZD2ZMB6YC5,,25.2,D,Q,,CONT_AWD_70CDCR25P00000016_7012_-NONE-_-NONE-,70CDCR25P00000016,,,,P33MHG98ZU64,UTAH COMMUNICATIONS AUTHORITY,P33MHG98ZU64,UTAH COMMUNICATIONS AUTHORITY,"NEW TASK ORDER FOR ICE/ERO SALT LAKE CITY FIELD OFFICE, OGDEN, PROVO, AND ST. GEORGE SUB-OFFICES WITH RADIO PROGRAMING AND MONTHLY RADIO SERVICE VIA THE 800MHZ PUBLIC RADIO SYSTEM.",localhost:3000/award/CONT_AWD_70CDCR25P00000016_7012_-NONE-_-NONE-/,2026-07-30,DHS_FY2026P10_c:FY2026P01-P10_070_TAS_Contracts_AccountBreakdownByAward_2026-09-15_H22M13S36_01.csv:row:94066,data/raw/DHS_FY2026P10_c/FY2026P01-P10_070_TAS_AccountBreakdownByAward_2026-09-15_H22M11S11234807.zip,FY2026P01-P10_070_TAS_Contracts_AccountBreakdownByAward_2026-09-15_H22M13S36_01.csv,data/raw/DHS_FY2026P10_c/FY2026P01-P10_070_TAS_AccountBreakdownByAward_2026-09-15_H22M11S11234807.zip!FY2026P01-P10_070_TAS_Contracts_AccountBreakdownByAward_2026-09-15_H22M13S36_01.csv,94066,Contracts,https://files.usaspending.gov/generated_downloads/FY2026P01-P10_070_TAS_AccountBreakdownByAward_2026-09-15_H22M11S11234807.zip,State and local governments
FY2026P07,070-0540,070-2025/2025-0540-000,5ZD2ZMB6YC5,,25.2,D,Q,,CONT_AWD_70CDCR21P00000035_7012_-NONE-_-NONE-,70CDCR21P00000035,,,,CMJDW5CP7WA8,HUDSON RIVER PARK TRUST,CMJDW5CP7WA8,HUDSON RIVER PARK TRUST,PROVIDE SECURE PARKING SPACES DHS/ICE/ERO NEW YORK,localhost:3000/award/CONT_AWD_70CDCR21P00000035_7012_-NONE-_-NONE-/,2026-06-01,DHS_FY2026P10_c:FY2026P01-P10_070_TAS_Contracts_AccountBreakdownByAward_2026-09-15_H22M13S36_01.csv:row:104394,data/raw/DHS_FY2026P10_c/FY2026P01-P10_070_TAS_AccountBreakdownByAward_2026-09-15_H22M11S11234807.zip,FY2026P01-P10_070_TAS_Contracts_AccountBreakdownByAward_2026-09-15_H22M13S36_01.csv,data/raw/DHS_FY2026P10_c/FY2026P01-P10_070_TAS_AccountBreakdownByAward_2026-09-15_H22M11S11234807.zip!FY2026P01-P10_070_TAS_Contracts_AccountBreakdownByAward_2026-09-15_H22M13S36_01.csv,104394,Contracts,https://files.usaspending.gov/generated_downloads/FY2026P01-P10_070_TAS_AccountBreakdownByAward_2026-09-15_H22M11S11234807.zip,State and local governments
FY2026P02,070-0540,070-2025/2025-0540-000,5ZD2ZMB6YC5,,25.2,D,Q,,CONT_AWD_70CDCR21P00000035_7012_-NONE-_-NONE-,70CDCR21P00000035,,,,CMJDW5CP7WA8,HUDSON RIVER PARK TRUST,CMJDW5CP7WA8,HUDSON RIVER PARK TRUST,PROVIDE SECURE PARKING SPACES DHS/ICE/ERO NEW YORK,localhost:3000/award/CONT_AWD_70CDCR21P00000035_7012_-NONE-_-NONE-/,2026-02-13,DHS_FY2026P10_c:FY2026P01-P10_070_TAS_Contracts_AccountBreakdownByAward_2026-09-15_H22M13S36_01.csv:row:104395,data/raw/DHS_FY2026P10_c/FY2026P01-P10_070_TAS_AccountBreakdownByAward_2026-09-15_H22M11S11234807.zip,FY2026P01-P10_070_TAS_Contracts_AccountBreakdownByAward_2026-09-15_H22M13S36_01.csv,data/raw/DHS_FY2026P10_c/FY2026P01-P10_070_TAS_AccountBreakdownByAward_2026-09-15_H22M11S11234807.zip!FY2026P01-P10_070_TAS_Contracts_AccountBreakdownByAward_2026-09-15_H22M13S36_01.csv,104395,Contracts,https://files.usaspending.gov/generated_downloads/FY2026P01-P10_070_TAS_AccountBreakdownByAward_2026-09-15_H22M11S11234807.zip,State and local governments
FY2026P03,070-0540,070-2025/2025-0540-000,5ZD2ZMB6YC5,,25.2,D,Q,,CONT_AWD_70CDCR21P00000035_7012_-NONE-_-NONE-,70CDCR21P00000035,,,,CMJDW5CP7WA8,HUDSON RIVER PARK TRUST,CMJDW5CP7WA8,HUDSON RIVER PARK TRUST,PROVIDE SECURE PARKING SPACES DHS/ICE/ERO NEW YORK,localhost:3000/award/CONT_AWD_70CDCR21P00000035_7012_-NONE-_-NONE-/,2026-08-07,DHS_FY2026P10_c:FY2026P01-P10_070_TAS_Contracts_AccountBreakdownByAward_2026-09-15_H22M13S36_01.csv:row:104396,data/raw/DHS_FY2026P10_c/FY2026P01-P10_070_TAS_AccountBreakdownByAward_2026-09-15_H22M11S11234807.zip,FY2026P01-P10_070_TAS_Contracts_AccountBreakdownByAward_2026-09-15_H22M13S36_01.csv,data/raw/DHS_FY2026P10_c/FY2026P01-P10_070_TAS_AccountBreakdownByAward_2026-09-15_H22M11S11234807.zip!FY2026P01-P10_070_TAS_Contracts_AccountBreakdownByAward_2026-09-15_H22M13S36_01.csv,104396,Contracts,https://files.usaspending.gov/generated_downloads/FY2026P01-P10_070_TAS_AccountBreakdownByAward_2026-09-15_H22M11S11234807.zip,State and local governments
FY2026P08,070-0540,070-2025/2025-0540-000,5ZD2ZMB6YC5,,25.2,D,Q,,CONT_AWD_70CDCR21P00000035_7012_-NONE-_-NONE-,70CDCR21P00000035,,,,CMJDW5CP7WA8,HUDSON RIVER PARK TRUST,CMJDW5CP7WA8,HUDSON RIVER PARK TRUST,PROVIDE SECURE PARKING SPACES DHS/ICE/ERO NEW YORK,localhost:3000/award/CONT_AWD_70CDCR21P00000035_7012_-NONE-_-NONE-/,2026-07-02,DHS_FY2026P10_c:FY2026P01-P10_070_TAS_Contracts_AccountBreakdownByAward_2026-09-15_H22M13S36_01.csv:row:104397,data/raw/DHS_FY2026P10_c/FY2026P01-P10_070_TAS_AccountBreakdownByAward_2026-09-15_H22M11S11234807.zip,FY2026P01-P10_070_TAS_Contracts_AccountBreakdownByAward_2026-09-15_H22M13S36_01.csv,data/raw/DHS_FY2026P10_c/FY2026P01-P10_070_TAS_AccountBreakdownByAward_2026-09-15_H22M11S11234807.zip!FY2026P01-P10_070_TAS_Contracts_AccountBreakdownByAward_2026-09-15_H22M13S36_01.csv,104397,Contracts,https://files.usaspending.gov/generated_downloads/FY2026P01-P10_070_TAS_AccountBreakdownByAward_2026-09-15_H22M11S11234807.zip,State and local governments
FY2026P05,070-0540,070-2025/2025-0540-000,5ZD2ZMB6YC5,,25.2,D,Q,,CONT_AWD_70CDCR21P00000035_7012_-NONE-_-NONE-,70CDCR21P00000035,,,,CMJDW5CP7WA8,HUDSON RIVER PARK TRUST,CMJDW5CP7WA8,HUDSON RIVER PARK TRUST,PROVIDE SECURE PARKING SPACES DHS/ICE/ERO NEW YORK,localhost:3000/award/CONT_AWD_70CDCR21P00000035_7012_-NONE-_-NONE-/,2026-05-15,DHS_FY2026P10_c:FY2026P01-P10_070_TAS_Contracts_AccountBreakdownByAward_2026-09-15_H22M13S36_01.csv:row:104398,data/raw/DHS_FY2026P10_c/FY2026P01-P10_070_TAS_AccountBreakdownByAward_2026-09-15_H22M11S11234807.zip,FY2026P01-P10_070_TAS_Contracts_AccountBreakdownByAward_2026-09-15_H22M13S36_01.csv,data/raw/DHS_FY2026P10_c/FY2026P01-P10_070_TAS_AccountBreakdownByAward_2026-09-15_H22M11S11234807.zip!FY2026P01-P10_070_TAS_Contracts_AccountBreakdownByAward_2026-09-15_H22M13S36_01.csv,104398,Contracts,https://files.usaspending.gov/generated_downloads/FY2026P01-P10_070_TAS_AccountBreakdownByAward_2026-09-15_H22M11S11234807.zip,State and local governments
FY2026P10,070-0540,070-2025/2025-0540-000,5ZD2ZMB6YC5,,25.2,D,Q,,CONT_AWD_70CDCR21P00000035_7012_-NONE-_-NONE-,70CDCR21P00000035,,,,CMJDW5CP7WA8,HUDSON RIVER PARK TRUST,CMJDW5CP7WA8,HUDSON RIVER PARK TRUST,PROVIDE SECURE PARKING SPACES DHS/ICE/ERO NEW YORK,localhost:3000/award/CONT_AWD_70CDCR21P00000035_7012_-NONE-_-NONE-/,2026-08-31,DHS_FY2026P10_c:FY2026P01-P10_070_TAS_Contracts_AccountBreakdownByAward_2026-09-15_H22M13S36_01.csv:row:104399,data/raw/DHS_FY2026P10_c/FY2026P01-P10_070_TAS_AccountBreakdownByAward_2026-09-15_H22M11S11234807.zip,FY2026P01-P10_070_TAS_Contracts_AccountBreakdownByAward_2026-09-15_H22M13S36_01.csv,data/raw/DHS_FY2026P10_c/FY2026P01-P10_070_TAS_AccountBreakdownByAward_2026-09-15_H22M11S11234807.zip!FY2026P01-P10_070_TAS_Contracts_AccountBreakdownByAward_2026-09-15_H22M13S36_01.csv,104399,Contracts,https://files.usaspending.gov/generated_downloads/FY2026P01-P10_070_TAS_AccountBreakdownByAward_2026-09-15_H22M11S11234807.zip,State and local governments
FY2026P10,070-0540,070-2026/2026-0540-000,5ZD2ZMB6YC5,,25.2,D,Q,,CONT_AWD_70CDCR21P00000035_7012_-NONE-_-NONE-,70CDCR21P00000035,,,,CMJDW5CP7WA8,HUDSON RIVER PARK TRUST,CMJDW5CP7WA8,HUDSON RIVER PARK TRUST,PROVIDE SECURE PARKING SPACES DHS/ICE/ERO NEW YORK,localhost:3000/award/CONT_AWD_70CDCR21P00000035_7012_-NONE-_-NONE-/,2026-08-31,DHS_FY2026P10_c:FY2026P01-P10_070_TAS_Contracts_AccountBreakdownByAward_2026-09-15_H22M13S36_01.csv:row:104400,data/raw/DHS_FY2026P10_c/FY2026P01-P10_070_TAS_AccountBreakdownByAward_2026-09-15_H22M11S11234807.zip,FY2026P01-P10_070_TAS_Contracts_AccountBreakdownByAward_2026-09-15_H22M13S36_01.csv,data/raw/DHS_FY2026P10_c/FY2026P01-P10_070_TAS_AccountBreakdownByAward_2026-09-15_H22M11S11234807.zip!FY2026P01-P10_070_TAS_Contracts_AccountBreakdownByAward_2026-09-15_H22M13S36_01.csv,104400,Contracts,https://files.usaspending.gov/generated_downloads/FY2026P01-P10_070_TAS_AccountBreakdownByAward_2026-09-15_H22M11S11234807.zip,State and local governments
FY2026P04,070-0540,070-2025/2025-0540-000,5ZD2ZMB6YC5,,25.2,D,Q,,CONT_AWD_70CDCR21P00000035_7012_-NONE-_-NONE-,70CDCR21P00000035,,,,CMJDW5CP7WA8,HUDSON RIVER PARK TRUST,CMJDW5CP7WA8,HUDSON RIVER PARK TRUST,PROVIDE SECURE PARKING SPACES DHS/ICE/ERO NEW YORK,localhost:3000/award/CONT_AWD_70CDCR21P00000035_7012_-NONE-_-NONE-/,2026-05-15,DHS_FY2026P10_c:FY2026P01-P10_070_TAS_Contracts_AccountBreakdownByAward_2026-09-15_H22M13S36_01.csv:row:104401,data/raw/DHS_FY2026P10_c/FY2026P01-P10_070_TAS_AccountBreakdownByAward_2026-09-15_H22M11S11234807.zip,FY2026P01-P10_070_TAS_Contracts_AccountBreakdownByAward_2026-09-15_H22M13S36_01.csv,data/raw/DHS_FY2026P10_c/FY2026P01-P10_070_TAS_AccountBreakdownByAward_2026-09-15_H22M11S11234807.zip!FY2026P01-P10_070_TAS_Contracts_AccountBreakdownByAward_2026-09-15_H22M13S36_01.csv,104401,Contracts,https://files.usaspending.gov/generated_downloads/FY2026P01-P10_070_TAS_AccountBreakdownByAward_2026-09-15_H22M11S11234807.zip,State and local governments
FY2026P06,070-0540,070-2025/2025-0540-000,5ZD2ZMB6YC5,,25.2,D,Q,,CONT_AWD_70CDCR21P00000035_7012_-NONE-_-NONE-,70CDCR21P00000035,,,,CMJDW5CP7WA8,HUDSON RIVER PARK TRUST,CMJDW5CP7WA8,HUDSON RIVER PARK TRUST,PROVIDE SECURE PARKING SPACES DHS/ICE/ERO NEW YORK,localhost:3000/award/CONT_AWD_70CDCR21P00000035_7012_-NONE-_-NONE-/,2026-08-07,DHS_FY2026P10_c:FY2026P01-P10_070_TAS_Contracts_AccountBreakdownByAward_2026-09-15_H22M13S36_01.csv:row:104402,data/raw/DHS_FY2026P10_c/FY2026P01-P10_070_TAS_AccountBreakdownByAward_2026-09-15_H22M11S11234807.zip,FY2026P01-P10_070_TAS_Contracts_AccountBreakdownByAward_2026-09-15_H22M13S36_01.csv,data/raw/DHS_FY2026P10_c/FY2026P01-P10_070_TAS_AccountBreakdownByAward_2026-09-15_H22M11S11234807.zip!FY2026P01-P10_070_TAS_Contracts_AccountBreakdownByAward_2026-09-15_H22M13S36_01.csv,104402,Contracts,https://files.usaspending.gov/generated_downloads/FY2026P01-P10_070_TAS_AccountBreakdownByAward_2026-09-15_H22M11S11234807.zip,State and local governments
FY2026P09,070-0540,070-2025/2025-0540-000,5ZD2ZMB6YC5,,25.2,D,Q,,CONT_AWD_70CDCR21P00000035_7012_-NONE-_-NONE-,70CDCR21P00000035,,,,CMJDW5CP7WA8,HUDSON RIVER PARK TRUST,CMJDW5CP7WA8,HUDSON RIVER PARK TRUST,PROVIDE SECURE PARKING SPACES DHS/ICE/ERO NEW YORK,localhost:3000/award/CONT_AWD_70CDCR21P00000035_7012_-NONE-_-NONE-/,2026-07-30,DHS_FY2026P10_c:FY2026P01-P10_070_TAS_Contracts_AccountBreakdownByAward_2026-09-15_H22M13S36_01.csv:row:104403,data/raw/DHS_FY2026P10_c/FY2026P01-P10_070_TAS_AccountBreakdownByAward_2026-09-15_H22M11S11234807.zip,FY2026P01-P10_070_TAS_Contracts_AccountBreakdownByAward_2026-09-15_H22M13S36_01.csv,data/raw/DHS_FY2026P10_c/FY2026P01-P10_070_TAS_AccountBreakdownByAward_2026-09-15_H22M11S11234807.zip!FY2026P01-P10_070_TAS_Contracts_AccountBreakdownByAward_2026-09-15_H22M13S36_01.csv,104403,Contracts,https://files.usaspending.gov/generated_downloads/FY2026P01-P10_070_TAS_AccountBreakdownByAward_2026-09-15_H22M11S11234807.zip,State and local governments
FY2026P09,070-0540,070-2026/2026-0540-000,5ZD2ZMB6YC5,,25.2,D,Q,,CONT_AWD_70CDCR21P00000035_7012_-NONE-_-NONE-,70CDCR21P00000035,,,,CMJDW5CP7WA8,HUDSON RIVER PARK TRUST,CMJDW5CP7WA8,HUDSON RIVER PARK TRUST,PROVIDE SECURE PARKING SPACES DHS/ICE/ERO NEW YORK,localhost:3000/award/CONT_AWD_70CDCR21P00000035_7012_-NONE-_-NONE-/,2026-07-30,DHS_FY2026P10_c:FY2026P01-P10_070_TAS_Contracts_AccountBreakdownByAward_2026-09-15_H22M13S36_01.csv:row:104404,data/raw/DHS_FY2026P10_c/FY2026P01-P10_070_TAS_AccountBreakdownByAward_2026-09-15_H22M11S11234807.zip,FY2026P01-P10_070_TAS_Contracts_AccountBreakdownByAward_2026-09-15_H22M13S36_01.csv,data/raw/DHS_FY2026P10_c/FY2026P01-P10_070_TAS_AccountBreakdownByAward_2026-09-15_H22M11S11234807.zip!FY2026P01-P10_070_TAS_Contracts_AccountBreakdownByAward_2026-09-15_H22M13S36_01.csv,104404,Contracts,https://files.usaspending.gov/generated_downloads/FY2026P01-P10_070_TAS_AccountBreakdownByAward_2026-09-15_H22M11S11234807.zip,State and local governments
FY2026P07,070-0540,070-2024/2024-0540-000,5ZD2ZMB6YC5,,25.3,D,Q,,CONT_AWD_70CDCR21P00000019_7012_-NONE-_-NONE-,70CDCR21P00000019,,,,NMX3DMNLQHU5,OHIO DEPARTMENT OF ADMINISTRATIVE SERVICES,NMX3DMNLQHU5,OHIO DEPARTMENT OF ADMINISTRATIVE SERVICES,SUBSCRIPTION TO ACCESS STATE OF OHIO MULTI-AGENCY RADIO COMMUNICATION SYSTEM (MARCS),localhost:3000/award/CONT_AWD_70CDCR21P00000019_7012_-NONE-_-NONE-/,2026-06-01,DHS_FY2026P10_c:FY2026P01-P10_070_TAS_Contracts_AccountBreakdownByAward_2026-09-15_H22M13S36_01.csv:row:115907,data/raw/DHS_FY2026P10_c/FY2026P01-P10_070_TAS_AccountBreakdownByAward_2026-09-15_H22M11S11234807.zip,FY2026P01-P10_070_TAS_Contracts_AccountBreakdownByAward_2026-09-15_H22M13S36_01.csv,data/raw/DHS_FY2026P10_c/FY2026P01-P10_070_TAS_AccountBreakdownByAward_2026-09-15_H22M11S11234807.zip!FY2026P01-P10_070_TAS_Contracts_AccountBreakdownByAward_2026-09-15_H22M13S36_01.csv,115907,Contracts,https://files.usaspending.gov/generated_downloads/FY2026P01-P10_070_TAS_AccountBreakdownByAward_2026-09-15_H22M11S11234807.zip,State and local governments
FY2026P05,070-0540,070-2024/2024-0540-000,5ZD2ZMB6YC5,,25.3,D,Q,,CONT_AWD_70CDCR21P00000019_7012_-NONE-_-NONE-,70CDCR21P00000019,,,,NMX3DMNLQHU5,OHIO DEPARTMENT OF ADMINISTRATIVE SERVICES,NMX3DMNLQHU5,OHIO DEPARTMENT OF ADMINISTRATIVE SERVICES,SUBSCRIPTION TO ACCESS STATE OF OHIO MULTI-AGENCY RADIO COMMUNICATION SYSTEM (MARCS),localhost:3000/award/CONT_AWD_70CDCR21P00000019_7012_-NONE-_-NONE-/,2026-05-15,DHS_FY2026P10_c:FY2026P01-P10_070_TAS_Contracts_AccountBreakdownByAward_2026-09-15_H22M13S36_01.csv:row:115908,data/raw/DHS_FY2026P10_c/FY2026P01-P10_070_TAS_AccountBreakdownByAward_2026-09-15_H22M11S11234807.zip,FY2026P01-P10_070_TAS_Contracts_AccountBreakdownByAward_2026-09-15_H22M13S36_01.csv,data/raw/DHS_FY2026P10_c/FY2026P01-P10_070_TAS_AccountBreakdownByAward_2026-09-15_H22M11S11234807.zip!FY2026P01-P10_070_TAS_Contracts_AccountBreakdownByAward_2026-09-15_H22M13S36_01.csv,115908,Contracts,https://files.usaspending.gov/generated_downloads/FY2026P01-P10_070_TAS_AccountBreakdownByAward_2026-09-15_H22M11S11234807.zip,State and local governments
FY2026P05,070-0540,070-2026/2026-0540-000,5ZD2ZMB6YC5,,25.3,D,Q,,CONT_AWD_70CDCR21P00000019_7012_-NONE-_-NONE-,70CDCR21P00000019,,,,NMX3DMNLQHU5,OHIO DEPARTMENT OF ADMINISTRATIVE SERVICES,NMX3DMNLQHU5,OHIO DEPARTMENT OF ADMINISTRATIVE SERVICES,SUBSCRIPTION TO ACCESS STATE OF OHIO MULTI-AGENCY RADIO COMMUNICATION SYSTEM (MARCS),localhost:3000/award/CONT_AWD_70CDCR21P00000019_7012_-NONE-_-NONE-/,2026-05-15,DHS_FY2026P10_c:FY2026P01-P10_070_TAS_Contracts_AccountBreakdownByAward_2026-09-15_H22M13S36_01.csv:row:115909,data/raw/DHS_FY2026P10_c/FY2026P01-P10_070_TAS_AccountBreakdownByAward_2026-09-15_H22M11S11234807.zip,FY2026P01-P10_070_TAS_Contracts_AccountBreakdownByAward_2026-09-15_H22M13S36_01.csv,data/raw/DHS_FY2026P10_c/FY2026P01-P10_070_TAS_AccountBreakdownByAward_2026-09-15_H22M11S11234807.zip!FY2026P01-P10_070_TAS_Contracts_AccountBreakdownByAward_2026-09-15_H22M13S36_01.csv,115909,Contracts,https://files.usaspending.gov/generated_downloads/FY2026P01-P10_070_TAS_AccountBreakdownByAward_2026-09-15_H22M11S11234807.zip,State and local governments
FY2026P04,070-0540,070-2024/2024-0540-000,5ZD2ZMB6YC5,,25.3,D,Q,,CONT_AWD_70CDCR21P00000019_7012_-NONE-_-NONE-,70CDCR21P00000019,,,,NMX3DMNLQHU5,OHIO DEPARTMENT OF ADMINISTRATIVE SERVICES,NMX3DMNLQHU5,OHIO DEPARTMENT OF ADMINISTRATIVE SERVICES,SUBSCRIPTION TO ACCESS STATE OF OHIO MULTI-AGENCY RADIO COMMUNICATION SYSTEM (MARCS),localhost:3000/award/CONT_AWD_70CDCR21P00000019_7012_-NONE-_-NONE-/,2026-05-15,DHS_FY2026P10_c:FY2026P01-P10_070_TAS_Contracts_AccountBreakdownByAward_2026-09-15_H22M13S36_01.csv:row:115910,data/raw/DHS_FY2026P10_c/FY2026P01-P10_070_TAS_AccountBreakdownByAward_2026-09-15_H22M11S11234807.zip,FY2026P01-P10_070_TAS_Contracts_AccountBreakdownByAward_2026-09-15_H22M13S36_01.csv,data/raw/DHS_FY2026P10_c/FY2026P01-P10_070_TAS_AccountBreakdownByAward_2026-09-15_H22M11S11234807.zip!FY2026P01-P10_070_TAS_Contracts_AccountBreakdownByAward_2026-09-15_H22M13S36_01.csv,115910,Contracts,https://files.usaspending.gov/generated_downloads/FY2026P01-P10_070_TAS_AccountBreakdownByAward_2026-09-15_H22M11S11234807.zip,State and local governments
FY2026P05,070-0540,070-2025/2025-0540-000,5ZD2ZMB6YC5,,25.3,D,Q,,CONT_AWD_70CDCR21P00000019_7012_-NONE-_-NONE-,70CDCR21P00000019,,,,NMX3DMNLQHU5,OHIO DEPARTMENT OF ADMINISTRATIVE SERVICES,NMX3DMNLQHU5,OHIO DEPARTMENT OF ADMINISTRATIVE SERVICES,SUBSCRIPTION TO ACCESS STATE OF OHIO MULTI-AGENCY RADIO COMMUNICATION SYSTEM (MARCS),localhost:3000/award/CONT_AWD_70CDCR21P00000019_7012_-NONE-_-NONE-/,2026-05-15,DHS_FY2026P10_c:FY2026P01-P10_070_TAS_Contracts_AccountBreakdownByAward_2026-09-15_H22M13S36_01.csv:row:115911,data/raw/DHS_FY2026P10_c/FY2026P01-P10_070_TAS_AccountBreakdownByAward_2026-09-15_H22M11S11234807.zip,FY2026P01-P10_070_TAS_Contracts_AccountBreakdownByAward_2026-09-15_H22M13S36_01.csv,data/raw/DHS_FY2026P10_c/FY2026P01-P10_070_TAS_AccountBreakdownByAward_2026-09-15_H22M11S11234807.zip!FY2026P01-P10_070_TAS_Contracts_AccountBreakdownByAward_2026-09-15_H22M13S36_01.csv,115911,Contracts,https://files.usaspending.gov/generated_downloads/FY2026P01-P10_070_TAS_AccountBreakdownByAward_2026-09-15_H22M11S11234807.zip,State and local governments
FY2026P08,070-0540,070-2025/2025-0540-000,5ZD2ZMB6YC5,,25.3,D,Q,,CONT_AWD_70CDCR21P00000019_7012_-NONE-_-NONE-,70CDCR21P00000019,,,,NMX3DMNLQHU5,OHIO DEPARTMENT OF ADMINISTRATIVE SERVICES,NMX3DMNLQHU5,OHIO DEPARTMENT OF ADMINISTRATIVE SERVICES,SUBSCRIPTION TO ACCESS STATE OF OHIO MULTI-AGENCY RADIO COMMUNICATION SYSTEM (MARCS),localhost:3000/award/CONT_AWD_70CDCR21P00000019_7012_-NONE-_-NONE-/,2026-07-02,DHS_FY2026P10_c:FY2026P01-P10_070_TAS_Contracts_AccountBreakdownByAward_2026-09-15_H22M13S36_01.csv:row:115912,data/raw/DHS_FY2026P10_c/FY2026P01-P10_070_TAS_AccountBreakdownByAward_2026-09-15_H22M11S11234807.zip,FY2026P01-P10_070_TAS_Contracts_AccountBreakdownByAward_2026-09-15_H22M13S36_01.csv,data/raw/DHS_FY2026P10_c/FY2026P01-P10_070_TAS_AccountBreakdownByAward_2026-09-15_H22M11S11234807.zip!FY2026P01-P10_070_TAS_Contracts_AccountBreakdownByAward_2026-09-15_H22M13S36_01.csv,115912,Contracts,https://files.usaspending.gov/generated_downloads/FY2026P01-P10_070_TAS_AccountBreakdownByAward_2026-09-15_H22M11S11234807.zip,State and local governments
FY2026P08,070-0540,070-2024/2024-0540-000,5ZD2ZMB6YC5,,25.3,D,Q,,CONT_AWD_70CDCR21P00000019_7012_-NONE-_-NONE-,70CDCR21P00000019,,,,NMX3DMNLQHU5,OHIO DEPARTMENT OF ADMINISTRATIVE SERVICES,NMX3DMNLQHU5,OHIO DEPARTMENT OF ADMINISTRATIVE SERVICES,SUBSCRIPTION TO ACCESS STATE OF OHIO MULTI-AGENCY RADIO COMMUNICATION SYSTEM (MARCS),localhost:3000/award/CONT_AWD_70CDCR21P00000019_7012_-NONE-_-NONE-/,2026-07-02,DHS_FY2026P10_c:FY2026P01-P10_070_TAS_Contracts_AccountBreakdownByAward_2026-09-15_H22M13S36_01.csv:row:115913,data/raw/DHS_FY2026P10_c/FY2026P01-P10_070_TAS_AccountBreakdownByAward_2026-09-15_H22M11S11234807.zip,FY2026P01-P10_070_TAS_Contracts_AccountBreakdownByAward_2026-09-15_H22M13S36_01.csv,data/raw/DHS_FY2026P10_c/FY2026P01-P10_070_TAS_AccountBreakdownByAward_2026-09-15_H22M11S11234807.zip!FY2026P01-P10_070_TAS_Contracts_AccountBreakdownByAward_2026-09-15_H22M13S36_01.csv,115913,Contracts,https://files.usaspending.gov/generated_downloads/FY2026P01-P10_070_TAS_AccountBreakdownByAward_2026-09-15_H22M11S11234807.zip,State and local governments
FY2026P07,070-0540,070-2025/2025-0540-000,5ZD2ZMB6YC5,,25.3,D,Q,,CONT_AWD_70CDCR21P00000019_7012_-NONE-_-NONE-,70CDCR21P00000019,,,,NMX3DMNLQHU5,OHIO DEPARTMENT OF ADMINISTRATIVE SERVICES,NMX3DMNLQHU5,OHIO DEPARTMENT OF ADMINISTRATIVE SERVICES,SUBSCRIPTION TO ACCESS STATE OF OHIO MULTI-AGENCY RADIO COMMUNICATION SYSTEM (MARCS),localhost:3000/award/CONT_AWD_70CDCR21P00000019_7012_-NONE-_-NONE-/,2026-06-01,DHS_FY2026P10_c:FY2026P01-P10_070_TAS_Contracts_AccountBreakdownByAward_2026-09-15_H22M13S36_01.csv:row:115914,data/raw/DHS_FY2026P10_c/FY2026P01-P10_070_TAS_AccountBreakdownByAward_2026-09-15_H22M11S11234807.zip,FY2026P01-P10_070_TAS_Contracts_AccountBreakdownByAward_2026-09-15_H22M13S36_01.csv,data/raw/DHS_FY2026P10_c/FY2026P01-P10_070_TAS_AccountBreakdownByAward_2026-09-15_H22M11S11234807.zip!FY2026P01-P10_070_TAS_Contracts_AccountBreakdownByAward_2026-09-15_H22M13S36_01.csv,115914,Contracts,https://files.usaspending.gov/generated_downloads/FY2026P01-P10_070_TAS_AccountBreakdownByAward_2026-09-15_H22M11S11234807.zip,State and local governments
FY2026P06,070-0540,070-2026/2026-0540-000,5ZD2ZMB6YC5,,25.3,D,Q,,CONT_AWD_70CDCR21P00000019_7012_-NONE-_-NONE-,70CDCR21P00000019,,,,NMX3DMNLQHU5,OHIO DEPARTMENT OF ADMINISTRATIVE SERVICES,NMX3DMNLQHU5,OHIO DEPARTMENT OF ADMINISTRATIVE SERVICES,SUBSCRIPTION TO ACCESS STATE OF OHIO MULTI-AGENCY RADIO COMMUNICATION SYSTEM (MARCS),localhost:3000/award/CONT_AWD_70CDCR21P00000019_7012_-NONE-_-NONE-/,2026-08-07,DHS_FY2026P10_c:FY2026P01-P10_070_TAS_Contracts_AccountBreakdownByAward_2026-09-15_H22M13S36_01.csv:row:115915,data/raw/DHS_FY2026P10_c/FY2026P01-P10_070_TAS_AccountBreakdownByAward_2026-09-15_H22M11S11234807.zip,FY2026P01-P10_070_TAS_Contracts_AccountBreakdownByAward_2026-09-15_H22M13S36_01.csv,data/raw/DHS_FY2026P10_c/FY2026P01-P10_070_TAS_AccountBreakdownByAward_2026-09-15_H22M11S11234807.zip!FY2026P01-P10_070_TAS_Contracts_AccountBreakdownByAward_2026-09-15_H22M13S36_01.csv,115915,Contracts,https://files.usaspending.gov/generated_downloads/FY2026P01-P10_070_TAS_AccountBreakdownByAward_2026-09-15_H22M11S11234807.zip,State and local governments
FY2026P09,070-0540,070-2024/2024-0540-000,5ZD2ZMB6YC5,,25.3,D,Q,,CONT_AWD_70CDCR21P00000019_7012_-NONE-_-NONE-,70CDCR21P00000019,,,,NMX3DMNLQHU5,OHIO DEPARTMENT OF ADMINISTRATIVE SERVICES,NMX3DMNLQHU5,OHIO DEPARTMENT OF ADMINISTRATIVE SERVICES,SUBSCRIPTION TO ACCESS STATE OF OHIO MULTI-AGENCY RADIO COMMUNICATION SYSTEM (MARCS),localhost:3000/award/CONT_AWD_70CDCR21P00000019_7012_-NONE-_-NONE-/,2026-07-30,DHS_FY2026P10_c:FY2026P01-P10_070_TAS_Contracts_AccountBreakdownByAward_2026-09-15_H22M13S36_01.csv:row:115916,data/raw/DHS_FY2026P10_c/FY2026P01-P10_070_TAS_AccountBreakdownByAward_2026-09-15_H22M11S11234807.zip,FY2026P01-P10_070_TAS_Contracts_AccountBreakdownByAward_2026-09-15_H22M13S36_01.csv,data/raw/DHS_FY2026P10_c/FY2026P01-P10_070_TAS_AccountBreakdownByAward_2026-09-15_H22M11S11234807.zip!FY2026P01-P10_070_TAS_Contracts_AccountBreakdownByAward_2026-09-15_H22M13S36_01.csv,115916,Contracts,https://files.usaspending.gov/generated_downloads/FY2026P01-P10_070_TAS_AccountBreakdownByAward_2026-09-15_H22M11S11234807.zip,State and local governments
FY2026P09,070-0540,070-2025/2025-0540-000,5ZD2ZMB6YC5,,25.3,D,Q,,CONT_AWD_70CDCR21P00000019_7012_-NONE-_-NONE-,70CDCR21P00000019,,,,NMX3DMNLQHU5,OHIO DEPARTMENT OF ADMINISTRATIVE SERVICES,NMX3DMNLQHU5,OHIO DEPARTMENT OF ADMINISTRATIVE SERVICES,SUBSCRIPTION TO ACCESS STATE OF OHIO MULTI-AGENCY RADIO COMMUNICATION SYSTEM (MARCS),localhost:3000/award/CONT_AWD_70CDCR21P00000019_7012_-NONE-_-NONE-/,2026-07-30,DHS_FY2026P10_c:FY2026P01-P10_070_TAS_Contracts_AccountBreakdownByAward_2026-09-15_H22M13S36_01.csv:row:115917,data/raw/DHS_FY2026P10_c/FY2026P01-P10_070_TAS_AccountBreakdownByAward_2026-09-15_H22M11S11234807.zip,FY2026P01-P10_070_TAS_Contracts_AccountBreakdownByAward_2026-09-15_H22M13S36_01.csv,data/raw/DHS_FY2026P10_c/FY2026P01-P10_070_TAS_AccountBreakdownByAward_2026-09-15_H22M11S11234807.zip!FY2026P01-P10_070_TAS_Contracts_AccountBreakdownByAward_2026-09-15_H22M13S36_01.csv,115917,Contracts,https://files.usaspending.gov/generated_downloads/FY2026P01-P10_070_TAS_AccountBreakdownByAward_2026-09-15_H22M11S11234807.zip,State and local governments
FY2026P09,070-0540,070-2026/2026-0540-000,5ZD2ZMB6YC5,,25.3,D,Q,,CONT_AWD_70CDCR21P00000019_7012_-NONE-_-NONE-,70CDCR21P00000019,,,,NMX3DMNLQHU5,OHIO DEPARTMENT OF ADMINISTRATIVE SERVICES,NMX3DMNLQHU5,OHIO DEPARTMENT OF ADMINISTRATIVE SERVICES,SUBSCRIPTION TO ACCESS STATE OF OHIO MULTI-AGENCY RADIO COMMUNICATION SYSTEM (MARCS),localhost:3000/award/CONT_AWD_70CDCR21P00000019_7012_-NONE-_-NONE-/,2026-07-30,DHS_FY2026P10_c:FY2026P01-P10_070_TAS_Contracts_AccountBreakdownByAward_2026-09-15_H22M13S36_01.csv:row:115918,data/raw/DHS_FY2026P10_c/FY2026P01-P10_070_TAS_AccountBreakdownByAward_2026-09-15_H22M11S11234807.zip,FY2026P01-P10_070_TAS_Contracts_AccountBreakdownByAward_2026-09-15_H22M13S36_01.csv,data/raw/DHS_FY2026P10_c/FY2026P01-P10_070_TAS_AccountBreakdownByAward_2026-09-15_H22M11S11234807.zip!FY2026P01-P10_070_TAS_Contracts_AccountBreakdownByAward_2026-09-15_H22M13S36_01.csv,115918,Contracts,https://files.usaspending.gov/generated_downloads/FY2026P01-P10_070_TAS_AccountBreakdownByAward_2026-09-15_H22M11S11234807.zip,State and local governments
FY2026P03,070-0540,070-2026/2026-0540-000,5ZD2ZMB6YC5,,25.3,D,Q,,CONT_AWD_70CDCR21P00000019_7012_-NONE-_-NONE-,70CDCR21P00000019,,,,NMX3DMNLQHU5,OHIO DEPARTMENT OF ADMINISTRATIVE SERVICES,NMX3DMNLQHU5,OHIO DEPARTMENT OF ADMINISTRATIVE SERVICES,SUBSCRIPTION TO ACCESS STATE OF OHIO MULTI-AGENCY RADIO COMMUNICATION SYSTEM (MARCS),localhost:3000/award/CONT_AWD_70CDCR21P00000019_7012_-NONE-_-NONE-/,2026-08-07,DHS_FY2026P10_c:FY2026P01-P10_070_TAS_Contracts_AccountBreakdownByAward_2026-09-15_H22M13S36_01.csv:row:115919,data/raw/DHS_FY2026P10_c/FY2026P01-P10_070_TAS_AccountBreakdownByAward_2026-09-15_H22M11S11234807.zip,FY2026P01-P10_070_TAS_Contracts_AccountBreakdownByAward_2026-09-15_H22M13S36_01.csv,data/raw/DHS_FY2026P10_c/FY2026P01-P10_070_TAS_AccountBreakdownByAward_2026-09-15_H22M11S11234807.zip!FY2026P01-P10_070_TAS_Contracts_AccountBreakdownByAward_2026-09-15_H22M13S36_01.csv,115919,Contracts,https://files.usaspending.gov/generated_downloads/FY2026P01-P10_070_TAS_AccountBreakdownByAward_2026-09-15_H22M11S11234807.zip,State and local governments
FY2026P03,070-0540,070-2025/2025-0540-000,5ZD2ZMB6YC5,,25.3,D,Q,,CONT_AWD_70CDCR21P00000019_7012_-NONE-_-NONE-,70CDCR21P00000019,,,,NMX3DMNLQHU5,OHIO DEPARTMENT OF ADMINISTRATIVE SERVICES,NMX3DMNLQHU5,OHIO DEPARTMENT OF ADMINISTRATIVE SERVICES,SUBSCRIPTION TO ACCESS STATE OF OHIO MULTI-AGENCY RADIO COMMUNICATION SYSTEM (MARCS),localhost:3000/award/CONT_AWD_70CDCR21P00000019_7012_-NONE-_-NONE-/,2026-08-07,DHS_FY2026P10_c:FY2026P01-P10_070_TAS_Contracts_AccountBreakdownByAward_2026-09-15_H22M13S36_01.csv:row:115920,data/raw/DHS_FY2026P10_c/FY2026P01-P10_070_TAS_AccountBreakdownByAward_2026-09-15_H22M11S11234807.zip,FY2026P01-P10_070_TAS_Contracts_AccountBreakdownByAward_2026-09-15_H22M13S36_01.csv,data/raw/DHS_FY2026P10_c/FY2026P01-P10_070_TAS_AccountBreakdownByAward_2026-09-15_H22M11S11234807.zip!FY2026P01-P10_070_TAS_Contracts_AccountBreakdownByAward_2026-09-15_H22M13S36_01.csv,115920,Contracts,https://files.usaspending.gov/generated_downloads/FY2026P01-P10_070_TAS_AccountBreakdownByAward_2026-09-15_H22M11S11234807.zip,State and local governments
FY2026P03,070-0540,070-2024/2024-0540-000,5ZD2ZMB6YC5,,25.3,D,Q,,CONT_AWD_70CDCR21P00000019_7012_-NONE-_-NONE-,70CDCR21P00000019,,,,NMX3DMNLQHU5,OHIO DEPARTMENT OF ADMINISTRATIVE SERVICES,NMX3DMNLQHU5,OHIO DEPARTMENT OF ADMINISTRATIVE SERVICES,SUBSCRIPTION TO ACCESS STATE OF OHIO MULTI-AGENCY RADIO COMMUNICATION SYSTEM (MARCS),localhost:3000/award/CONT_AWD_70CDCR21P00000019_7012_-NONE-_-NONE-/,2026-08-07,DHS_FY2026P10_c:FY2026P01-P10_070_TAS_Contracts_AccountBreakdownByAward_2026-09-15_H22M13S36_01.csv:row:115921,data/raw/DHS_FY2026P10_c/FY2026P01-P10_070_TAS_AccountBreakdownByAward_2026-09-15_H22M11S11234807.zip,FY2026P01-P10_070_TAS_Contracts_AccountBreakdownByAward_2026-09-15_H22M13S36_01.csv,data/raw/DHS_FY2026P10_c/FY2026P01-P10_070_TAS_AccountBreakdownByAward_2026-09-15_H22M11S11234807.zip!FY2026P01-P10_070_TAS_Contracts_AccountBreakdownByAward_2026-09-15_H22M13S36_01.csv,115921,Contracts,https://files.usaspending.gov/generated_downloads/FY2026P01-P10_070_TAS_AccountBreakdownByAward_2026-09-15_H22M11S11234807.zip,State and local governments
FY2026P06,070-0540,070-2025/2025-0540-000,5ZD2ZMB6YC5,,25.3,D,Q,,CONT_AWD_70CDCR21P00000019_7012_-NONE-_-NONE-,70CDCR21P00000019,,,,NMX3DMNLQHU5,OHIO DEPARTMENT OF ADMINISTRATIVE SERVICES,NMX3DMNLQHU5,OHIO DEPARTMENT OF ADMINISTRATIVE SERVICES,SUBSCRIPTION TO ACCESS STATE OF OHIO MULTI-AGENCY RADIO COMMUNICATION SYSTEM (MARCS),localhost:3000/award/CONT_AWD_70CDCR21P00000019_7012_-NONE-_-NONE-/,2026-08-07,DHS_FY2026P10_c:FY2026P01-P10_070_TAS_Contracts_AccountBreakdownByAward_2026-09-15_H22M13S36_01.csv:row:115922,data/raw/DHS_FY2026P10_c/FY2026P01-P10_070_TAS_AccountBreakdownByAward_2026-09-15_H22M11S11234807.zip,FY2026P01-P10_070_TAS_Contracts_AccountBreakdownByAward_2026-09-15_H22M13S36_01.csv,data/raw/DHS_FY2026P10_c/FY2026P01-P10_070_TAS_AccountBreakdownByAward_2026-09-15_H22M11S11234807.zip!FY2026P01-P10_070_TAS_Contracts_AccountBreakdownByAward_2026-09-15_H22M13S36_01.csv,115922,Contracts,https://files.usaspending.gov/generated_downloads/FY2026P01-P10_070_TAS_AccountBreakdownByAward_2026-09-15_H22M11S11234807.zip,State and local governments
FY2026P06,070-0540,070-2024/2024-0540-000,5ZD2ZMB6YC5,,25.3,D,Q,,CONT_AWD_70CDCR21P00000019_7012_-NONE-_-NONE-,70CDCR21P00000019,,,,NMX3DMNLQHU5,OHIO DEPARTMENT OF ADMINISTRATIVE SERVICES,NMX3DMNLQHU5,OHIO DEPARTMENT OF ADMINISTRATIVE SERVICES,SUBSCRIPTION TO ACCESS STATE OF OHIO MULTI-AGENCY RADIO COMMUNICATION SYSTEM (MARCS),localhost:3000/award/CONT_AWD_70CDCR21P00000019_7012_-NONE-_-NONE-/,2026-08-07,DHS_FY2026P10_c:FY2026P01-P10_070_TAS_Contracts_AccountBreakdownByAward_2026-09-15_H22M13S36_01.csv:row:115923,data/raw/DHS_FY2026P10_c/FY2026P01-P10_070_TAS_AccountBreakdownByAward_2026-09-15_H22M11S11234807.zip,FY2026P01-P10_070_TAS_Contracts_AccountBreakdownByAward_2026-09-15_H22M13S36_01.csv,data/raw/DHS_FY2026P10_c/FY2026P01-P10_070_TAS_AccountBreakdownByAward_2026-09-15_H22M11S11234807.zip!FY2026P01-P10_070_TAS_Contracts_AccountBreakdownByAward_2026-09-15_H22M13S36_01.csv,115923,Contracts,https://files.usaspending.gov/generated_downloads/FY2026P01-P10_070_TAS_AccountBreakdownByAward_2026-09-15_H22M11S11234807.zip,State and local governments
FY2026P10,070-0540,070-2024/2024-0540-000,5ZD2ZMB6YC5,,25.3,D,Q,,CONT_AWD_70CDCR21P00000019_7012_-NONE-_-NONE-,70CDCR21P00000019,,,,NMX3DMNLQHU5,OHIO DEPARTMENT OF ADMINISTRATIVE SERVICES,NMX3DMNLQHU5,OHIO DEPARTMENT OF ADMINISTRATIVE SERVICES,SUBSCRIPTION TO ACCESS STATE OF OHIO MULTI-AGENCY RADIO COMMUNICATION SYSTEM (MARCS),localhost:3000/award/CONT_AWD_70CDCR21P00000019_7012_-NONE-_-NONE-/,2026-08-31,DHS_FY2026P10_c:FY2026P01-P10_070_TAS_Contracts_AccountBreakdownByAward_2026-09-15_H22M13S36_01.csv:row:115924,data/raw/DHS_FY2026P10_c/FY2026P01-P10_070_TAS_AccountBreakdownByAward_2026-09-15_H22M11S11234807.zip,FY2026P01-P10_070_TAS_Contracts_AccountBreakdownByAward_2026-09-15_H22M13S36_01.csv,data/raw/DHS_FY2026P10_c/FY2026P01-P10_070_TAS_AccountBreakdownByAward_2026-09-15_H22M11S11234807.zip!FY2026P01-P10_070_TAS_Contracts_AccountBreakdownByAward_2026-09-15_H22M13S36_01.csv,115924,Contracts,https://files.usaspending.gov/generated_downloads/FY2026P01-P10_070_TAS_AccountBreakdownByAward_2026-09-15_H22M11S11234807.zip,State and local governments
FY2026P10,070-0540,070-2025/2025-0540-000,5ZD2ZMB6YC5,,25.3,D,Q,,CONT_AWD_70CDCR21P00000019_7012_-NONE-_-NONE-,70CDCR21P00000019,,,,NMX3DMNLQHU5,OHIO DEPARTMENT OF ADMINISTRATIVE SERVICES,NMX3DMNLQHU5,OHIO DEPARTMENT OF ADMINISTRATIVE SERVICES,SUBSCRIPTION TO ACCESS STATE OF OHIO MULTI-AGENCY RADIO COMMUNICATION SYSTEM (MARCS),localhost:3000/award/CONT_AWD_70CDCR21P00000019_7012_-NONE-_-NONE-/,2026-08-31,DHS_FY2026P10_c:FY2026P01-P10_070_TAS_Contracts_AccountBreakdownByAward_2026-09-15_H22M13S36_01.csv:row:115925,data/raw/DHS_FY2026P10_c/FY2026P01-P10_070_TAS_AccountBreakdownByAward_2026-09-15_H22M11S11234807.zip,FY2026P01-P10_070_TAS_Contracts_AccountBreakdownByAward_2026-09-15_H22M13S36_01.csv,data/raw/DHS_FY2026P10_c/FY2026P01-P10_070_TAS_AccountBreakdownByAward_2026-09-15_H22M11S11234807.zip!FY2026P01-P10_070_TAS_Contracts_AccountBreakdownByAward_2026-09-15_H22M13S36_01.csv,115925,Contracts,https://files.usaspending.gov/generated_downloads/FY2026P01-P10_070_TAS_AccountBreakdownByAward_2026-09-15_H22M11S11234807.zip,State and local governments
FY2026P10,070-0540,070-2026/2026-0540-000,5ZD2ZMB6YC5,,25.3,D,Q,,CONT_AWD_70CDCR21P00000019_7012_-NONE-_-NONE-,70CDCR21P00000019,,,,NMX3DMNLQHU5,OHIO DEPARTMENT OF ADMINISTRATIVE SERVICES,NMX3DMNLQHU5,OHIO DEPARTMENT OF ADMINISTRATIVE SERVICES,SUBSCRIPTION TO ACCESS STATE OF OHIO MULTI-AGENCY RADIO COMMUNICATION SYSTEM (MARCS),localhost:3000/award/CONT_AWD_70CDCR21P00000019_7012_-NONE-_-NONE-/,2026-08-31,DHS_FY2026P10_c:FY2026P01-P10_070_TAS_Contracts_AccountBreakdownByAward_2026-09-15_H22M13S36_01.csv:row:115926,data/raw/DHS_FY2026P10_c/FY2026P01-P10_070_TAS_AccountBreakdownByAward_2026-09-15_H22M11S11234807.zip,FY2026P01-P10_070_TAS_Contracts_AccountBreakdownByAward_2026-09-15_H22M13S36_01.csv,data/raw/DHS_FY2026P10_c/FY2026P01-P10_070_TAS_AccountBreakdownByAward_2026-09-15_H22M11S11234807.zip!FY2026P01-P10_070_TAS_Contracts_AccountBreakdownByAward_2026-09-15_H22M13S36_01.csv,115926,Contracts,https://files.usaspending.gov/generated_downloads/FY2026P01-P10_070_TAS_AccountBreakdownByAward_2026-09-15_H22M11S11234807.zip,State and local governments
FY2026P08,070-0540,070-2026/2026-0540-000,5ZD2ZMB6YC5,,25.3,D,Q,,CONT_AWD_70CDCR21P00000019_7012_-NONE-_-NONE-,70CDCR21P00000019,,,,NMX3DMNLQHU5,OHIO DEPARTMENT OF ADMINISTRATIVE SERVICES,NMX3DMNLQHU5,OHIO DEPARTMENT OF ADMINISTRATIVE SERVICES,SUBSCRIPTION TO ACCESS STATE OF OHIO MULTI-AGENCY RADIO COMMUNICATION SYSTEM (MARCS),localhost:3000/award/CONT_AWD_70CDCR21P00000019_7012_-NONE-_-NONE-/,2026-07-02,DHS_FY2026P10_c:FY2026P01-P10_070_TAS_Contracts_AccountBreakdownByAward_2026-09-15_H22M13S36_01.csv:row:115927,data/raw/DHS_FY2026P10_c/FY2026P01-P10_070_TAS_AccountBreakdownByAward_2026-09-15_H22M11S11234807.zip,FY2026P01-P10_070_TAS_Contracts_AccountBreakdownByAward_2026-09-15_H22M13S36_01.csv,data/raw/DHS_FY2026P10_c/FY2026P01-P10_070_TAS_AccountBreakdownByAward_2026-09-15_H22M11S11234807.zip!FY2026P01-P10_070_TAS_Contracts_AccountBreakdownByAward_2026-09-15_H22M13S36_01.csv,115927,Contracts,https://files.usaspending.gov/generated_downloads/FY2026P01-P10_070_TAS_AccountBreakdownByAward_2026-09-15_H22M11S11234807.zip,State and local governments
FY2026P07,070-0540,070-2026/2026-0540-000,5ZD2ZMB6YC5,,25.3,D,Q,,CONT_AWD_70CDCR21P00000019_7012_-NONE-_-NONE-,70CDCR21P00000019,,,,NMX3DMNLQHU5,OHIO DEPARTMENT OF ADMINISTRATIVE SERVICES,NMX3DMNLQHU5,OHIO DEPARTMENT OF ADMINISTRATIVE SERVICES,SUBSCRIPTION TO ACCESS STATE OF OHIO MULTI-AGENCY RADIO COMMUNICATION SYSTEM (MARCS),localhost:3000/award/CONT_AWD_70CDCR21P00000019_7012_-NONE-_-NONE-/,2026-06-01,DHS_FY2026P10_c:FY2026P01-P10_070_TAS_Contracts_AccountBreakdownByAward_2026-09-15_H22M13S36_01.csv:row:115928,data/raw/DHS_FY2026P10_c/FY2026P01-P10_070_TAS_AccountBreakdownByAward_2026-09-15_H22M11S11234807.zip,FY2026P01-P10_070_TAS_Contracts_AccountBreakdownByAward_2026-09-15_H22M13S36_01.csv,data/raw/DHS_FY2026P10_c/FY2026P01-P10_070_TAS_AccountBreakdownByAward_2026-09-15_H22M11S11234807.zip!FY2026P01-P10_070_TAS_Contracts_AccountBreakdownByAward_2026-09-15_H22M13S36_01.csv,115928,Contracts,https://files.usaspending.gov/generated_downloads/FY2026P01-P10_070_TAS_AccountBreakdownByAward_2026-09-15_H22M11S11234807.zip,State and local governments
FY2026P04,070-0540,070-2025/2025-0540-000,5ZD2ZMB6YC5,,25.3,D,Q,,CONT_AWD_70CDCR21P00000019_7012_-NONE-_-NONE-,70CDCR21P00000019,,,,NMX3DMNLQHU5,OHIO DEPARTMENT OF ADMINISTRATIVE SERVICES,NMX3DMNLQHU5,OHIO DEPARTMENT OF ADMINISTRATIVE SERVICES,SUBSCRIPTION TO ACCESS STATE OF OHIO MULTI-AGENCY RADIO COMMUNICATION SYSTEM (MARCS),localhost:3000/award/CONT_AWD_70CDCR21P00000019_7012_-NONE-_-NONE-/,2026-05-15,DHS_FY2026P10_c:FY2026P01-P10_070_TAS_Contracts_AccountBreakdownByAward_2026-09-15_H22M13S36_01.csv:row:115929,data/raw/DHS_FY2026P10_c/FY2026P01-P10_070_TAS_AccountBreakdownByAward_2026-09-15_H22M11S11234807.zip,FY2026P01-P10_070_TAS_Contracts_AccountBreakdownByAward_2026-09-15_H22M13S36_01.csv,data/raw/DHS_FY2026P10_c/FY2026P01-P10_070_TAS_AccountBreakdownByAward_2026-09-15_H22M11S11234807.zip!FY2026P01-P10_070_TAS_Contracts_AccountBreakdownByAward_2026-09-15_H22M13S36_01.csv,115929,Contracts,https://files.usaspending.gov/generated_downloads/FY2026P01-P10_070_TAS_AccountBreakdownByAward_2026-09-15_H22M11S11234807.zip,State and local governments
FY2026P04,070-0540,070-2026/2026-0540-000,5ZD2ZMB6YC5,,25.3,D,Q,,CONT_AWD_70CDCR21P00000019_7012_-NONE-_-NONE-,70CDCR21P00000019,,,,NMX3DMNLQHU5,OHIO DEPARTMENT OF ADMINISTRATIVE SERVICES,NMX3DMNLQHU5,OHIO DEPARTMENT OF ADMINISTRATIVE SERVICES,SUBSCRIPTION TO ACCESS STATE OF OHIO MULTI-AGENCY RADIO COMMUNICATION SYSTEM (MARCS),localhost:3000/award/CONT_AWD_70CDCR21P00000019_7012_-NONE-_-NONE-/,2026-05-15,DHS_FY2026P10_c:FY2026P01-P10_070_TAS_Contracts_AccountBreakdownByAward_2026-09-15_H22M13S36_01.csv:row:115930,data/raw/DHS_FY2026P10_c/FY2026P01-P10_070_TAS_AccountBreakdownByAward_2026-09-15_H22M11S11234807.zip,FY2026P01-P10_070_TAS_Contracts_AccountBreakdownByAward_2026-09-15_H22M13S36_01.csv,data/raw/DHS_FY2026P10_c/FY2026P01-P10_070_TAS_AccountBreakdownByAward_2026-09-15_H22M11S11234807.zip!FY2026P01-P10_070_TAS_Contracts_AccountBreakdownByAward_2026-09-15_H22M13S36_01.csv,115930,Contracts,https://files.usaspending.gov/generated_downloads/FY2026P01-P10_070_TAS_AccountBreakdownByAward_2026-09-15_H22M11S11234807.zip,State and local governments
FY2026P03,070-0540,070-2025/2025-0540-000,5ZD2ZMB6YC4,,25.2,D,Q,,CONT_AWD_70CMSD24P00000044_7012_-NONE-_-NONE-,70CMSD24P00000044,,,,PUH4LGL9L1G9,CITY OF COTTAGE GROVE,PUH4LGL9L1G9,CITY OF COTTAGE GROVE,RANGE RENTAL,localhost:3000/award/CONT_AWD_70CMSD24P00000044_7012_-NONE-_-NONE-/,2026-08-07,DHS_FY2026P10_c:FY2026P01-P10_070_TAS_Contracts_AccountBreakdownByAward_2026-09-15_H22M13S36_01.csv:row:121048,data/raw/DHS_FY2026P10_c/FY2026P01-P10_070_TAS_AccountBreakdownByAward_2026-09-15_H22M11S11234807.zip,FY2026P01-P10_070_TAS_Contracts_AccountBreakdownByAward_2026-09-15_H22M13S36_01.csv,data/raw/DHS_FY2026P10_c/FY2026P01-P10_070_TAS_AccountBreakdownByAward_2026-09-15_H22M11S11234807.zip!FY2026P01-P10_070_TAS_Contracts_AccountBreakdownByAward_2026-09-15_H22M13S36_01.csv,121048,Contracts,https://files.usaspending.gov/generated_downloads/FY2026P01-P10_070_TAS_AccountBreakdownByAward_2026-09-15_H22M11S11234807.zip,State and local governments
FY2026P05,070-0540,070-2026/2026-0540-000,5ZD2ZMB6YC4,,25.2,D,Q,,CONT_AWD_70CMSD24P00000044_7012_-NONE-_-NONE-,70CMSD24P00000044,,,,PUH4LGL9L1G9,CITY OF COTTAGE GROVE,PUH4LGL9L1G9,CITY OF COTTAGE GROVE,RANGE RENTAL,localhost:3000/award/CONT_AWD_70CMSD24P00000044_7012_-NONE-_-NONE-/,2026-05-15,DHS_FY2026P10_c:FY2026P01-P10_070_TAS_Contracts_AccountBreakdownByAward_2026-09-15_H22M13S36_01.csv:row:121049,data/raw/DHS_FY2026P10_c/FY2026P01-P10_070_TAS_AccountBreakdownByAward_2026-09-15_H22M11S11234807.zip,FY2026P01-P10_070_TAS_Contracts_AccountBreakdownByAward_2026-09-15_H22M13S36_01.csv,data/raw/DHS_FY2026P10_c/FY2026P01-P10_070_TAS_AccountBreakdownByAward_2026-09-15_H22M11S11234807.zip!FY2026P01-P10_070_TAS_Contracts_AccountBreakdownByAward_2026-09-15_H22M13S36_01.csv,121049,Contracts,https://files.usaspending.gov/generated_downloads/FY2026P01-P10_070_TAS_AccountBreakdownByAward_2026-09-15_H22M11S11234807.zip,State and local governments
FY2026P04,070-0540,070-2026/2026-0540-000,5ZD2ZMB6YC4,,25.2,D,Q,,CONT_AWD_70CMSD24P00000044_7012_-NONE-_-NONE-,70CMSD24P00000044,,,,PUH4LGL9L1G9,CITY OF COTTAGE GROVE,PUH4LGL9L1G9,CITY OF COTTAGE GROVE,RANGE RENTAL,localhost:3000/award/CONT_AWD_70CMSD24P00000044_7012_-NONE-_-NONE-/,2026-05-15,DHS_FY2026P10_c:FY2026P01-P10_070_TAS_Contracts_AccountBreakdownByAward_2026-09-15_H22M13S36_01.csv:row:121050,data/raw/DHS_FY2026P10_c/FY2026P01-P10_070_TAS_AccountBreakdownByAward_2026-09-15_H22M11S11234807.zip,FY2026P01-P10_070_TAS_Contracts_AccountBreakdownByAward_2026-09-15_H22M13S36_01.csv,data/raw/DHS_FY2026P10_c/FY2026P01-P10_070_TAS_AccountBreakdownByAward_2026-09-15_H22M11S11234807.zip!FY2026P01-P10_070_TAS_Contracts_AccountBreakdownByAward_2026-09-15_H22M13S36_01.csv,121050,Contracts,https://files.usaspending.gov/generated_downloads/FY2026P01-P10_070_TAS_AccountBreakdownByAward_2026-09-15_H22M11S11234807.zip,State and local governments
FY2026P10,070-0540,070-2026/2026-0540-000,5ZD2ZMB6YC4,,25.2,D,Q,,CONT_AWD_70CMSD24P00000044_7012_-NONE-_-NONE-,70CMSD24P00000044,,,,PUH4LGL9L1G9,CITY OF COTTAGE GROVE,PUH4LGL9L1G9,CITY OF COTTAGE GROVE,RANGE RENTAL,localhost:3000/award/CONT_AWD_70CMSD24P00000044_7012_-NONE-_-NONE-/,2026-08-31,DHS_FY2026P10_c:FY2026P01-P10_070_TAS_Contracts_AccountBreakdownByAward_2026-09-15_H22M13S36_01.csv:row:121051,data/raw/DHS_FY2026P10_c/FY2026P01-P10_070_TAS_AccountBreakdownByAward_2026-09-15_H22M11S11234807.zip,FY2026P01-P10_070_TAS_Contracts_AccountBreakdownByAward_2026-09-15_H22M13S36_01.csv,data/raw/DHS_FY2026P10_c/FY2026P01-P10_070_TAS_AccountBreakdownByAward_2026-09-15_H22M11S11234807.zip!FY2026P01-P10_070_TAS_Contracts_AccountBreakdownByAward_2026-09-15_H22M13S36_01.csv,121051,Contracts,https://files.usaspending.gov/generated_downloads/FY2026P01-P10_070_TAS_AccountBreakdownByAward_2026-09-15_H22M11S11234807.zip,State and local governments
FY2026P07,070-0540,070-2026/2026-0540-000,5ZD2ZMB6YC4,,25.2,D,Q,,CONT_AWD_70CMSD24P00000044_7012_-NONE-_-NONE-,70CMSD24P00000044,,,,PUH4LGL9L1G9,CITY OF COTTAGE GROVE,PUH4LGL9L1G9,CITY OF COTTAGE GROVE,RANGE RENTAL,localhost:3000/award/CONT_AWD_70CMSD24P00000044_7012_-NONE-_-NONE-/,2026-06-01,DHS_FY2026P10_c:FY2026P01-P10_070_TAS_Contracts_AccountBreakdownByAward_2026-09-15_H22M13S36_01.csv:row:121052,data/raw/DHS_FY2026P10_c/FY2026P01-P10_070_TAS_AccountBreakdownByAward_2026-09-15_H22M11S11234807.zip,FY2026P01-P10_070_TAS_Contracts_AccountBreakdownByAward_2026-09-15_H22M13S36_01.csv,data/raw/DHS_FY2026P10_c/FY2026P01-P10_070_TAS_AccountBreakdownByAward_2026-09-15_H22M11S11234807.zip!FY2026P01-P10_070_TAS_Contracts_AccountBreakdownByAward_2026-09-15_H22M13S36_01.csv,121052,Contracts,https://files.usaspending.gov/generated_downloads/FY2026P01-P10_070_TAS_AccountBreakdownByAward_2026-09-15_H22M11S11234807.zip,State and local governments
FY2026P08,070-0540,070-2025/2025-0540-000,5ZD2ZMB6YC4,,25.2,D,Q,,CONT_AWD_70CMSD24P00000044_7012_-NONE-_-NONE-,70CMSD24P00000044,,,,PUH4LGL9L1G9,CITY OF COTTAGE GROVE,PUH4LGL9L1G9,CITY OF COTTAGE GROVE,RANGE RENTAL,localhost:3000/award/CONT_AWD_70CMSD24P00000044_7012_-NONE-_-NONE-/,2026-07-02,DHS_FY2026P10_c:FY2026P01-P10_070_TAS_Contracts_AccountBreakdownByAward_2026-09-15_H22M13S36_01.csv:row:121053,data/raw/DHS_FY2026P10_c/FY2026P01-P10_070_TAS_AccountBreakdownByAward_2026-09-15_H22M11S11234807.zip,FY2026P01-P10_070_TAS_Contracts_AccountBreakdownByAward_2026-09-15_H22M13S36_01.csv,data/raw/DHS_FY2026P10_c/FY2026P01-P10_070_TAS_AccountBreakdownByAward_2026-09-15_H22M11S11234807.zip!FY2026P01-P10_070_TAS_Contracts_AccountBreakdownByAward_2026-09-15_H22M13S36_01.csv,121053,Contracts,https://files.usaspending.gov/generated_downloads/FY2026P01-P10_070_TAS_AccountBreakdownByAward_2026-09-15_H22M11S11234807.zip,State and local governments
FY2026P08,070-0540,070-2026/2026-0540-000,5ZD2ZMB6YC4,,25.2,D,Q,,CONT_AWD_70CMSD24P00000044_7012_-NONE-_-NONE-,70CMSD24P00000044,,,,PUH4LGL9L1G9,CITY OF COTTAGE GROVE,PUH4LGL9L1G9,CITY OF COTTAGE GROVE,RANGE RENTAL,localhost:3000/award/CONT_AWD_70CMSD24P00000044_7012_-NONE-_-NONE-/,2026-07-02,DHS_FY2026P10_c:FY2026P01-P10_070_TAS_Contracts_AccountBreakdownByAward_2026-09-15_H22M13S36_01.csv:row:121054,data/raw/DHS_FY2026P10_c/FY2026P01-P10_070_TAS_AccountBreakdownByAward_2026-09-15_H22M11S11234807.zip,FY2026P01-P10_070_TAS_Contracts_AccountBreakdownByAward_2026-09-15_H22M13S36_01.csv,data/raw/DHS_FY2026P10_c/FY2026P01-P10_070_TAS_AccountBreakdownByAward_2026-09-15_H22M11S11234807.zip!FY2026P01-P10_070_TAS_Contracts_AccountBreakdownByAward_2026-09-15_H22M13S36_01.csv,121054,Contracts,https://files.usaspending.gov/generated_downloads/FY2026P01-P10_070_TAS_AccountBreakdownByAward_2026-09-15_H22M11S11234807.zip,State and local governments
FY2026P07,070-0540,070-2025/2025-0540-000,5ZD2ZMB6YC4,,25.2,D,Q,,CONT_AWD_70CMSD24P00000044_7012_-NONE-_-NONE-,70CMSD24P00000044,,,,PUH4LGL9L1G9,CITY OF COTTAGE GROVE,PUH4LGL9L1G9,CITY OF COTTAGE GROVE,RANGE RENTAL,localhost:3000/award/CONT_AWD_70CMSD24P00000044_7012_-NONE-_-NONE-/,2026-06-01,DHS_FY2026P10_c:FY2026P01-P10_070_TAS_Contracts_AccountBreakdownByAward_2026-09-15_H22M13S36_01.csv:row:121055,data/raw/DHS_FY2026P10_c/FY2026P01-P10_070_TAS_AccountBreakdownByAward_2026-09-15_H22M11S11234807.zip,FY2026P01-P10_070_TAS_Contracts_AccountBreakdownByAward_2026-09-15_H22M13S36_01.csv,data/raw/DHS_FY2026P10_c/FY2026P01-P10_070_TAS_AccountBreakdownByAward_2026-09-15_H22M11S11234807.zip!FY2026P01-P10_070_TAS_Contracts_AccountBreakdownByAward_2026-09-15_H22M13S36_01.csv,121055,Contracts,https://files.usaspending.gov/generated_downloads/FY2026P01-P10_070_TAS_AccountBreakdownByAward_2026-09-15_H22M11S11234807.zip,State and local governments
FY2026P04,070-0540,070-2025/2025-0540-000,5ZD2ZMB6YC4,,25.2,D,Q,,CONT_AWD_70CMSD24P00000044_7012_-NONE-_-NONE-,70CMSD24P00000044,,,,PUH4LGL9L1G9,CITY OF COTTAGE GROVE,PUH4LGL9L1G9,CITY OF COTTAGE GROVE,RANGE RENTAL,localhost:3000/award/CONT_AWD_70CMSD24P00000044_7012_-NONE-_-NONE-/,2026-05-15,DHS_FY2026P10_c:FY2026P01-P10_070_TAS_Contracts_AccountBreakdownByAward_2026-09-15_H22M13S36_01.csv:row:121056,data/raw/DHS_FY2026P10_c/FY2026P01-P10_070_TAS_AccountBreakdownByAward_2026-09-15_H22M11S11234807.zip,FY2026P01-P10_070_TAS_Contracts_AccountBreakdownByAward_2026-09-15_H22M13S36_01.csv,data/raw/DHS_FY2026P10_c/FY2026P01-P10_070_TAS_AccountBreakdownByAward_2026-09-15_H22M11S11234807.zip!FY2026P01-P10_070_TAS_Contracts_AccountBreakdownByAward_2026-09-15_H22M13S36_01.csv,121056,Contracts,https://files.usaspending.gov/generated_downloads/FY2026P01-P10_070_TAS_AccountBreakdownByAward_2026-09-15_H22M11S11234807.zip,State and local governments
FY2026P05,070-0540,070-2025/2025-0540-000,5ZD2ZMB6YC4,,25.2,D,Q,,CONT_AWD_70CMSD24P00000044_7012_-NONE-_-NONE-,70CMSD24P00000044,,,,PUH4LGL9L1G9,CITY OF COTTAGE GROVE,PUH4LGL9L1G9,CITY OF COTTAGE GROVE,RANGE RENTAL,localhost:3000/award/CONT_AWD_70CMSD24P00000044_7012_-NONE-_-NONE-/,2026-05-15,DHS_FY2026P10_c:FY2026P01-P10_070_TAS_Contracts_AccountBreakdownByAward_2026-09-15_H22M13S36_01.csv:row:121057,data/raw/DHS_FY2026P10_c/FY2026P01-P10_070_TAS_AccountBreakdownByAward_2026-09-15_H22M11S11234807.zip,FY2026P01-P10_070_TAS_Contracts_AccountBreakdownByAward_2026-09-15_H22M13S36_01.csv,data/raw/DHS_FY2026P10_c/FY2026P01-P10_070_TAS_AccountBreakdownByAward_2026-09-15_H22M11S11234807.zip!FY2026P01-P10_070_TAS_Contracts_AccountBreakdownByAward_2026-09-15_H22M13S36_01.csv,121057,Contracts,https://files.usaspending.gov/generated_downloads/FY2026P01-P10_070_TAS_AccountBreakdownByAward_2026-09-15_H22M11S11234807.zip,State and local governments
FY2026P06,070-0540,070-2026/2026-0540-000,5ZD2ZMB6YC4,,25.2,D,Q,,CONT_AWD_70CMSD24P00000044_7012_-NONE-_-NONE-,70CMSD24P00000044,,,,PUH4LGL9L1G9,CITY OF COTTAGE GROVE,PUH4LGL9L1G9,CITY OF COTTAGE GROVE,RANGE RENTAL,localhost:3000/award/CONT_AWD_70CMSD24P00000044_7012_-NONE-_-NONE-/,2026-08-07,DHS_FY2026P10_c:FY2026P01-P10_070_TAS_Contracts_AccountBreakdownByAward_2026-09-15_H22M13S36_01.csv:row:121058,data/raw/DHS_FY2026P10_c/FY2026P01-P10_070_TAS_AccountBreakdownByAward_2026-09-15_H22M11S11234807.zip,FY2026P01-P10_070_TAS_Contracts_AccountBreakdownByAward_2026-09-15_H22M13S36_01.csv,data/raw/DHS_FY2026P10_c/FY2026P01-P10_070_TAS_AccountBreakdownByAward_2026-09-15_H22M11S11234807.zip!FY2026P01-P10_070_TAS_Contracts_AccountBreakdownByAward_2026-09-15_H22M13S36_01.csv,121058,Contracts,https://files.usaspending.gov/generated_downloads/FY2026P01-P10_070_TAS_AccountBreakdownByAward_2026-09-15_H22M11S11234807.zip,State and local governments
FY2026P06,070-0540,070-2025/2025-0540-000,5ZD2ZMB6YC4,,25.2,D,Q,,CONT_AWD_70CMSD24P00000044_7012_-NONE-_-NONE-,70CMSD24P00000044,,,,PUH4LGL9L1G9,CITY OF COTTAGE GROVE,PUH4LGL9L1G9,CITY OF COTTAGE GROVE,RANGE RENTAL,localhost:3000/award/CONT_AWD_70CMSD24P00000044_7012_-NONE-_-NONE-/,2026-08-07,DHS_FY2026P10_c:FY2026P01-P10_070_TAS_Contracts_AccountBreakdownByAward_2026-09-15_H22M13S36_01.csv:row:121059,data/raw/DHS_FY2026P10_c/FY2026P01-P10_070_TAS_AccountBreakdownByAward_2026-09-15_H22M11S11234807.zip,FY2026P01-P10_070_TAS_Contracts_AccountBreakdownByAward_2026-09-15_H22M13S36_01.csv,data/raw/DHS_FY2026P10_c/FY2026P01-P10_070_TAS_AccountBreakdownByAward_2026-09-15_H22M11S11234807.zip!FY2026P01-P10_070_TAS_Contracts_AccountBreakdownByAward_2026-09-15_H22M13S36_01.csv,121059,Contracts,https://files.usaspending.gov/generated_downloads/FY2026P01-P10_070_TAS_AccountBreakdownByAward_2026-09-15_H22M11S11234807.zip,State and local governments
FY2026P09,070-0540,070-2025/2025-0540-000,5ZD2ZMB6YC4,,25.2,D,Q,,CONT_AWD_70CMSD24P00000044_7012_-NONE-_-NONE-,70CMSD24P00000044,,,,PUH4LGL9L1G9,CITY OF COTTAGE GROVE,PUH4LGL9L1G9,CITY OF COTTAGE GROVE,RANGE RENTAL,localhost:3000/award/CONT_AWD_70CMSD24P00000044_7012_-NONE-_-NONE-/,2026-07-30,DHS_FY2026P10_c:FY2026P01-P10_070_TAS_Contracts_AccountBreakdownByAward_2026-09-15_H22M13S36_01.csv:row:121060,data/raw/DHS_FY2026P10_c/FY2026P01-P10_070_TAS_AccountBreakdownByAward_2026-09-15_H22M11S11234807.zip,FY2026P01-P10_070_TAS_Contracts_AccountBreakdownByAward_2026-09-15_H22M13S36_01.csv,data/raw/DHS_FY2026P10_c/FY2026P01-P10_070_TAS_AccountBreakdownByAward_2026-09-15_H22M11S11234807.zip!FY2026P01-P10_070_TAS_Contracts_AccountBreakdownByAward_2026-09-15_H22M13S36_01.csv,121060,Contracts,https://files.usaspending.gov/generated_downloads/FY2026P01-P10_070_TAS_AccountBreakdownByAward_2026-09-15_H22M11S11234807.zip,State and local governments
FY2026P09,070-0540,070-2026/2026-0540-000,5ZD2ZMB6YC4,,25.2,D,Q,,CONT_AWD_70CMSD24P00000044_7012_-NONE-_-NONE-,70CMSD24P00000044,,,,PUH4LGL9L1G9,CITY OF COTTAGE GROVE,PUH4LGL9L1G9,CITY OF COTTAGE GROVE,RANGE RENTAL,localhost:3000/award/CONT_AWD_70CMSD24P00000044_7012_-NONE-_-NONE-/,2026-07-30,DHS_FY2026P10_c:FY2026P01-P10_070_TAS_Contracts_AccountBreakdownByAward_2026-09-15_H22M13S36_01.csv:row:121061,data/raw/DHS_FY2026P10_c/FY2026P01-P10_070_TAS_AccountBreakdownByAward_2026-09-15_H22M11S11234807.zip,FY2026P01-P10_070_TAS_Contracts_AccountBreakdownByAward_2026-09-15_H22M13S36_01.csv,data/raw/DHS_FY2026P10_c/FY2026P01-P10_070_TAS_AccountBreakdownByAward_2026-09-15_H22M11S11234807.zip!FY2026P01-P10_070_TAS_Contracts_AccountBreakdownByAward_2026-09-15_H22M13S36_01.csv,121061,Contracts,https://files.usaspending.gov/generated_downloads/FY2026P01-P10_070_TAS_AccountBreakdownByAward_2026-09-15_H22M11S11234807.zip,State and local governments
FY2026P10,070-0540,070-2025/2025-0540-000,5ZD2ZMB6YC4,,25.2,D,Q,,CONT_AWD_70CMSD24P00000044_7012_-NONE-_-NONE-,70CMSD24P00000044,,,,PUH4LGL9L1G9,CITY OF COTTAGE GROVE,PUH4LGL9L1G9,CITY OF COTTAGE GROVE,RANGE RENTAL,localhost:3000/award/CONT_AWD_70CMSD24P00000044_7012_-NONE-_-NONE-/,2026-08-31,DHS_FY2026P10_c:FY2026P01-P10_070_TAS_Contracts_AccountBreakdownByAward_2026-09-15_H22M13S36_01.csv:row:121062,data/raw/DHS_FY2026P10_c/FY2026P01-P10_070_TAS_AccountBreakdownByAward_2026-09-15_H22M11S11234807.zip,FY2026P01-P10_070_TAS_Contracts_AccountBreakdownByAward_2026-09-15_H22M13S36_01.csv,data/raw/DHS_FY2026P10_c/FY2026P01-P10_070_TAS_AccountBreakdownByAward_2026-09-15_H22M11S11234807.zip!FY2026P01-P10_070_TAS_Contracts_AccountBreakdownByAward_2026-09-15_H22M13S36_01.csv,121062,Contracts,https://files.usaspending.gov/generated_downloads/FY2026P01-P10_070_TAS_AccountBreakdownByAward_2026-09-15_H22M11S11234807.zip,State and local governments
FY2026P04,070-0540,070-2024/2024-0540-000,5ZD2ZMB6YC5,,25.4,D,Q,-2000.00,CONT_AWD_70CDCR23P00000029_7012_-NONE-_-NONE-,70CDCR23P00000029,,,,MMT4LGM4H9Z5,DENVER HEALTH AND HOSPITAL AUTHORITY,MMT4LGM4H9Z5,DENVER HEALTH AND HOSPITAL AUTHORITY,UNARMED GUARD SERVICES,localhost:3000/award/CONT_AWD_70CDCR23P00000029_7012_-NONE-_-NONE-/,2026-05-15,DHS_FY2026P10_c:FY2026P01-P10_070_TAS_Contracts_AccountBreakdownByAward_2026-09-15_H22M13S36_01.csv:row:148034,data/raw/DHS_FY2026P10_c/FY2026P01-P10_070_TAS_AccountBreakdownByAward_2026-09-15_H22M11S11234807.zip,FY2026P01-P10_070_TAS_Contracts_AccountBreakdownByAward_2026-09-15_H22M13S36_01.csv,data/raw/DHS_FY2026P10_c/FY2026P01-P10_070_TAS_AccountBreakdownByAward_2026-09-15_H22M11S11234807.zip!FY2026P01-P10_070_TAS_Contracts_AccountBreakdownByAward_2026-09-15_H22M13S36_01.csv,148034,Contracts,https://files.usaspending.gov/generated_downloads/FY2026P01-P10_070_TAS_AccountBreakdownByAward_2026-09-15_H22M11S11234807.zip,Other public or nonprofit entities
FY2026P07,070-0540,070-X-0540-000,5ZD2ZMB6J1J,,25.2,R,Q,,CONT_AWD_70CMSW20C00000003_7012_-NONE-_-NONE-,70CMSW20C00000003,,,,L8B6G753K3Y5,ARC - IMPERIAL VALLEY,L8B6G753K3Y5,ARC - IMPERIAL VALLEY,JANITORIAL/CUSTODIAL AND GROUNDS MAINTENANCE SERVICES AT THE EL CENTRO SPC.,localhost:3000/award/CONT_AWD_70CMSW20C00000003_7012_-NONE-_-NONE-/,2026-06-01,DHS_FY2026P10_c:FY2026P01-P10_070_TAS_Contracts_AccountBreakdownByAward_2026-09-15_H22M13S36_01.csv:row:152361,data/raw/DHS_FY2026P10_c/FY2026P01-P10_070_TAS_AccountBreakdownByAward_2026-09-15_H22M11S11234807.zip,FY2026P01-P10_070_TAS_Contracts_AccountBreakdownByAward_2026-09-15_H22M13S36_01.csv,data/raw/DHS_FY2026P10_c/FY2026P01-P10_070_TAS_AccountBreakdownByAward_2026-09-15_H22M11S11234807.zip!FY2026P01-P10_070_TAS_Contracts_AccountBreakdownByAward_2026-09-15_H22M13S36_01.csv,152361,Contracts,https://files.usaspending.gov/generated_downloads/FY2026P01-P10_070_TAS_AccountBreakdownByAward_2026-09-15_H22M11S11234807.zip,Other public or nonprofit entities
FY2026P07,070-0540,070-2025/2025-0540-000,5ZD2ZMB6YC5,,25.2,D,Q,,CONT_AWD_70CMSW20C00000003_7012_-NONE-_-NONE-,70CMSW20C00000003,,,,L8B6G753K3Y5,ARC - IMPERIAL VALLEY,L8B6G753K3Y5,ARC - IMPERIAL VALLEY,JANITORIAL/CUSTODIAL AND GROUNDS MAINTENANCE SERVICES AT THE EL CENTRO SPC.,localhost:3000/award/CONT_AWD_70CMSW20C00000003_7012_-NONE-_-NONE-/,2026-06-01,DHS_FY2026P10_c:FY2026P01-P10_070_TAS_Contracts_AccountBreakdownByAward_2026-09-15_H22M13S36_01.csv:row:152362,data/raw/DHS_FY2026P10_c/FY2026P01-P10_070_TAS_AccountBreakdownByAward_2026-09-15_H22M11S11234807.zip,FY2026P01-P10_070_TAS_Contracts_AccountBreakdownByAward_2026-09-15_H22M13S36_01.csv,data/raw/DHS_FY2026P10_c/FY2026P01-P10_070_TAS_AccountBreakdownByAward_2026-09-15_H22M11S11234807.zip!FY2026P01-P10_070_TAS_Contracts_AccountBreakdownByAward_2026-09-15_H22M13S36_01.csv,152362,Contracts,https://files.usaspending.gov/generated_downloads/FY2026P01-P10_070_TAS_AccountBreakdownByAward_2026-09-15_H22M11S11234807.zip,Other public or nonprofit entities
FY2026P07,070-0540,070-2026/2026-0540-000,5ZD2ZMB6YC5,,25.2,D,Q,,CONT_AWD_70CMSW20C00000003_7012_-NONE-_-NONE-,70CMSW20C00000003,,,,L8B6G753K3Y5,ARC - IMPERIAL VALLEY,L8B6G753K3Y5,ARC - IMPERIAL VALLEY,JANITORIAL/CUSTODIAL AND GROUNDS MAINTENANCE SERVICES AT THE EL CENTRO SPC.,localhost:3000/award/CONT_AWD_70CMSW20C00000003_7012_-NONE-_-NONE-/,2026-06-01,DHS_FY2026P10_c:FY2026P01-P10_070_TAS_Contracts_AccountBreakdownByAward_2026-09-15_H22M13S36_01.csv:row:152363,data/raw/DHS_FY2026P10_c/FY2026P01-P10_070_TAS_AccountBreakdownByAward_2026-09-15_H22M11S11234807.zip,FY2026P01-P10_070_TAS_Contracts_AccountBreakdownByAward_2026-09-15_H22M13S36_01.csv,data/raw/DHS_FY2026P10_c/FY2026P01-P10_070_TAS_AccountBreakdownByAward_2026-09-15_H22M11S11234807.zip!FY2026P01-P10_070_TAS_Contracts_AccountBreakdownByAward_2026-09-15_H22M13S36_01.csv,152363,Contracts,https://files.usaspending.gov/generated_downloads/FY2026P01-P10_070_TAS_AccountBreakdownByAward_2026-09-15_H22M11S11234807.zip,Other public or nonprofit entities
FY2026P08,070-0540,070-2025/2025-0540-000,5ZD2ZMB6YC5,,25.2,D,Q,,CONT_AWD_70CMSW20C00000003_7012_-NONE-_-NONE-,70CMSW20C00000003,,,,L8B6G753K3Y5,ARC - IMPERIAL VALLEY,L8B6G753K3Y5,ARC - IMPERIAL VALLEY,JANITORIAL/CUSTODIAL AND GROUNDS MAINTENANCE SERVICES AT THE EL CENTRO SPC.,localhost:3000/award/CONT_AWD_70CMSW20C00000003_7012_-NONE-_-NONE-/,2026-07-02,DHS_FY2026P10_c:FY2026P01-P10_070_TAS_Contracts_AccountBreakdownByAward_2026-09-15_H22M13S36_01.csv:row:152364,data/raw/DHS_FY2026P10_c/FY2026P01-P10_070_TAS_AccountBreakdownByAward_2026-09-15_H22M11S11234807.zip,FY2026P01-P10_070_TAS_Contracts_AccountBreakdownByAward_2026-09-15_H22M13S36_01.csv,data/raw/DHS_FY2026P10_c/FY2026P01-P10_070_TAS_AccountBreakdownByAward_2026-09-15_H22M11S11234807.zip!FY2026P01-P10_070_TAS_Contracts_AccountBreakdownByAward_2026-09-15_H22M13S36_01.csv,152364,Contracts,https://files.usaspending.gov/generated_downloads/FY2026P01-P10_070_TAS_AccountBreakdownByAward_2026-09-15_H22M11S11234807.zip,Other public or nonprofit entities
FY2026P04,070-0540,070-2025/2025-0540-000,5ZD2ZMB6YC5,,25.2,D,Q,,CONT_AWD_70CMSW20C00000003_7012_-NONE-_-NONE-,70CMSW20C00000003,,,,L8B6G753K3Y5,ARC - IMPERIAL VALLEY,L8B6G753K3Y5,ARC - IMPERIAL VALLEY,JANITORIAL/CUSTODIAL AND GROUNDS MAINTENANCE SERVICES AT THE EL CENTRO SPC.,localhost:3000/award/CONT_AWD_70CMSW20C00000003_7012_-NONE-_-NONE-/,2026-05-15,DHS_FY2026P10_c:FY2026P01-P10_070_TAS_Contracts_AccountBreakdownByAward_2026-09-15_H22M13S36_01.csv:row:152365,data/raw/DHS_FY2026P10_c/FY2026P01-P10_070_TAS_AccountBreakdownByAward_2026-09-15_H22M11S11234807.zip,FY2026P01-P10_070_TAS_Contracts_AccountBreakdownByAward_2026-09-15_H22M13S36_01.csv,data/raw/DHS_FY2026P10_c/FY2026P01-P10_070_TAS_AccountBreakdownByAward_2026-09-15_H22M11S11234807.zip!FY2026P01-P10_070_TAS_Contracts_AccountBreakdownByAward_2026-09-15_H22M13S36_01.csv,152365,Contracts,https://files.usaspending.gov/generated_downloads/FY2026P01-P10_070_TAS_AccountBreakdownByAward_2026-09-15_H22M11S11234807.zip,Other public or nonprofit entities
FY2026P04,070-0540,070-2026/2026-0540-000,5ZD2ZMB6YC5,,25.2,D,Q,,CONT_AWD_70CMSW20C00000003_7012_-NONE-_-NONE-,70CMSW20C00000003,,,,L8B6G753K3Y5,ARC - IMPERIAL VALLEY,L8B6G753K3Y5,ARC - IMPERIAL VALLEY,JANITORIAL/CUSTODIAL AND GROUNDS MAINTENANCE SERVICES AT THE EL CENTRO SPC.,localhost:3000/award/CONT_AWD_70CMSW20C00000003_7012_-NONE-_-NONE-/,2026-05-15,DHS_FY2026P10_c:FY2026P01-P10_070_TAS_Contracts_AccountBreakdownByAward_2026-09-15_H22M13S36_01.csv:row:152366,data/raw/DHS_FY2026P10_c/FY2026P01-P10_070_TAS_AccountBreakdownByAward_2026-09-15_H22M11S11234807.zip,FY2026P01-P10_070_TAS_Contracts_AccountBreakdownByAward_2026-09-15_H22M13S36_01.csv,data/raw/DHS_FY2026P10_c/FY2026P01-P10_070_TAS_AccountBreakdownByAward_2026-09-15_H22M11S11234807.zip!FY2026P01-P10_070_TAS_Contracts_AccountBreakdownByAward_2026-09-15_H22M13S36_01.csv,152366,Contracts,https://files.usaspending.gov/generated_downloads/FY2026P01-P10_070_TAS_AccountBreakdownByAward_2026-09-15_H22M11S11234807.zip,Other public or nonprofit entities
FY2026P04,070-0540,070-X-0540-000,5ZD2ZMB6J1J,,25.2,R,Q,,CONT_AWD_70CMSW20C00000003_7012_-NONE-_-NONE-,70CMSW20C00000003,,,,L8B6G753K3Y5,ARC - IMPERIAL VALLEY,L8B6G753K3Y5,ARC - IMPERIAL VALLEY,JANITORIAL/CUSTODIAL AND GROUNDS MAINTENANCE SERVICES AT THE EL CENTRO SPC.,localhost:3000/award/CONT_AWD_70CMSW20C00000003_7012_-NONE-_-NONE-/,2026-05-15,DHS_FY2026P10_c:FY2026P01-P10_070_TAS_Contracts_AccountBreakdownByAward_2026-09-15_H22M13S36_01.csv:row:152367,data/raw/DHS_FY2026P10_c/FY2026P01-P10_070_TAS_AccountBreakdownByAward_2026-09-15_H22M11S11234807.zip,FY2026P01-P10_070_TAS_Contracts_AccountBreakdownByAward_2026-09-15_H22M13S36_01.csv,data/raw/DHS_FY2026P10_c/FY2026P01-P10_070_TAS_AccountBreakdownByAward_2026-09-15_H22M11S11234807.zip!FY2026P01-P10_070_TAS_Contracts_AccountBreakdownByAward_2026-09-15_H22M13S36_01.csv,152367,Contracts,https://files.usaspending.gov/generated_downloads/FY2026P01-P10_070_TAS_AccountBreakdownByAward_2026-09-15_H22M11S11234807.zip,Other public or nonprofit entities
FY2026P08,070-0540,070-2026/2026-0540-000,5ZD2ZMB6YC5,,25.2,D,Q,,CONT_AWD_70CMSW20C00000003_7012_-NONE-_-NONE-,70CMSW20C00000003,,,,L8B6G753K3Y5,ARC - IMPERIAL VALLEY,L8B6G753K3Y5,ARC - IMPERIAL VALLEY,JANITORIAL/CUSTODIAL AND GROUNDS MAINTENANCE SERVICES AT THE EL CENTRO SPC.,localhost:3000/award/CONT_AWD_70CMSW20C00000003_7012_-NONE-_-NONE-/,2026-07-02,DHS_FY2026P10_c:FY2026P01-P10_070_TAS_Contracts_AccountBreakdownByAward_2026-09-15_H22M13S36_01.csv:row:152368,data/raw/DHS_FY2026P10_c/FY2026P01-P10_070_TAS_AccountBreakdownByAward_2026-09-15_H22M11S11234807.zip,FY2026P01-P10_070_TAS_Contracts_AccountBreakdownByAward_2026-09-15_H22M13S36_01.csv,data/raw/DHS_FY2026P10_c/FY2026P01-P10_070_TAS_AccountBreakdownByAward_2026-09-15_H22M11S11234807.zip!FY2026P01-P10_070_TAS_Contracts_AccountBreakdownByAward_2026-09-15_H22M13S36_01.csv,152368,Contracts,https://files.usaspending.gov/generated_downloads/FY2026P01-P10_070_TAS_AccountBreakdownByAward_2026-09-15_H22M11S11234807.zip,Other public or nonprofit entities
FY2026P08,070-0540,070-X-0540-000,5ZD2ZMB6J1J,,25.2,R,Q,,CONT_AWD_70CMSW20C00000003_7012_-NONE-_-NONE-,70CMSW20C00000003,,,,L8B6G753K3Y5,ARC - IMPERIAL VALLEY,L8B6G753K3Y5,ARC - IMPERIAL VALLEY,JANITORIAL/CUSTODIAL AND GROUNDS MAINTENANCE SERVICES AT THE EL CENTRO SPC.,localhost:3000/award/CONT_AWD_70CMSW20C00000003_7012_-NONE-_-NONE-/,2026-07-02,DHS_FY2026P10_c:FY2026P01-P10_070_TAS_Contracts_AccountBreakdownByAward_2026-09-15_H22M13S36_01.csv:row:152369,data/raw/DHS_FY2026P10_c/FY2026P01-P10_070_TAS_AccountBreakdownByAward_2026-09-15_H22M11S11234807.zip,FY2026P01-P10_070_TAS_Contracts_AccountBreakdownByAward_2026-09-15_H22M13S36_01.csv,data/raw/DHS_FY2026P10_c/FY2026P01-P10_070_TAS_AccountBreakdownByAward_2026-09-15_H22M11S11234807.zip!FY2026P01-P10_070_TAS_Contracts_AccountBreakdownByAward_2026-09-15_H22M13S36_01.csv,152369,Contracts,https://files.usaspending.gov/generated_downloads/FY2026P01-P10_070_TAS_AccountBreakdownByAward_2026-09-15_H22M11S11234807.zip,Other public or nonprofit entities
FY2026P06,070-0540,070-2026/2026-0540-000,5ZD2ZMB6YC5,,25.2,D,Q,,CONT_AWD_70CMSW20C00000003_7012_-NONE-_-NONE-,70CMSW20C00000003,,,,L8B6G753K3Y5,ARC - IMPERIAL VALLEY,L8B6G753K3Y5,ARC - IMPERIAL VALLEY,JANITORIAL/CUSTODIAL AND GROUNDS MAINTENANCE SERVICES AT THE EL CENTRO SPC.,localhost:3000/award/CONT_AWD_70CMSW20C00000003_7012_-NONE-_-NONE-/,2026-08-07,DHS_FY2026P10_c:FY2026P01-P10_070_TAS_Contracts_AccountBreakdownByAward_2026-09-15_H22M13S36_01.csv:row:152370,data/raw/DHS_FY2026P10_c/FY2026P01-P10_070_TAS_AccountBreakdownByAward_2026-09-15_H22M11S11234807.zip,FY2026P01-P10_070_TAS_Contracts_AccountBreakdownByAward_2026-09-15_H22M13S36_01.csv,data/raw/DHS_FY2026P10_c/FY2026P01-P10_070_TAS_AccountBreakdownByAward_2026-09-15_H22M11S11234807.zip!FY2026P01-P10_070_TAS_Contracts_AccountBreakdownByAward_2026-09-15_H22M13S36_01.csv,152370,Contracts,https://files.usaspending.gov/generated_downloads/FY2026P01-P10_070_TAS_AccountBreakdownByAward_2026-09-15_H22M11S11234807.zip,Other public or nonprofit entities
FY2026P10,070-0540,070-2026/2026-0540-000,5ZD2ZMB6YC5,,25.2,D,Q,,CONT_AWD_70CMSW20C00000003_7012_-NONE-_-NONE-,70CMSW20C00000003,,,,L8B6G753K3Y5,ARC - IMPERIAL VALLEY,L8B6G753K3Y5,ARC - IMPERIAL VALLEY,JANITORIAL/CUSTODIAL AND GROUNDS MAINTENANCE SERVICES AT THE EL CENTRO SPC.,localhost:3000/award/CONT_AWD_70CMSW20C00000003_7012_-NONE-_-NONE-/,2026-08-31,DHS_FY2026P10_c:FY2026P01-P10_070_TAS_Contracts_AccountBreakdownByAward_2026-09-15_H22M13S36_01.csv:row:152371,data/raw/DHS_FY2026P10_c/FY2026P01-P10_070_TAS_AccountBreakdownByAward_2026-09-15_H22M11S11234807.zip,FY2026P01-P10_070_TAS_Contracts_AccountBreakdownByAward_2026-09-15_H22M13S36_01.csv,data/raw/DHS_FY2026P10_c/FY2026P01-P10_070_TAS_AccountBreakdownByAward_2026-09-15_H22M11S11234807.zip!FY2026P01-P10_070_TAS_Contracts_AccountBreakdownByAward_2026-09-15_H22M13S36_01.csv,152371,Contracts,https://files.usaspending.gov/generated_downloads/FY2026P01-P10_070_TAS_AccountBreakdownByAward_2026-09-15_H22M11S11234807.zip,Other public or nonprofit entities
FY2026P09,070-0540,070-X-0540-000,5ZD2ZMB6J1J,,25.2,R,Q,,CONT_AWD_70CMSW20C00000003_7012_-NONE-_-NONE-,70CMSW20C00000003,,,,L8B6G753K3Y5,ARC - IMPERIAL VALLEY,L8B6G753K3Y5,ARC - IMPERIAL VALLEY,JANITORIAL/CUSTODIAL AND GROUNDS MAINTENANCE SERVICES AT THE EL CENTRO SPC.,localhost:3000/award/CONT_AWD_70CMSW20C00000003_7012_-NONE-_-NONE-/,2026-07-30,DHS_FY2026P10_c:FY2026P01-P10_070_TAS_Contracts_AccountBreakdownByAward_2026-09-15_H22M13S36_01.csv:row:152372,data/raw/DHS_FY2026P10_c/FY2026P01-P10_070_TAS_AccountBreakdownByAward_2026-09-15_H22M11S11234807.zip,FY2026P01-P10_070_TAS_Contracts_AccountBreakdownByAward_2026-09-15_H22M13S36_01.csv,data/raw/DHS_FY2026P10_c/FY2026P01-P10_070_TAS_AccountBreakdownByAward_2026-09-15_H22M11S11234807.zip!FY2026P01-P10_070_TAS_Contracts_AccountBreakdownByAward_2026-09-15_H22M13S36_01.csv,152372,Contracts,https://files.usaspending.gov/generated_downloads/FY2026P01-P10_070_TAS_AccountBreakdownByAward_2026-09-15_H22M11S11234807.zip,Other public or nonprofit entities
FY2026P06,070-0540,070-X-0540-000,5ZD2ZMB6J1J,,25.2,R,Q,,CONT_AWD_70CMSW20C00000003_7012_-NONE-_-NONE-,70CMSW20C00000003,,,,L8B6G753K3Y5,ARC - IMPERIAL VALLEY,L8B6G753K3Y5,ARC - IMPERIAL VALLEY,JANITORIAL/CUSTODIAL AND GROUNDS MAINTENANCE SERVICES AT THE EL CENTRO SPC.,localhost:3000/award/CONT_AWD_70CMSW20C00000003_7012_-NONE-_-NONE-/,2026-08-07,DHS_FY2026P10_c:FY2026P01-P10_070_TAS_Contracts_AccountBreakdownByAward_2026-09-15_H22M13S36_01.csv:row:152373,data/raw/DHS_FY2026P10_c/FY2026P01-P10_070_TAS_AccountBreakdownByAward_2026-09-15_H22M11S11234807.zip,FY2026P01-P10_070_TAS_Contracts_AccountBreakdownByAward_2026-09-15_H22M13S36_01.csv,data/raw/DHS_FY2026P10_c/FY2026P01-P10_070_TAS_AccountBreakdownByAward_2026-09-15_H22M11S11234807.zip!FY2026P01-P10_070_TAS_Contracts_AccountBreakdownByAward_2026-09-15_H22M13S36_01.csv,152373,Contracts,https://files.usaspending.gov/generated_downloads/FY2026P01-P10_070_TAS_AccountBreakdownByAward_2026-09-15_H22M11S11234807.zip,Other public or nonprofit entities
FY2026P10,070-0540,070-X-0540-000,5ZD2ZMB6J1J,,25.2,R,Q,,CONT_AWD_70CMSW20C00000003_7012_-NONE-_-NONE-,70CMSW20C00000003,,,,L8B6G753K3Y5,ARC - IMPERIAL VALLEY,L8B6G753K3Y5,ARC - IMPERIAL VALLEY,JANITORIAL/CUSTODIAL AND GROUNDS MAINTENANCE SERVICES AT THE EL CENTRO SPC.,localhost:3000/award/CONT_AWD_70CMSW20C00000003_7012_-NONE-_-NONE-/,2026-08-31,DHS_FY2026P10_c:FY2026P01-P10_070_TAS_Contracts_AccountBreakdownByAward_2026-09-15_H22M13S36_01.csv:row:152374,data/raw/DHS_FY2026P10_c/FY2026P01-P10_070_TAS_AccountBreakdownByAward_2026-09-15_H22M11S11234807.zip,FY2026P01-P10_070_TAS_Contracts_AccountBreakdownByAward_2026-09-15_H22M13S36_01.csv,data/raw/DHS_FY2026P10_c/FY2026P01-P10_070_TAS_AccountBreakdownByAward_2026-09-15_H22M11S11234807.zip!FY2026P01-P10_070_TAS_Contracts_AccountBreakdownByAward_2026-09-15_H22M13S36_01.csv,152374,Contracts,https://files.usaspending.gov/generated_downloads/FY2026P01-P10_070_TAS_AccountBreakdownByAward_2026-09-15_H22M11S11234807.zip,Other public or nonprofit entities
FY2026P10,070-0540,070-2025/2025-0540-000,5ZD2ZMB6YC5,,25.2,D,Q,,CONT_AWD_70CMSW20C00000003_7012_-NONE-_-NONE-,70CMSW20C00000003,,,,L8B6G753K3Y5,ARC - IMPERIAL VALLEY,L8B6G753K3Y5,ARC - IMPERIAL VALLEY,JANITORIAL/CUSTODIAL AND GROUNDS MAINTENANCE SERVICES AT THE EL CENTRO SPC.,localhost:3000/award/CONT_AWD_70CMSW20C00000003_7012_-NONE-_-NONE-/,2026-08-31,DHS_FY2026P10_c:FY2026P01-P10_070_TAS_Contracts_AccountBreakdownByAward_2026-09-15_H22M13S36_01.csv:row:152375,data/raw/DHS_FY2026P10_c/FY2026P01-P10_070_TAS_AccountBreakdownByAward_2026-09-15_H22M11S11234807.zip,FY2026P01-P10_070_TAS_Contracts_AccountBreakdownByAward_2026-09-15_H22M13S36_01.csv,data/raw/DHS_FY2026P10_c/FY2026P01-P10_070_TAS_AccountBreakdownByAward_2026-09-15_H22M11S11234807.zip!FY2026P01-P10_070_TAS_Contracts_AccountBreakdownByAward_2026-09-15_H22M13S36_01.csv,152375,Contracts,https://files.usaspending.gov/generated_downloads/FY2026P01-P10_070_TAS_AccountBreakdownByAward_2026-09-15_H22M11S11234807.zip,Other public or nonprofit entities
FY2026P05,070-0540,070-X-0540-000,5ZD2ZMB6J1J,,25.2,R,Q,,CONT_AWD_70CMSW20C00000003_7012_-NONE-_-NONE-,70CMSW20C00000003,,,,L8B6G753K3Y5,ARC - IMPERIAL VALLEY,L8B6G753K3Y5,ARC - IMPERIAL VALLEY,JANITORIAL/CUSTODIAL AND GROUNDS MAINTENANCE SERVICES AT THE EL CENTRO SPC.,localhost:3000/award/CONT_AWD_70CMSW20C00000003_7012_-NONE-_-NONE-/,2026-05-15,DHS_FY2026P10_c:FY2026P01-P10_070_TAS_Contracts_AccountBreakdownByAward_2026-09-15_H22M13S36_01.csv:row:152376,data/raw/DHS_FY2026P10_c/FY2026P01-P10_070_TAS_AccountBreakdownByAward_2026-09-15_H22M11S11234807.zip,FY2026P01-P10_070_TAS_Contracts_AccountBreakdownByAward_2026-09-15_H22M13S36_01.csv,data/raw/DHS_FY2026P10_c/FY2026P01-P10_070_TAS_AccountBreakdownByAward_2026-09-15_H22M11S11234807.zip!FY2026P01-P10_070_TAS_Contracts_AccountBreakdownByAward_2026-09-15_H22M13S36_01.csv,152376,Contracts,https://files.usaspending.gov/generated_downloads/FY2026P01-P10_070_TAS_AccountBreakdownByAward_2026-09-15_H22M11S11234807.zip,Other public or nonprofit entities
FY2026P05,070-0540,070-2025/2025-0540-000,5ZD2ZMB6YC5,,25.2,D,Q,,CONT_AWD_70CMSW20C00000003_7012_-NONE-_-NONE-,70CMSW20C00000003,,,,L8B6G753K3Y5,ARC - IMPERIAL VALLEY,L8B6G753K3Y5,ARC - IMPERIAL VALLEY,JANITORIAL/CUSTODIAL AND GROUNDS MAINTENANCE SERVICES AT THE EL CENTRO SPC.,localhost:3000/award/CONT_AWD_70CMSW20C00000003_7012_-NONE-_-NONE-/,2026-05-15,DHS_FY2026P10_c:FY2026P01-P10_070_TAS_Contracts_AccountBreakdownByAward_2026-09-15_H22M13S36_01.csv:row:152377,data/raw/DHS_FY2026P10_c/FY2026P01-P10_070_TAS_AccountBreakdownByAward_2026-09-15_H22M11S11234807.zip,FY2026P01-P10_070_TAS_Contracts_AccountBreakdownByAward_2026-09-15_H22M13S36_01.csv,data/raw/DHS_FY2026P10_c/FY2026P01-P10_070_TAS_AccountBreakdownByAward_2026-09-15_H22M11S11234807.zip!FY2026P01-P10_070_TAS_Contracts_AccountBreakdownByAward_2026-09-15_H22M13S36_01.csv,152377,Contracts,https://files.usaspending.gov/generated_downloads/FY2026P01-P10_070_TAS_AccountBreakdownByAward_2026-09-15_H22M11S11234807.zip,Other public or nonprofit entities
FY2026P05,070-0540,070-2026/2026-0540-000,5ZD2ZMB6YC5,,25.2,D,Q,,CONT_AWD_70CMSW20C00000003_7012_-NONE-_-NONE-,70CMSW20C00000003,,,,L8B6G753K3Y5,ARC - IMPERIAL VALLEY,L8B6G753K3Y5,ARC - IMPERIAL VALLEY,JANITORIAL/CUSTODIAL AND GROUNDS MAINTENANCE SERVICES AT THE EL CENTRO SPC.,localhost:3000/award/CONT_AWD_70CMSW20C00000003_7012_-NONE-_-NONE-/,2026-05-15,DHS_FY2026P10_c:FY2026P01-P10_070_TAS_Contracts_AccountBreakdownByAward_2026-09-15_H22M13S36_01.csv:row:152378,data/raw/DHS_FY2026P10_c/FY2026P01-P10_070_TAS_AccountBreakdownByAward_2026-09-15_H22M11S11234807.zip,FY2026P01-P10_070_TAS_Contracts_AccountBreakdownByAward_2026-09-15_H22M13S36_01.csv,data/raw/DHS_FY2026P10_c/FY2026P01-P10_070_TAS_AccountBreakdownByAward_2026-09-15_H22M11S11234807.zip!FY2026P01-P10_070_TAS_Contracts_AccountBreakdownByAward_2026-09-15_H22M13S36_01.csv,152378,Contracts,https://files.usaspending.gov/generated_downloads/FY2026P01-P10_070_TAS_AccountBreakdownByAward_2026-09-15_H22M11S11234807.zip,Other public or nonprofit entities
FY2026P06,070-0540,070-2025/2025-0540-000,5ZD2ZMB6YC5,,25.2,D,Q,,CONT_AWD_70CMSW20C00000003_7012_-NONE-_-NONE-,70CMSW20C00000003,,,,L8B6G753K3Y5,ARC - IMPERIAL VALLEY,L8B6G753K3Y5,ARC - IMPERIAL VALLEY,JANITORIAL/CUSTODIAL AND GROUNDS MAINTENANCE SERVICES AT THE EL CENTRO SPC.,localhost:3000/award/CONT_AWD_70CMSW20C00000003_7012_-NONE-_-NONE-/,2026-08-07,DHS_FY2026P10_c:FY2026P01-P10_070_TAS_Contracts_AccountBreakdownByAward_2026-09-15_H22M13S36_01.csv:row:152379,data/raw/DHS_FY2026P10_c/FY2026P01-P10_070_TAS_AccountBreakdownByAward_2026-09-15_H22M11S11234807.zip,FY2026P01-P10_070_TAS_Contracts_AccountBreakdownByAward_2026-09-15_H22M13S36_01.csv,data/raw/DHS_FY2026P10_c/FY2026P01-P10_070_TAS_AccountBreakdownByAward_2026-09-15_H22M11S11234807.zip!FY2026P01-P10_070_TAS_Contracts_AccountBreakdownByAward_2026-09-15_H22M13S36_01.csv,152379,Contracts,https://files.usaspending.gov/generated_downloads/FY2026P01-P10_070_TAS_AccountBreakdownByAward_2026-09-15_H22M11S11234807.zip,Other public or nonprofit entities
FY2026P09,070-0540,070-2025/2025-0540-000,5ZD2ZMB6YC5,,25.2,D,Q,,CONT_AWD_70CMSW20C00000003_7012_-NONE-_-NONE-,70CMSW20C00000003,,,,L8B6G753K3Y5,ARC - IMPERIAL VALLEY,L8B6G753K3Y5,ARC - IMPERIAL VALLEY,JANITORIAL/CUSTODIAL AND GROUNDS MAINTENANCE SERVICES AT THE EL CENTRO SPC.,localhost:3000/award/CONT_AWD_70CMSW20C00000003_7012_-NONE-_-NONE-/,2026-07-30,DHS_FY2026P10_c:FY2026P01-P10_070_TAS_Contracts_AccountBreakdownByAward_2026-09-15_H22M13S36_01.csv:row:152380,data/raw/DHS_FY2026P10_c/FY2026P01-P10_070_TAS_AccountBreakdownByAward_2026-09-15_H22M11S11234807.zip,FY2026P01-P10_070_TAS_Contracts_AccountBreakdownByAward_2026-09-15_H22M13S36_01.csv,data/raw/DHS_FY2026P10_c/FY2026P01-P10_070_TAS_AccountBreakdownByAward_2026-09-15_H22M11S11234807.zip!FY2026P01-P10_070_TAS_Contracts_AccountBreakdownByAward_2026-09-15_H22M13S36_01.csv,152380,Contracts,https://files.usaspending.gov/generated_downloads/FY2026P01-P10_070_TAS_AccountBreakdownByAward_2026-09-15_H22M11S11234807.zip,Other public or nonprofit entities
FY2026P09,070-0540,070-2026/2026-0540-000,5ZD2ZMB6YC5,,25.2,D,Q,,CONT_AWD_70CMSW20C00000003_7012_-NONE-_-NONE-,70CMSW20C00000003,,,,L8B6G753K3Y5,ARC - IMPERIAL VALLEY,L8B6G753K3Y5,ARC - IMPERIAL VALLEY,JANITORIAL/CUSTODIAL AND GROUNDS MAINTENANCE SERVICES AT THE EL CENTRO SPC.,localhost:3000/award/CONT_AWD_70CMSW20C00000003_7012_-NONE-_-NONE-/,2026-07-30,DHS_FY2026P10_c:FY2026P01-P10_070_TAS_Contracts_AccountBreakdownByAward_2026-09-15_H22M13S36_01.csv:row:152381,data/raw/DHS_FY2026P10_c/FY2026P01-P10_070_TAS_AccountBreakdownByAward_2026-09-15_H22M11S11234807.zip,FY2026P01-P10_070_TAS_Contracts_AccountBreakdownByAward_2026-09-15_H22M13S36_01.csv,data/raw/DHS_FY2026P10_c/FY2026P01-P10_070_TAS_AccountBreakdownByAward_2026-09-15_H22M11S11234807.zip!FY2026P01-P10_070_TAS_Contracts_AccountBreakdownByAward_2026-09-15_H22M13S36_01.csv,152381,Contracts,https://files.usaspending.gov/generated_downloads/FY2026P01-P10_070_TAS_AccountBreakdownByAward_2026-09-15_H22M11S11234807.zip,Other public or nonprofit entities
FY2026P05,070-0540,070-2024/2024-0540-000,5ZD2ZMB6YC5,,25.2,D,Q,-2190.00,CONT_AWD_70CDCR20P00000044_7012_-NONE-_-NONE-,70CDCR20P00000044,,,,P33MHG98ZU64,UTAH COMMUNICATIONS AUTHORITY,P33MHG98ZU64,UTAH COMMUNICATIONS AUTHORITY,RADIO PROGRAMMING WILL ALLOW OFFICERS TO COMMUNICATE WITH LOCAL LAW ENFORCEMENT.,localhost:3000/award/CONT_AWD_70CDCR20P00000044_7012_-NONE-_-NONE-/,2026-05-15,DHS_FY2026P10_c:FY2026P01-P10_070_TAS_Contracts_AccountBreakdownByAward_2026-09-15_H22M13S36_01.csv:row:157627,data/raw/DHS_FY2026P10_c/FY2026P01-P10_070_TAS_AccountBreakdownByAward_2026-09-15_H22M11S11234807.zip,FY2026P01-P10_070_TAS_Contracts_AccountBreakdownByAward_2026-09-15_H22M13S36_01.csv,data/raw/DHS_FY2026P10_c/FY2026P01-P10_070_TAS_AccountBreakdownByAward_2026-09-15_H22M11S11234807.zip!FY2026P01-P10_070_TAS_Contracts_AccountBreakdownByAward_2026-09-15_H22M13S36_01.csv,157627,Contracts,https://files.usaspending.gov/generated_downloads/FY2026P01-P10_070_TAS_AccountBreakdownByAward_2026-09-15_H22M11S11234807.zip,State and local governments
FY2026P07,070-0540,070-2025/2029-0540-000,5ZD2ZMB6YC1,,25.2,D,Q,50775.00,CONT_AWD_70CDCR26P00000006_7012_-NONE-_-NONE-,70CDCR26P00000006,,,,W3HVB3149KQ9,TOWN OF LANCASTER,W3HVB3149KQ9,TOWN OF LANCASTER,THIS PURCHASE ORDER PROVIDES FUNDING FOR THE ICE/ERO/BUFFALO FIELD OFFICE FOR ACCESS TO AN INDOOR RANGE FOR FIREARMS TRAINING FOR ICE OFFICERS.,localhost:3000/award/CONT_AWD_70CDCR26P00000006_7012_-NONE-_-NONE-/,2026-06-01,DHS_FY2026P10_c:FY2026P01-P10_070_TAS_Contracts_AccountBreakdownByAward_2026-09-15_H22M13S36_01.csv:row:170943,data/raw/DHS_FY2026P10_c/FY2026P01-P10_070_TAS_AccountBreakdownByAward_2026-09-15_H22M11S11234807.zip,FY2026P01-P10_070_TAS_Contracts_AccountBreakdownByAward_2026-09-15_H22M13S36_01.csv,data/raw/DHS_FY2026P10_c/FY2026P01-P10_070_TAS_AccountBreakdownByAward_2026-09-15_H22M11S11234807.zip!FY2026P01-P10_070_TAS_Contracts_AccountBreakdownByAward_2026-09-15_H22M13S36_01.csv,170943,Contracts,https://files.usaspending.gov/generated_downloads/FY2026P01-P10_070_TAS_AccountBreakdownByAward_2026-09-15_H22M11S11234807.zip,State and local governments
FY2026P10,070-0540,070-2024/2024-0540-000,5ZD2ZMB6YC4,,25.3,D,Q,-5000.00,CONT_AWD_70CMSD24P00000137_7012_-NONE-_-NONE-,70CMSD24P00000137,,,,NRRRALJ1H919,DALLAS CHILDRENS ADVOCACY CENTER,NRRRALJ1H919,DALLAS CHILDRENS ADVOCACY CENTER,VICARIOUS HUMAN TRAFFICKING TRAUMA AWARENESS TRAINING,localhost:3000/award/CONT_AWD_70CMSD24P00000137_7012_-NONE-_-NONE-/,2026-08-31,DHS_FY2026P10_c:FY2026P01-P10_070_TAS_Contracts_AccountBreakdownByAward_2026-09-15_H22M13S36_01.csv:row:176851,data/raw/DHS_FY2026P10_c/FY2026P01-P10_070_TAS_AccountBreakdownByAward_2026-09-15_H22M11S11234807.zip,FY2026P01-P10_070_TAS_Contracts_AccountBreakdownByAward_2026-09-15_H22M13S36_01.csv,data/raw/DHS_FY2026P10_c/FY2026P01-P10_070_TAS_AccountBreakdownByAward_2026-09-15_H22M11S11234807.zip!FY2026P01-P10_070_TAS_Contracts_AccountBreakdownByAward_2026-09-15_H22M13S36_01.csv,176851,Contracts,https://files.usaspending.gov/generated_downloads/FY2026P01-P10_070_TAS_AccountBreakdownByAward_2026-09-15_H22M11S11234807.zip,Other public or nonprofit entities
FY2026P10,070-0540,070-2025/2025-0540-000,5ZD2ZMB6YC4,,25.2,D,Q,-41.99,CONT_AWD_70CMSD24P00000137_7012_-NONE-_-NONE-,70CMSD24P00000137,,,,NRRRALJ1H919,DALLAS CHILDRENS ADVOCACY CENTER,NRRRALJ1H919,DALLAS CHILDRENS ADVOCACY CENTER,VICARIOUS HUMAN TRAFFICKING TRAUMA AWARENESS TRAINING,localhost:3000/award/CONT_AWD_70CMSD24P00000137_7012_-NONE-_-NONE-/,2026-08-31,DHS_FY2026P10_c:FY2026P01-P10_070_TAS_Contracts_AccountBreakdownByAward_2026-09-15_H22M13S36_01.csv:row:176852,data/raw/DHS_FY2026P10_c/FY2026P01-P10_070_TAS_AccountBreakdownByAward_2026-09-15_H22M11S11234807.zip,FY2026P01-P10_070_TAS_Contracts_AccountBreakdownByAward_2026-09-15_H22M13S36_01.csv,data/raw/DHS_FY2026P10_c/FY2026P01-P10_070_TAS_AccountBreakdownByAward_2026-09-15_H22M11S11234807.zip!FY2026P01-P10_070_TAS_Contracts_AccountBreakdownByAward_2026-09-15_H22M13S36_01.csv,176852,Contracts,https://files.usaspending.gov/generated_downloads/FY2026P01-P10_070_TAS_AccountBreakdownByAward_2026-09-15_H22M11S11234807.zip,Other public or nonprofit entities
FY2026P10,070-0540,070-2026/2029-0540-000,5ZD2ZMB6YC2,,25.1,D,Q,9500.00,CONT_AWD_70CMSW26FR0000048_7012_47QRAA18D00CA_4732,70CMSW26FR0000048,47QRAA18D00CA,,,D3LHU66KBLD5,UNIVERSITY OF NORTH CAROLINA AT CHAPEL HILL,NEYCH3CVBTR6,UNIVERSITY OF NORTH CAROLINA SYSTEM OFFICE,THE AWARD PROVIDES SPECIALIZED CIVIL SERVICE LEADERSHIP PROGRAM COURSE FOR THE ICE- OFFICE OF ASSET AND FACILITIES MANAGEMENT.,localhost:3000/award/CONT_AWD_70CMSW26FR0000048_7012_47QRAA18D00CA_4732/,2026-08-31,DHS_FY2026P10_c:FY2026P01-P10_070_TAS_Contracts_AccountBreakdownByAward_2026-09-15_H22M13S36_01.csv:row:182482,data/raw/DHS_FY2026P10_c/FY2026P01-P10_070_TAS_AccountBreakdownByAward_2026-09-15_H22M11S11234807.zip,FY2026P01-P10_070_TAS_Contracts_AccountBreakdownByAward_2026-09-15_H22M13S36_01.csv,data/raw/DHS_FY2026P10_c/FY2026P01-P10_070_TAS_AccountBreakdownByAward_2026-09-15_H22M11S11234807.zip!FY2026P01-P10_070_TAS_Contracts_AccountBreakdownByAward_2026-09-15_H22M13S36_01.csv,182482,Contracts,https://files.usaspending.gov/generated_downloads/FY2026P01-P10_070_TAS_AccountBreakdownByAward_2026-09-15_H22M11S11234807.zip,Other public or nonprofit entities
FY2026P09,070-0540,070-2025/2025-0540-000,5ZD2ZMB6YC5,,25.2,D,Q,,CONT_AWD_70CDCR25P00000007_7012_-NONE-_-NONE-,70CDCR25P00000007,,,,QWQDFDCNJ2H3,IMPERIAL VALLEY RIFLE & PISTOL ASSOCIATION INC,QWQDFDCNJ2H3,IMPERIAL VALLEY RIFLE & PISTOL ASSOCIATION INC,FIRING RANGE,localhost:3000/award/CONT_AWD_70CDCR25P00000007_7012_-NONE-_-NONE-/,2026-07-30,DHS_FY2026P10_c:FY2026P01-P10_070_TAS_Contracts_AccountBreakdownByAward_2026-09-15_H22M13S36_01.csv:row:185269,data/raw/DHS_FY2026P10_c/FY2026P01-P10_070_TAS_AccountBreakdownByAward_2026-09-15_H22M11S11234807.zip,FY2026P01-P10_070_TAS_Contracts_AccountBreakdownByAward_2026-09-15_H22M13S36_01.csv,data/raw/DHS_FY2026P10_c/FY2026P01-P10_070_TAS_AccountBreakdownByAward_2026-09-15_H22M11S11234807.zip!FY2026P01-P10_070_TAS_Contracts_AccountBreakdownByAward_2026-09-15_H22M13S36_01.csv,185269,Contracts,https://files.usaspending.gov/generated_downloads/FY2026P01-P10_070_TAS_AccountBreakdownByAward_2026-09-15_H22M11S11234807.zip,Other public or nonprofit entities
FY2026P10,070-0540,070-2025/2025-0540-000,5ZD2ZMB6YC5,,25.2,D,Q,,CONT_AWD_70CDCR25P00000007_7012_-NONE-_-NONE-,70CDCR25P00000007,,,,QWQDFDCNJ2H3,IMPERIAL VALLEY RIFLE & PISTOL ASSOCIATION INC,QWQDFDCNJ2H3,IMPERIAL VALLEY RIFLE & PISTOL ASSOCIATION INC,FIRING RANGE,localhost:3000/award/CONT_AWD_70CDCR25P00000007_7012_-NONE-_-NONE-/,2026-08-31,DHS_FY2026P10_c:FY2026P01-P10_070_TAS_Contracts_AccountBreakdownByAward_2026-09-15_H22M13S36_01.csv:row:185270,data/raw/DHS_FY2026P10_c/FY2026P01-P10_070_TAS_AccountBreakdownByAward_2026-09-15_H22M11S11234807.zip,FY2026P01-P10_070_TAS_Contracts_AccountBreakdownByAward_2026-09-15_H22M13S36_01.csv,data/raw/DHS_FY2026P10_c/FY2026P01-P10_070_TAS_AccountBreakdownByAward_2026-09-15_H22M11S11234807.zip!FY2026P01-P10_070_TAS_Contracts_AccountBreakdownByAward_2026-09-15_H22M13S36_01.csv,185270,Contracts,https://files.usaspending.gov/generated_downloads/FY2026P01-P10_070_TAS_AccountBreakdownByAward_2026-09-15_H22M11S11234807.zip,Other public or nonprofit entities
FY2026P08,070-0540,070-2025/2025-0540-000,5ZD2ZMB6YC5,,25.2,D,Q,,CONT_AWD_70CDCR25P00000007_7012_-NONE-_-NONE-,70CDCR25P00000007,,,,QWQDFDCNJ2H3,IMPERIAL VALLEY RIFLE & PISTOL ASSOCIATION INC,QWQDFDCNJ2H3,IMPERIAL VALLEY RIFLE & PISTOL ASSOCIATION INC,FIRING RANGE,localhost:3000/award/CONT_AWD_70CDCR25P00000007_7012_-NONE-_-NONE-/,2026-07-02,DHS_FY2026P10_c:FY2026P01-P10_070_TAS_Contracts_AccountBreakdownByAward_2026-09-15_H22M13S36_01.csv:row:185271,data/raw/DHS_FY2026P10_c/FY2026P01-P10_070_TAS_AccountBreakdownByAward_2026-09-15_H22M11S11234807.zip,FY2026P01-P10_070_TAS_Contracts_AccountBreakdownByAward_2026-09-15_H22M13S36_01.csv,data/raw/DHS_FY2026P10_c/FY2026P01-P10_070_TAS_AccountBreakdownByAward_2026-09-15_H22M11S11234807.zip!FY2026P01-P10_070_TAS_Contracts_AccountBreakdownByAward_2026-09-15_H22M13S36_01.csv,185271,Contracts,https://files.usaspending.gov/generated_downloads/FY2026P01-P10_070_TAS_AccountBreakdownByAward_2026-09-15_H22M11S11234807.zip,Other public or nonprofit entities
FY2026P07,070-0540,070-2026/2026-0540-000,5ZD2ZMB6YC5,,25.2,D,Q,,CONT_AWD_70CMSW24P00000004_7012_-NONE-_-NONE-,70CMSW24P00000004,,,,H8YFF5F9TM53,THE HIGHLANDS RANCH LAW ENFORCEMENT TRAINING FOUNDATION,H8YFF5F9TM53,THE HIGHLANDS RANCH LAW ENFORCEMENT TRAINING FOUNDATION,LEASING SPACE AT HIGHLANDS RANCH LAW ENFORCEMENT TRAINING FACILITY FOR ERO OFFICER QUALIFYING PURPOSES,localhost:3000/award/CONT_AWD_70CMSW24P00000004_7012_-NONE-_-NONE-/,2026-06-01,DHS_FY2026P10_c:FY2026P01-P10_070_TAS_Contracts_AccountBreakdownByAward_2026-09-15_H22M13S36_01.csv:row:185464,data/raw/DHS_FY2026P10_c/FY2026P01-P10_070_TAS_AccountBreakdownByAward_2026-09-15_H22M11S11234807.zip,FY2026P01-P10_070_TAS_Contracts_AccountBreakdownByAward_2026-09-15_H22M13S36_01.csv,data/raw/DHS_FY2026P10_c/FY2026P01-P10_070_TAS_AccountBreakdownByAward_2026-09-15_H22M11S11234807.zip!FY2026P01-P10_070_TAS_Contracts_AccountBreakdownByAward_2026-09-15_H22M13S36_01.csv,185464,Contracts,https://files.usaspending.gov/generated_downloads/FY2026P01-P10_070_TAS_AccountBreakdownByAward_2026-09-15_H22M11S11234807.zip,Other public or nonprofit entities
FY2026P04,070-0540,070-2025/2025-0540-000,5ZD2ZMB6YC5,,23.2,D,Q,,CONT_AWD_70CMSW24P00000004_7012_-NONE-_-NONE-,70CMSW24P00000004,,,,H8YFF5F9TM53,THE HIGHLANDS RANCH LAW ENFORCEMENT TRAINING FOUNDATION,H8YFF5F9TM53,THE HIGHLANDS RANCH LAW ENFORCEMENT TRAINING FOUNDATION,LEASING SPACE AT HIGHLANDS RANCH LAW ENFORCEMENT TRAINING FACILITY FOR ERO OFFICER QUALIFYING PURPOSES,localhost:3000/award/CONT_AWD_70CMSW24P00000004_7012_-NONE-_-NONE-/,2026-05-15,DHS_FY2026P10_c:FY2026P01-P10_070_TAS_Contracts_AccountBreakdownByAward_2026-09-15_H22M13S36_01.csv:row:185465,data/raw/DHS_FY2026P10_c/FY2026P01-P10_070_TAS_AccountBreakdownByAward_2026-09-15_H22M11S11234807.zip,FY2026P01-P10_070_TAS_Contracts_AccountBreakdownByAward_2026-09-15_H22M13S36_01.csv,data/raw/DHS_FY2026P10_c/FY2026P01-P10_070_TAS_AccountBreakdownByAward_2026-09-15_H22M11S11234807.zip!FY2026P01-P10_070_TAS_Contracts_AccountBreakdownByAward_2026-09-15_H22M13S36_01.csv,185465,Contracts,https://files.usaspending.gov/generated_downloads/FY2026P01-P10_070_TAS_AccountBreakdownByAward_2026-09-15_H22M11S11234807.zip,Other public or nonprofit entities
FY2026P05,070-0540,070-2026/2026-0540-000,5ZD2ZMB6YC5,,23.2,D,Q,,CONT_AWD_70CMSW24P00000004_7012_-NONE-_-NONE-,70CMSW24P00000004,,,,H8YFF5F9TM53,THE HIGHLANDS RANCH LAW ENFORCEMENT TRAINING FOUNDATION,H8YFF5F9TM53,THE HIGHLANDS RANCH LAW ENFORCEMENT TRAINING FOUNDATION,LEASING SPACE AT HIGHLANDS RANCH LAW ENFORCEMENT TRAINING FACILITY FOR ERO OFFICER QUALIFYING PURPOSES,localhost:3000/award/CONT_AWD_70CMSW24P00000004_7012_-NONE-_-NONE-/,2026-05-15,DHS_FY2026P10_c:FY2026P01-P10_070_TAS_Contracts_AccountBreakdownByAward_2026-09-15_H22M13S36_01.csv:row:185466,data/raw/DHS_FY2026P10_c/FY2026P01-P10_070_TAS_AccountBreakdownByAward_2026-09-15_H22M11S11234807.zip,FY2026P01-P10_070_TAS_Contracts_AccountBreakdownByAward_2026-09-15_H22M13S36_01.csv,data/raw/DHS_FY2026P10_c/FY2026P01-P10_070_TAS_AccountBreakdownByAward_2026-09-15_H22M11S11234807.zip!FY2026P01-P10_070_TAS_Contracts_AccountBreakdownByAward_2026-09-15_H22M13S36_01.csv,185466,Contracts,https://files.usaspending.gov/generated_downloads/FY2026P01-P10_070_TAS_AccountBreakdownByAward_2026-09-15_H22M11S11234807.zip,Other public or nonprofit entities
FY2026P07,070-0540,070-2026/2026-0540-000,5ZD2ZMB6YC5,,23.2,D,Q,,CONT_AWD_70CMSW24P00000004_7012_-NONE-_-NONE-,70CMSW24P00000004,,,,H8YFF5F9TM53,THE HIGHLANDS RANCH LAW ENFORCEMENT TRAINING FOUNDATION,H8YFF5F9TM53,THE HIGHLANDS RANCH LAW ENFORCEMENT TRAINING FOUNDATION,LEASING SPACE AT HIGHLANDS RANCH LAW ENFORCEMENT TRAINING FACILITY FOR ERO OFFICER QUALIFYING PURPOSES,localhost:3000/award/CONT_AWD_70CMSW24P00000004_7012_-NONE-_-NONE-/,2026-06-01,DHS_FY2026P10_c:FY2026P01-P10_070_TAS_Contracts_AccountBreakdownByAward_2026-09-15_H22M13S36_01.csv:row:185467,data/raw/DHS_FY2026P10_c/FY2026P01-P10_070_TAS_AccountBreakdownByAward_2026-09-15_H22M11S11234807.zip,FY2026P01-P10_070_TAS_Contracts_AccountBreakdownByAward_2026-09-15_H22M13S36_01.csv,data/raw/DHS_FY2026P10_c/FY2026P01-P10_070_TAS_AccountBreakdownByAward_2026-09-15_H22M11S11234807.zip!FY2026P01-P10_070_TAS_Contracts_AccountBreakdownByAward_2026-09-15_H22M13S36_01.csv,185467,Contracts,https://files.usaspending.gov/generated_downloads/FY2026P01-P10_070_TAS_AccountBreakdownByAward_2026-09-15_H22M11S11234807.zip,Other public or nonprofit entities
FY2026P07,070-0540,070-2025/2025-0540-000,5ZD2ZMB6YC5,,23.2,D,Q,,CONT_AWD_70CMSW24P00000004_7012_-NONE-_-NONE-,70CMSW24P00000004,,,,H8YFF5F9TM53,THE HIGHLANDS RANCH LAW ENFORCEMENT TRAINING FOUNDATION,H8YFF5F9TM53,THE HIGHLANDS RANCH LAW ENFORCEMENT TRAINING FOUNDATION,LEASING SPACE AT HIGHLANDS RANCH LAW ENFORCEMENT TRAINING FACILITY FOR ERO OFFICER QUALIFYING PURPOSES,localhost:3000/award/CONT_AWD_70CMSW24P00000004_7012_-NONE-_-NONE-/,2026-06-01,DHS_FY2026P10_c:FY2026P01-P10_070_TAS_Contracts_AccountBreakdownByAward_2026-09-15_H22M13S36_01.csv:row:185468,data/raw/DHS_FY2026P10_c/FY2026P01-P10_070_TAS_AccountBreakdownByAward_2026-09-15_H22M11S11234807.zip,FY2026P01-P10_070_TAS_Contracts_AccountBreakdownByAward_2026-09-15_H22M13S36_01.csv,data/raw/DHS_FY2026P10_c/FY2026P01-P10_070_TAS_AccountBreakdownByAward_2026-09-15_H22M11S11234807.zip!FY2026P01-P10_070_TAS_Contracts_AccountBreakdownByAward_2026-09-15_H22M13S36_01.csv,185468,Contracts,https://files.usaspending.gov/generated_downloads/FY2026P01-P10_070_TAS_AccountBreakdownByAward_2026-09-15_H22M11S11234807.zip,Other public or nonprofit entities
FY2026P05,070-0540,070-2025/2025-0540-000,5ZD2ZMB6YC5,,23.2,D,Q,,CONT_AWD_70CMSW24P00000004_7012_-NONE-_-NONE-,70CMSW24P00000004,,,,H8YFF5F9TM53,THE HIGHLANDS RANCH LAW ENFORCEMENT TRAINING FOUNDATION,H8YFF5F9TM53,THE HIGHLANDS RANCH LAW ENFORCEMENT TRAINING FOUNDATION,LEASING SPACE AT HIGHLANDS RANCH LAW ENFORCEMENT TRAINING FACILITY FOR ERO OFFICER QUALIFYING PURPOSES,localhost:3000/award/CONT_AWD_70CMSW24P00000004_7012_-NONE-_-NONE-/,2026-05-15,DHS_FY2026P10_c:FY2026P01-P10_070_TAS_Contracts_AccountBreakdownByAward_2026-09-15_H22M13S36_01.csv:row:185469,data/raw/DHS_FY2026P10_c/FY2026P01-P10_070_TAS_AccountBreakdownByAward_2026-09-15_H22M11S11234807.zip,FY2026P01-P10_070_TAS_Contracts_AccountBreakdownByAward_2026-09-15_H22M13S36_01.csv,data/raw/DHS_FY2026P10_c/FY2026P01-P10_070_TAS_AccountBreakdownByAward_2026-09-15_H22M11S11234807.zip!FY2026P01-P10_070_TAS_Contracts_AccountBreakdownByAward_2026-09-15_H22M13S36_01.csv,185469,Contracts,https://files.usaspending.gov/generated_downloads/FY2026P01-P10_070_TAS_AccountBreakdownByAward_2026-09-15_H22M11S11234807.zip,Other public or nonprofit entities
FY2026P05,070-0540,070-2026/2026-0540-000,5ZD2ZMB6YC5,,25.2,D,Q,72000.00,CONT_AWD_70CMSW24P00000004_7012_-NONE-_-NONE-,70CMSW24P00000004,,,,H8YFF5F9TM53,THE HIGHLANDS RANCH LAW ENFORCEMENT TRAINING FOUNDATION,H8YFF5F9TM53,THE HIGHLANDS RANCH LAW ENFORCEMENT TRAINING FOUNDATION,LEASING SPACE AT HIGHLANDS RANCH LAW ENFORCEMENT TRAINING FACILITY FOR ERO OFFICER QUALIFYING PURPOSES,localhost:3000/award/CONT_AWD_70CMSW24P00000004_7012_-NONE-_-NONE-/,2026-05-15,DHS_FY2026P10_c:FY2026P01-P10_070_TAS_Contracts_AccountBreakdownByAward_2026-09-15_H22M13S36_01.csv:row:185470,data/raw/DHS_FY2026P10_c/FY2026P01-P10_070_TAS_AccountBreakdownByAward_2026-09-15_H22M11S11234807.zip,FY2026P01-P10_070_TAS_Contracts_AccountBreakdownByAward_2026-09-15_H22M13S36_01.csv,data/raw/DHS_FY2026P10_c/FY2026P01-P10_070_TAS_AccountBreakdownByAward_2026-09-15_H22M11S11234807.zip!FY2026P01-P10_070_TAS_Contracts_AccountBreakdownByAward_2026-09-15_H22M13S36_01.csv,185470,Contracts,https://files.usaspending.gov/generated_downloads/FY2026P01-P10_070_TAS_AccountBreakdownByAward_2026-09-15_H22M11S11234807.zip,Other public or nonprofit entities
FY2026P06,070-0540,070-2026/2026-0540-000,5ZD2ZMB6YC5,,23.2,D,Q,,CONT_AWD_70CMSW24P00000004_7012_-NONE-_-NONE-,70CMSW24P00000004,,,,H8YFF5F9TM53,THE HIGHLANDS RANCH LAW ENFORCEMENT TRAINING FOUNDATION,H8YFF5F9TM53,THE HIGHLANDS RANCH LAW ENFORCEMENT TRAINING FOUNDATION,LEASING SPACE AT HIGHLANDS RANCH LAW ENFORCEMENT TRAINING FACILITY FOR ERO OFFICER QUALIFYING PURPOSES,localhost:3000/award/CONT_AWD_70CMSW24P00000004_7012_-NONE-_-NONE-/,2026-08-07,DHS_FY2026P10_c:FY2026P01-P10_070_TAS_Contracts_AccountBreakdownByAward_2026-09-15_H22M13S36_01.csv:row:185471,data/raw/DHS_FY2026P10_c/FY2026P01-P10_070_TAS_AccountBreakdownByAward_2026-09-15_H22M11S11234807.zip,FY2026P01-P10_070_TAS_Contracts_AccountBreakdownByAward_2026-09-15_H22M13S36_01.csv,data/raw/DHS_FY2026P10_c/FY2026P01-P10_070_TAS_AccountBreakdownByAward_2026-09-15_H22M11S11234807.zip!FY2026P01-P10_070_TAS_Contracts_AccountBreakdownByAward_2026-09-15_H22M13S36_01.csv,185471,Contracts,https://files.usaspending.gov/generated_downloads/FY2026P01-P10_070_TAS_AccountBreakdownByAward_2026-09-15_H22M11S11234807.zip,Other public or nonprofit entities
FY2026P02,070-0540,070-2025/2025-0540-000,5ZD2ZMB6YC5,,23.2,D,Q,,CONT_AWD_70CMSW24P00000004_7012_-NONE-_-NONE-,70CMSW24P00000004,,,,H8YFF5F9TM53,THE HIGHLANDS RANCH LAW ENFORCEMENT TRAINING FOUNDATION,H8YFF5F9TM53,THE HIGHLANDS RANCH LAW ENFORCEMENT TRAINING FOUNDATION,LEASING SPACE AT HIGHLANDS RANCH LAW ENFORCEMENT TRAINING FACILITY FOR ERO OFFICER QUALIFYING PURPOSES,localhost:3000/award/CONT_AWD_70CMSW24P00000004_7012_-NONE-_-NONE-/,2026-02-13,DHS_FY2026P10_c:FY2026P01-P10_070_TAS_Contracts_AccountBreakdownByAward_2026-09-15_H22M13S36_01.csv:row:185472,data/raw/DHS_FY2026P10_c/FY2026P01-P10_070_TAS_AccountBreakdownByAward_2026-09-15_H22M11S11234807.zip,FY2026P01-P10_070_TAS_Contracts_AccountBreakdownByAward_2026-09-15_H22M13S36_01.csv,data/raw/DHS_FY2026P10_c/FY2026P01-P10_070_TAS_AccountBreakdownByAward_2026-09-15_H22M11S11234807.zip!FY2026P01-P10_070_TAS_Contracts_AccountBreakdownByAward_2026-09-15_H22M13S36_01.csv,185472,Contracts,https://files.usaspending.gov/generated_downloads/FY2026P01-P10_070_TAS_AccountBreakdownByAward_2026-09-15_H22M11S11234807.zip,Other public or nonprofit entities
FY2026P03,070-0540,070-2025/2025-0540-000,5ZD2ZMB6YC5,,23.2,D,Q,,CONT_AWD_70CMSW24P00000004_7012_-NONE-_-NONE-,70CMSW24P00000004,,,,H8YFF5F9TM53,THE HIGHLANDS RANCH LAW ENFORCEMENT TRAINING FOUNDATION,H8YFF5F9TM53,THE HIGHLANDS RANCH LAW ENFORCEMENT TRAINING FOUNDATION,LEASING SPACE AT HIGHLANDS RANCH LAW ENFORCEMENT TRAINING FACILITY FOR ERO OFFICER QUALIFYING PURPOSES,localhost:3000/award/CONT_AWD_70CMSW24P00000004_7012_-NONE-_-NONE-/,2026-08-07,DHS_FY2026P10_c:FY2026P01-P10_070_TAS_Contracts_AccountBreakdownByAward_2026-09-15_H22M13S36_01.csv:row:185473,data/raw/DHS_FY2026P10_c/FY2026P01-P10_070_TAS_AccountBreakdownByAward_2026-09-15_H22M11S11234807.zip,FY2026P01-P10_070_TAS_Contracts_AccountBreakdownByAward_2026-09-15_H22M13S36_01.csv,data/raw/DHS_FY2026P10_c/FY2026P01-P10_070_TAS_AccountBreakdownByAward_2026-09-15_H22M11S11234807.zip!FY2026P01-P10_070_TAS_Contracts_AccountBreakdownByAward_2026-09-15_H22M13S36_01.csv,185473,Contracts,https://files.usaspending.gov/generated_downloads/FY2026P01-P10_070_TAS_AccountBreakdownByAward_2026-09-15_H22M11S11234807.zip,Other public or nonprofit entities
FY2026P10,070-0540,070-2025/2025-0540-000,5ZD2ZMB6YC5,,23.2,D,Q,,CONT_AWD_70CMSW24P00000004_7012_-NONE-_-NONE-,70CMSW24P00000004,,,,H8YFF5F9TM53,THE HIGHLANDS RANCH LAW ENFORCEMENT TRAINING FOUNDATION,H8YFF5F9TM53,THE HIGHLANDS RANCH LAW ENFORCEMENT TRAINING FOUNDATION,LEASING SPACE AT HIGHLANDS RANCH LAW ENFORCEMENT TRAINING FACILITY FOR ERO OFFICER QUALIFYING PURPOSES,localhost:3000/award/CONT_AWD_70CMSW24P00000004_7012_-NONE-_-NONE-/,2026-08-31,DHS_FY2026P10_c:FY2026P01-P10_070_TAS_Contracts_AccountBreakdownByAward_2026-09-15_H22M13S36_01.csv:row:185474,data/raw/DHS_FY2026P10_c/FY2026P01-P10_070_TAS_AccountBreakdownByAward_2026-09-15_H22M11S11234807.zip,FY2026P01-P10_070_TAS_Contracts_AccountBreakdownByAward_2026-09-15_H22M13S36_01.csv,data/raw/DHS_FY2026P10_c/FY2026P01-P10_070_TAS_AccountBreakdownByAward_2026-09-15_H22M11S11234807.zip!FY2026P01-P10_070_TAS_Contracts_AccountBreakdownByAward_2026-09-15_H22M13S36_01.csv,185474,Contracts,https://files.usaspending.gov/generated_downloads/FY2026P01-P10_070_TAS_AccountBreakdownByAward_2026-09-15_H22M11S11234807.zip,Other public or nonprofit entities
FY2026P10,070-0540,070-2026/2026-0540-000,5ZD2ZMB6YC5,,23.2,D,Q,,CONT_AWD_70CMSW24P00000004_7012_-NONE-_-NONE-,70CMSW24P00000004,,,,H8YFF5F9TM53,THE HIGHLANDS RANCH LAW ENFORCEMENT TRAINING FOUNDATION,H8YFF5F9TM53,THE HIGHLANDS RANCH LAW ENFORCEMENT TRAINING FOUNDATION,LEASING SPACE AT HIGHLANDS RANCH LAW ENFORCEMENT TRAINING FACILITY FOR ERO OFFICER QUALIFYING PURPOSES,localhost:3000/award/CONT_AWD_70CMSW24P00000004_7012_-NONE-_-NONE-/,2026-08-31,DHS_FY2026P10_c:FY2026P01-P10_070_TAS_Contracts_AccountBreakdownByAward_2026-09-15_H22M13S36_01.csv:row:185475,data/raw/DHS_FY2026P10_c/FY2026P01-P10_070_TAS_AccountBreakdownByAward_2026-09-15_H22M11S11234807.zip,FY2026P01-P10_070_TAS_Contracts_AccountBreakdownByAward_2026-09-15_H22M13S36_01.csv,data/raw/DHS_FY2026P10_c/FY2026P01-P10_070_TAS_AccountBreakdownByAward_2026-09-15_H22M11S11234807.zip!FY2026P01-P10_070_TAS_Contracts_AccountBreakdownByAward_2026-09-15_H22M13S36_01.csv,185475,Contracts,https://files.usaspending.gov/generated_downloads/FY2026P01-P10_070_TAS_AccountBreakdownByAward_2026-09-15_H22M11S11234807.zip,Other public or nonprofit entities
FY2026P10,070-0540,070-2026/2026-0540-000,5ZD2ZMB6YC5,,25.2,D,Q,,CONT_AWD_70CMSW24P00000004_7012_-NONE-_-NONE-,70CMSW24P00000004,,,,H8YFF5F9TM53,THE HIGHLANDS RANCH LAW ENFORCEMENT TRAINING FOUNDATION,H8YFF5F9TM53,THE HIGHLANDS RANCH LAW ENFORCEMENT TRAINING FOUNDATION,LEASING SPACE AT HIGHLANDS RANCH LAW ENFORCEMENT TRAINING FACILITY FOR ERO OFFICER QUALIFYING PURPOSES,localhost:3000/award/CONT_AWD_70CMSW24P00000004_7012_-NONE-_-NONE-/,2026-08-31,DHS_FY2026P10_c:FY2026P01-P10_070_TAS_Contracts_AccountBreakdownByAward_2026-09-15_H22M13S36_01.csv:row:185476,data/raw/DHS_FY2026P10_c/FY2026P01-P10_070_TAS_AccountBreakdownByAward_2026-09-15_H22M11S11234807.zip,FY2026P01-P10_070_TAS_Contracts_AccountBreakdownByAward_2026-09-15_H22M13S36_01.csv,data/raw/DHS_FY2026P10_c/FY2026P01-P10_070_TAS_AccountBreakdownByAward_2026-09-15_H22M11S11234807.zip!FY2026P01-P10_070_TAS_Contracts_AccountBreakdownByAward_2026-09-15_H22M13S36_01.csv,185476,Contracts,https://files.usaspending.gov/generated_downloads/FY2026P01-P10_070_TAS_AccountBreakdownByAward_2026-09-15_H22M11S11234807.zip,Other public or nonprofit entities
FY2026P10,070-0540,070-2026/2026-0540-000,5ZD2ZMB6YC5,,94.0,D,Q,,CONT_AWD_70CMSW24P00000004_7012_-NONE-_-NONE-,70CMSW24P00000004,,,,H8YFF5F9TM53,THE HIGHLANDS RANCH LAW ENFORCEMENT TRAINING FOUNDATION,H8YFF5F9TM53,THE HIGHLANDS RANCH LAW ENFORCEMENT TRAINING FOUNDATION,LEASING SPACE AT HIGHLANDS RANCH LAW ENFORCEMENT TRAINING FACILITY FOR ERO OFFICER QUALIFYING PURPOSES,localhost:3000/award/CONT_AWD_70CMSW24P00000004_7012_-NONE-_-NONE-/,2026-08-31,DHS_FY2026P10_c:FY2026P01-P10_070_TAS_Contracts_AccountBreakdownByAward_2026-09-15_H22M13S36_01.csv:row:185477,data/raw/DHS_FY2026P10_c/FY2026P01-P10_070_TAS_AccountBreakdownByAward_2026-09-15_H22M11S11234807.zip,FY2026P01-P10_070_TAS_Contracts_AccountBreakdownByAward_2026-09-15_H22M13S36_01.csv,data/raw/DHS_FY2026P10_c/FY2026P01-P10_070_TAS_AccountBreakdownByAward_2026-09-15_H22M11S11234807.zip!FY2026P01-P10_070_TAS_Contracts_AccountBreakdownByAward_2026-09-15_H22M13S36_01.csv,185477,Contracts,https://files.usaspending.gov/generated_downloads/FY2026P01-P10_070_TAS_AccountBreakdownByAward_2026-09-15_H22M11S11234807.zip,Other public or nonprofit entities
FY2026P08,070-0540,070-2025/2025-0540-000,5ZD2ZMB6YC5,,23.2,D,Q,,CONT_AWD_70CMSW24P00000004_7012_-NONE-_-NONE-,70CMSW24P00000004,,,,H8YFF5F9TM53,THE HIGHLANDS RANCH LAW ENFORCEMENT TRAINING FOUNDATION,H8YFF5F9TM53,THE HIGHLANDS RANCH LAW ENFORCEMENT TRAINING FOUNDATION,LEASING SPACE AT HIGHLANDS RANCH LAW ENFORCEMENT TRAINING FACILITY FOR ERO OFFICER QUALIFYING PURPOSES,localhost:3000/award/CONT_AWD_70CMSW24P00000004_7012_-NONE-_-NONE-/,2026-07-02,DHS_FY2026P10_c:FY2026P01-P10_070_TAS_Contracts_AccountBreakdownByAward_2026-09-15_H22M13S36_01.csv:row:185478,data/raw/DHS_FY2026P10_c/FY2026P01-P10_070_TAS_AccountBreakdownByAward_2026-09-15_H22M11S11234807.zip,FY2026P01-P10_070_TAS_Contracts_AccountBreakdownByAward_2026-09-15_H22M13S36_01.csv,data/raw/DHS_FY2026P10_c/FY2026P01-P10_070_TAS_AccountBreakdownByAward_2026-09-15_H22M11S11234807.zip!FY2026P01-P10_070_TAS_Contracts_AccountBreakdownByAward_2026-09-15_H22M13S36_01.csv,185478,Contracts,https://files.usaspending.gov/generated_downloads/FY2026P01-P10_070_TAS_AccountBreakdownByAward_2026-09-15_H22M11S11234807.zip,Other public or nonprofit entities
FY2026P08,070-0540,070-2026/2026-0540-000,5ZD2ZMB6YC5,,94.0,D,Q,,CONT_AWD_70CMSW24P00000004_7012_-NONE-_-NONE-,70CMSW24P00000004,,,,H8YFF5F9TM53,THE HIGHLANDS RANCH LAW ENFORCEMENT TRAINING FOUNDATION,H8YFF5F9TM53,THE HIGHLANDS RANCH LAW ENFORCEMENT TRAINING FOUNDATION,LEASING SPACE AT HIGHLANDS RANCH LAW ENFORCEMENT TRAINING FACILITY FOR ERO OFFICER QUALIFYING PURPOSES,localhost:3000/award/CONT_AWD_70CMSW24P00000004_7012_-NONE-_-NONE-/,2026-07-02,DHS_FY2026P10_c:FY2026P01-P10_070_TAS_Contracts_AccountBreakdownByAward_2026-09-15_H22M13S36_01.csv:row:185479,data/raw/DHS_FY2026P10_c/FY2026P01-P10_070_TAS_AccountBreakdownByAward_2026-09-15_H22M11S11234807.zip,FY2026P01-P10_070_TAS_Contracts_AccountBreakdownByAward_2026-09-15_H22M13S36_01.csv,data/raw/DHS_FY2026P10_c/FY2026P01-P10_070_TAS_AccountBreakdownByAward_2026-09-15_H22M11S11234807.zip!FY2026P01-P10_070_TAS_Contracts_AccountBreakdownByAward_2026-09-15_H22M13S36_01.csv,185479,Contracts,https://files.usaspending.gov/generated_downloads/FY2026P01-P10_070_TAS_AccountBreakdownByAward_2026-09-15_H22M11S11234807.zip,Other public or nonprofit entities
FY2026P08,070-0540,070-2026/2026-0540-000,5ZD2ZMB6YC5,,25.2,D,Q,,CONT_AWD_70CMSW24P00000004_7012_-NONE-_-NONE-,70CMSW24P00000004,,,,H8YFF5F9TM53,THE HIGHLANDS RANCH LAW ENFORCEMENT TRAINING FOUNDATION,H8YFF5F9TM53,THE HIGHLANDS RANCH LAW ENFORCEMENT TRAINING FOUNDATION,LEASING SPACE AT HIGHLANDS RANCH LAW ENFORCEMENT TRAINING FACILITY FOR ERO OFFICER QUALIFYING PURPOSES,localhost:3000/award/CONT_AWD_70CMSW24P00000004_7012_-NONE-_-NONE-/,2026-07-02,DHS_FY2026P10_c:FY2026P01-P10_070_TAS_Contracts_AccountBreakdownByAward_2026-09-15_H22M13S36_01.csv:row:185480,data/raw/DHS_FY2026P10_c/FY2026P01-P10_070_TAS_AccountBreakdownByAward_2026-09-15_H22M11S11234807.zip,FY2026P01-P10_070_TAS_Contracts_AccountBreakdownByAward_2026-09-15_H22M13S36_01.csv,data/raw/DHS_FY2026P10_c/FY2026P01-P10_070_TAS_AccountBreakdownByAward_2026-09-15_H22M11S11234807.zip!FY2026P01-P10_070_TAS_Contracts_AccountBreakdownByAward_2026-09-15_H22M13S36_01.csv,185480,Contracts,https://files.usaspending.gov/generated_downloads/FY2026P01-P10_070_TAS_AccountBreakdownByAward_2026-09-15_H22M11S11234807.zip,Other public or nonprofit entities
FY2026P08,070-0540,070-2026/2026-0540-000,5ZD2ZMB6YC5,,23.2,D,Q,,CONT_AWD_70CMSW24P00000004_7012_-NONE-_-NONE-,70CMSW24P00000004,,,,H8YFF5F9TM53,THE HIGHLANDS RANCH LAW ENFORCEMENT TRAINING FOUNDATION,H8YFF5F9TM53,THE HIGHLANDS RANCH LAW ENFORCEMENT TRAINING FOUNDATION,LEASING SPACE AT HIGHLANDS RANCH LAW ENFORCEMENT TRAINING FACILITY FOR ERO OFFICER QUALIFYING PURPOSES,localhost:3000/award/CONT_AWD_70CMSW24P00000004_7012_-NONE-_-NONE-/,2026-07-02,DHS_FY2026P10_c:FY2026P01-P10_070_TAS_Contracts_AccountBreakdownByAward_2026-09-15_H22M13S36_01.csv:row:185481,data/raw/DHS_FY2026P10_c/FY2026P01-P10_070_TAS_AccountBreakdownByAward_2026-09-15_H22M11S11234807.zip,FY2026P01-P10_070_TAS_Contracts_AccountBreakdownByAward_2026-09-15_H22M13S36_01.csv,data/raw/DHS_FY2026P10_c/FY2026P01-P10_070_TAS_AccountBreakdownByAward_2026-09-15_H22M11S11234807.zip!FY2026P01-P10_070_TAS_Contracts_AccountBreakdownByAward_2026-09-15_H22M13S36_01.csv,185481,Contracts,https://files.usaspending.gov/generated_downloads/FY2026P01-P10_070_TAS_AccountBreakdownByAward_2026-09-15_H22M11S11234807.zip,Other public or nonprofit entities
FY2026P06,070-0540,070-2025/2025-0540-000,5ZD2ZMB6YC5,,23.2,D,Q,,CONT_AWD_70CMSW24P00000004_7012_-NONE-_-NONE-,70CMSW24P00000004,,,,H8YFF5F9TM53,THE HIGHLANDS RANCH LAW ENFORCEMENT TRAINING FOUNDATION,H8YFF5F9TM53,THE HIGHLANDS RANCH LAW ENFORCEMENT TRAINING FOUNDATION,LEASING SPACE AT HIGHLANDS RANCH LAW ENFORCEMENT TRAINING FACILITY FOR ERO OFFICER QUALIFYING PURPOSES,localhost:3000/award/CONT_AWD_70CMSW24P00000004_7012_-NONE-_-NONE-/,2026-08-07,DHS_FY2026P10_c:FY2026P01-P10_070_TAS_Contracts_AccountBreakdownByAward_2026-09-15_H22M13S36_01.csv:row:185482,data/raw/DHS_FY2026P10_c/FY2026P01-P10_070_TAS_AccountBreakdownByAward_2026-09-15_H22M11S11234807.zip,FY2026P01-P10_070_TAS_Contracts_AccountBreakdownByAward_2026-09-15_H22M13S36_01.csv,data/raw/DHS_FY2026P10_c/FY2026P01-P10_070_TAS_AccountBreakdownByAward_2026-09-15_H22M11S11234807.zip!FY2026P01-P10_070_TAS_Contracts_AccountBreakdownByAward_2026-09-15_H22M13S36_01.csv,185482,Contracts,https://files.usaspending.gov/generated_downloads/FY2026P01-P10_070_TAS_AccountBreakdownByAward_2026-09-15_H22M11S11234807.zip,Other public or nonprofit entities
FY2026P09,070-0540,070-2025/2025-0540-000,5ZD2ZMB6YC5,,23.2,D,Q,,CONT_AWD_70CMSW24P00000004_7012_-NONE-_-NONE-,70CMSW24P00000004,,,,H8YFF5F9TM53,THE HIGHLANDS RANCH LAW ENFORCEMENT TRAINING FOUNDATION,H8YFF5F9TM53,THE HIGHLANDS RANCH LAW ENFORCEMENT TRAINING FOUNDATION,LEASING SPACE AT HIGHLANDS RANCH LAW ENFORCEMENT TRAINING FACILITY FOR ERO OFFICER QUALIFYING PURPOSES,localhost:3000/award/CONT_AWD_70CMSW24P00000004_7012_-NONE-_-NONE-/,2026-07-30,DHS_FY2026P10_c:FY2026P01-P10_070_TAS_Contracts_AccountBreakdownByAward_2026-09-15_H22M13S36_01.csv:row:185483,data/raw/DHS_FY2026P10_c/FY2026P01-P10_070_TAS_AccountBreakdownByAward_2026-09-15_H22M11S11234807.zip,FY2026P01-P10_070_TAS_Contracts_AccountBreakdownByAward_2026-09-15_H22M13S36_01.csv,data/raw/DHS_FY2026P10_c/FY2026P01-P10_070_TAS_AccountBreakdownByAward_2026-09-15_H22M11S11234807.zip!FY2026P01-P10_070_TAS_Contracts_AccountBreakdownByAward_2026-09-15_H22M13S36_01.csv,185483,Contracts,https://files.usaspending.gov/generated_downloads/FY2026P01-P10_070_TAS_AccountBreakdownByAward_2026-09-15_H22M11S11234807.zip,Other public or nonprofit entities
FY2026P09,070-0540,070-2026/2026-0540-000,5ZD2ZMB6YC5,,23.2,D,Q,,CONT_AWD_70CMSW24P00000004_7012_-NONE-_-NONE-,70CMSW24P00000004,,,,H8YFF5F9TM53,THE HIGHLANDS RANCH LAW ENFORCEMENT TRAINING FOUNDATION,H8YFF5F9TM53,THE HIGHLANDS RANCH LAW ENFORCEMENT TRAINING FOUNDATION,LEASING SPACE AT HIGHLANDS RANCH LAW ENFORCEMENT TRAINING FACILITY FOR ERO OFFICER QUALIFYING PURPOSES,localhost:3000/award/CONT_AWD_70CMSW24P00000004_7012_-NONE-_-NONE-/,2026-07-30,DHS_FY2026P10_c:FY2026P01-P10_070_TAS_Contracts_AccountBreakdownByAward_2026-09-15_H22M13S36_01.csv:row:185484,data/raw/DHS_FY2026P10_c/FY2026P01-P10_070_TAS_AccountBreakdownByAward_2026-09-15_H22M11S11234807.zip,FY2026P01-P10_070_TAS_Contracts_AccountBreakdownByAward_2026-09-15_H22M13S36_01.csv,data/raw/DHS_FY2026P10_c/FY2026P01-P10_070_TAS_AccountBreakdownByAward_2026-09-15_H22M11S11234807.zip!FY2026P01-P10_070_TAS_Contracts_AccountBreakdownByAward_2026-09-15_H22M13S36_01.csv,185484,Contracts,https://files.usaspending.gov/generated_downloads/FY2026P01-P10_070_TAS_AccountBreakdownByAward_2026-09-15_H22M11S11234807.zip,Other public or nonprofit entities
FY2026P09,070-0540,070-2026/2026-0540-000,5ZD2ZMB6YC5,,25.2,D,Q,,CONT_AWD_70CMSW24P00000004_7012_-NONE-_-NONE-,70CMSW24P00000004,,,,H8YFF5F9TM53,THE HIGHLANDS RANCH LAW ENFORCEMENT TRAINING FOUNDATION,H8YFF5F9TM53,THE HIGHLANDS RANCH LAW ENFORCEMENT TRAINING FOUNDATION,LEASING SPACE AT HIGHLANDS RANCH LAW ENFORCEMENT TRAINING FACILITY FOR ERO OFFICER QUALIFYING PURPOSES,localhost:3000/award/CONT_AWD_70CMSW24P00000004_7012_-NONE-_-NONE-/,2026-07-30,DHS_FY2026P10_c:FY2026P01-P10_070_TAS_Contracts_AccountBreakdownByAward_2026-09-15_H22M13S36_01.csv:row:185485,data/raw/DHS_FY2026P10_c/FY2026P01-P10_070_TAS_AccountBreakdownByAward_2026-09-15_H22M11S11234807.zip,FY2026P01-P10_070_TAS_Contracts_AccountBreakdownByAward_2026-09-15_H22M13S36_01.csv,data/raw/DHS_FY2026P10_c/FY2026P01-P10_070_TAS_AccountBreakdownByAward_2026-09-15_H22M11S11234807.zip!FY2026P01-P10_070_TAS_Contracts_AccountBreakdownByAward_2026-09-15_H22M13S36_01.csv,185485,Contracts,https://files.usaspending.gov/generated_downloads/FY2026P01-P10_070_TAS_AccountBreakdownByAward_2026-09-15_H22M11S11234807.zip,Other public or nonprofit entities
FY2026P09,070-0540,070-2026/2026-0540-000,5ZD2ZMB6YC5,,94.0,D,Q,,CONT_AWD_70CMSW24P00000004_7012_-NONE-_-NONE-,70CMSW24P00000004,,,,H8YFF5F9TM53,THE HIGHLANDS RANCH LAW ENFORCEMENT TRAINING FOUNDATION,H8YFF5F9TM53,THE HIGHLANDS RANCH LAW ENFORCEMENT TRAINING FOUNDATION,LEASING SPACE AT HIGHLANDS RANCH LAW ENFORCEMENT TRAINING FACILITY FOR ERO OFFICER QUALIFYING PURPOSES,localhost:3000/award/CONT_AWD_70CMSW24P00000004_7012_-NONE-_-NONE-/,2026-07-30,DHS_FY2026P10_c:FY2026P01-P10_070_TAS_Contracts_AccountBreakdownByAward_2026-09-15_H22M13S36_01.csv:row:185486,data/raw/DHS_FY2026P10_c/FY2026P01-P10_070_TAS_AccountBreakdownByAward_2026-09-15_H22M11S11234807.zip,FY2026P01-P10_070_TAS_Contracts_AccountBreakdownByAward_2026-09-15_H22M13S36_01.csv,data/raw/DHS_FY2026P10_c/FY2026P01-P10_070_TAS_AccountBreakdownByAward_2026-09-15_H22M11S11234807.zip!FY2026P01-P10_070_TAS_Contracts_AccountBreakdownByAward_2026-09-15_H22M13S36_01.csv,185486,Contracts,https://files.usaspending.gov/generated_downloads/FY2026P01-P10_070_TAS_AccountBreakdownByAward_2026-09-15_H22M11S11234807.zip,Other public or nonprofit entities
FY2026P08,070-0540,070-2025/2025-0540-000,5ZD2ZMB6YC5,,23.2,D,Q,,CONT_AWD_70CDCR25P00000021_7012_-NONE-_-NONE-,70CDCR25P00000021,,,,PUH4LGL9L1G9,CITY OF COTTAGE GROVE,PUH4LGL9L1G9,CITY OF COTTAGE GROVE,PURCHASE ORDER FOR FIREARMS RANGE FACILITY RENTAL FOR THE TRAINING OF LAW ENFORCEMENT OFFICERS AT ST. PAUL AREA OF RESPONSIBILITY,localhost:3000/award/CONT_AWD_70CDCR25P00000021_7012_-NONE-_-NONE-/,2026-07-02,DHS_FY2026P10_c:FY2026P01-P10_070_TAS_Contracts_AccountBreakdownByAward_2026-09-15_H22M13S36_01.csv:row:185908,data/raw/DHS_FY2026P10_c/FY2026P01-P10_070_TAS_AccountBreakdownByAward_2026-09-15_H22M11S11234807.zip,FY2026P01-P10_070_TAS_Contracts_AccountBreakdownByAward_2026-09-15_H22M13S36_01.csv,data/raw/DHS_FY2026P10_c/FY2026P01-P10_070_TAS_AccountBreakdownByAward_2026-09-15_H22M11S11234807.zip!FY2026P01-P10_070_TAS_Contracts_AccountBreakdownByAward_2026-09-15_H22M13S36_01.csv,185908,Contracts,https://files.usaspending.gov/generated_downloads/FY2026P01-P10_070_TAS_AccountBreakdownByAward_2026-09-15_H22M11S11234807.zip,State and local governments
FY2026P04,070-0540,070-2025/2025-0540-000,5ZD2ZMB6YC5,,23.2,D,Q,,CONT_AWD_70CDCR25P00000021_7012_-NONE-_-NONE-,70CDCR25P00000021,,,,PUH4LGL9L1G9,CITY OF COTTAGE GROVE,PUH4LGL9L1G9,CITY OF COTTAGE GROVE,PURCHASE ORDER FOR FIREARMS RANGE FACILITY RENTAL FOR THE TRAINING OF LAW ENFORCEMENT OFFICERS AT ST. PAUL AREA OF RESPONSIBILITY,localhost:3000/award/CONT_AWD_70CDCR25P00000021_7012_-NONE-_-NONE-/,2026-05-15,DHS_FY2026P10_c:FY2026P01-P10_070_TAS_Contracts_AccountBreakdownByAward_2026-09-15_H22M13S36_01.csv:row:185909,data/raw/DHS_FY2026P10_c/FY2026P01-P10_070_TAS_AccountBreakdownByAward_2026-09-15_H22M11S11234807.zip,FY2026P01-P10_070_TAS_Contracts_AccountBreakdownByAward_2026-09-15_H22M13S36_01.csv,data/raw/DHS_FY2026P10_c/FY2026P01-P10_070_TAS_AccountBreakdownByAward_2026-09-15_H22M11S11234807.zip!FY2026P01-P10_070_TAS_Contracts_AccountBreakdownByAward_2026-09-15_H22M13S36_01.csv,185909,Contracts,https://files.usaspending.gov/generated_downloads/FY2026P01-P10_070_TAS_AccountBreakdownByAward_2026-09-15_H22M11S11234807.zip,State and local governments
FY2026P05,070-0540,070-2025/2025-0540-000,5ZD2ZMB6YC5,,23.2,D,Q,,CONT_AWD_70CDCR25P00000021_7012_-NONE-_-NONE-,70CDCR25P00000021,,,,PUH4LGL9L1G9,CITY OF COTTAGE GROVE,PUH4LGL9L1G9,CITY OF COTTAGE GROVE,PURCHASE ORDER FOR FIREARMS RANGE FACILITY RENTAL FOR THE TRAINING OF LAW ENFORCEMENT OFFICERS AT ST. PAUL AREA OF RESPONSIBILITY,localhost:3000/award/CONT_AWD_70CDCR25P00000021_7012_-NONE-_-NONE-/,2026-05-15,DHS_FY2026P10_c:FY2026P01-P10_070_TAS_Contracts_AccountBreakdownByAward_2026-09-15_H22M13S36_01.csv:row:185910,data/raw/DHS_FY2026P10_c/FY2026P01-P10_070_TAS_AccountBreakdownByAward_2026-09-15_H22M11S11234807.zip,FY2026P01-P10_070_TAS_Contracts_AccountBreakdownByAward_2026-09-15_H22M13S36_01.csv,data/raw/DHS_FY2026P10_c/FY2026P01-P10_070_TAS_AccountBreakdownByAward_2026-09-15_H22M11S11234807.zip!FY2026P01-P10_070_TAS_Contracts_AccountBreakdownByAward_2026-09-15_H22M13S36_01.csv,185910,Contracts,https://files.usaspending.gov/generated_downloads/FY2026P01-P10_070_TAS_AccountBreakdownByAward_2026-09-15_H22M11S11234807.zip,State and local governments
FY2026P07,070-0540,070-2025/2025-0540-000,5ZD2ZMB6YC5,,23.2,D,Q,,CONT_AWD_70CDCR25P00000021_7012_-NONE-_-NONE-,70CDCR25P00000021,,,,PUH4LGL9L1G9,CITY OF COTTAGE GROVE,PUH4LGL9L1G9,CITY OF COTTAGE GROVE,PURCHASE ORDER FOR FIREARMS RANGE FACILITY RENTAL FOR THE TRAINING OF LAW ENFORCEMENT OFFICERS AT ST. PAUL AREA OF RESPONSIBILITY,localhost:3000/award/CONT_AWD_70CDCR25P00000021_7012_-NONE-_-NONE-/,2026-06-01,DHS_FY2026P10_c:FY2026P01-P10_070_TAS_Contracts_AccountBreakdownByAward_2026-09-15_H22M13S36_01.csv:row:185911,data/raw/DHS_FY2026P10_c/FY2026P01-P10_070_TAS_AccountBreakdownByAward_2026-09-15_H22M11S11234807.zip,FY2026P01-P10_070_TAS_Contracts_AccountBreakdownByAward_2026-09-15_H22M13S36_01.csv,data/raw/DHS_FY2026P10_c/FY2026P01-P10_070_TAS_AccountBreakdownByAward_2026-09-15_H22M11S11234807.zip!FY2026P01-P10_070_TAS_Contracts_AccountBreakdownByAward_2026-09-15_H22M13S36_01.csv,185911,Contracts,https://files.usaspending.gov/generated_downloads/FY2026P01-P10_070_TAS_AccountBreakdownByAward_2026-09-15_H22M11S11234807.zip,State and local governments
FY2026P06,070-0540,070-2025/2025-0540-000,5ZD2ZMB6YC5,,23.2,D,Q,,CONT_AWD_70CDCR25P00000021_7012_-NONE-_-NONE-,70CDCR25P00000021,,,,PUH4LGL9L1G9,CITY OF COTTAGE GROVE,PUH4LGL9L1G9,CITY OF COTTAGE GROVE,PURCHASE ORDER FOR FIREARMS RANGE FACILITY RENTAL FOR THE TRAINING OF LAW ENFORCEMENT OFFICERS AT ST. PAUL AREA OF RESPONSIBILITY,localhost:3000/award/CONT_AWD_70CDCR25P00000021_7012_-NONE-_-NONE-/,2026-08-07,DHS_FY2026P10_c:FY2026P01-P10_070_TAS_Contracts_AccountBreakdownByAward_2026-09-15_H22M13S36_01.csv:row:185912,data/raw/DHS_FY2026P10_c/FY2026P01-P10_070_TAS_AccountBreakdownByAward_2026-09-15_H22M11S11234807.zip,FY2026P01-P10_070_TAS_Contracts_AccountBreakdownByAward_2026-09-15_H22M13S36_01.csv,data/raw/DHS_FY2026P10_c/FY2026P01-P10_070_TAS_AccountBreakdownByAward_2026-09-15_H22M11S11234807.zip!FY2026P01-P10_070_TAS_Contracts_AccountBreakdownByAward_2026-09-15_H22M13S36_01.csv,185912,Contracts,https://files.usaspending.gov/generated_downloads/FY2026P01-P10_070_TAS_AccountBreakdownByAward_2026-09-15_H22M11S11234807.zip,State and local governments
FY2026P09,070-0540,070-2025/2025-0540-000,5ZD2ZMB6YC5,,23.2,D,Q,,CONT_AWD_70CDCR25P00000021_7012_-NONE-_-NONE-,70CDCR25P00000021,,,,PUH4LGL9L1G9,CITY OF COTTAGE GROVE,PUH4LGL9L1G9,CITY OF COTTAGE GROVE,PURCHASE ORDER FOR FIREARMS RANGE FACILITY RENTAL FOR THE TRAINING OF LAW ENFORCEMENT OFFICERS AT ST. PAUL AREA OF RESPONSIBILITY,localhost:3000/award/CONT_AWD_70CDCR25P00000021_7012_-NONE-_-NONE-/,2026-07-30,DHS_FY2026P10_c:FY2026P01-P10_070_TAS_Contracts_AccountBreakdownByAward_2026-09-15_H22M13S36_01.csv:row:185913,data/raw/DHS_FY2026P10_c/FY2026P01-P10_070_TAS_AccountBreakdownByAward_2026-09-15_H22M11S11234807.zip,FY2026P01-P10_070_TAS_Contracts_AccountBreakdownByAward_2026-09-15_H22M13S36_01.csv,data/raw/DHS_FY2026P10_c/FY2026P01-P10_070_TAS_AccountBreakdownByAward_2026-09-15_H22M11S11234807.zip!FY2026P01-P10_070_TAS_Contracts_AccountBreakdownByAward_2026-09-15_H22M13S36_01.csv,185913,Contracts,https://files.usaspending.gov/generated_downloads/FY2026P01-P10_070_TAS_AccountBreakdownByAward_2026-09-15_H22M11S11234807.zip,State and local governments
FY2026P09,070-0540,070-2026/2026-0540-000,5ZD2ZMB6YC5,,23.2,D,Q,,CONT_AWD_70CDCR25P00000021_7012_-NONE-_-NONE-,70CDCR25P00000021,,,,PUH4LGL9L1G9,CITY OF COTTAGE GROVE,PUH4LGL9L1G9,CITY OF COTTAGE GROVE,PURCHASE ORDER FOR FIREARMS RANGE FACILITY RENTAL FOR THE TRAINING OF LAW ENFORCEMENT OFFICERS AT ST. PAUL AREA OF RESPONSIBILITY,localhost:3000/award/CONT_AWD_70CDCR25P00000021_7012_-NONE-_-NONE-/,2026-07-30,DHS_FY2026P10_c:FY2026P01-P10_070_TAS_Contracts_AccountBreakdownByAward_2026-09-15_H22M13S36_01.csv:row:185914,data/raw/DHS_FY2026P10_c/FY2026P01-P10_070_TAS_AccountBreakdownByAward_2026-09-15_H22M11S11234807.zip,FY2026P01-P10_070_TAS_Contracts_AccountBreakdownByAward_2026-09-15_H22M13S36_01.csv,data/raw/DHS_FY2026P10_c/FY2026P01-P10_070_TAS_AccountBreakdownByAward_2026-09-15_H22M11S11234807.zip!FY2026P01-P10_070_TAS_Contracts_AccountBreakdownByAward_2026-09-15_H22M13S36_01.csv,185914,Contracts,https://files.usaspending.gov/generated_downloads/FY2026P01-P10_070_TAS_AccountBreakdownByAward_2026-09-15_H22M11S11234807.zip,State and local governments
FY2026P09,070-0540,070-2026/2026-0540-000,5ZD2ZMB6YC5,,94.0,D,Q,,CONT_AWD_70CDCR25P00000021_7012_-NONE-_-NONE-,70CDCR25P00000021,,,,PUH4LGL9L1G9,CITY OF COTTAGE GROVE,PUH4LGL9L1G9,CITY OF COTTAGE GROVE,PURCHASE ORDER FOR FIREARMS RANGE FACILITY RENTAL FOR THE TRAINING OF LAW ENFORCEMENT OFFICERS AT ST. PAUL AREA OF RESPONSIBILITY,localhost:3000/award/CONT_AWD_70CDCR25P00000021_7012_-NONE-_-NONE-/,2026-07-30,DHS_FY2026P10_c:FY2026P01-P10_070_TAS_Contracts_AccountBreakdownByAward_2026-09-15_H22M13S36_01.csv:row:185915,data/raw/DHS_FY2026P10_c/FY2026P01-P10_070_TAS_AccountBreakdownByAward_2026-09-15_H22M11S11234807.zip,FY2026P01-P10_070_TAS_Contracts_AccountBreakdownByAward_2026-09-15_H22M13S36_01.csv,data/raw/DHS_FY2026P10_c/FY2026P01-P10_070_TAS_AccountBreakdownByAward_2026-09-15_H22M11S11234807.zip!FY2026P01-P10_070_TAS_Contracts_AccountBreakdownByAward_2026-09-15_H22M13S36_01.csv,185915,Contracts,https://files.usaspending.gov/generated_downloads/FY2026P01-P10_070_TAS_AccountBreakdownByAward_2026-09-15_H22M11S11234807.zip,State and local governments
FY2026P10,070-0540,070-2025/2029-0540-000,5ZD2ZMB6YC1,,25.4,D,Q,4060.00,CONT_AWD_70CDCR25P00000021_7012_-NONE-_-NONE-,70CDCR25P00000021,,,,PUH4LGL9L1G9,CITY OF COTTAGE GROVE,PUH4LGL9L1G9,CITY OF COTTAGE GROVE,PURCHASE ORDER FOR FIREARMS RANGE FACILITY RENTAL FOR THE TRAINING OF LAW ENFORCEMENT OFFICERS AT ST. PAUL AREA OF RESPONSIBILITY,localhost:3000/award/CONT_AWD_70CDCR25P00000021_7012_-NONE-_-NONE-/,2026-08-31,DHS_FY2026P10_c:FY2026P01-P10_070_TAS_Contracts_AccountBreakdownByAward_2026-09-15_H22M13S36_01.csv:row:185916,data/raw/DHS_FY2026P10_c/FY2026P01-P10_070_TAS_AccountBreakdownByAward_2026-09-15_H22M11S11234807.zip,FY2026P01-P10_070_TAS_Contracts_AccountBreakdownByAward_2026-09-15_H22M13S36_01.csv,data/raw/DHS_FY2026P10_c/FY2026P01-P10_070_TAS_AccountBreakdownByAward_2026-09-15_H22M11S11234807.zip!FY2026P01-P10_070_TAS_Contracts_AccountBreakdownByAward_2026-09-15_H22M13S36_01.csv,185916,Contracts,https://files.usaspending.gov/generated_downloads/FY2026P01-P10_070_TAS_AccountBreakdownByAward_2026-09-15_H22M11S11234807.zip,State and local governments
FY2026P10,070-0540,070-2025/2029-0540-000,5ZD2ZMB6YC1,,23.2,D,Q,40080.00,CONT_AWD_70CDCR25P00000021_7012_-NONE-_-NONE-,70CDCR25P00000021,,,,PUH4LGL9L1G9,CITY OF COTTAGE GROVE,PUH4LGL9L1G9,CITY OF COTTAGE GROVE,PURCHASE ORDER FOR FIREARMS RANGE FACILITY RENTAL FOR THE TRAINING OF LAW ENFORCEMENT OFFICERS AT ST. PAUL AREA OF RESPONSIBILITY,localhost:3000/award/CONT_AWD_70CDCR25P00000021_7012_-NONE-_-NONE-/,2026-08-31,DHS_FY2026P10_c:FY2026P01-P10_070_TAS_Contracts_AccountBreakdownByAward_2026-09-15_H22M13S36_01.csv:row:185917,data/raw/DHS_FY2026P10_c/FY2026P01-P10_070_TAS_AccountBreakdownByAward_2026-09-15_H22M11S11234807.zip,FY2026P01-P10_070_TAS_Contracts_AccountBreakdownByAward_2026-09-15_H22M13S36_01.csv,data/raw/DHS_FY2026P10_c/FY2026P01-P10_070_TAS_AccountBreakdownByAward_2026-09-15_H22M11S11234807.zip!FY2026P01-P10_070_TAS_Contracts_AccountBreakdownByAward_2026-09-15_H22M13S36_01.csv,185917,Contracts,https://files.usaspending.gov/generated_downloads/FY2026P01-P10_070_TAS_AccountBreakdownByAward_2026-09-15_H22M11S11234807.zip,State and local governments
FY2026P10,070-0540,070-2026/2026-0540-000,5ZD2ZMB6YC5,,23.2,D,Q,,CONT_AWD_70CDCR25P00000021_7012_-NONE-_-NONE-,70CDCR25P00000021,,,,PUH4LGL9L1G9,CITY OF COTTAGE GROVE,PUH4LGL9L1G9,CITY OF COTTAGE GROVE,PURCHASE ORDER FOR FIREARMS RANGE FACILITY RENTAL FOR THE TRAINING OF LAW ENFORCEMENT OFFICERS AT ST. PAUL AREA OF RESPONSIBILITY,localhost:3000/award/CONT_AWD_70CDCR25P00000021_7012_-NONE-_-NONE-/,2026-08-31,DHS_FY2026P10_c:FY2026P01-P10_070_TAS_Contracts_AccountBreakdownByAward_2026-09-15_H22M13S36_01.csv:row:185918,data/raw/DHS_FY2026P10_c/FY2026P01-P10_070_TAS_AccountBreakdownByAward_2026-09-15_H22M11S11234807.zip,FY2026P01-P10_070_TAS_Contracts_AccountBreakdownByAward_2026-09-15_H22M13S36_01.csv,data/raw/DHS_FY2026P10_c/FY2026P01-P10_070_TAS_AccountBreakdownByAward_2026-09-15_H22M11S11234807.zip!FY2026P01-P10_070_TAS_Contracts_AccountBreakdownByAward_2026-09-15_H22M13S36_01.csv,185918,Contracts,https://files.usaspending.gov/generated_downloads/FY2026P01-P10_070_TAS_AccountBreakdownByAward_2026-09-15_H22M11S11234807.zip,State and local governments
FY2026P10,070-0540,070-2026/2026-0540-000,5ZD2ZMB6YC5,,94.0,D,Q,,CONT_AWD_70CDCR25P00000021_7012_-NONE-_-NONE-,70CDCR25P00000021,,,,PUH4LGL9L1G9,CITY OF COTTAGE GROVE,PUH4LGL9L1G9,CITY OF COTTAGE GROVE,PURCHASE ORDER FOR FIREARMS RANGE FACILITY RENTAL FOR THE TRAINING OF LAW ENFORCEMENT OFFICERS AT ST. PAUL AREA OF RESPONSIBILITY,localhost:3000/award/CONT_AWD_70CDCR25P00000021_7012_-NONE-_-NONE-/,2026-08-31,DHS_FY2026P10_c:FY2026P01-P10_070_TAS_Contracts_AccountBreakdownByAward_2026-09-15_H22M13S36_01.csv:row:185919,data/raw/DHS_FY2026P10_c/FY2026P01-P10_070_TAS_AccountBreakdownByAward_2026-09-15_H22M11S11234807.zip,FY2026P01-P10_070_TAS_Contracts_AccountBreakdownByAward_2026-09-15_H22M13S36_01.csv,data/raw/DHS_FY2026P10_c/FY2026P01-P10_070_TAS_AccountBreakdownByAward_2026-09-15_H22M11S11234807.zip!FY2026P01-P10_070_TAS_Contracts_AccountBreakdownByAward_2026-09-15_H22M13S36_01.csv,185919,Contracts,https://files.usaspending.gov/generated_downloads/FY2026P01-P10_070_TAS_AccountBreakdownByAward_2026-09-15_H22M11S11234807.zip,State and local governments
FY2026P10,070-0540,070-2025/2025-0540-000,5ZD2ZMB6YC5,,23.2,D,Q,,CONT_AWD_70CDCR25P00000021_7012_-NONE-_-NONE-,70CDCR25P00000021,,,,PUH4LGL9L1G9,CITY OF COTTAGE GROVE,PUH4LGL9L1G9,CITY OF COTTAGE GROVE,PURCHASE ORDER FOR FIREARMS RANGE FACILITY RENTAL FOR THE TRAINING OF LAW ENFORCEMENT OFFICERS AT ST. PAUL AREA OF RESPONSIBILITY,localhost:3000/award/CONT_AWD_70CDCR25P00000021_7012_-NONE-_-NONE-/,2026-08-31,DHS_FY2026P10_c:FY2026P01-P10_070_TAS_Contracts_AccountBreakdownByAward_2026-09-15_H22M13S36_01.csv:row:185920,data/raw/DHS_FY2026P10_c/FY2026P01-P10_070_TAS_AccountBreakdownByAward_2026-09-15_H22M11S11234807.zip,FY2026P01-P10_070_TAS_Contracts_AccountBreakdownByAward_2026-09-15_H22M13S36_01.csv,data/raw/DHS_FY2026P10_c/FY2026P01-P10_070_TAS_AccountBreakdownByAward_2026-09-15_H22M11S11234807.zip!FY2026P01-P10_070_TAS_Contracts_AccountBreakdownByAward_2026-09-15_H22M13S36_01.csv,185920,Contracts,https://files.usaspending.gov/generated_downloads/FY2026P01-P10_070_TAS_AccountBreakdownByAward_2026-09-15_H22M11S11234807.zip,State and local governments
FY2026P10,070-0540,070-2025/2029-0540-000,5ZD2ZMB6YC1,,23.2,D,Q,,CONT_AWD_70CDCR25P00000021_7012_-NONE-_-NONE-,70CDCR25P00000021,,,,PUH4LGL9L1G9,CITY OF COTTAGE GROVE,PUH4LGL9L1G9,CITY OF COTTAGE GROVE,PURCHASE ORDER FOR FIREARMS RANGE FACILITY RENTAL FOR THE TRAINING OF LAW ENFORCEMENT OFFICERS AT ST. PAUL AREA OF RESPONSIBILITY,localhost:3000/award/CONT_AWD_70CDCR25P00000021_7012_-NONE-_-NONE-/,2026-08-31,DHS_FY2026P10_c:FY2026P01-P10_070_TAS_Contracts_AccountBreakdownByAward_2026-09-15_H22M13S36_01.csv:row:185921,data/raw/DHS_FY2026P10_c/FY2026P01-P10_070_TAS_AccountBreakdownByAward_2026-09-15_H22M11S11234807.zip,FY2026P01-P10_070_TAS_Contracts_AccountBreakdownByAward_2026-09-15_H22M13S36_01.csv,data/raw/DHS_FY2026P10_c/FY2026P01-P10_070_TAS_AccountBreakdownByAward_2026-09-15_H22M11S11234807.zip!FY2026P01-P10_070_TAS_Contracts_AccountBreakdownByAward_2026-09-15_H22M13S36_01.csv,185921,Contracts,https://files.usaspending.gov/generated_downloads/FY2026P01-P10_070_TAS_AccountBreakdownByAward_2026-09-15_H22M11S11234807.zip,State and local governments
FY2026P10,070-0540,070-2025/2029-0540-000,5ZD2ZMB6YC1,,25.4,D,Q,,CONT_AWD_70CDCR25P00000021_7012_-NONE-_-NONE-,70CDCR25P00000021,,,,PUH4LGL9L1G9,CITY OF COTTAGE GROVE,PUH4LGL9L1G9,CITY OF COTTAGE GROVE,PURCHASE ORDER FOR FIREARMS RANGE FACILITY RENTAL FOR THE TRAINING OF LAW ENFORCEMENT OFFICERS AT ST. PAUL AREA OF RESPONSIBILITY,localhost:3000/award/CONT_AWD_70CDCR25P00000021_7012_-NONE-_-NONE-/,2026-08-31,DHS_FY2026P10_c:FY2026P01-P10_070_TAS_Contracts_AccountBreakdownByAward_2026-09-15_H22M13S36_01.csv:row:185922,data/raw/DHS_FY2026P10_c/FY2026P01-P10_070_TAS_AccountBreakdownByAward_2026-09-15_H22M11S11234807.zip,FY2026P01-P10_070_TAS_Contracts_AccountBreakdownByAward_2026-09-15_H22M13S36_01.csv,data/raw/DHS_FY2026P10_c/FY2026P01-P10_070_TAS_AccountBreakdownByAward_2026-09-15_H22M11S11234807.zip!FY2026P01-P10_070_TAS_Contracts_AccountBreakdownByAward_2026-09-15_H22M13S36_01.csv,185922,Contracts,https://files.usaspending.gov/generated_downloads/FY2026P01-P10_070_TAS_AccountBreakdownByAward_2026-09-15_H22M11S11234807.zip,State and local governments
FY2026P02,070-0540,070-2025/2025-0540-000,5ZD2ZMB6YC5,,23.2,D,Q,,CONT_AWD_70CDCR25P00000021_7012_-NONE-_-NONE-,70CDCR25P00000021,,,,PUH4LGL9L1G9,CITY OF COTTAGE GROVE,PUH4LGL9L1G9,CITY OF COTTAGE GROVE,PURCHASE ORDER FOR FIREARMS RANGE FACILITY RENTAL FOR THE TRAINING OF LAW ENFORCEMENT OFFICERS AT ST. PAUL AREA OF RESPONSIBILITY,localhost:3000/award/CONT_AWD_70CDCR25P00000021_7012_-NONE-_-NONE-/,2026-02-13,DHS_FY2026P10_c:FY2026P01-P10_070_TAS_Contracts_AccountBreakdownByAward_2026-09-15_H22M13S36_01.csv:row:185923,data/raw/DHS_FY2026P10_c/FY2026P01-P10_070_TAS_AccountBreakdownByAward_2026-09-15_H22M11S11234807.zip,FY2026P01-P10_070_TAS_Contracts_AccountBreakdownByAward_2026-09-15_H22M13S36_01.csv,data/raw/DHS_FY2026P10_c/FY2026P01-P10_070_TAS_AccountBreakdownByAward_2026-09-15_H22M11S11234807.zip!FY2026P01-P10_070_TAS_Contracts_AccountBreakdownByAward_2026-09-15_H22M13S36_01.csv,185923,Contracts,https://files.usaspending.gov/generated_downloads/FY2026P01-P10_070_TAS_AccountBreakdownByAward_2026-09-15_H22M11S11234807.zip,State and local governments
FY2026P03,070-0540,070-2025/2025-0540-000,5ZD2ZMB6YC5,,23.2,D,Q,,CONT_AWD_70CDCR25P00000021_7012_-NONE-_-NONE-,70CDCR25P00000021,,,,PUH4LGL9L1G9,CITY OF COTTAGE GROVE,PUH4LGL9L1G9,CITY OF COTTAGE GROVE,PURCHASE ORDER FOR FIREARMS RANGE FACILITY RENTAL FOR THE TRAINING OF LAW ENFORCEMENT OFFICERS AT ST. PAUL AREA OF RESPONSIBILITY,localhost:3000/award/CONT_AWD_70CDCR25P00000021_7012_-NONE-_-NONE-/,2026-08-07,DHS_FY2026P10_c:FY2026P01-P10_070_TAS_Contracts_AccountBreakdownByAward_2026-09-15_H22M13S36_01.csv:row:185924,data/raw/DHS_FY2026P10_c/FY2026P01-P10_070_TAS_AccountBreakdownByAward_2026-09-15_H22M11S11234807.zip,FY2026P01-P10_070_TAS_Contracts_AccountBreakdownByAward_2026-09-15_H22M13S36_01.csv,data/raw/DHS_FY2026P10_c/FY2026P01-P10_070_TAS_AccountBreakdownByAward_2026-09-15_H22M11S11234807.zip!FY2026P01-P10_070_TAS_Contracts_AccountBreakdownByAward_2026-09-15_H22M13S36_01.csv,185924,Contracts,https://files.usaspending.gov/generated_downloads/FY2026P01-P10_070_TAS_AccountBreakdownByAward_2026-09-15_H22M11S11234807.zip,State and local governments
FY2026P05,070-0540,070-2026/2026-0540-000,5ZD2ZMB6YC5,,25.7,D,Q,9000.00,CONT_AWD_70CDCR26P00000007_7012_-NONE-_-NONE-,70CDCR26P00000007,,,,W3HVB3149KQ9,TOWN OF LANCASTER,W3HVB3149KQ9,TOWN OF LANCASTER,"THIS PURCHASE ORDER PROVIDES FUNDING FOR A RENTAL OF A SECURED PARKING FACILITY FROM TOWN OF LANCASTER, NY FOR STORAGE AND DEPLOYMENT OF UP TO 164 GOVERNMENT VEHICLES.",localhost:3000/award/CONT_AWD_70CDCR26P00000007_7012_-NONE-_-NONE-/,2026-05-15,DHS_FY2026P10_c:FY2026P01-P10_070_TAS_Contracts_AccountBreakdownByAward_2026-09-15_H22M13S36_01.csv:row:204123,data/raw/DHS_FY2026P10_c/FY2026P01-P10_070_TAS_AccountBreakdownByAward_2026-09-15_H22M11S11234807.zip,FY2026P01-P10_070_TAS_Contracts_AccountBreakdownByAward_2026-09-15_H22M13S36_01.csv,data/raw/DHS_FY2026P10_c/FY2026P01-P10_070_TAS_AccountBreakdownByAward_2026-09-15_H22M11S11234807.zip!FY2026P01-P10_070_TAS_Contracts_AccountBreakdownByAward_2026-09-15_H22M13S36_01.csv,204123,Contracts,https://files.usaspending.gov/generated_downloads/FY2026P01-P10_070_TAS_AccountBreakdownByAward_2026-09-15_H22M11S11234807.zip,State and local governments
FY2026P10,070-0540,070-2026/2026-0540-000,5ZD2ZMB6YC5,,25.2,D,Q,,CONT_AWD_70CMSW18C00000006_7012_-NONE-_-NONE-,70CMSW18C00000006,,,,LCJ3MDABAV97,"MAVAGI ENTERPRISES, INC.",LCJ3MDABAV97,"MAVAGI ENTERPRISES, INC.",GROUNDS AND CUSTODIAL SERVICES - PORT ISABEL SPC.,localhost:3000/award/CONT_AWD_70CMSW18C00000006_7012_-NONE-_-NONE-/,2026-08-31,DHS_FY2026P10_c:FY2026P01-P10_070_TAS_Contracts_AccountBreakdownByAward_2026-09-15_H22M13S36_01.csv:row:206839,data/raw/DHS_FY2026P10_c/FY2026P01-P10_070_TAS_AccountBreakdownByAward_2026-09-15_H22M11S11234807.zip,FY2026P01-P10_070_TAS_Contracts_AccountBreakdownByAward_2026-09-15_H22M13S36_01.csv,data/raw/DHS_FY2026P10_c/FY2026P01-P10_070_TAS_AccountBreakdownByAward_2026-09-15_H22M11S11234807.zip!FY2026P01-P10_070_TAS_Contracts_AccountBreakdownByAward_2026-09-15_H22M13S36_01.csv,206839,Contracts,https://files.usaspending.gov/generated_downloads/FY2026P01-P10_070_TAS_AccountBreakdownByAward_2026-09-15_H22M11S11234807.zip,Other public or nonprofit entities
FY2026P07,070-0540,070-2025/2025-0540-000,5ZD2ZMB6YC5,,25.2,D,Q,,CONT_AWD_70CMSW18C00000006_7012_-NONE-_-NONE-,70CMSW18C00000006,,,,LCJ3MDABAV97,"MAVAGI ENTERPRISES, INC.",LCJ3MDABAV97,"MAVAGI ENTERPRISES, INC.",GROUNDS AND CUSTODIAL SERVICES - PORT ISABEL SPC.,localhost:3000/award/CONT_AWD_70CMSW18C00000006_7012_-NONE-_-NONE-/,2026-06-01,DHS_FY2026P10_c:FY2026P01-P10_070_TAS_Contracts_AccountBreakdownByAward_2026-09-15_H22M13S36_01.csv:row:206840,data/raw/DHS_FY2026P10_c/FY2026P01-P10_070_TAS_AccountBreakdownByAward_2026-09-15_H22M11S11234807.zip,FY2026P01-P10_070_TAS_Contracts_AccountBreakdownByAward_2026-09-15_H22M13S36_01.csv,data/raw/DHS_FY2026P10_c/FY2026P01-P10_070_TAS_AccountBreakdownByAward_2026-09-15_H22M11S11234807.zip!FY2026P01-P10_070_TAS_Contracts_AccountBreakdownByAward_2026-09-15_H22M13S36_01.csv,206840,Contracts,https://files.usaspending.gov/generated_downloads/FY2026P01-P10_070_TAS_AccountBreakdownByAward_2026-09-15_H22M11S11234807.zip,Other public or nonprofit entities
FY2026P07,070-0540,070-2026/2026-0540-000,5ZD2ZMB6YC5,,25.2,D,Q,,CONT_AWD_70CMSW18C00000006_7012_-NONE-_-NONE-,70CMSW18C00000006,,,,LCJ3MDABAV97,"MAVAGI ENTERPRISES, INC.",LCJ3MDABAV97,"MAVAGI ENTERPRISES, INC.",GROUNDS AND CUSTODIAL SERVICES - PORT ISABEL SPC.,localhost:3000/award/CONT_AWD_70CMSW18C00000006_7012_-NONE-_-NONE-/,2026-06-01,DHS_FY2026P10_c:FY2026P01-P10_070_TAS_Contracts_AccountBreakdownByAward_2026-09-15_H22M13S36_01.csv:row:206841,data/raw/DHS_FY2026P10_c/FY2026P01-P10_070_TAS_AccountBreakdownByAward_2026-09-15_H22M11S11234807.zip,FY2026P01-P10_070_TAS_Contracts_AccountBreakdownByAward_2026-09-15_H22M13S36_01.csv,data/raw/DHS_FY2026P10_c/FY2026P01-P10_070_TAS_AccountBreakdownByAward_2026-09-15_H22M11S11234807.zip!FY2026P01-P10_070_TAS_Contracts_AccountBreakdownByAward_2026-09-15_H22M13S36_01.csv,206841,Contracts,https://files.usaspending.gov/generated_downloads/FY2026P01-P10_070_TAS_AccountBreakdownByAward_2026-09-15_H22M11S11234807.zip,Other public or nonprofit entities
FY2026P04,070-0540,070-2026/2026-0540-000,5ZD2ZMB6YC5,,25.2,D,Q,,CONT_AWD_70CMSW18C00000006_7012_-NONE-_-NONE-,70CMSW18C00000006,,,,LCJ3MDABAV97,"MAVAGI ENTERPRISES, INC.",LCJ3MDABAV97,"MAVAGI ENTERPRISES, INC.",GROUNDS AND CUSTODIAL SERVICES - PORT ISABEL SPC.,localhost:3000/award/CONT_AWD_70CMSW18C00000006_7012_-NONE-_-NONE-/,2026-05-15,DHS_FY2026P10_c:FY2026P01-P10_070_TAS_Contracts_AccountBreakdownByAward_2026-09-15_H22M13S36_01.csv:row:206842,data/raw/DHS_FY2026P10_c/FY2026P01-P10_070_TAS_AccountBreakdownByAward_2026-09-15_H22M11S11234807.zip,FY2026P01-P10_070_TAS_Contracts_AccountBreakdownByAward_2026-09-15_H22M13S36_01.csv,data/raw/DHS_FY2026P10_c/FY2026P01-P10_070_TAS_AccountBreakdownByAward_2026-09-15_H22M11S11234807.zip!FY2026P01-P10_070_TAS_Contracts_AccountBreakdownByAward_2026-09-15_H22M13S36_01.csv,206842,Contracts,https://files.usaspending.gov/generated_downloads/FY2026P01-P10_070_TAS_AccountBreakdownByAward_2026-09-15_H22M11S11234807.zip,Other public or nonprofit entities
FY2026P02,070-0540,070-2025/2025-0540-000,5ZD2ZMB6YC5,,25.2,D,Q,,CONT_AWD_70CMSW18C00000006_7012_-NONE-_-NONE-,70CMSW18C00000006,,,,LCJ3MDABAV97,"MAVAGI ENTERPRISES, INC.",LCJ3MDABAV97,"MAVAGI ENTERPRISES, INC.",GROUNDS AND CUSTODIAL SERVICES - PORT ISABEL SPC.,localhost:3000/award/CONT_AWD_70CMSW18C00000006_7012_-NONE-_-NONE-/,2026-02-13,DHS_FY2026P10_c:FY2026P01-P10_070_TAS_Contracts_AccountBreakdownByAward_2026-09-15_H22M13S36_01.csv:row:206843,data/raw/DHS_FY2026P10_c/FY2026P01-P10_070_TAS_AccountBreakdownByAward_2026-09-15_H22M11S11234807.zip,FY2026P01-P10_070_TAS_Contracts_AccountBreakdownByAward_2026-09-15_H22M13S36_01.csv,data/raw/DHS_FY2026P10_c/FY2026P01-P10_070_TAS_AccountBreakdownByAward_2026-09-15_H22M11S11234807.zip!FY2026P01-P10_070_TAS_Contracts_AccountBreakdownByAward_2026-09-15_H22M13S36_01.csv,206843,Contracts,https://files.usaspending.gov/generated_downloads/FY2026P01-P10_070_TAS_AccountBreakdownByAward_2026-09-15_H22M11S11234807.zip,Other public or nonprofit entities
FY2026P03,070-0540,070-2025/2025-0540-000,5ZD2ZMB6YC5,,25.2,D,Q,,CONT_AWD_70CMSW18C00000006_7012_-NONE-_-NONE-,70CMSW18C00000006,,,,LCJ3MDABAV97,"MAVAGI ENTERPRISES, INC.",LCJ3MDABAV97,"MAVAGI ENTERPRISES, INC.",GROUNDS AND CUSTODIAL SERVICES - PORT ISABEL SPC.,localhost:3000/award/CONT_AWD_70CMSW18C00000006_7012_-NONE-_-NONE-/,2026-08-07,DHS_FY2026P10_c:FY2026P01-P10_070_TAS_Contracts_AccountBreakdownByAward_2026-09-15_H22M13S36_01.csv:row:206844,data/raw/DHS_FY2026P10_c/FY2026P01-P10_070_TAS_AccountBreakdownByAward_2026-09-15_H22M11S11234807.zip,FY2026P01-P10_070_TAS_Contracts_AccountBreakdownByAward_2026-09-15_H22M13S36_01.csv,data/raw/DHS_FY2026P10_c/FY2026P01-P10_070_TAS_AccountBreakdownByAward_2026-09-15_H22M11S11234807.zip!FY2026P01-P10_070_TAS_Contracts_AccountBreakdownByAward_2026-09-15_H22M13S36_01.csv,206844,Contracts,https://files.usaspending.gov/generated_downloads/FY2026P01-P10_070_TAS_AccountBreakdownByAward_2026-09-15_H22M11S11234807.zip,Other public or nonprofit entities
FY2026P08,070-0540,070-2025/2025-0540-000,5ZD2ZMB6YC5,,25.2,D,Q,,CONT_AWD_70CMSW18C00000006_7012_-NONE-_-NONE-,70CMSW18C00000006,,,,LCJ3MDABAV97,"MAVAGI ENTERPRISES, INC.",LCJ3MDABAV97,"MAVAGI ENTERPRISES, INC.",GROUNDS AND CUSTODIAL SERVICES - PORT ISABEL SPC.,localhost:3000/award/CONT_AWD_70CMSW18C00000006_7012_-NONE-_-NONE-/,2026-07-02,DHS_FY2026P10_c:FY2026P01-P10_070_TAS_Contracts_AccountBreakdownByAward_2026-09-15_H22M13S36_01.csv:row:206845,data/raw/DHS_FY2026P10_c/FY2026P01-P10_070_TAS_AccountBreakdownByAward_2026-09-15_H22M11S11234807.zip,FY2026P01-P10_070_TAS_Contracts_AccountBreakdownByAward_2026-09-15_H22M13S36_01.csv,data/raw/DHS_FY2026P10_c/FY2026P01-P10_070_TAS_AccountBreakdownByAward_2026-09-15_H22M11S11234807.zip!FY2026P01-P10_070_TAS_Contracts_AccountBreakdownByAward_2026-09-15_H22M13S36_01.csv,206845,Contracts,https://files.usaspending.gov/generated_downloads/FY2026P01-P10_070_TAS_AccountBreakdownByAward_2026-09-15_H22M11S11234807.zip,Other public or nonprofit entities
FY2026P08,070-0540,070-2026/2026-0540-000,5ZD2ZMB6YC5,,25.2,D,Q,,CONT_AWD_70CMSW18C00000006_7012_-NONE-_-NONE-,70CMSW18C00000006,,,,LCJ3MDABAV97,"MAVAGI ENTERPRISES, INC.",LCJ3MDABAV97,"MAVAGI ENTERPRISES, INC.",GROUNDS AND CUSTODIAL SERVICES - PORT ISABEL SPC.,localhost:3000/award/CONT_AWD_70CMSW18C00000006_7012_-NONE-_-NONE-/,2026-07-02,DHS_FY2026P10_c:FY2026P01-P10_070_TAS_Contracts_AccountBreakdownByAward_2026-09-15_H22M13S36_01.csv:row:206846,data/raw/DHS_FY2026P10_c/FY2026P01-P10_070_TAS_AccountBreakdownByAward_2026-09-15_H22M11S11234807.zip,FY2026P01-P10_070_TAS_Contracts_AccountBreakdownByAward_2026-09-15_H22M13S36_01.csv,data/raw/DHS_FY2026P10_c/FY2026P01-P10_070_TAS_AccountBreakdownByAward_2026-09-15_H22M11S11234807.zip!FY2026P01-P10_070_TAS_Contracts_AccountBreakdownByAward_2026-09-15_H22M13S36_01.csv,206846,Contracts,https://files.usaspending.gov/generated_downloads/FY2026P01-P10_070_TAS_AccountBreakdownByAward_2026-09-15_H22M11S11234807.zip,Other public or nonprofit entities
FY2026P05,070-0540,070-2026/2026-0540-000,5ZD2ZMB6YC5,,25.2,D,Q,,CONT_AWD_70CMSW18C00000006_7012_-NONE-_-NONE-,70CMSW18C00000006,,,,LCJ3MDABAV97,"MAVAGI ENTERPRISES, INC.",LCJ3MDABAV97,"MAVAGI ENTERPRISES, INC.",GROUNDS AND CUSTODIAL SERVICES - PORT ISABEL SPC.,localhost:3000/award/CONT_AWD_70CMSW18C00000006_7012_-NONE-_-NONE-/,2026-05-15,DHS_FY2026P10_c:FY2026P01-P10_070_TAS_Contracts_AccountBreakdownByAward_2026-09-15_H22M13S36_01.csv:row:206847,data/raw/DHS_FY2026P10_c/FY2026P01-P10_070_TAS_AccountBreakdownByAward_2026-09-15_H22M11S11234807.zip,FY2026P01-P10_070_TAS_Contracts_AccountBreakdownByAward_2026-09-15_H22M13S36_01.csv,data/raw/DHS_FY2026P10_c/FY2026P01-P10_070_TAS_AccountBreakdownByAward_2026-09-15_H22M11S11234807.zip!FY2026P01-P10_070_TAS_Contracts_AccountBreakdownByAward_2026-09-15_H22M13S36_01.csv,206847,Contracts,https://files.usaspending.gov/generated_downloads/FY2026P01-P10_070_TAS_AccountBreakdownByAward_2026-09-15_H22M11S11234807.zip,Other public or nonprofit entities
FY2026P05,070-0540,070-2025/2025-0540-000,5ZD2ZMB6YC5,,25.2,D,Q,,CONT_AWD_70CMSW18C00000006_7012_-NONE-_-NONE-,70CMSW18C00000006,,,,LCJ3MDABAV97,"MAVAGI ENTERPRISES, INC.",LCJ3MDABAV97,"MAVAGI ENTERPRISES, INC.",GROUNDS AND CUSTODIAL SERVICES - PORT ISABEL SPC.,localhost:3000/award/CONT_AWD_70CMSW18C00000006_7012_-NONE-_-NONE-/,2026-05-15,DHS_FY2026P10_c:FY2026P01-P10_070_TAS_Contracts_AccountBreakdownByAward_2026-09-15_H22M13S36_01.csv:row:206848,data/raw/DHS_FY2026P10_c/FY2026P01-P10_070_TAS_AccountBreakdownByAward_2026-09-15_H22M11S11234807.zip,FY2026P01-P10_070_TAS_Contracts_AccountBreakdownByAward_2026-09-15_H22M13S36_01.csv,data/raw/DHS_FY2026P10_c/FY2026P01-P10_070_TAS_AccountBreakdownByAward_2026-09-15_H22M11S11234807.zip!FY2026P01-P10_070_TAS_Contracts_AccountBreakdownByAward_2026-09-15_H22M13S36_01.csv,206848,Contracts,https://files.usaspending.gov/generated_downloads/FY2026P01-P10_070_TAS_AccountBreakdownByAward_2026-09-15_H22M11S11234807.zip,Other public or nonprofit entities
FY2026P04,070-0540,070-2025/2025-0540-000,5ZD2ZMB6YC5,,25.2,D,Q,,CONT_AWD_70CMSW18C00000006_7012_-NONE-_-NONE-,70CMSW18C00000006,,,,LCJ3MDABAV97,"MAVAGI ENTERPRISES, INC.",LCJ3MDABAV97,"MAVAGI ENTERPRISES, INC.",GROUNDS AND CUSTODIAL SERVICES - PORT ISABEL SPC.,localhost:3000/award/CONT_AWD_70CMSW18C00000006_7012_-NONE-_-NONE-/,2026-05-15,DHS_FY2026P10_c:FY2026P01-P10_070_TAS_Contracts_AccountBreakdownByAward_2026-09-15_H22M13S36_01.csv:row:206849,data/raw/DHS_FY2026P10_c/FY2026P01-P10_070_TAS_AccountBreakdownByAward_2026-09-15_H22M11S11234807.zip,FY2026P01-P10_070_TAS_Contracts_AccountBreakdownByAward_2026-09-15_H22M13S36_01.csv,data/raw/DHS_FY2026P10_c/FY2026P01-P10_070_TAS_AccountBreakdownByAward_2026-09-15_H22M11S11234807.zip!FY2026P01-P10_070_TAS_Contracts_AccountBreakdownByAward_2026-09-15_H22M13S36_01.csv,206849,Contracts,https://files.usaspending.gov/generated_downloads/FY2026P01-P10_070_TAS_AccountBreakdownByAward_2026-09-15_H22M11S11234807.zip,Other public or nonprofit entities
FY2026P10,070-0540,070-2025/2025-0540-000,5ZD2ZMB6YC5,,25.2,D,Q,,CONT_AWD_70CMSW18C00000006_7012_-NONE-_-NONE-,70CMSW18C00000006,,,,LCJ3MDABAV97,"MAVAGI ENTERPRISES, INC.",LCJ3MDABAV97,"MAVAGI ENTERPRISES, INC.",GROUNDS AND CUSTODIAL SERVICES - PORT ISABEL SPC.,localhost:3000/award/CONT_AWD_70CMSW18C00000006_7012_-NONE-_-NONE-/,2026-08-31,DHS_FY2026P10_c:FY2026P01-P10_070_TAS_Contracts_AccountBreakdownByAward_2026-09-15_H22M13S36_01.csv:row:206850,data/raw/DHS_FY2026P10_c/FY2026P01-P10_070_TAS_AccountBreakdownByAward_2026-09-15_H22M11S11234807.zip,FY2026P01-P10_070_TAS_Contracts_AccountBreakdownByAward_2026-09-15_H22M13S36_01.csv,data/raw/DHS_FY2026P10_c/FY2026P01-P10_070_TAS_AccountBreakdownByAward_2026-09-15_H22M11S11234807.zip!FY2026P01-P10_070_TAS_Contracts_AccountBreakdownByAward_2026-09-15_H22M13S36_01.csv,206850,Contracts,https://files.usaspending.gov/generated_downloads/FY2026P01-P10_070_TAS_AccountBreakdownByAward_2026-09-15_H22M11S11234807.zip,Other public or nonprofit entities
FY2026P06,070-0540,070-2026/2026-0540-000,5ZD2ZMB6YC5,,25.2,D,Q,,CONT_AWD_70CMSW18C00000006_7012_-NONE-_-NONE-,70CMSW18C00000006,,,,LCJ3MDABAV97,"MAVAGI ENTERPRISES, INC.",LCJ3MDABAV97,"MAVAGI ENTERPRISES, INC.",GROUNDS AND CUSTODIAL SERVICES - PORT ISABEL SPC.,localhost:3000/award/CONT_AWD_70CMSW18C00000006_7012_-NONE-_-NONE-/,2026-08-07,DHS_FY2026P10_c:FY2026P01-P10_070_TAS_Contracts_AccountBreakdownByAward_2026-09-15_H22M13S36_01.csv:row:206851,data/raw/DHS_FY2026P10_c/FY2026P01-P10_070_TAS_AccountBreakdownByAward_2026-09-15_H22M11S11234807.zip,FY2026P01-P10_070_TAS_Contracts_AccountBreakdownByAward_2026-09-15_H22M13S36_01.csv,data/raw/DHS_FY2026P10_c/FY2026P01-P10_070_TAS_AccountBreakdownByAward_2026-09-15_H22M11S11234807.zip!FY2026P01-P10_070_TAS_Contracts_AccountBreakdownByAward_2026-09-15_H22M13S36_01.csv,206851,Contracts,https://files.usaspending.gov/generated_downloads/FY2026P01-P10_070_TAS_AccountBreakdownByAward_2026-09-15_H22M11S11234807.zip,Other public or nonprofit entities
FY2026P06,070-0540,070-2025/2025-0540-000,5ZD2ZMB6YC5,,25.2,D,Q,,CONT_AWD_70CMSW18C00000006_7012_-NONE-_-NONE-,70CMSW18C00000006,,,,LCJ3MDABAV97,"MAVAGI ENTERPRISES, INC.",LCJ3MDABAV97,"MAVAGI ENTERPRISES, INC.",GROUNDS AND CUSTODIAL SERVICES - PORT ISABEL SPC.,localhost:3000/award/CONT_AWD_70CMSW18C00000006_7012_-NONE-_-NONE-/,2026-08-07,DHS_FY2026P10_c:FY2026P01-P10_070_TAS_Contracts_AccountBreakdownByAward_2026-09-15_H22M13S36_01.csv:row:206852,data/raw/DHS_FY2026P10_c/FY2026P01-P10_070_TAS_AccountBreakdownByAward_2026-09-15_H22M11S11234807.zip,FY2026P01-P10_070_TAS_Contracts_AccountBreakdownByAward_2026-09-15_H22M13S36_01.csv,data/raw/DHS_FY2026P10_c/FY2026P01-P10_070_TAS_AccountBreakdownByAward_2026-09-15_H22M11S11234807.zip!FY2026P01-P10_070_TAS_Contracts_AccountBreakdownByAward_2026-09-15_H22M13S36_01.csv,206852,Contracts,https://files.usaspending.gov/generated_downloads/FY2026P01-P10_070_TAS_AccountBreakdownByAward_2026-09-15_H22M11S11234807.zip,Other public or nonprofit entities
FY2026P09,070-0540,070-2025/2025-0540-000,5ZD2ZMB6YC5,,25.2,D,Q,,CONT_AWD_70CMSW18C00000006_7012_-NONE-_-NONE-,70CMSW18C00000006,,,,LCJ3MDABAV97,"MAVAGI ENTERPRISES, INC.",LCJ3MDABAV97,"MAVAGI ENTERPRISES, INC.",GROUNDS AND CUSTODIAL SERVICES - PORT ISABEL SPC.,localhost:3000/award/CONT_AWD_70CMSW18C00000006_7012_-NONE-_-NONE-/,2026-07-30,DHS_FY2026P10_c:FY2026P01-P10_070_TAS_Contracts_AccountBreakdownByAward_2026-09-15_H22M13S36_01.csv:row:206853,data/raw/DHS_FY2026P10_c/FY2026P01-P10_070_TAS_AccountBreakdownByAward_2026-09-15_H22M11S11234807.zip,FY2026P01-P10_070_TAS_Contracts_AccountBreakdownByAward_2026-09-15_H22M13S36_01.csv,data/raw/DHS_FY2026P10_c/FY2026P01-P10_070_TAS_AccountBreakdownByAward_2026-09-15_H22M11S11234807.zip!FY2026P01-P10_070_TAS_Contracts_AccountBreakdownByAward_2026-09-15_H22M13S36_01.csv,206853,Contracts,https://files.usaspending.gov/generated_downloads/FY2026P01-P10_070_TAS_AccountBreakdownByAward_2026-09-15_H22M11S11234807.zip,Other public or nonprofit entities
FY2026P09,070-0540,070-2026/2026-0540-000,5ZD2ZMB6YC5,,25.2,D,Q,,CONT_AWD_70CMSW18C00000006_7012_-NONE-_-NONE-,70CMSW18C00000006,,,,LCJ3MDABAV97,"MAVAGI ENTERPRISES, INC.",LCJ3MDABAV97,"MAVAGI ENTERPRISES, INC.",GROUNDS AND CUSTODIAL SERVICES - PORT ISABEL SPC.,localhost:3000/award/CONT_AWD_70CMSW18C00000006_7012_-NONE-_-NONE-/,2026-07-30,DHS_FY2026P10_c:FY2026P01-P10_070_TAS_Contracts_AccountBreakdownByAward_2026-09-15_H22M13S36_01.csv:row:206854,data/raw/DHS_FY2026P10_c/FY2026P01-P10_070_TAS_AccountBreakdownByAward_2026-09-15_H22M11S11234807.zip,FY2026P01-P10_070_TAS_Contracts_AccountBreakdownByAward_2026-09-15_H22M13S36_01.csv,data/raw/DHS_FY2026P10_c/FY2026P01-P10_070_TAS_AccountBreakdownByAward_2026-09-15_H22M11S11234807.zip!FY2026P01-P10_070_TAS_Contracts_AccountBreakdownByAward_2026-09-15_H22M13S36_01.csv,206854,Contracts,https://files.usaspending.gov/generated_downloads/FY2026P01-P10_070_TAS_AccountBreakdownByAward_2026-09-15_H22M11S11234807.zip,Other public or nonprofit entities
FY2026P04,070-0540,070-2025/2025-0540-000,5ZD2ZMB6YC5,,25.2,D,Q,,CONT_AWD_70CMSW19C00000006_7012_-NONE-_-NONE-,70CMSW19C00000006,,,,LCJ3MDABAV97,"MAVAGI ENTERPRISES, INC.",LCJ3MDABAV97,"MAVAGI ENTERPRISES, INC.",GROUNDS AND CUSTODIAL SERVICES - PORT ISABEL SPC.,localhost:3000/award/CONT_AWD_70CMSW19C00000006_7012_-NONE-_-NONE-/,2026-05-15,DHS_FY2026P10_c:FY2026P01-P10_070_TAS_Contracts_AccountBreakdownByAward_2026-09-15_H22M13S36_01.csv:row:212851,data/raw/DHS_FY2026P10_c/FY2026P01-P10_070_TAS_AccountBreakdownByAward_2026-09-15_H22M11S11234807.zip,FY2026P01-P10_070_TAS_Contracts_AccountBreakdownByAward_2026-09-15_H22M13S36_01.csv,data/raw/DHS_FY2026P10_c/FY2026P01-P10_070_TAS_AccountBreakdownByAward_2026-09-15_H22M11S11234807.zip!FY2026P01-P10_070_TAS_Contracts_AccountBreakdownByAward_2026-09-15_H22M13S36_01.csv,212851,Contracts,https://files.usaspending.gov/generated_downloads/FY2026P01-P10_070_TAS_AccountBreakdownByAward_2026-09-15_H22M11S11234807.zip,Other public or nonprofit entities
FY2026P06,070-0540,070-2025/2025-0540-000,5ZD2ZMB6YC5,,25.2,D,Q,,CONT_AWD_70CMSW19C00000006_7012_-NONE-_-NONE-,70CMSW19C00000006,,,,LCJ3MDABAV97,"MAVAGI ENTERPRISES, INC.",LCJ3MDABAV97,"MAVAGI ENTERPRISES, INC.",GROUNDS AND CUSTODIAL SERVICES - PORT ISABEL SPC.,localhost:3000/award/CONT_AWD_70CMSW19C00000006_7012_-NONE-_-NONE-/,2026-08-07,DHS_FY2026P10_c:FY2026P01-P10_070_TAS_Contracts_AccountBreakdownByAward_2026-09-15_H22M13S36_01.csv:row:212852,data/raw/DHS_FY2026P10_c/FY2026P01-P10_070_TAS_AccountBreakdownByAward_2026-09-15_H22M11S11234807.zip,FY2026P01-P10_070_TAS_Contracts_AccountBreakdownByAward_2026-09-15_H22M13S36_01.csv,data/raw/DHS_FY2026P10_c/FY2026P01-P10_070_TAS_AccountBreakdownByAward_2026-09-15_H22M11S11234807.zip!FY2026P01-P10_070_TAS_Contracts_AccountBreakdownByAward_2026-09-15_H22M13S36_01.csv,212852,Contracts,https://files.usaspending.gov/generated_downloads/FY2026P01-P10_070_TAS_AccountBreakdownByAward_2026-09-15_H22M11S11234807.zip,Other public or nonprofit entities
FY2026P09,070-0540,070-2025/2025-0540-000,5ZD2ZMB6YC5,,25.2,D,Q,,CONT_AWD_70CMSW19C00000006_7012_-NONE-_-NONE-,70CMSW19C00000006,,,,LCJ3MDABAV97,"MAVAGI ENTERPRISES, INC.",LCJ3MDABAV97,"MAVAGI ENTERPRISES, INC.",GROUNDS AND CUSTODIAL SERVICES - PORT ISABEL SPC.,localhost:3000/award/CONT_AWD_70CMSW19C00000006_7012_-NONE-_-NONE-/,2026-07-30,DHS_FY2026P10_c:FY2026P01-P10_070_TAS_Contracts_AccountBreakdownByAward_2026-09-15_H22M13S36_01.csv:row:212853,data/raw/DHS_FY2026P10_c/FY2026P01-P10_070_TAS_AccountBreakdownByAward_2026-09-15_H22M11S11234807.zip,FY2026P01-P10_070_TAS_Contracts_AccountBreakdownByAward_2026-09-15_H22M13S36_01.csv,data/raw/DHS_FY2026P10_c/FY2026P01-P10_070_TAS_AccountBreakdownByAward_2026-09-15_H22M11S11234807.zip!FY2026P01-P10_070_TAS_Contracts_AccountBreakdownByAward_2026-09-15_H22M13S36_01.csv,212853,Contracts,https://files.usaspending.gov/generated_downloads/FY2026P01-P10_070_TAS_AccountBreakdownByAward_2026-09-15_H22M11S11234807.zip,Other public or nonprofit entities
FY2026P09,070-0540,070-2026/2026-0540-000,5ZD2ZMB6YC5,,25.2,D,Q,,CONT_AWD_70CMSW19C00000006_7012_-NONE-_-NONE-,70CMSW19C00000006,,,,LCJ3MDABAV97,"MAVAGI ENTERPRISES, INC.",LCJ3MDABAV97,"MAVAGI ENTERPRISES, INC.",GROUNDS AND CUSTODIAL SERVICES - PORT ISABEL SPC.,localhost:3000/award/CONT_AWD_70CMSW19C00000006_7012_-NONE-_-NONE-/,2026-07-30,DHS_FY2026P10_c:FY2026P01-P10_070_TAS_Contracts_AccountBreakdownByAward_2026-09-15_H22M13S36_01.csv:row:212854,data/raw/DHS_FY2026P10_c/FY2026P01-P10_070_TAS_AccountBreakdownByAward_2026-09-15_H22M11S11234807.zip,FY2026P01-P10_070_TAS_Contracts_AccountBreakdownByAward_2026-09-15_H22M13S36_01.csv,data/raw/DHS_FY2026P10_c/FY2026P01-P10_070_TAS_AccountBreakdownByAward_2026-09-15_H22M11S11234807.zip!FY2026P01-P10_070_TAS_Contracts_AccountBreakdownByAward_2026-09-15_H22M13S36_01.csv,212854,Contracts,https://files.usaspending.gov/generated_downloads/FY2026P01-P10_070_TAS_AccountBreakdownByAward_2026-09-15_H22M11S11234807.zip,Other public or nonprofit entities
FY2026P05,070-0540,070-2025/2025-0540-000,5ZD2ZMB6YC5,,25.2,D,Q,,CONT_AWD_70CMSW19C00000006_7012_-NONE-_-NONE-,70CMSW19C00000006,,,,LCJ3MDABAV97,"MAVAGI ENTERPRISES, INC.",LCJ3MDABAV97,"MAVAGI ENTERPRISES, INC.",GROUNDS AND CUSTODIAL SERVICES - PORT ISABEL SPC.,localhost:3000/award/CONT_AWD_70CMSW19C00000006_7012_-NONE-_-NONE-/,2026-05-15,DHS_FY2026P10_c:FY2026P01-P10_070_TAS_Contracts_AccountBreakdownByAward_2026-09-15_H22M13S36_01.csv:row:212855,data/raw/DHS_FY2026P10_c/FY2026P01-P10_070_TAS_AccountBreakdownByAward_2026-09-15_H22M11S11234807.zip,FY2026P01-P10_070_TAS_Contracts_AccountBreakdownByAward_2026-09-15_H22M13S36_01.csv,data/raw/DHS_FY2026P10_c/FY2026P01-P10_070_TAS_AccountBreakdownByAward_2026-09-15_H22M11S11234807.zip!FY2026P01-P10_070_TAS_Contracts_AccountBreakdownByAward_2026-09-15_H22M13S36_01.csv,212855,Contracts,https://files.usaspending.gov/generated_downloads/FY2026P01-P10_070_TAS_AccountBreakdownByAward_2026-09-15_H22M11S11234807.zip,Other public or nonprofit entities
FY2026P05,070-0540,070-2026/2026-0540-000,5ZD2ZMB6YC5,,25.2,D,Q,,CONT_AWD_70CMSW19C00000006_7012_-NONE-_-NONE-,70CMSW19C00000006,,,,LCJ3MDABAV97,"MAVAGI ENTERPRISES, INC.",LCJ3MDABAV97,"MAVAGI ENTERPRISES, INC.",GROUNDS AND CUSTODIAL SERVICES - PORT ISABEL SPC.,localhost:3000/award/CONT_AWD_70CMSW19C00000006_7012_-NONE-_-NONE-/,2026-05-15,DHS_FY2026P10_c:FY2026P01-P10_070_TAS_Contracts_AccountBreakdownByAward_2026-09-15_H22M13S36_01.csv:row:212856,data/raw/DHS_FY2026P10_c/FY2026P01-P10_070_TAS_AccountBreakdownByAward_2026-09-15_H22M11S11234807.zip,FY2026P01-P10_070_TAS_Contracts_AccountBreakdownByAward_2026-09-15_H22M13S36_01.csv,data/raw/DHS_FY2026P10_c/FY2026P01-P10_070_TAS_AccountBreakdownByAward_2026-09-15_H22M11S11234807.zip!FY2026P01-P10_070_TAS_Contracts_AccountBreakdownByAward_2026-09-15_H22M13S36_01.csv,212856,Contracts,https://files.usaspending.gov/generated_downloads/FY2026P01-P10_070_TAS_AccountBreakdownByAward_2026-09-15_H22M11S11234807.zip,Other public or nonprofit entities
FY2026P06,070-0540,070-2026/2026-0540-000,5ZD2ZMB6YC5,,25.2,D,Q,,CONT_AWD_70CMSW19C00000006_7012_-NONE-_-NONE-,70CMSW19C00000006,,,,LCJ3MDABAV97,"MAVAGI ENTERPRISES, INC.",LCJ3MDABAV97,"MAVAGI ENTERPRISES, INC.",GROUNDS AND CUSTODIAL SERVICES - PORT ISABEL SPC.,localhost:3000/award/CONT_AWD_70CMSW19C00000006_7012_-NONE-_-NONE-/,2026-08-07,DHS_FY2026P10_c:FY2026P01-P10_070_TAS_Contracts_AccountBreakdownByAward_2026-09-15_H22M13S36_01.csv:row:212857,data/raw/DHS_FY2026P10_c/FY2026P01-P10_070_TAS_AccountBreakdownByAward_2026-09-15_H22M11S11234807.zip,FY2026P01-P10_070_TAS_Contracts_AccountBreakdownByAward_2026-09-15_H22M13S36_01.csv,data/raw/DHS_FY2026P10_c/FY2026P01-P10_070_TAS_AccountBreakdownByAward_2026-09-15_H22M11S11234807.zip!FY2026P01-P10_070_TAS_Contracts_AccountBreakdownByAward_2026-09-15_H22M13S36_01.csv,212857,Contracts,https://files.usaspending.gov/generated_downloads/FY2026P01-P10_070_TAS_AccountBreakdownByAward_2026-09-15_H22M11S11234807.zip,Other public or nonprofit entities
FY2026P10,070-0540,070-2026/2026-0540-000,5ZD2ZMB6YC5,,25.2,D,Q,,CONT_AWD_70CMSW19C00000006_7012_-NONE-_-NONE-,70CMSW19C00000006,,,,LCJ3MDABAV97,"MAVAGI ENTERPRISES, INC.",LCJ3MDABAV97,"MAVAGI ENTERPRISES, INC.",GROUNDS AND CUSTODIAL SERVICES - PORT ISABEL SPC.,localhost:3000/award/CONT_AWD_70CMSW19C00000006_7012_-NONE-_-NONE-/,2026-08-31,DHS_FY2026P10_c:FY2026P01-P10_070_TAS_Contracts_AccountBreakdownByAward_2026-09-15_H22M13S36_01.csv:row:212858,data/raw/DHS_FY2026P10_c/FY2026P01-P10_070_TAS_AccountBreakdownByAward_2026-09-15_H22M11S11234807.zip,FY2026P01-P10_070_TAS_Contracts_AccountBreakdownByAward_2026-09-15_H22M13S36_01.csv,data/raw/DHS_FY2026P10_c/FY2026P01-P10_070_TAS_AccountBreakdownByAward_2026-09-15_H22M11S11234807.zip!FY2026P01-P10_070_TAS_Contracts_AccountBreakdownByAward_2026-09-15_H22M13S36_01.csv,212858,Contracts,https://files.usaspending.gov/generated_downloads/FY2026P01-P10_070_TAS_AccountBreakdownByAward_2026-09-15_H22M11S11234807.zip,Other public or nonprofit entities
FY2026P09,070-0540,070-2026/2026-0540-000,5ZD2ZMB6YC5,,25.2,D,Q,912197.03,CONT_AWD_70CMSW19C00000006_7012_-NONE-_-NONE-,70CMSW19C00000006,,,,LCJ3MDABAV97,"MAVAGI ENTERPRISES, INC.",LCJ3MDABAV97,"MAVAGI ENTERPRISES, INC.",GROUNDS AND CUSTODIAL SERVICES - PORT ISABEL SPC.,localhost:3000/award/CONT_AWD_70CMSW19C00000006_7012_-NONE-_-NONE-/,2026-07-30,DHS_FY2026P10_c:FY2026P01-P10_070_TAS_Contracts_AccountBreakdownByAward_2026-09-15_H22M13S36_01.csv:row:212859,data/raw/DHS_FY2026P10_c/FY2026P01-P10_070_TAS_AccountBreakdownByAward_2026-09-15_H22M11S11234807.zip,FY2026P01-P10_070_TAS_Contracts_AccountBreakdownByAward_2026-09-15_H22M13S36_01.csv,data/raw/DHS_FY2026P10_c/FY2026P01-P10_070_TAS_AccountBreakdownByAward_2026-09-15_H22M11S11234807.zip!FY2026P01-P10_070_TAS_Contracts_AccountBreakdownByAward_2026-09-15_H22M13S36_01.csv,212859,Contracts,https://files.usaspending.gov/generated_downloads/FY2026P01-P10_070_TAS_AccountBreakdownByAward_2026-09-15_H22M11S11234807.zip,Other public or nonprofit entities
FY2026P10,070-0540,070-2025/2025-0540-000,5ZD2ZMB6YC5,,25.2,D,Q,,CONT_AWD_70CMSW19C00000006_7012_-NONE-_-NONE-,70CMSW19C00000006,,,,LCJ3MDABAV97,"MAVAGI ENTERPRISES, INC.",LCJ3MDABAV97,"MAVAGI ENTERPRISES, INC.",GROUNDS AND CUSTODIAL SERVICES - PORT ISABEL SPC.,localhost:3000/award/CONT_AWD_70CMSW19C00000006_7012_-NONE-_-NONE-/,2026-08-31,DHS_FY2026P10_c:FY2026P01-P10_070_TAS_Contracts_AccountBreakdownByAward_2026-09-15_H22M13S36_01.csv:row:212860,data/raw/DHS_FY2026P10_c/FY2026P01-P10_070_TAS_AccountBreakdownByAward_2026-09-15_H22M11S11234807.zip,FY2026P01-P10_070_TAS_Contracts_AccountBreakdownByAward_2026-09-15_H22M13S36_01.csv,data/raw/DHS_FY2026P10_c/FY2026P01-P10_070_TAS_AccountBreakdownByAward_2026-09-15_H22M11S11234807.zip!FY2026P01-P10_070_TAS_Contracts_AccountBreakdownByAward_2026-09-15_H22M13S36_01.csv,212860,Contracts,https://files.usaspending.gov/generated_downloads/FY2026P01-P10_070_TAS_AccountBreakdownByAward_2026-09-15_H22M11S11234807.zip,Other public or nonprofit entities
FY2026P08,070-0540,070-2026/2026-0540-000,5ZD2ZMB6YC5,,25.2,D,Q,,CONT_AWD_70CMSW19C00000006_7012_-NONE-_-NONE-,70CMSW19C00000006,,,,LCJ3MDABAV97,"MAVAGI ENTERPRISES, INC.",LCJ3MDABAV97,"MAVAGI ENTERPRISES, INC.",GROUNDS AND CUSTODIAL SERVICES - PORT ISABEL SPC.,localhost:3000/award/CONT_AWD_70CMSW19C00000006_7012_-NONE-_-NONE-/,2026-07-02,DHS_FY2026P10_c:FY2026P01-P10_070_TAS_Contracts_AccountBreakdownByAward_2026-09-15_H22M13S36_01.csv:row:212861,data/raw/DHS_FY2026P10_c/FY2026P01-P10_070_TAS_AccountBreakdownByAward_2026-09-15_H22M11S11234807.zip,FY2026P01-P10_070_TAS_Contracts_AccountBreakdownByAward_2026-09-15_H22M13S36_01.csv,data/raw/DHS_FY2026P10_c/FY2026P01-P10_070_TAS_AccountBreakdownByAward_2026-09-15_H22M11S11234807.zip!FY2026P01-P10_070_TAS_Contracts_AccountBreakdownByAward_2026-09-15_H22M13S36_01.csv,212861,Contracts,https://files.usaspending.gov/generated_downloads/FY2026P01-P10_070_TAS_AccountBreakdownByAward_2026-09-15_H22M11S11234807.zip,Other public or nonprofit entities
FY2026P08,070-0540,070-2025/2025-0540-000,5ZD2ZMB6YC5,,25.2,D,Q,,CONT_AWD_70CMSW19C00000006_7012_-NONE-_-NONE-,70CMSW19C00000006,,,,LCJ3MDABAV97,"MAVAGI ENTERPRISES, INC.",LCJ3MDABAV97,"MAVAGI ENTERPRISES, INC.",GROUNDS AND CUSTODIAL SERVICES - PORT ISABEL SPC.,localhost:3000/award/CONT_AWD_70CMSW19C00000006_7012_-NONE-_-NONE-/,2026-07-02,DHS_FY2026P10_c:FY2026P01-P10_070_TAS_Contracts_AccountBreakdownByAward_2026-09-15_H22M13S36_01.csv:row:212862,data/raw/DHS_FY2026P10_c/FY2026P01-P10_070_TAS_AccountBreakdownByAward_2026-09-15_H22M11S11234807.zip,FY2026P01-P10_070_TAS_Contracts_AccountBreakdownByAward_2026-09-15_H22M13S36_01.csv,data/raw/DHS_FY2026P10_c/FY2026P01-P10_070_TAS_AccountBreakdownByAward_2026-09-15_H22M11S11234807.zip!FY2026P01-P10_070_TAS_Contracts_AccountBreakdownByAward_2026-09-15_H22M13S36_01.csv,212862,Contracts,https://files.usaspending.gov/generated_downloads/FY2026P01-P10_070_TAS_AccountBreakdownByAward_2026-09-15_H22M11S11234807.zip,Other public or nonprofit entities
FY2026P07,070-0540,070-2025/2025-0540-000,5ZD2ZMB6YC5,,25.2,D,Q,,CONT_AWD_70CMSW19C00000006_7012_-NONE-_-NONE-,70CMSW19C00000006,,,,LCJ3MDABAV97,"MAVAGI ENTERPRISES, INC.",LCJ3MDABAV97,"MAVAGI ENTERPRISES, INC.",GROUNDS AND CUSTODIAL SERVICES - PORT ISABEL SPC.,localhost:3000/award/CONT_AWD_70CMSW19C00000006_7012_-NONE-_-NONE-/,2026-06-01,DHS_FY2026P10_c:FY2026P01-P10_070_TAS_Contracts_AccountBreakdownByAward_2026-09-15_H22M13S36_01.csv:row:212863,data/raw/DHS_FY2026P10_c/FY2026P01-P10_070_TAS_AccountBreakdownByAward_2026-09-15_H22M11S11234807.zip,FY2026P01-P10_070_TAS_Contracts_AccountBreakdownByAward_2026-09-15_H22M13S36_01.csv,data/raw/DHS_FY2026P10_c/FY2026P01-P10_070_TAS_AccountBreakdownByAward_2026-09-15_H22M11S11234807.zip!FY2026P01-P10_070_TAS_Contracts_AccountBreakdownByAward_2026-09-15_H22M13S36_01.csv,212863,Contracts,https://files.usaspending.gov/generated_downloads/FY2026P01-P10_070_TAS_AccountBreakdownByAward_2026-09-15_H22M11S11234807.zip,Other public or nonprofit entities
FY2026P07,070-0540,070-2026/2026-0540-000,5ZD2ZMB6YC5,,25.2,D,Q,,CONT_AWD_70CMSW19C00000006_7012_-NONE-_-NONE-,70CMSW19C00000006,,,,LCJ3MDABAV97,"MAVAGI ENTERPRISES, INC.",LCJ3MDABAV97,"MAVAGI ENTERPRISES, INC.",GROUNDS AND CUSTODIAL SERVICES - PORT ISABEL SPC.,localhost:3000/award/CONT_AWD_70CMSW19C00000006_7012_-NONE-_-NONE-/,2026-06-01,DHS_FY2026P10_c:FY2026P01-P10_070_TAS_Contracts_AccountBreakdownByAward_2026-09-15_H22M13S36_01.csv:row:212864,data/raw/DHS_FY2026P10_c/FY2026P01-P10_070_TAS_AccountBreakdownByAward_2026-09-15_H22M11S11234807.zip,FY2026P01-P10_070_TAS_Contracts_AccountBreakdownByAward_2026-09-15_H22M13S36_01.csv,data/raw/DHS_FY2026P10_c/FY2026P01-P10_070_TAS_AccountBreakdownByAward_2026-09-15_H22M11S11234807.zip!FY2026P01-P10_070_TAS_Contracts_AccountBreakdownByAward_2026-09-15_H22M13S36_01.csv,212864,Contracts,https://files.usaspending.gov/generated_downloads/FY2026P01-P10_070_TAS_AccountBreakdownByAward_2026-09-15_H22M11S11234807.zip,Other public or nonprofit entities
FY2026P04,070-0540,070-2026/2026-0540-000,5ZD2ZMB6YC5,,25.2,D,Q,,CONT_AWD_70CMSW19C00000006_7012_-NONE-_-NONE-,70CMSW19C00000006,,,,LCJ3MDABAV97,"MAVAGI ENTERPRISES, INC.",LCJ3MDABAV97,"MAVAGI ENTERPRISES, INC.",GROUNDS AND CUSTODIAL SERVICES - PORT ISABEL SPC.,localhost:3000/award/CONT_AWD_70CMSW19C00000006_7012_-NONE-_-NONE-/,2026-05-15,DHS_FY2026P10_c:FY2026P01-P10_070_TAS_Contracts_AccountBreakdownByAward_2026-09-15_H22M13S36_01.csv:row:212865,data/raw/DHS_FY2026P10_c/FY2026P01-P10_070_TAS_AccountBreakdownByAward_2026-09-15_H22M11S11234807.zip,FY2026P01-P10_070_TAS_Contracts_AccountBreakdownByAward_2026-09-15_H22M13S36_01.csv,data/raw/DHS_FY2026P10_c/FY2026P01-P10_070_TAS_AccountBreakdownByAward_2026-09-15_H22M11S11234807.zip!FY2026P01-P10_070_TAS_Contracts_AccountBreakdownByAward_2026-09-15_H22M13S36_01.csv,212865,Contracts,https://files.usaspending.gov/generated_downloads/FY2026P01-P10_070_TAS_AccountBreakdownByAward_2026-09-15_H22M11S11234807.zip,Other public or nonprofit entities
FY2026P10,070-0540,070-2024/2024-0540-000,5ZD2ZMB6YC5,,23.2,D,Q,-11707.00,CONT_AWD_70CDCR24P00000013_7012_-NONE-_-NONE-,70CDCR24P00000013,,,,FVJMNPLMEEJ2,REGENTS OF UNIVERSITY OF MINNESOTA,FVJMNPLMEEJ2,REGENTS OF UNIVERSITY OF MINNESOTA,UNIVERSITY OF MINNESOTA FIREARMS RANGE RENTAL,localhost:3000/award/CONT_AWD_70CDCR24P00000013_7012_-NONE-_-NONE-/,2026-08-31,DHS_FY2026P10_c:FY2026P01-P10_070_TAS_Contracts_AccountBreakdownByAward_2026-09-15_H22M13S36_01.csv:row:219085,data/raw/DHS_FY2026P10_c/FY2026P01-P10_070_TAS_AccountBreakdownByAward_2026-09-15_H22M11S11234807.zip,FY2026P01-P10_070_TAS_Contracts_AccountBreakdownByAward_2026-09-15_H22M13S36_01.csv,data/raw/DHS_FY2026P10_c/FY2026P01-P10_070_TAS_AccountBreakdownByAward_2026-09-15_H22M11S11234807.zip!FY2026P01-P10_070_TAS_Contracts_AccountBreakdownByAward_2026-09-15_H22M13S36_01.csv,219085,Contracts,https://files.usaspending.gov/generated_downloads/FY2026P01-P10_070_TAS_AccountBreakdownByAward_2026-09-15_H22M11S11234807.zip,Other public or nonprofit entities
FY2026P10,070-0540,070-2024/2024-0540-000,5ZD2ZMB6YC5,,23.2,D,Q,-960.00,CONT_AWD_70CDCR24P00000013_7012_-NONE-_-NONE-,70CDCR24P00000013,,,,FVJMNPLMEEJ2,REGENTS OF UNIVERSITY OF MINNESOTA,FVJMNPLMEEJ2,REGENTS OF UNIVERSITY OF MINNESOTA,UNIVERSITY OF MINNESOTA FIREARMS RANGE RENTAL,localhost:3000/award/CONT_AWD_70CDCR24P00000013_7012_-NONE-_-NONE-/,2026-08-31,DHS_FY2026P10_c:FY2026P01-P10_070_TAS_Contracts_AccountBreakdownByAward_2026-09-15_H22M13S36_01.csv:row:219086,data/raw/DHS_FY2026P10_c/FY2026P01-P10_070_TAS_AccountBreakdownByAward_2026-09-15_H22M11S11234807.zip,FY2026P01-P10_070_TAS_Contracts_AccountBreakdownByAward_2026-09-15_H22M13S36_01.csv,data/raw/DHS_FY2026P10_c/FY2026P01-P10_070_TAS_AccountBreakdownByAward_2026-09-15_H22M11S11234807.zip!FY2026P01-P10_070_TAS_Contracts_AccountBreakdownByAward_2026-09-15_H22M13S36_01.csv,219086,Contracts,https://files.usaspending.gov/generated_downloads/FY2026P01-P10_070_TAS_AccountBreakdownByAward_2026-09-15_H22M11S11234807.zip,Other public or nonprofit entities
FY2026P09,070-0540,070-2025/2025-0540-000,5ZD2ZMB6YC5,,25.2,D,Q,,CONT_AWD_70CMSW22P00000011_7012_-NONE-_-NONE-,70CMSW22P00000011,,,,KEA9KRV8GPG3,WORCESTER COUNTY,KEA9KRV8GPG3,WORCESTER COUNTY,PURCHASE OF ACCESS AND USE OF THE WORCESTER COUNTY FIREARM'S TRAINING CENTER FOR ERO.,localhost:3000/award/CONT_AWD_70CMSW22P00000011_7012_-NONE-_-NONE-/,2026-07-30,DHS_FY2026P10_c:FY2026P01-P10_070_TAS_Contracts_AccountBreakdownByAward_2026-09-15_H22M13S36_01.csv:row:227090,data/raw/DHS_FY2026P10_c/FY2026P01-P10_070_TAS_AccountBreakdownByAward_2026-09-15_H22M11S11234807.zip,FY2026P01-P10_070_TAS_Contracts_AccountBreakdownByAward_2026-09-15_H22M13S36_01.csv,data/raw/DHS_FY2026P10_c/FY2026P01-P10_070_TAS_AccountBreakdownByAward_2026-09-15_H22M11S11234807.zip!FY2026P01-P10_070_TAS_Contracts_AccountBreakdownByAward_2026-09-15_H22M13S36_01.csv,227090,Contracts,https://files.usaspending.gov/generated_downloads/FY2026P01-P10_070_TAS_AccountBreakdownByAward_2026-09-15_H22M11S11234807.zip,State and local governments
FY2026P08,070-0540,070-2025/2025-0540-000,5ZD2ZMB6YC5,,25.2,D,Q,,CONT_AWD_70CMSW22P00000011_7012_-NONE-_-NONE-,70CMSW22P00000011,,,,KEA9KRV8GPG3,WORCESTER COUNTY,KEA9KRV8GPG3,WORCESTER COUNTY,PURCHASE OF ACCESS AND USE OF THE WORCESTER COUNTY FIREARM'S TRAINING CENTER FOR ERO.,localhost:3000/award/CONT_AWD_70CMSW22P00000011_7012_-NONE-_-NONE-/,2026-07-02,DHS_FY2026P10_c:FY2026P01-P10_070_TAS_Contracts_AccountBreakdownByAward_2026-09-15_H22M13S36_01.csv:row:227091,data/raw/DHS_FY2026P10_c/FY2026P01-P10_070_TAS_AccountBreakdownByAward_2026-09-15_H22M11S11234807.zip,FY2026P01-P10_070_TAS_Contracts_AccountBreakdownByAward_2026-09-15_H22M13S36_01.csv,data/raw/DHS_FY2026P10_c/FY2026P01-P10_070_TAS_AccountBreakdownByAward_2026-09-15_H22M11S11234807.zip!FY2026P01-P10_070_TAS_Contracts_AccountBreakdownByAward_2026-09-15_H22M13S36_01.csv,227091,Contracts,https://files.usaspending.gov/generated_downloads/FY2026P01-P10_070_TAS_AccountBreakdownByAward_2026-09-15_H22M11S11234807.zip,State and local governments
FY2026P10,070-0540,070-2025/2025-0540-000,5ZD2ZMB6YC5,,25.2,D,Q,,CONT_AWD_70CMSW22P00000011_7012_-NONE-_-NONE-,70CMSW22P00000011,,,,KEA9KRV8GPG3,WORCESTER COUNTY,KEA9KRV8GPG3,WORCESTER COUNTY,PURCHASE OF ACCESS AND USE OF THE WORCESTER COUNTY FIREARM'S TRAINING CENTER FOR ERO.,localhost:3000/award/CONT_AWD_70CMSW22P00000011_7012_-NONE-_-NONE-/,2026-08-31,DHS_FY2026P10_c:FY2026P01-P10_070_TAS_Contracts_AccountBreakdownByAward_2026-09-15_H22M13S36_01.csv:row:227092,data/raw/DHS_FY2026P10_c/FY2026P01-P10_070_TAS_AccountBreakdownByAward_2026-09-15_H22M11S11234807.zip,FY2026P01-P10_070_TAS_Contracts_AccountBreakdownByAward_2026-09-15_H22M13S36_01.csv,data/raw/DHS_FY2026P10_c/FY2026P01-P10_070_TAS_AccountBreakdownByAward_2026-09-15_H22M11S11234807.zip!FY2026P01-P10_070_TAS_Contracts_AccountBreakdownByAward_2026-09-15_H22M13S36_01.csv,227092,Contracts,https://files.usaspending.gov/generated_downloads/FY2026P01-P10_070_TAS_AccountBreakdownByAward_2026-09-15_H22M11S11234807.zip,State and local governments
FY2026P08,070-0540,070-2026/2026-0540-000,5ZD2ZMB6YC5,,25.2,D,Q,1500.00,CONT_AWD_70CMSW22P00000011_7012_-NONE-_-NONE-,70CMSW22P00000011,,,,KEA9KRV8GPG3,WORCESTER COUNTY,KEA9KRV8GPG3,WORCESTER COUNTY,PURCHASE OF ACCESS AND USE OF THE WORCESTER COUNTY FIREARM'S TRAINING CENTER FOR ERO.,localhost:3000/award/CONT_AWD_70CMSW22P00000011_7012_-NONE-_-NONE-/,2026-07-02,DHS_FY2026P10_c:FY2026P01-P10_070_TAS_Contracts_AccountBreakdownByAward_2026-09-15_H22M13S36_01.csv:row:227093,data/raw/DHS_FY2026P10_c/FY2026P01-P10_070_TAS_AccountBreakdownByAward_2026-09-15_H22M11S11234807.zip,FY2026P01-P10_070_TAS_Contracts_AccountBreakdownByAward_2026-09-15_H22M13S36_01.csv,data/raw/DHS_FY2026P10_c/FY2026P01-P10_070_TAS_AccountBreakdownByAward_2026-09-15_H22M11S11234807.zip!FY2026P01-P10_070_TAS_Contracts_AccountBreakdownByAward_2026-09-15_H22M13S36_01.csv,227093,Contracts,https://files.usaspending.gov/generated_downloads/FY2026P01-P10_070_TAS_AccountBreakdownByAward_2026-09-15_H22M11S11234807.zip,State and local governments
FY2026P04,070-0540,070-2026/2026-0540-000,5ZD2ZMB6YC5,,25.2,D,Q,,CONT_AWD_70CDCR25C00000003_7012_-NONE-_-NONE-,70CDCR25C00000003,,,,V84BBXQ5YXT8,CALIFORNIA HIGHWAY PATROLMANS CLUB,V84BBXQ5YXT8,CALIFORNIA HIGHWAY PATROLMANS CLUB,THIS CONTRACT PROVIDES FIRING RANGE SERVICES FOR ENFORCEMENT AND REMOVAL OPERATIONS OFFICERS IN THE SAN FRANCISCO AREA OF RESPONSIBILITY UNDER FIRM FIXED PRICE TERMS AND CONDITIONS.,localhost:3000/award/CONT_AWD_70CDCR25C00000003_7012_-NONE-_-NONE-/,2026-05-15,DHS_FY2026P10_c:FY2026P01-P10_070_TAS_Contracts_AccountBreakdownByAward_2026-09-15_H22M13S36_01.csv:row:230716,data/raw/DHS_FY2026P10_c/FY2026P01-P10_070_TAS_AccountBreakdownByAward_2026-09-15_H22M11S11234807.zip,FY2026P01-P10_070_TAS_Contracts_AccountBreakdownByAward_2026-09-15_H22M13S36_01.csv,data/raw/DHS_FY2026P10_c/FY2026P01-P10_070_TAS_AccountBreakdownByAward_2026-09-15_H22M11S11234807.zip!FY2026P01-P10_070_TAS_Contracts_AccountBreakdownByAward_2026-09-15_H22M13S36_01.csv,230716,Contracts,https://files.usaspending.gov/generated_downloads/FY2026P01-P10_070_TAS_AccountBreakdownByAward_2026-09-15_H22M11S11234807.zip,Other public or nonprofit entities
FY2026P03,070-0540,070-2025/2025-0540-000,5ZD2ZMB6YC5,,25.2,D,Q,,CONT_AWD_70CDCR25C00000003_7012_-NONE-_-NONE-,70CDCR25C00000003,,,,V84BBXQ5YXT8,CALIFORNIA HIGHWAY PATROLMANS CLUB,V84BBXQ5YXT8,CALIFORNIA HIGHWAY PATROLMANS CLUB,THIS CONTRACT PROVIDES FIRING RANGE SERVICES FOR ENFORCEMENT AND REMOVAL OPERATIONS OFFICERS IN THE SAN FRANCISCO AREA OF RESPONSIBILITY UNDER FIRM FIXED PRICE TERMS AND CONDITIONS.,localhost:3000/award/CONT_AWD_70CDCR25C00000003_7012_-NONE-_-NONE-/,2026-08-07,DHS_FY2026P10_c:FY2026P01-P10_070_TAS_Contracts_AccountBreakdownByAward_2026-09-15_H22M13S36_01.csv:row:230717,data/raw/DHS_FY2026P10_c/FY2026P01-P10_070_TAS_AccountBreakdownByAward_2026-09-15_H22M11S11234807.zip,FY2026P01-P10_070_TAS_Contracts_AccountBreakdownByAward_2026-09-15_H22M13S36_01.csv,data/raw/DHS_FY2026P10_c/FY2026P01-P10_070_TAS_AccountBreakdownByAward_2026-09-15_H22M11S11234807.zip!FY2026P01-P10_070_TAS_Contracts_AccountBreakdownByAward_2026-09-15_H22M13S36_01.csv,230717,Contracts,https://files.usaspending.gov/generated_downloads/FY2026P01-P10_070_TAS_AccountBreakdownByAward_2026-09-15_H22M11S11234807.zip,Other public or nonprofit entities
FY2026P07,070-0540,070-2025/2025-0540-000,5ZD2ZMB6YC5,,25.2,D,Q,,CONT_AWD_70CDCR25C00000003_7012_-NONE-_-NONE-,70CDCR25C00000003,,,,V84BBXQ5YXT8,CALIFORNIA HIGHWAY PATROLMANS CLUB,V84BBXQ5YXT8,CALIFORNIA HIGHWAY PATROLMANS CLUB,THIS CONTRACT PROVIDES FIRING RANGE SERVICES FOR ENFORCEMENT AND REMOVAL OPERATIONS OFFICERS IN THE SAN FRANCISCO AREA OF RESPONSIBILITY UNDER FIRM FIXED PRICE TERMS AND CONDITIONS.,localhost:3000/award/CONT_AWD_70CDCR25C00000003_7012_-NONE-_-NONE-/,2026-06-01,DHS_FY2026P10_c:FY2026P01-P10_070_TAS_Contracts_AccountBreakdownByAward_2026-09-15_H22M13S36_01.csv:row:230718,data/raw/DHS_FY2026P10_c/FY2026P01-P10_070_TAS_AccountBreakdownByAward_2026-09-15_H22M11S11234807.zip,FY2026P01-P10_070_TAS_Contracts_AccountBreakdownByAward_2026-09-15_H22M13S36_01.csv,data/raw/DHS_FY2026P10_c/FY2026P01-P10_070_TAS_AccountBreakdownByAward_2026-09-15_H22M11S11234807.zip!FY2026P01-P10_070_TAS_Contracts_AccountBreakdownByAward_2026-09-15_H22M13S36_01.csv,230718,Contracts,https://files.usaspending.gov/generated_downloads/FY2026P01-P10_070_TAS_AccountBreakdownByAward_2026-09-15_H22M11S11234807.zip,Other public or nonprofit entities
FY2026P08,070-0540,070-2025/2025-0540-000,5ZD2ZMB6YC5,,25.2,D,Q,,CONT_AWD_70CDCR25C00000003_7012_-NONE-_-NONE-,70CDCR25C00000003,,,,V84BBXQ5YXT8,CALIFORNIA HIGHWAY PATROLMANS CLUB,V84BBXQ5YXT8,CALIFORNIA HIGHWAY PATROLMANS CLUB,THIS CONTRACT PROVIDES FIRING RANGE SERVICES FOR ENFORCEMENT AND REMOVAL OPERATIONS OFFICERS IN THE SAN FRANCISCO AREA OF RESPONSIBILITY UNDER FIRM FIXED PRICE TERMS AND CONDITIONS.,localhost:3000/award/CONT_AWD_70CDCR25C00000003_7012_-NONE-_-NONE-/,2026-07-02,DHS_FY2026P10_c:FY2026P01-P10_070_TAS_Contracts_AccountBreakdownByAward_2026-09-15_H22M13S36_01.csv:row:230719,data/raw/DHS_FY2026P10_c/FY2026P01-P10_070_TAS_AccountBreakdownByAward_2026-09-15_H22M11S11234807.zip,FY2026P01-P10_070_TAS_Contracts_AccountBreakdownByAward_2026-09-15_H22M13S36_01.csv,data/raw/DHS_FY2026P10_c/FY2026P01-P10_070_TAS_AccountBreakdownByAward_2026-09-15_H22M11S11234807.zip!FY2026P01-P10_070_TAS_Contracts_AccountBreakdownByAward_2026-09-15_H22M13S36_01.csv,230719,Contracts,https://files.usaspending.gov/generated_downloads/FY2026P01-P10_070_TAS_AccountBreakdownByAward_2026-09-15_H22M11S11234807.zip,Other public or nonprofit entities
FY2026P10,070-0540,070-2025/2025-0540-000,5ZD2ZMB6YC5,,25.2,D,Q,,CONT_AWD_70CDCR25C00000003_7012_-NONE-_-NONE-,70CDCR25C00000003,,,,V84BBXQ5YXT8,CALIFORNIA HIGHWAY PATROLMANS CLUB,V84BBXQ5YXT8,CALIFORNIA HIGHWAY PATROLMANS CLUB,THIS CONTRACT PROVIDES FIRING RANGE SERVICES FOR ENFORCEMENT AND REMOVAL OPERATIONS OFFICERS IN THE SAN FRANCISCO AREA OF RESPONSIBILITY UNDER FIRM FIXED PRICE TERMS AND CONDITIONS.,localhost:3000/award/CONT_AWD_70CDCR25C00000003_7012_-NONE-_-NONE-/,2026-08-31,DHS_FY2026P10_c:FY2026P01-P10_070_TAS_Contracts_AccountBreakdownByAward_2026-09-15_H22M13S36_01.csv:row:230720,data/raw/DHS_FY2026P10_c/FY2026P01-P10_070_TAS_AccountBreakdownByAward_2026-09-15_H22M11S11234807.zip,FY2026P01-P10_070_TAS_Contracts_AccountBreakdownByAward_2026-09-15_H22M13S36_01.csv,data/raw/DHS_FY2026P10_c/FY2026P01-P10_070_TAS_AccountBreakdownByAward_2026-09-15_H22M11S11234807.zip!FY2026P01-P10_070_TAS_Contracts_AccountBreakdownByAward_2026-09-15_H22M13S36_01.csv,230720,Contracts,https://files.usaspending.gov/generated_downloads/FY2026P01-P10_070_TAS_AccountBreakdownByAward_2026-09-15_H22M11S11234807.zip,Other public or nonprofit entities
FY2026P10,070-0540,070-2025/2029-0540-000,5ZD2ZMB6YC1,,25.2,D,Q,,CONT_AWD_70CDCR25C00000003_7012_-NONE-_-NONE-,70CDCR25C00000003,,,,V84BBXQ5YXT8,CALIFORNIA HIGHWAY PATROLMANS CLUB,V84BBXQ5YXT8,CALIFORNIA HIGHWAY PATROLMANS CLUB,THIS CONTRACT PROVIDES FIRING RANGE SERVICES FOR ENFORCEMENT AND REMOVAL OPERATIONS OFFICERS IN THE SAN FRANCISCO AREA OF RESPONSIBILITY UNDER FIRM FIXED PRICE TERMS AND CONDITIONS.,localhost:3000/award/CONT_AWD_70CDCR25C00000003_7012_-NONE-_-NONE-/,2026-08-31,DHS_FY2026P10_c:FY2026P01-P10_070_TAS_Contracts_AccountBreakdownByAward_2026-09-15_H22M13S36_01.csv:row:230721,data/raw/DHS_FY2026P10_c/FY2026P01-P10_070_TAS_AccountBreakdownByAward_2026-09-15_H22M11S11234807.zip,FY2026P01-P10_070_TAS_Contracts_AccountBreakdownByAward_2026-09-15_H22M13S36_01.csv,data/raw/DHS_FY2026P10_c/FY2026P01-P10_070_TAS_AccountBreakdownByAward_2026-09-15_H22M11S11234807.zip!FY2026P01-P10_070_TAS_Contracts_AccountBreakdownByAward_2026-09-15_H22M13S36_01.csv,230721,Contracts,https://files.usaspending.gov/generated_downloads/FY2026P01-P10_070_TAS_AccountBreakdownByAward_2026-09-15_H22M11S11234807.zip,Other public or nonprofit entities
FY2026P10,070-0540,070-2026/2026-0540-000,5ZD2ZMB6YC5,,25.2,D,Q,,CONT_AWD_70CDCR25C00000003_7012_-NONE-_-NONE-,70CDCR25C00000003,,,,V84BBXQ5YXT8,CALIFORNIA HIGHWAY PATROLMANS CLUB,V84BBXQ5YXT8,CALIFORNIA HIGHWAY PATROLMANS CLUB,THIS CONTRACT PROVIDES FIRING RANGE SERVICES FOR ENFORCEMENT AND REMOVAL OPERATIONS OFFICERS IN THE SAN FRANCISCO AREA OF RESPONSIBILITY UNDER FIRM FIXED PRICE TERMS AND CONDITIONS.,localhost:3000/award/CONT_AWD_70CDCR25C00000003_7012_-NONE-_-NONE-/,2026-08-31,DHS_FY2026P10_c:FY2026P01-P10_070_TAS_Contracts_AccountBreakdownByAward_2026-09-15_H22M13S36_01.csv:row:230722,data/raw/DHS_FY2026P10_c/FY2026P01-P10_070_TAS_AccountBreakdownByAward_2026-09-15_H22M11S11234807.zip,FY2026P01-P10_070_TAS_Contracts_AccountBreakdownByAward_2026-09-15_H22M13S36_01.csv,data/raw/DHS_FY2026P10_c/FY2026P01-P10_070_TAS_AccountBreakdownByAward_2026-09-15_H22M11S11234807.zip!FY2026P01-P10_070_TAS_Contracts_AccountBreakdownByAward_2026-09-15_H22M13S36_01.csv,230722,Contracts,https://files.usaspending.gov/generated_downloads/FY2026P01-P10_070_TAS_AccountBreakdownByAward_2026-09-15_H22M11S11234807.zip,Other public or nonprofit entities
FY2026P06,070-0540,070-2026/2026-0540-000,5ZD2ZMB6YC5,,25.2,D,Q,,CONT_AWD_70CDCR25C00000003_7012_-NONE-_-NONE-,70CDCR25C00000003,,,,V84BBXQ5YXT8,CALIFORNIA HIGHWAY PATROLMANS CLUB,V84BBXQ5YXT8,CALIFORNIA HIGHWAY PATROLMANS CLUB,THIS CONTRACT PROVIDES FIRING RANGE SERVICES FOR ENFORCEMENT AND REMOVAL OPERATIONS OFFICERS IN THE SAN FRANCISCO AREA OF RESPONSIBILITY UNDER FIRM FIXED PRICE TERMS AND CONDITIONS.,localhost:3000/award/CONT_AWD_70CDCR25C00000003_7012_-NONE-_-NONE-/,2026-08-07,DHS_FY2026P10_c:FY2026P01-P10_070_TAS_Contracts_AccountBreakdownByAward_2026-09-15_H22M13S36_01.csv:row:230723,data/raw/DHS_FY2026P10_c/FY2026P01-P10_070_TAS_AccountBreakdownByAward_2026-09-15_H22M11S11234807.zip,FY2026P01-P10_070_TAS_Contracts_AccountBreakdownByAward_2026-09-15_H22M13S36_01.csv,data/raw/DHS_FY2026P10_c/FY2026P01-P10_070_TAS_AccountBreakdownByAward_2026-09-15_H22M11S11234807.zip!FY2026P01-P10_070_TAS_Contracts_AccountBreakdownByAward_2026-09-15_H22M13S36_01.csv,230723,Contracts,https://files.usaspending.gov/generated_downloads/FY2026P01-P10_070_TAS_AccountBreakdownByAward_2026-09-15_H22M11S11234807.zip,Other public or nonprofit entities
FY2026P05,070-0540,070-2025/2025-0540-000,5ZD2ZMB6YC5,,25.2,D,Q,,CONT_AWD_70CDCR25C00000003_7012_-NONE-_-NONE-,70CDCR25C00000003,,,,V84BBXQ5YXT8,CALIFORNIA HIGHWAY PATROLMANS CLUB,V84BBXQ5YXT8,CALIFORNIA HIGHWAY PATROLMANS CLUB,THIS CONTRACT PROVIDES FIRING RANGE SERVICES FOR ENFORCEMENT AND REMOVAL OPERATIONS OFFICERS IN THE SAN FRANCISCO AREA OF RESPONSIBILITY UNDER FIRM FIXED PRICE TERMS AND CONDITIONS.,localhost:3000/award/CONT_AWD_70CDCR25C00000003_7012_-NONE-_-NONE-/,2026-05-15,DHS_FY2026P10_c:FY2026P01-P10_070_TAS_Contracts_AccountBreakdownByAward_2026-09-15_H22M13S36_01.csv:row:230724,data/raw/DHS_FY2026P10_c/FY2026P01-P10_070_TAS_AccountBreakdownByAward_2026-09-15_H22M11S11234807.zip,FY2026P01-P10_070_TAS_Contracts_AccountBreakdownByAward_2026-09-15_H22M13S36_01.csv,data/raw/DHS_FY2026P10_c/FY2026P01-P10_070_TAS_AccountBreakdownByAward_2026-09-15_H22M11S11234807.zip!FY2026P01-P10_070_TAS_Contracts_AccountBreakdownByAward_2026-09-15_H22M13S36_01.csv,230724,Contracts,https://files.usaspending.gov/generated_downloads/FY2026P01-P10_070_TAS_AccountBreakdownByAward_2026-09-15_H22M11S11234807.zip,Other public or nonprofit entities
FY2026P05,070-0540,070-2026/2026-0540-000,5ZD2ZMB6YC5,,25.2,D,Q,,CONT_AWD_70CDCR25C00000003_7012_-NONE-_-NONE-,70CDCR25C00000003,,,,V84BBXQ5YXT8,CALIFORNIA HIGHWAY PATROLMANS CLUB,V84BBXQ5YXT8,CALIFORNIA HIGHWAY PATROLMANS CLUB,THIS CONTRACT PROVIDES FIRING RANGE SERVICES FOR ENFORCEMENT AND REMOVAL OPERATIONS OFFICERS IN THE SAN FRANCISCO AREA OF RESPONSIBILITY UNDER FIRM FIXED PRICE TERMS AND CONDITIONS.,localhost:3000/award/CONT_AWD_70CDCR25C00000003_7012_-NONE-_-NONE-/,2026-05-15,DHS_FY2026P10_c:FY2026P01-P10_070_TAS_Contracts_AccountBreakdownByAward_2026-09-15_H22M13S36_01.csv:row:230725,data/raw/DHS_FY2026P10_c/FY2026P01-P10_070_TAS_AccountBreakdownByAward_2026-09-15_H22M11S11234807.zip,FY2026P01-P10_070_TAS_Contracts_AccountBreakdownByAward_2026-09-15_H22M13S36_01.csv,data/raw/DHS_FY2026P10_c/FY2026P01-P10_070_TAS_AccountBreakdownByAward_2026-09-15_H22M11S11234807.zip!FY2026P01-P10_070_TAS_Contracts_AccountBreakdownByAward_2026-09-15_H22M13S36_01.csv,230725,Contracts,https://files.usaspending.gov/generated_downloads/FY2026P01-P10_070_TAS_AccountBreakdownByAward_2026-09-15_H22M11S11234807.zip,Other public or nonprofit entities
FY2026P09,070-0540,070-2025/2025-0540-000,5ZD2ZMB6YC5,,25.2,D,Q,,CONT_AWD_70CDCR25C00000003_7012_-NONE-_-NONE-,70CDCR25C00000003,,,,V84BBXQ5YXT8,CALIFORNIA HIGHWAY PATROLMANS CLUB,V84BBXQ5YXT8,CALIFORNIA HIGHWAY PATROLMANS CLUB,THIS CONTRACT PROVIDES FIRING RANGE SERVICES FOR ENFORCEMENT AND REMOVAL OPERATIONS OFFICERS IN THE SAN FRANCISCO AREA OF RESPONSIBILITY UNDER FIRM FIXED PRICE TERMS AND CONDITIONS.,localhost:3000/award/CONT_AWD_70CDCR25C00000003_7012_-NONE-_-NONE-/,2026-07-30,DHS_FY2026P10_c:FY2026P01-P10_070_TAS_Contracts_AccountBreakdownByAward_2026-09-15_H22M13S36_01.csv:row:230726,data/raw/DHS_FY2026P10_c/FY2026P01-P10_070_TAS_AccountBreakdownByAward_2026-09-15_H22M11S11234807.zip,FY2026P01-P10_070_TAS_Contracts_AccountBreakdownByAward_2026-09-15_H22M13S36_01.csv,data/raw/DHS_FY2026P10_c/FY2026P01-P10_070_TAS_AccountBreakdownByAward_2026-09-15_H22M11S11234807.zip!FY2026P01-P10_070_TAS_Contracts_AccountBreakdownByAward_2026-09-15_H22M13S36_01.csv,230726,Contracts,https://files.usaspending.gov/generated_downloads/FY2026P01-P10_070_TAS_AccountBreakdownByAward_2026-09-15_H22M11S11234807.zip,Other public or nonprofit entities
FY2026P09,070-0540,070-2026/2026-0540-000,5ZD2ZMB6YC5,,25.2,D,Q,,CONT_AWD_70CDCR25C00000003_7012_-NONE-_-NONE-,70CDCR25C00000003,,,,V84BBXQ5YXT8,CALIFORNIA HIGHWAY PATROLMANS CLUB,V84BBXQ5YXT8,CALIFORNIA HIGHWAY PATROLMANS CLUB,THIS CONTRACT PROVIDES FIRING RANGE SERVICES FOR ENFORCEMENT AND REMOVAL OPERATIONS OFFICERS IN THE SAN FRANCISCO AREA OF RESPONSIBILITY UNDER FIRM FIXED PRICE TERMS AND CONDITIONS.,localhost:3000/award/CONT_AWD_70CDCR25C00000003_7012_-NONE-_-NONE-/,2026-07-30,DHS_FY2026P10_c:FY2026P01-P10_070_TAS_Contracts_AccountBreakdownByAward_2026-09-15_H22M13S36_01.csv:row:230727,data/raw/DHS_FY2026P10_c/FY2026P01-P10_070_TAS_AccountBreakdownByAward_2026-09-15_H22M11S11234807.zip,FY2026P01-P10_070_TAS_Contracts_AccountBreakdownByAward_2026-09-15_H22M13S36_01.csv,data/raw/DHS_FY2026P10_c/FY2026P01-P10_070_TAS_AccountBreakdownByAward_2026-09-15_H22M11S11234807.zip!FY2026P01-P10_070_TAS_Contracts_AccountBreakdownByAward_2026-09-15_H22M13S36_01.csv,230727,Contracts,https://files.usaspending.gov/generated_downloads/FY2026P01-P10_070_TAS_AccountBreakdownByAward_2026-09-15_H22M11S11234807.zip,Other public or nonprofit entities
FY2026P06,070-0540,070-2025/2025-0540-000,5ZD2ZMB6YC5,,25.2,D,Q,,CONT_AWD_70CDCR25C00000003_7012_-NONE-_-NONE-,70CDCR25C00000003,,,,V84BBXQ5YXT8,CALIFORNIA HIGHWAY PATROLMANS CLUB,V84BBXQ5YXT8,CALIFORNIA HIGHWAY PATROLMANS CLUB,THIS CONTRACT PROVIDES FIRING RANGE SERVICES FOR ENFORCEMENT AND REMOVAL OPERATIONS OFFICERS IN THE SAN FRANCISCO AREA OF RESPONSIBILITY UNDER FIRM FIXED PRICE TERMS AND CONDITIONS.,localhost:3000/award/CONT_AWD_70CDCR25C00000003_7012_-NONE-_-NONE-/,2026-08-07,DHS_FY2026P10_c:FY2026P01-P10_070_TAS_Contracts_AccountBreakdownByAward_2026-09-15_H22M13S36_01.csv:row:230728,data/raw/DHS_FY2026P10_c/FY2026P01-P10_070_TAS_AccountBreakdownByAward_2026-09-15_H22M11S11234807.zip,FY2026P01-P10_070_TAS_Contracts_AccountBreakdownByAward_2026-09-15_H22M13S36_01.csv,data/raw/DHS_FY2026P10_c/FY2026P01-P10_070_TAS_AccountBreakdownByAward_2026-09-15_H22M11S11234807.zip!FY2026P01-P10_070_TAS_Contracts_AccountBreakdownByAward_2026-09-15_H22M13S36_01.csv,230728,Contracts,https://files.usaspending.gov/generated_downloads/FY2026P01-P10_070_TAS_AccountBreakdownByAward_2026-09-15_H22M11S11234807.zip,Other public or nonprofit entities
FY2026P08,070-0540,070-2025/2029-0540-000,5ZD2ZMB6YC1,,25.2,D,Q,8400.00,CONT_AWD_70CDCR25C00000003_7012_-NONE-_-NONE-,70CDCR25C00000003,,,,V84BBXQ5YXT8,CALIFORNIA HIGHWAY PATROLMANS CLUB,V84BBXQ5YXT8,CALIFORNIA HIGHWAY PATROLMANS CLUB,THIS CONTRACT PROVIDES FIRING RANGE SERVICES FOR ENFORCEMENT AND REMOVAL OPERATIONS OFFICERS IN THE SAN FRANCISCO AREA OF RESPONSIBILITY UNDER FIRM FIXED PRICE TERMS AND CONDITIONS.,localhost:3000/award/CONT_AWD_70CDCR25C00000003_7012_-NONE-_-NONE-/,2026-07-02,DHS_FY2026P10_c:FY2026P01-P10_070_TAS_Contracts_AccountBreakdownByAward_2026-09-15_H22M13S36_01.csv:row:230729,data/raw/DHS_FY2026P10_c/FY2026P01-P10_070_TAS_AccountBreakdownByAward_2026-09-15_H22M11S11234807.zip,FY2026P01-P10_070_TAS_Contracts_AccountBreakdownByAward_2026-09-15_H22M13S36_01.csv,data/raw/DHS_FY2026P10_c/FY2026P01-P10_070_TAS_AccountBreakdownByAward_2026-09-15_H22M11S11234807.zip!FY2026P01-P10_070_TAS_Contracts_AccountBreakdownByAward_2026-09-15_H22M13S36_01.csv,230729,Contracts,https://files.usaspending.gov/generated_downloads/FY2026P01-P10_070_TAS_AccountBreakdownByAward_2026-09-15_H22M11S11234807.zip,Other public or nonprofit entities
FY2026P08,070-0540,070-2026/2026-0540-000,5ZD2ZMB6YC5,,25.2,D,Q,,CONT_AWD_70CDCR25C00000003_7012_-NONE-_-NONE-,70CDCR25C00000003,,,,V84BBXQ5YXT8,CALIFORNIA HIGHWAY PATROLMANS CLUB,V84BBXQ5YXT8,CALIFORNIA HIGHWAY PATROLMANS CLUB,THIS CONTRACT PROVIDES FIRING RANGE SERVICES FOR ENFORCEMENT AND REMOVAL OPERATIONS OFFICERS IN THE SAN FRANCISCO AREA OF RESPONSIBILITY UNDER FIRM FIXED PRICE TERMS AND CONDITIONS.,localhost:3000/award/CONT_AWD_70CDCR25C00000003_7012_-NONE-_-NONE-/,2026-07-02,DHS_FY2026P10_c:FY2026P01-P10_070_TAS_Contracts_AccountBreakdownByAward_2026-09-15_H22M13S36_01.csv:row:230730,data/raw/DHS_FY2026P10_c/FY2026P01-P10_070_TAS_AccountBreakdownByAward_2026-09-15_H22M11S11234807.zip,FY2026P01-P10_070_TAS_Contracts_AccountBreakdownByAward_2026-09-15_H22M13S36_01.csv,data/raw/DHS_FY2026P10_c/FY2026P01-P10_070_TAS_AccountBreakdownByAward_2026-09-15_H22M11S11234807.zip!FY2026P01-P10_070_TAS_Contracts_AccountBreakdownByAward_2026-09-15_H22M13S36_01.csv,230730,Contracts,https://files.usaspending.gov/generated_downloads/FY2026P01-P10_070_TAS_AccountBreakdownByAward_2026-09-15_H22M11S11234807.zip,Other public or nonprofit entities
FY2026P04,070-0540,070-2025/2025-0540-000,5ZD2ZMB6YC5,,25.2,D,Q,,CONT_AWD_70CDCR25C00000003_7012_-NONE-_-NONE-,70CDCR25C00000003,,,,V84BBXQ5YXT8,CALIFORNIA HIGHWAY PATROLMANS CLUB,V84BBXQ5YXT8,CALIFORNIA HIGHWAY PATROLMANS CLUB,THIS CONTRACT PROVIDES FIRING RANGE SERVICES FOR ENFORCEMENT AND REMOVAL OPERATIONS OFFICERS IN THE SAN FRANCISCO AREA OF RESPONSIBILITY UNDER FIRM FIXED PRICE TERMS AND CONDITIONS.,localhost:3000/award/CONT_AWD_70CDCR25C00000003_7012_-NONE-_-NONE-/,2026-05-15,DHS_FY2026P10_c:FY2026P01-P10_070_TAS_Contracts_AccountBreakdownByAward_2026-09-15_H22M13S36_01.csv:row:230731,data/raw/DHS_FY2026P10_c/FY2026P01-P10_070_TAS_AccountBreakdownByAward_2026-09-15_H22M11S11234807.zip,FY2026P01-P10_070_TAS_Contracts_AccountBreakdownByAward_2026-09-15_H22M13S36_01.csv,data/raw/DHS_FY2026P10_c/FY2026P01-P10_070_TAS_AccountBreakdownByAward_2026-09-15_H22M11S11234807.zip!FY2026P01-P10_070_TAS_Contracts_AccountBreakdownByAward_2026-09-15_H22M13S36_01.csv,230731,Contracts,https://files.usaspending.gov/generated_downloads/FY2026P01-P10_070_TAS_AccountBreakdownByAward_2026-09-15_H22M11S11234807.zip,Other public or nonprofit entities
FY2026P07,070-0540,070-2026/2026-0540-000,5ZD2ZMB6YC5,,25.2,D,Q,,CONT_AWD_70CDCR25C00000003_7012_-NONE-_-NONE-,70CDCR25C00000003,,,,V84BBXQ5YXT8,CALIFORNIA HIGHWAY PATROLMANS CLUB,V84BBXQ5YXT8,CALIFORNIA HIGHWAY PATROLMANS CLUB,THIS CONTRACT PROVIDES FIRING RANGE SERVICES FOR ENFORCEMENT AND REMOVAL OPERATIONS OFFICERS IN THE SAN FRANCISCO AREA OF RESPONSIBILITY UNDER FIRM FIXED PRICE TERMS AND CONDITIONS.,localhost:3000/award/CONT_AWD_70CDCR25C00000003_7012_-NONE-_-NONE-/,2026-06-01,DHS_FY2026P10_c:FY2026P01-P10_070_TAS_Contracts_AccountBreakdownByAward_2026-09-15_H22M13S36_01.csv:row:230732,data/raw/DHS_FY2026P10_c/FY2026P01-P10_070_TAS_AccountBreakdownByAward_2026-09-15_H22M11S11234807.zip,FY2026P01-P10_070_TAS_Contracts_AccountBreakdownByAward_2026-09-15_H22M13S36_01.csv,data/raw/DHS_FY2026P10_c/FY2026P01-P10_070_TAS_AccountBreakdownByAward_2026-09-15_H22M11S11234807.zip!FY2026P01-P10_070_TAS_Contracts_AccountBreakdownByAward_2026-09-15_H22M13S36_01.csv,230732,Contracts,https://files.usaspending.gov/generated_downloads/FY2026P01-P10_070_TAS_AccountBreakdownByAward_2026-09-15_H22M11S11234807.zip,Other public or nonprofit entities
FY2026P07,070-0540,070-2025/2025-0540-000,5ZD2ZMB6YC5,,25.2,D,Q,,CONT_AWD_70CDCR22P00000006_7012_-NONE-_-NONE-,70CDCR22P00000006,,,,W3HVB3149KQ9,TOWN OF LANCASTER,W3HVB3149KQ9,TOWN OF LANCASTER,RENTAL OF SECURE INDOOR FIRING RANGE FACILITY,localhost:3000/award/CONT_AWD_70CDCR22P00000006_7012_-NONE-_-NONE-/,2026-06-01,DHS_FY2026P10_c:FY2026P01-P10_070_TAS_Contracts_AccountBreakdownByAward_2026-09-15_H22M13S36_01.csv:row:251447,data/raw/DHS_FY2026P10_c/FY2026P01-P10_070_TAS_AccountBreakdownByAward_2026-09-15_H22M11S11234807.zip,FY2026P01-P10_070_TAS_Contracts_AccountBreakdownByAward_2026-09-15_H22M13S36_01.csv,data/raw/DHS_FY2026P10_c/FY2026P01-P10_070_TAS_AccountBreakdownByAward_2026-09-15_H22M11S11234807.zip!FY2026P01-P10_070_TAS_Contracts_AccountBreakdownByAward_2026-09-15_H22M13S36_01.csv,251447,Contracts,https://files.usaspending.gov/generated_downloads/FY2026P01-P10_070_TAS_AccountBreakdownByAward_2026-09-15_H22M11S11234807.zip,State and local governments
FY2026P09,070-0540,070-2023/2023-0540-000,5ZD2ZMB6YC5,,25.2,D,Q,,CONT_AWD_70CDCR22P00000006_7012_-NONE-_-NONE-,70CDCR22P00000006,,,,W3HVB3149KQ9,TOWN OF LANCASTER,W3HVB3149KQ9,TOWN OF LANCASTER,RENTAL OF SECURE INDOOR FIRING RANGE FACILITY,localhost:3000/award/CONT_AWD_70CDCR22P00000006_7012_-NONE-_-NONE-/,2026-07-30,DHS_FY2026P10_c:FY2026P01-P10_070_TAS_Contracts_AccountBreakdownByAward_2026-09-15_H22M13S36_01.csv:row:251448,data/raw/DHS_FY2026P10_c/FY2026P01-P10_070_TAS_AccountBreakdownByAward_2026-09-15_H22M11S11234807.zip,FY2026P01-P10_070_TAS_Contracts_AccountBreakdownByAward_2026-09-15_H22M13S36_01.csv,data/raw/DHS_FY2026P10_c/FY2026P01-P10_070_TAS_AccountBreakdownByAward_2026-09-15_H22M11S11234807.zip!FY2026P01-P10_070_TAS_Contracts_AccountBreakdownByAward_2026-09-15_H22M13S36_01.csv,251448,Contracts,https://files.usaspending.gov/generated_downloads/FY2026P01-P10_070_TAS_AccountBreakdownByAward_2026-09-15_H22M11S11234807.zip,State and local governments
FY2026P09,070-0540,070-2022/2022-0540-000,5ZD2ZMB6YC5,,25.2,D,Q,,CONT_AWD_70CDCR22P00000006_7012_-NONE-_-NONE-,70CDCR22P00000006,,,,W3HVB3149KQ9,TOWN OF LANCASTER,W3HVB3149KQ9,TOWN OF LANCASTER,RENTAL OF SECURE INDOOR FIRING RANGE FACILITY,localhost:3000/award/CONT_AWD_70CDCR22P00000006_7012_-NONE-_-NONE-/,2026-07-30,DHS_FY2026P10_c:FY2026P01-P10_070_TAS_Contracts_AccountBreakdownByAward_2026-09-15_H22M13S36_01.csv:row:251449,data/raw/DHS_FY2026P10_c/FY2026P01-P10_070_TAS_AccountBreakdownByAward_2026-09-15_H22M11S11234807.zip,FY2026P01-P10_070_TAS_Contracts_AccountBreakdownByAward_2026-09-15_H22M13S36_01.csv,data/raw/DHS_FY2026P10_c/FY2026P01-P10_070_TAS_AccountBreakdownByAward_2026-09-15_H22M11S11234807.zip!FY2026P01-P10_070_TAS_Contracts_AccountBreakdownByAward_2026-09-15_H22M13S36_01.csv,251449,Contracts,https://files.usaspending.gov/generated_downloads/FY2026P01-P10_070_TAS_AccountBreakdownByAward_2026-09-15_H22M11S11234807.zip,State and local governments
FY2026P09,070-0540,070-2025/2025-0540-000,5ZD2ZMB6YC5,,25.2,D,Q,,CONT_AWD_70CDCR22P00000006_7012_-NONE-_-NONE-,70CDCR22P00000006,,,,W3HVB3149KQ9,TOWN OF LANCASTER,W3HVB3149KQ9,TOWN OF LANCASTER,RENTAL OF SECURE INDOOR FIRING RANGE FACILITY,localhost:3000/award/CONT_AWD_70CDCR22P00000006_7012_-NONE-_-NONE-/,2026-07-30,DHS_FY2026P10_c:FY2026P01-P10_070_TAS_Contracts_AccountBreakdownByAward_2026-09-15_H22M13S36_01.csv:row:251450,data/raw/DHS_FY2026P10_c/FY2026P01-P10_070_TAS_AccountBreakdownByAward_2026-09-15_H22M11S11234807.zip,FY2026P01-P10_070_TAS_Contracts_AccountBreakdownByAward_2026-09-15_H22M13S36_01.csv,data/raw/DHS_FY2026P10_c/FY2026P01-P10_070_TAS_AccountBreakdownByAward_2026-09-15_H22M11S11234807.zip!FY2026P01-P10_070_TAS_Contracts_AccountBreakdownByAward_2026-09-15_H22M13S36_01.csv,251450,Contracts,https://files.usaspending.gov/generated_downloads/FY2026P01-P10_070_TAS_AccountBreakdownByAward_2026-09-15_H22M11S11234807.zip,State and local governments
FY2026P09,070-0540,070-2026/2026-0540-000,5ZD2ZMB6YC5,,25.2,D,Q,,CONT_AWD_70CDCR22P00000006_7012_-NONE-_-NONE-,70CDCR22P00000006,,,,W3HVB3149KQ9,TOWN OF LANCASTER,W3HVB3149KQ9,TOWN OF LANCASTER,RENTAL OF SECURE INDOOR FIRING RANGE FACILITY,localhost:3000/award/CONT_AWD_70CDCR22P00000006_7012_-NONE-_-NONE-/,2026-07-30,DHS_FY2026P10_c:FY2026P01-P10_070_TAS_Contracts_AccountBreakdownByAward_2026-09-15_H22M13S36_01.csv:row:251451,data/raw/DHS_FY2026P10_c/FY2026P01-P10_070_TAS_AccountBreakdownByAward_2026-09-15_H22M11S11234807.zip,FY2026P01-P10_070_TAS_Contracts_AccountBreakdownByAward_2026-09-15_H22M13S36_01.csv,data/raw/DHS_FY2026P10_c/FY2026P01-P10_070_TAS_AccountBreakdownByAward_2026-09-15_H22M11S11234807.zip!FY2026P01-P10_070_TAS_Contracts_AccountBreakdownByAward_2026-09-15_H22M13S36_01.csv,251451,Contracts,https://files.usaspending.gov/generated_downloads/FY2026P01-P10_070_TAS_AccountBreakdownByAward_2026-09-15_H22M11S11234807.zip,State and local governments
FY2026P08,070-0540,070-2025/2025-0540-000,5ZD2ZMB6YC5,,25.2,D,Q,,CONT_AWD_70CDCR22P00000006_7012_-NONE-_-NONE-,70CDCR22P00000006,,,,W3HVB3149KQ9,TOWN OF LANCASTER,W3HVB3149KQ9,TOWN OF LANCASTER,RENTAL OF SECURE INDOOR FIRING RANGE FACILITY,localhost:3000/award/CONT_AWD_70CDCR22P00000006_7012_-NONE-_-NONE-/,2026-07-02,DHS_FY2026P10_c:FY2026P01-P10_070_TAS_Contracts_AccountBreakdownByAward_2026-09-15_H22M13S36_01.csv:row:251452,data/raw/DHS_FY2026P10_c/FY2026P01-P10_070_TAS_AccountBreakdownByAward_2026-09-15_H22M11S11234807.zip,FY2026P01-P10_070_TAS_Contracts_AccountBreakdownByAward_2026-09-15_H22M13S36_01.csv,data/raw/DHS_FY2026P10_c/FY2026P01-P10_070_TAS_AccountBreakdownByAward_2026-09-15_H22M11S11234807.zip!FY2026P01-P10_070_TAS_Contracts_AccountBreakdownByAward_2026-09-15_H22M13S36_01.csv,251452,Contracts,https://files.usaspending.gov/generated_downloads/FY2026P01-P10_070_TAS_AccountBreakdownByAward_2026-09-15_H22M11S11234807.zip,State and local governments
FY2026P07,070-0540,070-2022/2022-0540-000,5ZD2ZMB6YC5,,25.2,D,Q,,CONT_AWD_70CDCR22P00000006_7012_-NONE-_-NONE-,70CDCR22P00000006,,,,W3HVB3149KQ9,TOWN OF LANCASTER,W3HVB3149KQ9,TOWN OF LANCASTER,RENTAL OF SECURE INDOOR FIRING RANGE FACILITY,localhost:3000/award/CONT_AWD_70CDCR22P00000006_7012_-NONE-_-NONE-/,2026-06-01,DHS_FY2026P10_c:FY2026P01-P10_070_TAS_Contracts_AccountBreakdownByAward_2026-09-15_H22M13S36_01.csv:row:251453,data/raw/DHS_FY2026P10_c/FY2026P01-P10_070_TAS_AccountBreakdownByAward_2026-09-15_H22M11S11234807.zip,FY2026P01-P10_070_TAS_Contracts_AccountBreakdownByAward_2026-09-15_H22M13S36_01.csv,data/raw/DHS_FY2026P10_c/FY2026P01-P10_070_TAS_AccountBreakdownByAward_2026-09-15_H22M11S11234807.zip!FY2026P01-P10_070_TAS_Contracts_AccountBreakdownByAward_2026-09-15_H22M13S36_01.csv,251453,Contracts,https://files.usaspending.gov/generated_downloads/FY2026P01-P10_070_TAS_AccountBreakdownByAward_2026-09-15_H22M11S11234807.zip,State and local governments
FY2026P08,070-0540,070-2022/2022-0540-000,5ZD2ZMB6YC5,,25.2,D,Q,,CONT_AWD_70CDCR22P00000006_7012_-NONE-_-NONE-,70CDCR22P00000006,,,,W3HVB3149KQ9,TOWN OF LANCASTER,W3HVB3149KQ9,TOWN OF LANCASTER,RENTAL OF SECURE INDOOR FIRING RANGE FACILITY,localhost:3000/award/CONT_AWD_70CDCR22P00000006_7012_-NONE-_-NONE-/,2026-07-02,DHS_FY2026P10_c:FY2026P01-P10_070_TAS_Contracts_AccountBreakdownByAward_2026-09-15_H22M13S36_01.csv:row:251454,data/raw/DHS_FY2026P10_c/FY2026P01-P10_070_TAS_AccountBreakdownByAward_2026-09-15_H22M11S11234807.zip,FY2026P01-P10_070_TAS_Contracts_AccountBreakdownByAward_2026-09-15_H22M13S36_01.csv,data/raw/DHS_FY2026P10_c/FY2026P01-P10_070_TAS_AccountBreakdownByAward_2026-09-15_H22M11S11234807.zip!FY2026P01-P10_070_TAS_Contracts_AccountBreakdownByAward_2026-09-15_H22M13S36_01.csv,251454,Contracts,https://files.usaspending.gov/generated_downloads/FY2026P01-P10_070_TAS_AccountBreakdownByAward_2026-09-15_H22M11S11234807.zip,State and local governments
FY2026P10,070-0540,070-2022/2022-0540-000,5ZD2ZMB6YC5,,25.2,D,Q,,CONT_AWD_70CDCR22P00000006_7012_-NONE-_-NONE-,70CDCR22P00000006,,,,W3HVB3149KQ9,TOWN OF LANCASTER,W3HVB3149KQ9,TOWN OF LANCASTER,RENTAL OF SECURE INDOOR FIRING RANGE FACILITY,localhost:3000/award/CONT_AWD_70CDCR22P00000006_7012_-NONE-_-NONE-/,2026-08-31,DHS_FY2026P10_c:FY2026P01-P10_070_TAS_Contracts_AccountBreakdownByAward_2026-09-15_H22M13S36_01.csv:row:251455,data/raw/DHS_FY2026P10_c/FY2026P01-P10_070_TAS_AccountBreakdownByAward_2026-09-15_H22M11S11234807.zip,FY2026P01-P10_070_TAS_Contracts_AccountBreakdownByAward_2026-09-15_H22M13S36_01.csv,data/raw/DHS_FY2026P10_c/FY2026P01-P10_070_TAS_AccountBreakdownByAward_2026-09-15_H22M11S11234807.zip!FY2026P01-P10_070_TAS_Contracts_AccountBreakdownByAward_2026-09-15_H22M13S36_01.csv,251455,Contracts,https://files.usaspending.gov/generated_downloads/FY2026P01-P10_070_TAS_AccountBreakdownByAward_2026-09-15_H22M11S11234807.zip,State and local governments
FY2026P10,070-0540,070-2023/2023-0540-000,5ZD2ZMB6YC5,,25.2,D,Q,,CONT_AWD_70CDCR22P00000006_7012_-NONE-_-NONE-,70CDCR22P00000006,,,,W3HVB3149KQ9,TOWN OF LANCASTER,W3HVB3149KQ9,TOWN OF LANCASTER,RENTAL OF SECURE INDOOR FIRING RANGE FACILITY,localhost:3000/award/CONT_AWD_70CDCR22P00000006_7012_-NONE-_-NONE-/,2026-08-31,DHS_FY2026P10_c:FY2026P01-P10_070_TAS_Contracts_AccountBreakdownByAward_2026-09-15_H22M13S36_01.csv:row:251456,data/raw/DHS_FY2026P10_c/FY2026P01-P10_070_TAS_AccountBreakdownByAward_2026-09-15_H22M11S11234807.zip,FY2026P01-P10_070_TAS_Contracts_AccountBreakdownByAward_2026-09-15_H22M13S36_01.csv,data/raw/DHS_FY2026P10_c/FY2026P01-P10_070_TAS_AccountBreakdownByAward_2026-09-15_H22M11S11234807.zip!FY2026P01-P10_070_TAS_Contracts_AccountBreakdownByAward_2026-09-15_H22M13S36_01.csv,251456,Contracts,https://files.usaspending.gov/generated_downloads/FY2026P01-P10_070_TAS_AccountBreakdownByAward_2026-09-15_H22M11S11234807.zip,State and local governments
FY2026P10,070-0540,070-2025/2025-0540-000,5ZD2ZMB6YC5,,25.2,D,Q,,CONT_AWD_70CDCR22P00000006_7012_-NONE-_-NONE-,70CDCR22P00000006,,,,W3HVB3149KQ9,TOWN OF LANCASTER,W3HVB3149KQ9,TOWN OF LANCASTER,RENTAL OF SECURE INDOOR FIRING RANGE FACILITY,localhost:3000/award/CONT_AWD_70CDCR22P00000006_7012_-NONE-_-NONE-/,2026-08-31,DHS_FY2026P10_c:FY2026P01-P10_070_TAS_Contracts_AccountBreakdownByAward_2026-09-15_H22M13S36_01.csv:row:251457,data/raw/DHS_FY2026P10_c/FY2026P01-P10_070_TAS_AccountBreakdownByAward_2026-09-15_H22M11S11234807.zip,FY2026P01-P10_070_TAS_Contracts_AccountBreakdownByAward_2026-09-15_H22M13S36_01.csv,data/raw/DHS_FY2026P10_c/FY2026P01-P10_070_TAS_AccountBreakdownByAward_2026-09-15_H22M11S11234807.zip!FY2026P01-P10_070_TAS_Contracts_AccountBreakdownByAward_2026-09-15_H22M13S36_01.csv,251457,Contracts,https://files.usaspending.gov/generated_downloads/FY2026P01-P10_070_TAS_AccountBreakdownByAward_2026-09-15_H22M11S11234807.zip,State and local governments
FY2026P10,070-0540,070-2026/2026-0540-000,5ZD2ZMB6YC5,,25.2,D,Q,,CONT_AWD_70CDCR22P00000006_7012_-NONE-_-NONE-,70CDCR22P00000006,,,,W3HVB3149KQ9,TOWN OF LANCASTER,W3HVB3149KQ9,TOWN OF LANCASTER,RENTAL OF SECURE INDOOR FIRING RANGE FACILITY,localhost:3000/award/CONT_AWD_70CDCR22P00000006_7012_-NONE-_-NONE-/,2026-08-31,DHS_FY2026P10_c:FY2026P01-P10_070_TAS_Contracts_AccountBreakdownByAward_2026-09-15_H22M13S36_01.csv:row:251458,data/raw/DHS_FY2026P10_c/FY2026P01-P10_070_TAS_AccountBreakdownByAward_2026-09-15_H22M11S11234807.zip,FY2026P01-P10_070_TAS_Contracts_AccountBreakdownByAward_2026-09-15_H22M13S36_01.csv,data/raw/DHS_FY2026P10_c/FY2026P01-P10_070_TAS_AccountBreakdownByAward_2026-09-15_H22M11S11234807.zip!FY2026P01-P10_070_TAS_Contracts_AccountBreakdownByAward_2026-09-15_H22M13S36_01.csv,251458,Contracts,https://files.usaspending.gov/generated_downloads/FY2026P01-P10_070_TAS_AccountBreakdownByAward_2026-09-15_H22M11S11234807.zip,State and local governments
FY2026P10,070-0540,070-2024/2024-0540-000,5ZD2ZMB6YC4,,25.4,D,Q,-14580.00,CONT_AWD_70CMSD23P00000069_7012_-NONE-_-NONE-,70CMSD23P00000069,,,,KBETVELWWR23,COUNTY OF IMPERIAL,KBETVELWWR23,COUNTY OF IMPERIAL,JUVENILE DETAINEE SERVICES,localhost:3000/award/CONT_AWD_70CMSD23P00000069_7012_-NONE-_-NONE-/,2026-08-31,DHS_FY2026P10_c:FY2026P01-P10_070_TAS_Contracts_AccountBreakdownByAward_2026-09-15_H22M13S36_01.csv:row:252548,data/raw/DHS_FY2026P10_c/FY2026P01-P10_070_TAS_AccountBreakdownByAward_2026-09-15_H22M11S11234807.zip,FY2026P01-P10_070_TAS_Contracts_AccountBreakdownByAward_2026-09-15_H22M13S36_01.csv,data/raw/DHS_FY2026P10_c/FY2026P01-P10_070_TAS_AccountBreakdownByAward_2026-09-15_H22M11S11234807.zip!FY2026P01-P10_070_TAS_Contracts_AccountBreakdownByAward_2026-09-15_H22M13S36_01.csv,252548,Contracts,https://files.usaspending.gov/generated_downloads/FY2026P01-P10_070_TAS_AccountBreakdownByAward_2026-09-15_H22M11S11234807.zip,State and local governments
FY2026P08,070-0540,070-2025/2025-0540-000,5ZD2ZMB6YC4,,25.2,D,Q,,CONT_AWD_70CMSD23P00000144_7012_-NONE-_-NONE-,70CMSD23P00000144,,,,EMJ7NFQSNK93,MONTGOMERY COUNTY FIRE ACADEMY,EMJ7NFQSNK93,MONTGOMERY COUNTY FIRE ACADEMY,RENTAL OF FIRING RANGE FACILITY,localhost:3000/award/CONT_AWD_70CMSD23P00000144_7012_-NONE-_-NONE-/,2026-07-02,DHS_FY2026P10_c:FY2026P01-P10_070_TAS_Contracts_AccountBreakdownByAward_2026-09-15_H22M13S36_01.csv:row:256060,data/raw/DHS_FY2026P10_c/FY2026P01-P10_070_TAS_AccountBreakdownByAward_2026-09-15_H22M11S11234807.zip,FY2026P01-P10_070_TAS_Contracts_AccountBreakdownByAward_2026-09-15_H22M13S36_01.csv,data/raw/DHS_FY2026P10_c/FY2026P01-P10_070_TAS_AccountBreakdownByAward_2026-09-15_H22M11S11234807.zip!FY2026P01-P10_070_TAS_Contracts_AccountBreakdownByAward_2026-09-15_H22M13S36_01.csv,256060,Contracts,https://files.usaspending.gov/generated_downloads/FY2026P01-P10_070_TAS_AccountBreakdownByAward_2026-09-15_H22M11S11234807.zip,State and local governments
FY2026P08,070-0540,070-2024/2024-0540-000,5ZD2ZMB6YC4,,25.2,D,Q,,CONT_AWD_70CMSD23P00000144_7012_-NONE-_-NONE-,70CMSD23P00000144,,,,EMJ7NFQSNK93,MONTGOMERY COUNTY FIRE ACADEMY,EMJ7NFQSNK93,MONTGOMERY COUNTY FIRE ACADEMY,RENTAL OF FIRING RANGE FACILITY,localhost:3000/award/CONT_AWD_70CMSD23P00000144_7012_-NONE-_-NONE-/,2026-07-02,DHS_FY2026P10_c:FY2026P01-P10_070_TAS_Contracts_AccountBreakdownByAward_2026-09-15_H22M13S36_01.csv:row:256061,data/raw/DHS_FY2026P10_c/FY2026P01-P10_070_TAS_AccountBreakdownByAward_2026-09-15_H22M11S11234807.zip,FY2026P01-P10_070_TAS_Contracts_AccountBreakdownByAward_2026-09-15_H22M13S36_01.csv,data/raw/DHS_FY2026P10_c/FY2026P01-P10_070_TAS_AccountBreakdownByAward_2026-09-15_H22M11S11234807.zip!FY2026P01-P10_070_TAS_Contracts_AccountBreakdownByAward_2026-09-15_H22M13S36_01.csv,256061,Contracts,https://files.usaspending.gov/generated_downloads/FY2026P01-P10_070_TAS_AccountBreakdownByAward_2026-09-15_H22M11S11234807.zip,State and local governments
FY2026P07,070-0540,070-2024/2024-0540-000,5ZD2ZMB6YC4,,25.2,D,Q,,CONT_AWD_70CMSD23P00000144_7012_-NONE-_-NONE-,70CMSD23P00000144,,,,EMJ7NFQSNK93,MONTGOMERY COUNTY FIRE ACADEMY,EMJ7NFQSNK93,MONTGOMERY COUNTY FIRE ACADEMY,RENTAL OF FIRING RANGE FACILITY,localhost:3000/award/CONT_AWD_70CMSD23P00000144_7012_-NONE-_-NONE-/,2026-06-01,DHS_FY2026P10_c:FY2026P01-P10_070_TAS_Contracts_AccountBreakdownByAward_2026-09-15_H22M13S36_01.csv:row:256062,data/raw/DHS_FY2026P10_c/FY2026P01-P10_070_TAS_AccountBreakdownByAward_2026-09-15_H22M11S11234807.zip,FY2026P01-P10_070_TAS_Contracts_AccountBreakdownByAward_2026-09-15_H22M13S36_01.csv,data/raw/DHS_FY2026P10_c/FY2026P01-P10_070_TAS_AccountBreakdownByAward_2026-09-15_H22M11S11234807.zip!FY2026P01-P10_070_TAS_Contracts_AccountBreakdownByAward_2026-09-15_H22M13S36_01.csv,256062,Contracts,https://files.usaspending.gov/generated_downloads/FY2026P01-P10_070_TAS_AccountBreakdownByAward_2026-09-15_H22M11S11234807.zip,State and local governments
FY2026P07,070-0540,070-2025/2025-0540-000,5ZD2ZMB6YC4,,25.2,D,Q,,CONT_AWD_70CMSD23P00000144_7012_-NONE-_-NONE-,70CMSD23P00000144,,,,EMJ7NFQSNK93,MONTGOMERY COUNTY FIRE ACADEMY,EMJ7NFQSNK93,MONTGOMERY COUNTY FIRE ACADEMY,RENTAL OF FIRING RANGE FACILITY,localhost:3000/award/CONT_AWD_70CMSD23P00000144_7012_-NONE-_-NONE-/,2026-06-01,DHS_FY2026P10_c:FY2026P01-P10_070_TAS_Contracts_AccountBreakdownByAward_2026-09-15_H22M13S36_01.csv:row:256063,data/raw/DHS_FY2026P10_c/FY2026P01-P10_070_TAS_AccountBreakdownByAward_2026-09-15_H22M11S11234807.zip,FY2026P01-P10_070_TAS_Contracts_AccountBreakdownByAward_2026-09-15_H22M13S36_01.csv,data/raw/DHS_FY2026P10_c/FY2026P01-P10_070_TAS_AccountBreakdownByAward_2026-09-15_H22M11S11234807.zip!FY2026P01-P10_070_TAS_Contracts_AccountBreakdownByAward_2026-09-15_H22M13S36_01.csv,256063,Contracts,https://files.usaspending.gov/generated_downloads/FY2026P01-P10_070_TAS_AccountBreakdownByAward_2026-09-15_H22M11S11234807.zip,State and local governments
FY2026P10,070-0540,070-2024/2024-0540-000,5ZD2ZMB6YC4,,25.2,D,Q,,CONT_AWD_70CMSD23P00000144_7012_-NONE-_-NONE-,70CMSD23P00000144,,,,EMJ7NFQSNK93,MONTGOMERY COUNTY FIRE ACADEMY,EMJ7NFQSNK93,MONTGOMERY COUNTY FIRE ACADEMY,RENTAL OF FIRING RANGE FACILITY,localhost:3000/award/CONT_AWD_70CMSD23P00000144_7012_-NONE-_-NONE-/,2026-08-31,DHS_FY2026P10_c:FY2026P01-P10_070_TAS_Contracts_AccountBreakdownByAward_2026-09-15_H22M13S36_01.csv:row:256064,data/raw/DHS_FY2026P10_c/FY2026P01-P10_070_TAS_AccountBreakdownByAward_2026-09-15_H22M11S11234807.zip,FY2026P01-P10_070_TAS_Contracts_AccountBreakdownByAward_2026-09-15_H22M13S36_01.csv,data/raw/DHS_FY2026P10_c/FY2026P01-P10_070_TAS_AccountBreakdownByAward_2026-09-15_H22M11S11234807.zip!FY2026P01-P10_070_TAS_Contracts_AccountBreakdownByAward_2026-09-15_H22M13S36_01.csv,256064,Contracts,https://files.usaspending.gov/generated_downloads/FY2026P01-P10_070_TAS_AccountBreakdownByAward_2026-09-15_H22M11S11234807.zip,State and local governments
FY2026P10,070-0540,070-2025/2025-0540-000,5ZD2ZMB6YC4,,25.2,D,Q,,CONT_AWD_70CMSD23P00000144_7012_-NONE-_-NONE-,70CMSD23P00000144,,,,EMJ7NFQSNK93,MONTGOMERY COUNTY FIRE ACADEMY,EMJ7NFQSNK93,MONTGOMERY COUNTY FIRE ACADEMY,RENTAL OF FIRING RANGE FACILITY,localhost:3000/award/CONT_AWD_70CMSD23P00000144_7012_-NONE-_-NONE-/,2026-08-31,DHS_FY2026P10_c:FY2026P01-P10_070_TAS_Contracts_AccountBreakdownByAward_2026-09-15_H22M13S36_01.csv:row:256065,data/raw/DHS_FY2026P10_c/FY2026P01-P10_070_TAS_AccountBreakdownByAward_2026-09-15_H22M11S11234807.zip,FY2026P01-P10_070_TAS_Contracts_AccountBreakdownByAward_2026-09-15_H22M13S36_01.csv,data/raw/DHS_FY2026P10_c/FY2026P01-P10_070_TAS_AccountBreakdownByAward_2026-09-15_H22M11S11234807.zip!FY2026P01-P10_070_TAS_Contracts_AccountBreakdownByAward_2026-09-15_H22M13S36_01.csv,256065,Contracts,https://files.usaspending.gov/generated_downloads/FY2026P01-P10_070_TAS_AccountBreakdownByAward_2026-09-15_H22M11S11234807.zip,State and local governments
FY2026P06,070-0540,070-2025/2025-0540-000,5ZD2ZMB6YC4,,25.2,D,Q,,CONT_AWD_70CMSD23P00000144_7012_-NONE-_-NONE-,70CMSD23P00000144,,,,EMJ7NFQSNK93,MONTGOMERY COUNTY FIRE ACADEMY,EMJ7NFQSNK93,MONTGOMERY COUNTY FIRE ACADEMY,RENTAL OF FIRING RANGE FACILITY,localhost:3000/award/CONT_AWD_70CMSD23P00000144_7012_-NONE-_-NONE-/,2026-08-07,DHS_FY2026P10_c:FY2026P01-P10_070_TAS_Contracts_AccountBreakdownByAward_2026-09-15_H22M13S36_01.csv:row:256066,data/raw/DHS_FY2026P10_c/FY2026P01-P10_070_TAS_AccountBreakdownByAward_2026-09-15_H22M11S11234807.zip,FY2026P01-P10_070_TAS_Contracts_AccountBreakdownByAward_2026-09-15_H22M13S36_01.csv,data/raw/DHS_FY2026P10_c/FY2026P01-P10_070_TAS_AccountBreakdownByAward_2026-09-15_H22M11S11234807.zip!FY2026P01-P10_070_TAS_Contracts_AccountBreakdownByAward_2026-09-15_H22M13S36_01.csv,256066,Contracts,https://files.usaspending.gov/generated_downloads/FY2026P01-P10_070_TAS_AccountBreakdownByAward_2026-09-15_H22M11S11234807.zip,State and local governments
FY2026P09,070-0540,070-2024/2024-0540-000,5ZD2ZMB6YC4,,25.2,D,Q,,CONT_AWD_70CMSD23P00000144_7012_-NONE-_-NONE-,70CMSD23P00000144,,,,EMJ7NFQSNK93,MONTGOMERY COUNTY FIRE ACADEMY,EMJ7NFQSNK93,MONTGOMERY COUNTY FIRE ACADEMY,RENTAL OF FIRING RANGE FACILITY,localhost:3000/award/CONT_AWD_70CMSD23P00000144_7012_-NONE-_-NONE-/,2026-07-30,DHS_FY2026P10_c:FY2026P01-P10_070_TAS_Contracts_AccountBreakdownByAward_2026-09-15_H22M13S36_01.csv:row:256067,data/raw/DHS_FY2026P10_c/FY2026P01-P10_070_TAS_AccountBreakdownByAward_2026-09-15_H22M11S11234807.zip,FY2026P01-P10_070_TAS_Contracts_AccountBreakdownByAward_2026-09-15_H22M13S36_01.csv,data/raw/DHS_FY2026P10_c/FY2026P01-P10_070_TAS_AccountBreakdownByAward_2026-09-15_H22M11S11234807.zip!FY2026P01-P10_070_TAS_Contracts_AccountBreakdownByAward_2026-09-15_H22M13S36_01.csv,256067,Contracts,https://files.usaspending.gov/generated_downloads/FY2026P01-P10_070_TAS_AccountBreakdownByAward_2026-09-15_H22M11S11234807.zip,State and local governments
FY2026P09,070-0540,070-2025/2025-0540-000,5ZD2ZMB6YC4,,25.2,D,Q,,CONT_AWD_70CMSD23P00000144_7012_-NONE-_-NONE-,70CMSD23P00000144,,,,EMJ7NFQSNK93,MONTGOMERY COUNTY FIRE ACADEMY,EMJ7NFQSNK93,MONTGOMERY COUNTY FIRE ACADEMY,RENTAL OF FIRING RANGE FACILITY,localhost:3000/award/CONT_AWD_70CMSD23P00000144_7012_-NONE-_-NONE-/,2026-07-30,DHS_FY2026P10_c:FY2026P01-P10_070_TAS_Contracts_AccountBreakdownByAward_2026-09-15_H22M13S36_01.csv:row:256068,data/raw/DHS_FY2026P10_c/FY2026P01-P10_070_TAS_AccountBreakdownByAward_2026-09-15_H22M11S11234807.zip,FY2026P01-P10_070_TAS_Contracts_AccountBreakdownByAward_2026-09-15_H22M13S36_01.csv,data/raw/DHS_FY2026P10_c/FY2026P01-P10_070_TAS_AccountBreakdownByAward_2026-09-15_H22M11S11234807.zip!FY2026P01-P10_070_TAS_Contracts_AccountBreakdownByAward_2026-09-15_H22M13S36_01.csv,256068,Contracts,https://files.usaspending.gov/generated_downloads/FY2026P01-P10_070_TAS_AccountBreakdownByAward_2026-09-15_H22M11S11234807.zip,State and local governments
FY2026P05,070-0540,070-2024/2024-0540-000,5ZD2ZMB6YC4,,25.2,D,Q,,CONT_AWD_70CMSD23P00000144_7012_-NONE-_-NONE-,70CMSD23P00000144,,,,EMJ7NFQSNK93,MONTGOMERY COUNTY FIRE ACADEMY,EMJ7NFQSNK93,MONTGOMERY COUNTY FIRE ACADEMY,RENTAL OF FIRING RANGE FACILITY,localhost:3000/award/CONT_AWD_70CMSD23P00000144_7012_-NONE-_-NONE-/,2026-05-15,DHS_FY2026P10_c:FY2026P01-P10_070_TAS_Contracts_AccountBreakdownByAward_2026-09-15_H22M13S36_01.csv:row:256069,data/raw/DHS_FY2026P10_c/FY2026P01-P10_070_TAS_AccountBreakdownByAward_2026-09-15_H22M11S11234807.zip,FY2026P01-P10_070_TAS_Contracts_AccountBreakdownByAward_2026-09-15_H22M13S36_01.csv,data/raw/DHS_FY2026P10_c/FY2026P01-P10_070_TAS_AccountBreakdownByAward_2026-09-15_H22M11S11234807.zip!FY2026P01-P10_070_TAS_Contracts_AccountBreakdownByAward_2026-09-15_H22M13S36_01.csv,256069,Contracts,https://files.usaspending.gov/generated_downloads/FY2026P01-P10_070_TAS_AccountBreakdownByAward_2026-09-15_H22M11S11234807.zip,State and local governments
FY2026P05,070-0540,070-2025/2025-0540-000,5ZD2ZMB6YC4,,25.2,D,Q,,CONT_AWD_70CMSD23P00000144_7012_-NONE-_-NONE-,70CMSD23P00000144,,,,EMJ7NFQSNK93,MONTGOMERY COUNTY FIRE ACADEMY,EMJ7NFQSNK93,MONTGOMERY COUNTY FIRE ACADEMY,RENTAL OF FIRING RANGE FACILITY,localhost:3000/award/CONT_AWD_70CMSD23P00000144_7012_-NONE-_-NONE-/,2026-05-15,DHS_FY2026P10_c:FY2026P01-P10_070_TAS_Contracts_AccountBreakdownByAward_2026-09-15_H22M13S36_01.csv:row:256070,data/raw/DHS_FY2026P10_c/FY2026P01-P10_070_TAS_AccountBreakdownByAward_2026-09-15_H22M11S11234807.zip,FY2026P01-P10_070_TAS_Contracts_AccountBreakdownByAward_2026-09-15_H22M13S36_01.csv,data/raw/DHS_FY2026P10_c/FY2026P01-P10_070_TAS_AccountBreakdownByAward_2026-09-15_H22M11S11234807.zip!FY2026P01-P10_070_TAS_Contracts_AccountBreakdownByAward_2026-09-15_H22M13S36_01.csv,256070,Contracts,https://files.usaspending.gov/generated_downloads/FY2026P01-P10_070_TAS_AccountBreakdownByAward_2026-09-15_H22M11S11234807.zip,State and local governments
FY2026P06,070-0540,070-2024/2024-0540-000,5ZD2ZMB6YC4,,25.2,D,Q,,CONT_AWD_70CMSD23P00000144_7012_-NONE-_-NONE-,70CMSD23P00000144,,,,EMJ7NFQSNK93,MONTGOMERY COUNTY FIRE ACADEMY,EMJ7NFQSNK93,MONTGOMERY COUNTY FIRE ACADEMY,RENTAL OF FIRING RANGE FACILITY,localhost:3000/award/CONT_AWD_70CMSD23P00000144_7012_-NONE-_-NONE-/,2026-08-07,DHS_FY2026P10_c:FY2026P01-P10_070_TAS_Contracts_AccountBreakdownByAward_2026-09-15_H22M13S36_01.csv:row:256071,data/raw/DHS_FY2026P10_c/FY2026P01-P10_070_TAS_AccountBreakdownByAward_2026-09-15_H22M11S11234807.zip,FY2026P01-P10_070_TAS_Contracts_AccountBreakdownByAward_2026-09-15_H22M13S36_01.csv,data/raw/DHS_FY2026P10_c/FY2026P01-P10_070_TAS_AccountBreakdownByAward_2026-09-15_H22M11S11234807.zip!FY2026P01-P10_070_TAS_Contracts_AccountBreakdownByAward_2026-09-15_H22M13S36_01.csv,256071,Contracts,https://files.usaspending.gov/generated_downloads/FY2026P01-P10_070_TAS_AccountBreakdownByAward_2026-09-15_H22M11S11234807.zip,State and local governments
FY2026P10,070-0540,070-2026/2026-0540-000,5ZD2ZMB6YC2,,25.1,D,Q,,CONT_AWD_70CMSD25P00000077_7012_-NONE-_-NONE-,70CMSD25P00000077,,,,M9S6A9ZTVB11,CITY OF ARLINGTON,M9S6A9ZTVB11,CITY OF ARLINGTON,THIS AWARD PROVIDES ICE OFFICE OF HUMAN CAPITAL WITH A 3-DAY VENUE FOR THE ICE HIRING EXPO IN ARLINGTON TEXAS TO RECRUIT FEDERAL LAW ENFORCEMENT CANDIDATES,localhost:3000/award/CONT_AWD_70CMSD25P00000077_7012_-NONE-_-NONE-/,2026-08-31,DHS_FY2026P10_c:FY2026P01-P10_070_TAS_Contracts_AccountBreakdownByAward_2026-09-15_H22M13S36_01.csv:row:256981,data/raw/DHS_FY2026P10_c/FY2026P01-P10_070_TAS_AccountBreakdownByAward_2026-09-15_H22M11S11234807.zip,FY2026P01-P10_070_TAS_Contracts_AccountBreakdownByAward_2026-09-15_H22M13S36_01.csv,data/raw/DHS_FY2026P10_c/FY2026P01-P10_070_TAS_AccountBreakdownByAward_2026-09-15_H22M11S11234807.zip!FY2026P01-P10_070_TAS_Contracts_AccountBreakdownByAward_2026-09-15_H22M13S36_01.csv,256981,Contracts,https://files.usaspending.gov/generated_downloads/FY2026P01-P10_070_TAS_AccountBreakdownByAward_2026-09-15_H22M11S11234807.zip,State and local governments
FY2026P04,070-0540,070-2026/2026-0540-000,5ZD2ZMB6YC2,,25.1,D,Q,,CONT_AWD_70CMSD25P00000077_7012_-NONE-_-NONE-,70CMSD25P00000077,,,,M9S6A9ZTVB11,CITY OF ARLINGTON,M9S6A9ZTVB11,CITY OF ARLINGTON,THIS AWARD PROVIDES ICE OFFICE OF HUMAN CAPITAL WITH A 3-DAY VENUE FOR THE ICE HIRING EXPO IN ARLINGTON TEXAS TO RECRUIT FEDERAL LAW ENFORCEMENT CANDIDATES,localhost:3000/award/CONT_AWD_70CMSD25P00000077_7012_-NONE-_-NONE-/,2026-05-15,DHS_FY2026P10_c:FY2026P01-P10_070_TAS_Contracts_AccountBreakdownByAward_2026-09-15_H22M13S36_01.csv:row:256982,data/raw/DHS_FY2026P10_c/FY2026P01-P10_070_TAS_AccountBreakdownByAward_2026-09-15_H22M11S11234807.zip,FY2026P01-P10_070_TAS_Contracts_AccountBreakdownByAward_2026-09-15_H22M13S36_01.csv,data/raw/DHS_FY2026P10_c/FY2026P01-P10_070_TAS_AccountBreakdownByAward_2026-09-15_H22M11S11234807.zip!FY2026P01-P10_070_TAS_Contracts_AccountBreakdownByAward_2026-09-15_H22M13S36_01.csv,256982,Contracts,https://files.usaspending.gov/generated_downloads/FY2026P01-P10_070_TAS_AccountBreakdownByAward_2026-09-15_H22M11S11234807.zip,State and local governments
FY2026P04,070-0540,070-2025/2025-0540-000,5ZD2ZMB6YC2,,25.1,D,Q,,CONT_AWD_70CMSD25P00000077_7012_-NONE-_-NONE-,70CMSD25P00000077,,,,M9S6A9ZTVB11,CITY OF ARLINGTON,M9S6A9ZTVB11,CITY OF ARLINGTON,THIS AWARD PROVIDES ICE OFFICE OF HUMAN CAPITAL WITH A 3-DAY VENUE FOR THE ICE HIRING EXPO IN ARLINGTON TEXAS TO RECRUIT FEDERAL LAW ENFORCEMENT CANDIDATES,localhost:3000/award/CONT_AWD_70CMSD25P00000077_7012_-NONE-_-NONE-/,2026-05-15,DHS_FY2026P10_c:FY2026P01-P10_070_TAS_Contracts_AccountBreakdownByAward_2026-09-15_H22M13S36_01.csv:row:256983,data/raw/DHS_FY2026P10_c/FY2026P01-P10_070_TAS_AccountBreakdownByAward_2026-09-15_H22M11S11234807.zip,FY2026P01-P10_070_TAS_Contracts_AccountBreakdownByAward_2026-09-15_H22M13S36_01.csv,data/raw/DHS_FY2026P10_c/FY2026P01-P10_070_TAS_AccountBreakdownByAward_2026-09-15_H22M11S11234807.zip!FY2026P01-P10_070_TAS_Contracts_AccountBreakdownByAward_2026-09-15_H22M13S36_01.csv,256983,Contracts,https://files.usaspending.gov/generated_downloads/FY2026P01-P10_070_TAS_AccountBreakdownByAward_2026-09-15_H22M11S11234807.zip,State and local governments
FY2026P08,070-0540,070-2025/2025-0540-000,5ZD2ZMB6YC2,,25.1,D,Q,,CONT_AWD_70CMSD25P00000077_7012_-NONE-_-NONE-,70CMSD25P00000077,,,,M9S6A9ZTVB11,CITY OF ARLINGTON,M9S6A9ZTVB11,CITY OF ARLINGTON,THIS AWARD PROVIDES ICE OFFICE OF HUMAN CAPITAL WITH A 3-DAY VENUE FOR THE ICE HIRING EXPO IN ARLINGTON TEXAS TO RECRUIT FEDERAL LAW ENFORCEMENT CANDIDATES,localhost:3000/award/CONT_AWD_70CMSD25P00000077_7012_-NONE-_-NONE-/,2026-07-02,DHS_FY2026P10_c:FY2026P01-P10_070_TAS_Contracts_AccountBreakdownByAward_2026-09-15_H22M13S36_01.csv:row:256984,data/raw/DHS_FY2026P10_c/FY2026P01-P10_070_TAS_AccountBreakdownByAward_2026-09-15_H22M11S11234807.zip,FY2026P01-P10_070_TAS_Contracts_AccountBreakdownByAward_2026-09-15_H22M13S36_01.csv,data/raw/DHS_FY2026P10_c/FY2026P01-P10_070_TAS_AccountBreakdownByAward_2026-09-15_H22M11S11234807.zip!FY2026P01-P10_070_TAS_Contracts_AccountBreakdownByAward_2026-09-15_H22M13S36_01.csv,256984,Contracts,https://files.usaspending.gov/generated_downloads/FY2026P01-P10_070_TAS_AccountBreakdownByAward_2026-09-15_H22M11S11234807.zip,State and local governments
FY2026P05,070-0540,070-2026/2026-0540-000,5ZD2ZMB6YC2,,25.1,D,Q,,CONT_AWD_70CMSD25P00000077_7012_-NONE-_-NONE-,70CMSD25P00000077,,,,M9S6A9ZTVB11,CITY OF ARLINGTON,M9S6A9ZTVB11,CITY OF ARLINGTON,THIS AWARD PROVIDES ICE OFFICE OF HUMAN CAPITAL WITH A 3-DAY VENUE FOR THE ICE HIRING EXPO IN ARLINGTON TEXAS TO RECRUIT FEDERAL LAW ENFORCEMENT CANDIDATES,localhost:3000/award/CONT_AWD_70CMSD25P00000077_7012_-NONE-_-NONE-/,2026-05-15,DHS_FY2026P10_c:FY2026P01-P10_070_TAS_Contracts_AccountBreakdownByAward_2026-09-15_H22M13S36_01.csv:row:256985,data/raw/DHS_FY2026P10_c/FY2026P01-P10_070_TAS_AccountBreakdownByAward_2026-09-15_H22M11S11234807.zip,FY2026P01-P10_070_TAS_Contracts_AccountBreakdownByAward_2026-09-15_H22M13S36_01.csv,data/raw/DHS_FY2026P10_c/FY2026P01-P10_070_TAS_AccountBreakdownByAward_2026-09-15_H22M11S11234807.zip!FY2026P01-P10_070_TAS_Contracts_AccountBreakdownByAward_2026-09-15_H22M13S36_01.csv,256985,Contracts,https://files.usaspending.gov/generated_downloads/FY2026P01-P10_070_TAS_AccountBreakdownByAward_2026-09-15_H22M11S11234807.zip,State and local governments
FY2026P06,070-0540,070-2026/2026-0540-000,5ZD2ZMB6YC2,,25.1,D,Q,,CONT_AWD_70CMSD25P00000077_7012_-NONE-_-NONE-,70CMSD25P00000077,,,,M9S6A9ZTVB11,CITY OF ARLINGTON,M9S6A9ZTVB11,CITY OF ARLINGTON,THIS AWARD PROVIDES ICE OFFICE OF HUMAN CAPITAL WITH A 3-DAY VENUE FOR THE ICE HIRING EXPO IN ARLINGTON TEXAS TO RECRUIT FEDERAL LAW ENFORCEMENT CANDIDATES,localhost:3000/award/CONT_AWD_70CMSD25P00000077_7012_-NONE-_-NONE-/,2026-08-07,DHS_FY2026P10_c:FY2026P01-P10_070_TAS_Contracts_AccountBreakdownByAward_2026-09-15_H22M13S36_01.csv:row:256986,data/raw/DHS_FY2026P10_c/FY2026P01-P10_070_TAS_AccountBreakdownByAward_2026-09-15_H22M11S11234807.zip,FY2026P01-P10_070_TAS_Contracts_AccountBreakdownByAward_2026-09-15_H22M13S36_01.csv,data/raw/DHS_FY2026P10_c/FY2026P01-P10_070_TAS_AccountBreakdownByAward_2026-09-15_H22M11S11234807.zip!FY2026P01-P10_070_TAS_Contracts_AccountBreakdownByAward_2026-09-15_H22M13S36_01.csv,256986,Contracts,https://files.usaspending.gov/generated_downloads/FY2026P01-P10_070_TAS_AccountBreakdownByAward_2026-09-15_H22M11S11234807.zip,State and local governments
FY2026P06,070-0540,070-2025/2025-0540-000,5ZD2ZMB6YC2,,25.1,D,Q,,CONT_AWD_70CMSD25P00000077_7012_-NONE-_-NONE-,70CMSD25P00000077,,,,M9S6A9ZTVB11,CITY OF ARLINGTON,M9S6A9ZTVB11,CITY OF ARLINGTON,THIS AWARD PROVIDES ICE OFFICE OF HUMAN CAPITAL WITH A 3-DAY VENUE FOR THE ICE HIRING EXPO IN ARLINGTON TEXAS TO RECRUIT FEDERAL LAW ENFORCEMENT CANDIDATES,localhost:3000/award/CONT_AWD_70CMSD25P00000077_7012_-NONE-_-NONE-/,2026-08-07,DHS_FY2026P10_c:FY2026P01-P10_070_TAS_Contracts_AccountBreakdownByAward_2026-09-15_H22M13S36_01.csv:row:256987,data/raw/DHS_FY2026P10_c/FY2026P01-P10_070_TAS_AccountBreakdownByAward_2026-09-15_H22M11S11234807.zip,FY2026P01-P10_070_TAS_Contracts_AccountBreakdownByAward_2026-09-15_H22M13S36_01.csv,data/raw/DHS_FY2026P10_c/FY2026P01-P10_070_TAS_AccountBreakdownByAward_2026-09-15_H22M11S11234807.zip!FY2026P01-P10_070_TAS_Contracts_AccountBreakdownByAward_2026-09-15_H22M13S36_01.csv,256987,Contracts,https://files.usaspending.gov/generated_downloads/FY2026P01-P10_070_TAS_AccountBreakdownByAward_2026-09-15_H22M11S11234807.zip,State and local governments
FY2026P09,070-0540,070-2025/2025-0540-000,5ZD2ZMB6YC2,,25.1,D,Q,,CONT_AWD_70CMSD25P00000077_7012_-NONE-_-NONE-,70CMSD25P00000077,,,,M9S6A9ZTVB11,CITY OF ARLINGTON,M9S6A9ZTVB11,CITY OF ARLINGTON,THIS AWARD PROVIDES ICE OFFICE OF HUMAN CAPITAL WITH A 3-DAY VENUE FOR THE ICE HIRING EXPO IN ARLINGTON TEXAS TO RECRUIT FEDERAL LAW ENFORCEMENT CANDIDATES,localhost:3000/award/CONT_AWD_70CMSD25P00000077_7012_-NONE-_-NONE-/,2026-07-30,DHS_FY2026P10_c:FY2026P01-P10_070_TAS_Contracts_AccountBreakdownByAward_2026-09-15_H22M13S36_01.csv:row:256988,data/raw/DHS_FY2026P10_c/FY2026P01-P10_070_TAS_AccountBreakdownByAward_2026-09-15_H22M11S11234807.zip,FY2026P01-P10_070_TAS_Contracts_AccountBreakdownByAward_2026-09-15_H22M13S36_01.csv,data/raw/DHS_FY2026P10_c/FY2026P01-P10_070_TAS_AccountBreakdownByAward_2026-09-15_H22M11S11234807.zip!FY2026P01-P10_070_TAS_Contracts_AccountBreakdownByAward_2026-09-15_H22M13S36_01.csv,256988,Contracts,https://files.usaspending.gov/generated_downloads/FY2026P01-P10_070_TAS_AccountBreakdownByAward_2026-09-15_H22M11S11234807.zip,State and local governments
FY2026P09,070-0540,070-2026/2026-0540-000,5ZD2ZMB6YC2,,25.1,D,Q,,CONT_AWD_70CMSD25P00000077_7012_-NONE-_-NONE-,70CMSD25P00000077,,,,M9S6A9ZTVB11,CITY OF ARLINGTON,M9S6A9ZTVB11,CITY OF ARLINGTON,THIS AWARD PROVIDES ICE OFFICE OF HUMAN CAPITAL WITH A 3-DAY VENUE FOR THE ICE HIRING EXPO IN ARLINGTON TEXAS TO RECRUIT FEDERAL LAW ENFORCEMENT CANDIDATES,localhost:3000/award/CONT_AWD_70CMSD25P00000077_7012_-NONE-_-NONE-/,2026-07-30,DHS_FY2026P10_c:FY2026P01-P10_070_TAS_Contracts_AccountBreakdownByAward_2026-09-15_H22M13S36_01.csv:row:256989,data/raw/DHS_FY2026P10_c/FY2026P01-P10_070_TAS_AccountBreakdownByAward_2026-09-15_H22M11S11234807.zip,FY2026P01-P10_070_TAS_Contracts_AccountBreakdownByAward_2026-09-15_H22M13S36_01.csv,data/raw/DHS_FY2026P10_c/FY2026P01-P10_070_TAS_AccountBreakdownByAward_2026-09-15_H22M11S11234807.zip!FY2026P01-P10_070_TAS_Contracts_AccountBreakdownByAward_2026-09-15_H22M13S36_01.csv,256989,Contracts,https://files.usaspending.gov/generated_downloads/FY2026P01-P10_070_TAS_AccountBreakdownByAward_2026-09-15_H22M11S11234807.zip,State and local governments
FY2026P10,070-0540,070-2025/2025-0540-000,5ZD2ZMB6YC2,,25.1,D,Q,,CONT_AWD_70CMSD25P00000077_7012_-NONE-_-NONE-,70CMSD25P00000077,,,,M9S6A9ZTVB11,CITY OF ARLINGTON,M9S6A9ZTVB11,CITY OF ARLINGTON,THIS AWARD PROVIDES ICE OFFICE OF HUMAN CAPITAL WITH A 3-DAY VENUE FOR THE ICE HIRING EXPO IN ARLINGTON TEXAS TO RECRUIT FEDERAL LAW ENFORCEMENT CANDIDATES,localhost:3000/award/CONT_AWD_70CMSD25P00000077_7012_-NONE-_-NONE-/,2026-08-31,DHS_FY2026P10_c:FY2026P01-P10_070_TAS_Contracts_AccountBreakdownByAward_2026-09-15_H22M13S36_01.csv:row:256990,data/raw/DHS_FY2026P10_c/FY2026P01-P10_070_TAS_AccountBreakdownByAward_2026-09-15_H22M11S11234807.zip,FY2026P01-P10_070_TAS_Contracts_AccountBreakdownByAward_2026-09-15_H22M13S36_01.csv,data/raw/DHS_FY2026P10_c/FY2026P01-P10_070_TAS_AccountBreakdownByAward_2026-09-15_H22M11S11234807.zip!FY2026P01-P10_070_TAS_Contracts_AccountBreakdownByAward_2026-09-15_H22M13S36_01.csv,256990,Contracts,https://files.usaspending.gov/generated_downloads/FY2026P01-P10_070_TAS_AccountBreakdownByAward_2026-09-15_H22M11S11234807.zip,State and local governments
FY2026P10,070-0540,070-2025/2025-0540-000,5ZD2ZMB6YC2,,25.1,D,Q,-11405.00,CONT_AWD_70CMSD25P00000077_7012_-NONE-_-NONE-,70CMSD25P00000077,,,,M9S6A9ZTVB11,CITY OF ARLINGTON,M9S6A9ZTVB11,CITY OF ARLINGTON,THIS AWARD PROVIDES ICE OFFICE OF HUMAN CAPITAL WITH A 3-DAY VENUE FOR THE ICE HIRING EXPO IN ARLINGTON TEXAS TO RECRUIT FEDERAL LAW ENFORCEMENT CANDIDATES,localhost:3000/award/CONT_AWD_70CMSD25P00000077_7012_-NONE-_-NONE-/,2026-08-31,DHS_FY2026P10_c:FY2026P01-P10_070_TAS_Contracts_AccountBreakdownByAward_2026-09-15_H22M13S36_01.csv:row:256991,data/raw/DHS_FY2026P10_c/FY2026P01-P10_070_TAS_AccountBreakdownByAward_2026-09-15_H22M11S11234807.zip,FY2026P01-P10_070_TAS_Contracts_AccountBreakdownByAward_2026-09-15_H22M13S36_01.csv,data/raw/DHS_FY2026P10_c/FY2026P01-P10_070_TAS_AccountBreakdownByAward_2026-09-15_H22M11S11234807.zip!FY2026P01-P10_070_TAS_Contracts_AccountBreakdownByAward_2026-09-15_H22M13S36_01.csv,256991,Contracts,https://files.usaspending.gov/generated_downloads/FY2026P01-P10_070_TAS_AccountBreakdownByAward_2026-09-15_H22M11S11234807.zip,State and local governments
FY2026P07,070-0540,070-2025/2025-0540-000,5ZD2ZMB6YC2,,25.1,D,Q,,CONT_AWD_70CMSD25P00000077_7012_-NONE-_-NONE-,70CMSD25P00000077,,,,M9S6A9ZTVB11,CITY OF ARLINGTON,M9S6A9ZTVB11,CITY OF ARLINGTON,THIS AWARD PROVIDES ICE OFFICE OF HUMAN CAPITAL WITH A 3-DAY VENUE FOR THE ICE HIRING EXPO IN ARLINGTON TEXAS TO RECRUIT FEDERAL LAW ENFORCEMENT CANDIDATES,localhost:3000/award/CONT_AWD_70CMSD25P00000077_7012_-NONE-_-NONE-/,2026-06-01,DHS_FY2026P10_c:FY2026P01-P10_070_TAS_Contracts_AccountBreakdownByAward_2026-09-15_H22M13S36_01.csv:row:256992,data/raw/DHS_FY2026P10_c/FY2026P01-P10_070_TAS_AccountBreakdownByAward_2026-09-15_H22M11S11234807.zip,FY2026P01-P10_070_TAS_Contracts_AccountBreakdownByAward_2026-09-15_H22M13S36_01.csv,data/raw/DHS_FY2026P10_c/FY2026P01-P10_070_TAS_AccountBreakdownByAward_2026-09-15_H22M11S11234807.zip!FY2026P01-P10_070_TAS_Contracts_AccountBreakdownByAward_2026-09-15_H22M13S36_01.csv,256992,Contracts,https://files.usaspending.gov/generated_downloads/FY2026P01-P10_070_TAS_AccountBreakdownByAward_2026-09-15_H22M11S11234807.zip,State and local governments
FY2026P05,070-0540,070-2025/2025-0540-000,5ZD2ZMB6YC2,,25.1,D,Q,,CONT_AWD_70CMSD25P00000077_7012_-NONE-_-NONE-,70CMSD25P00000077,,,,M9S6A9ZTVB11,CITY OF ARLINGTON,M9S6A9ZTVB11,CITY OF ARLINGTON,THIS AWARD PROVIDES ICE OFFICE OF HUMAN CAPITAL WITH A 3-DAY VENUE FOR THE ICE HIRING EXPO IN ARLINGTON TEXAS TO RECRUIT FEDERAL LAW ENFORCEMENT CANDIDATES,localhost:3000/award/CONT_AWD_70CMSD25P00000077_7012_-NONE-_-NONE-/,2026-05-15,DHS_FY2026P10_c:FY2026P01-P10_070_TAS_Contracts_AccountBreakdownByAward_2026-09-15_H22M13S36_01.csv:row:256993,data/raw/DHS_FY2026P10_c/FY2026P01-P10_070_TAS_AccountBreakdownByAward_2026-09-15_H22M11S11234807.zip,FY2026P01-P10_070_TAS_Contracts_AccountBreakdownByAward_2026-09-15_H22M13S36_01.csv,data/raw/DHS_FY2026P10_c/FY2026P01-P10_070_TAS_AccountBreakdownByAward_2026-09-15_H22M11S11234807.zip!FY2026P01-P10_070_TAS_Contracts_AccountBreakdownByAward_2026-09-15_H22M13S36_01.csv,256993,Contracts,https://files.usaspending.gov/generated_downloads/FY2026P01-P10_070_TAS_AccountBreakdownByAward_2026-09-15_H22M11S11234807.zip,State and local governments
FY2026P07,070-0540,070-2026/2026-0540-000,5ZD2ZMB6YC2,,25.1,D,Q,,CONT_AWD_70CMSD25P00000077_7012_-NONE-_-NONE-,70CMSD25P00000077,,,,M9S6A9ZTVB11,CITY OF ARLINGTON,M9S6A9ZTVB11,CITY OF ARLINGTON,THIS AWARD PROVIDES ICE OFFICE OF HUMAN CAPITAL WITH A 3-DAY VENUE FOR THE ICE HIRING EXPO IN ARLINGTON TEXAS TO RECRUIT FEDERAL LAW ENFORCEMENT CANDIDATES,localhost:3000/award/CONT_AWD_70CMSD25P00000077_7012_-NONE-_-NONE-/,2026-06-01,DHS_FY2026P10_c:FY2026P01-P10_070_TAS_Contracts_AccountBreakdownByAward_2026-09-15_H22M13S36_01.csv:row:256994,data/raw/DHS_FY2026P10_c/FY2026P01-P10_070_TAS_AccountBreakdownByAward_2026-09-15_H22M11S11234807.zip,FY2026P01-P10_070_TAS_Contracts_AccountBreakdownByAward_2026-09-15_H22M13S36_01.csv,data/raw/DHS_FY2026P10_c/FY2026P01-P10_070_TAS_AccountBreakdownByAward_2026-09-15_H22M11S11234807.zip!FY2026P01-P10_070_TAS_Contracts_AccountBreakdownByAward_2026-09-15_H22M13S36_01.csv,256994,Contracts,https://files.usaspending.gov/generated_downloads/FY2026P01-P10_070_TAS_AccountBreakdownByAward_2026-09-15_H22M11S11234807.zip,State and local governments
FY2026P08,070-0540,070-2026/2026-0540-000,5ZD2ZMB6YC2,,25.1,D,Q,,CONT_AWD_70CMSD25P00000077_7012_-NONE-_-NONE-,70CMSD25P00000077,,,,M9S6A9ZTVB11,CITY OF ARLINGTON,M9S6A9ZTVB11,CITY OF ARLINGTON,THIS AWARD PROVIDES ICE OFFICE OF HUMAN CAPITAL WITH A 3-DAY VENUE FOR THE ICE HIRING EXPO IN ARLINGTON TEXAS TO RECRUIT FEDERAL LAW ENFORCEMENT CANDIDATES,localhost:3000/award/CONT_AWD_70CMSD25P00000077_7012_-NONE-_-NONE-/,2026-07-02,DHS_FY2026P10_c:FY2026P01-P10_070_TAS_Contracts_AccountBreakdownByAward_2026-09-15_H22M13S36_01.csv:row:256995,data/raw/DHS_FY2026P10_c/FY2026P01-P10_070_TAS_AccountBreakdownByAward_2026-09-15_H22M11S11234807.zip,FY2026P01-P10_070_TAS_Contracts_AccountBreakdownByAward_2026-09-15_H22M13S36_01.csv,data/raw/DHS_FY2026P10_c/FY2026P01-P10_070_TAS_AccountBreakdownByAward_2026-09-15_H22M11S11234807.zip!FY2026P01-P10_070_TAS_Contracts_AccountBreakdownByAward_2026-09-15_H22M13S36_01.csv,256995,Contracts,https://files.usaspending.gov/generated_downloads/FY2026P01-P10_070_TAS_AccountBreakdownByAward_2026-09-15_H22M11S11234807.zip,State and local governments
