source_row_id,source_file_path,source_line_number,object_class_code,federal_account_symbol,submission_period,transaction_obligated_amount,award_id_piid,parent_award_id_piid,awarding_subagency_code,award_unique_key,case_id,review_id,component,parsed_amount,amount_missing,identity_disposition
DHS_FY2025P12_c:FY2025P01-P12_070_TAS_Contracts_AccountBreakdownByAward_2026-09-16_H02M56S53_01.csv:row:100037,DHS_FY2025P12_c/extracted/FY2025P01-P12_070_TAS_Contracts_AccountBreakdownByAward_2026-09-16_H02M56S53_01.csv,100037,25.4,070-0540,FY2025P09,,70CDCR24FR0000010,70CDCR20D00000008,7012,CONT_AWD_70CDCR24FR0000010_7012_70CDCR20D00000008_7012,,,Contracts,,True,outside_pilot
DHS_FY2025P12_c:FY2025P01-P12_070_TAS_Contracts_AccountBreakdownByAward_2026-09-16_H02M56S53_01.csv:row:100040,DHS_FY2025P12_c/extracted/FY2025P01-P12_070_TAS_Contracts_AccountBreakdownByAward_2026-09-16_H02M56S53_01.csv,100040,25.4,070-0540,FY2025P05,,70CDCR24FR0000010,70CDCR20D00000008,7012,CONT_AWD_70CDCR24FR0000010_7012_70CDCR20D00000008_7012,,,Contracts,,True,outside_pilot
DHS_FY2025P12_c:FY2025P01-P12_070_TAS_Contracts_AccountBreakdownByAward_2026-09-16_H02M56S53_01.csv:row:100041,DHS_FY2025P12_c/extracted/FY2025P01-P12_070_TAS_Contracts_AccountBreakdownByAward_2026-09-16_H02M56S53_01.csv,100041,25.4,070-0540,FY2025P07,,70CDCR24FR0000010,70CDCR20D00000008,7012,CONT_AWD_70CDCR24FR0000010_7012_70CDCR20D00000008_7012,,,Contracts,,True,outside_pilot
DHS_FY2025P12_c:FY2025P01-P12_070_TAS_Contracts_AccountBreakdownByAward_2026-09-16_H02M56S53_01.csv:row:100043,DHS_FY2025P12_c/extracted/FY2025P01-P12_070_TAS_Contracts_AccountBreakdownByAward_2026-09-16_H02M56S53_01.csv,100043,25.4,070-0540,FY2025P06,,70CDCR24FR0000010,70CDCR20D00000008,7012,CONT_AWD_70CDCR24FR0000010_7012_70CDCR20D00000008_7012,,,Contracts,,True,outside_pilot
DHS_FY2025P12_c:FY2025P01-P12_070_TAS_Contracts_AccountBreakdownByAward_2026-09-16_H02M56S53_01.csv:row:100044,DHS_FY2025P12_c/extracted/FY2025P01-P12_070_TAS_Contracts_AccountBreakdownByAward_2026-09-16_H02M56S53_01.csv,100044,25.4,070-0540,FY2025P06,,70CDCR24FR0000010,70CDCR20D00000008,7012,CONT_AWD_70CDCR24FR0000010_7012_70CDCR20D00000008_7012,,,Contracts,,True,outside_pilot
DHS_FY2025P12_c:FY2025P01-P12_070_TAS_Contracts_AccountBreakdownByAward_2026-09-16_H02M56S53_01.csv:row:100046,DHS_FY2025P12_c/extracted/FY2025P01-P12_070_TAS_Contracts_AccountBreakdownByAward_2026-09-16_H02M56S53_01.csv,100046,25.4,070-0540,FY2025P06,-115460.40,70CDCR24FR0000010,70CDCR20D00000008,7012,CONT_AWD_70CDCR24FR0000010_7012_70CDCR20D00000008_7012,,,Contracts,-115460.40,False,outside_pilot
DHS_FY2025P12_c:FY2025P01-P12_070_TAS_Contracts_AccountBreakdownByAward_2026-09-16_H02M56S53_01.csv:row:100049,DHS_FY2025P12_c/extracted/FY2025P01-P12_070_TAS_Contracts_AccountBreakdownByAward_2026-09-16_H02M56S53_01.csv,100049,25.4,070-0540,FY2025P06,-10433.70,70CDCR24FR0000010,70CDCR20D00000008,7012,CONT_AWD_70CDCR24FR0000010_7012_70CDCR20D00000008_7012,,,Contracts,-10433.70,False,outside_pilot
DHS_FY2025P12_c:FY2025P01-P12_070_TAS_Contracts_AccountBreakdownByAward_2026-09-16_H02M56S53_01.csv:row:100062,DHS_FY2025P12_c/extracted/FY2025P01-P12_070_TAS_Contracts_AccountBreakdownByAward_2026-09-16_H02M56S53_01.csv,100062,25.4,070-0540,FY2025P08,,70CDCR24FR0000010,70CDCR20D00000008,7012,CONT_AWD_70CDCR24FR0000010_7012_70CDCR20D00000008_7012,,,Contracts,,True,outside_pilot
DHS_FY2025P12_c:FY2025P01-P12_070_TAS_Contracts_AccountBreakdownByAward_2026-09-16_H02M56S53_01.csv:row:100065,DHS_FY2025P12_c/extracted/FY2025P01-P12_070_TAS_Contracts_AccountBreakdownByAward_2026-09-16_H02M56S53_01.csv,100065,25.4,070-0540,FY2025P07,,70CDCR24FR0000010,70CDCR20D00000008,7012,CONT_AWD_70CDCR24FR0000010_7012_70CDCR20D00000008_7012,,,Contracts,,True,outside_pilot
DHS_FY2025P12_c:FY2025P01-P12_070_TAS_Contracts_AccountBreakdownByAward_2026-09-16_H02M56S53_01.csv:row:100073,DHS_FY2025P12_c/extracted/FY2025P01-P12_070_TAS_Contracts_AccountBreakdownByAward_2026-09-16_H02M56S53_01.csv,100073,25.4,070-0540,FY2025P10,,70CDCR24FR0000010,70CDCR20D00000008,7012,CONT_AWD_70CDCR24FR0000010_7012_70CDCR20D00000008_7012,,,Contracts,,True,outside_pilot
DHS_FY2025P12_c:FY2025P01-P12_070_TAS_Contracts_AccountBreakdownByAward_2026-09-16_H02M56S53_01.csv:row:100078,DHS_FY2025P12_c/extracted/FY2025P01-P12_070_TAS_Contracts_AccountBreakdownByAward_2026-09-16_H02M56S53_01.csv,100078,25.4,070-0540,FY2025P10,,70CDCR24FR0000010,70CDCR20D00000008,7012,CONT_AWD_70CDCR24FR0000010_7012_70CDCR20D00000008_7012,,,Contracts,,True,outside_pilot
DHS_FY2025P12_c:FY2025P01-P12_070_TAS_Contracts_AccountBreakdownByAward_2026-09-16_H02M56S53_01.csv:row:100089,DHS_FY2025P12_c/extracted/FY2025P01-P12_070_TAS_Contracts_AccountBreakdownByAward_2026-09-16_H02M56S53_01.csv,100089,25.4,070-0540,FY2025P09,,70CDCR24FR0000010,70CDCR20D00000008,7012,CONT_AWD_70CDCR24FR0000010_7012_70CDCR20D00000008_7012,,,Contracts,,True,outside_pilot
DHS_FY2025P12_c:FY2025P01-P12_070_TAS_Contracts_AccountBreakdownByAward_2026-09-16_H02M56S53_01.csv:row:100092,DHS_FY2025P12_c/extracted/FY2025P01-P12_070_TAS_Contracts_AccountBreakdownByAward_2026-09-16_H02M56S53_01.csv,100092,25.4,070-0540,FY2025P08,,70CDCR24FR0000010,70CDCR20D00000008,7012,CONT_AWD_70CDCR24FR0000010_7012_70CDCR20D00000008_7012,,,Contracts,,True,outside_pilot
DHS_FY2025P12_c:FY2025P01-P12_070_TAS_Contracts_AccountBreakdownByAward_2026-09-16_H02M56S53_01.csv:row:100099,DHS_FY2025P12_c/extracted/FY2025P01-P12_070_TAS_Contracts_AccountBreakdownByAward_2026-09-16_H02M56S53_01.csv,100099,25.4,070-0540,FY2025P12,,70CDCR24FR0000010,70CDCR20D00000008,7012,CONT_AWD_70CDCR24FR0000010_7012_70CDCR20D00000008_7012,,,Contracts,,True,outside_pilot
DHS_FY2025P12_c:FY2025P01-P12_070_TAS_Contracts_AccountBreakdownByAward_2026-09-16_H02M56S53_01.csv:row:100100,DHS_FY2025P12_c/extracted/FY2025P01-P12_070_TAS_Contracts_AccountBreakdownByAward_2026-09-16_H02M56S53_01.csv,100100,25.4,070-0540,FY2025P12,,70CDCR24FR0000010,70CDCR20D00000008,7012,CONT_AWD_70CDCR24FR0000010_7012_70CDCR20D00000008_7012,,,Contracts,,True,outside_pilot
DHS_FY2025P12_c:FY2025P01-P12_070_TAS_Contracts_AccountBreakdownByAward_2026-09-16_H02M56S53_01.csv:row:100103,DHS_FY2025P12_c/extracted/FY2025P01-P12_070_TAS_Contracts_AccountBreakdownByAward_2026-09-16_H02M56S53_01.csv,100103,25.4,070-0540,FY2025P05,,70CDCR24FR0000010,70CDCR20D00000008,7012,CONT_AWD_70CDCR24FR0000010_7012_70CDCR20D00000008_7012,,,Contracts,,True,outside_pilot
DHS_FY2025P12_c:FY2025P01-P12_070_TAS_Contracts_AccountBreakdownByAward_2026-09-16_H02M56S53_01.csv:row:100105,DHS_FY2025P12_c/extracted/FY2025P01-P12_070_TAS_Contracts_AccountBreakdownByAward_2026-09-16_H02M56S53_01.csv,100105,25.4,070-0540,FY2025P11,,70CDCR24FR0000010,70CDCR20D00000008,7012,CONT_AWD_70CDCR24FR0000010_7012_70CDCR20D00000008_7012,,,Contracts,,True,outside_pilot
DHS_FY2025P12_c:FY2025P01-P12_070_TAS_Contracts_AccountBreakdownByAward_2026-09-16_H02M56S53_01.csv:row:100106,DHS_FY2025P12_c/extracted/FY2025P01-P12_070_TAS_Contracts_AccountBreakdownByAward_2026-09-16_H02M56S53_01.csv,100106,25.4,070-0540,FY2025P11,,70CDCR24FR0000010,70CDCR20D00000008,7012,CONT_AWD_70CDCR24FR0000010_7012_70CDCR20D00000008_7012,,,Contracts,,True,outside_pilot
DHS_FY2025P12_c:FY2025P01-P12_070_TAS_Contracts_AccountBreakdownByAward_2026-09-16_H02M56S53_01.csv:row:103155,DHS_FY2025P12_c/extracted/FY2025P01-P12_070_TAS_Contracts_AccountBreakdownByAward_2026-09-16_H02M56S53_01.csv,103155,25.4,070-0540,FY2025P08,250.00,70CDCR25FR0000062,70CDCR25D00000052,7012,CONT_AWD_70CDCR25FR0000062_7012_70CDCR25D00000052_7012,,,Contracts,250.00,False,outside_pilot
DHS_FY2025P12_c:FY2025P01-P12_070_TAS_Contracts_AccountBreakdownByAward_2026-09-16_H02M56S53_01.csv:row:103557,DHS_FY2025P12_c/extracted/FY2025P01-P12_070_TAS_Contracts_AccountBreakdownByAward_2026-09-16_H02M56S53_01.csv,103557,25.4,070-0540,FY2025P08,250.00,70CDCR25FR0000059,70CDCR25D00000057,7012,CONT_AWD_70CDCR25FR0000059_7012_70CDCR25D00000057_7012,,,Contracts,250.00,False,outside_pilot
DHS_FY2025P12_c:FY2025P01-P12_070_TAS_Contracts_AccountBreakdownByAward_2026-09-16_H02M56S53_01.csv:row:103558,DHS_FY2025P12_c/extracted/FY2025P01-P12_070_TAS_Contracts_AccountBreakdownByAward_2026-09-16_H02M56S53_01.csv,103558,25.4,070-0540,FY2025P07,,70CTD024FC0000016,70CTD022A00000003,7012,CONT_AWD_70CTD024FC0000016_7012_70CTD022A00000003_7012,,,Contracts,,True,outside_pilot
DHS_FY2025P12_c:FY2025P01-P12_070_TAS_Contracts_AccountBreakdownByAward_2026-09-16_H02M56S53_01.csv:row:103559,DHS_FY2025P12_c/extracted/FY2025P01-P12_070_TAS_Contracts_AccountBreakdownByAward_2026-09-16_H02M56S53_01.csv,103559,25.4,070-0540,FY2025P09,,70CTD024FC0000016,70CTD022A00000003,7012,CONT_AWD_70CTD024FC0000016_7012_70CTD022A00000003_7012,,,Contracts,,True,outside_pilot
DHS_FY2025P12_c:FY2025P01-P12_070_TAS_Contracts_AccountBreakdownByAward_2026-09-16_H02M56S53_01.csv:row:103560,DHS_FY2025P12_c/extracted/FY2025P01-P12_070_TAS_Contracts_AccountBreakdownByAward_2026-09-16_H02M56S53_01.csv,103560,25.4,070-0540,FY2025P05,,70CTD024FC0000016,70CTD022A00000003,7012,CONT_AWD_70CTD024FC0000016_7012_70CTD022A00000003_7012,,,Contracts,,True,outside_pilot
DHS_FY2025P12_c:FY2025P01-P12_070_TAS_Contracts_AccountBreakdownByAward_2026-09-16_H02M56S53_01.csv:row:103561,DHS_FY2025P12_c/extracted/FY2025P01-P12_070_TAS_Contracts_AccountBreakdownByAward_2026-09-16_H02M56S53_01.csv,103561,25.4,070-0540,FY2025P05,,70CTD024FC0000016,70CTD022A00000003,7012,CONT_AWD_70CTD024FC0000016_7012_70CTD022A00000003_7012,,,Contracts,,True,outside_pilot
DHS_FY2025P12_c:FY2025P01-P12_070_TAS_Contracts_AccountBreakdownByAward_2026-09-16_H02M56S53_01.csv:row:103564,DHS_FY2025P12_c/extracted/FY2025P01-P12_070_TAS_Contracts_AccountBreakdownByAward_2026-09-16_H02M56S53_01.csv,103564,25.4,070-0540,FY2025P06,,70CTD024FC0000016,70CTD022A00000003,7012,CONT_AWD_70CTD024FC0000016_7012_70CTD022A00000003_7012,,,Contracts,,True,outside_pilot
DHS_FY2025P12_c:FY2025P01-P12_070_TAS_Contracts_AccountBreakdownByAward_2026-09-16_H02M56S53_01.csv:row:103565,DHS_FY2025P12_c/extracted/FY2025P01-P12_070_TAS_Contracts_AccountBreakdownByAward_2026-09-16_H02M56S53_01.csv,103565,25.4,070-0540,FY2025P09,,70CTD024FC0000016,70CTD022A00000003,7012,CONT_AWD_70CTD024FC0000016_7012_70CTD022A00000003_7012,,,Contracts,,True,outside_pilot
DHS_FY2025P12_c:FY2025P01-P12_070_TAS_Contracts_AccountBreakdownByAward_2026-09-16_H02M56S53_01.csv:row:103566,DHS_FY2025P12_c/extracted/FY2025P01-P12_070_TAS_Contracts_AccountBreakdownByAward_2026-09-16_H02M56S53_01.csv,103566,25.4,070-0540,FY2025P07,,70CTD024FC0000016,70CTD022A00000003,7012,CONT_AWD_70CTD024FC0000016_7012_70CTD022A00000003_7012,,,Contracts,,True,outside_pilot
DHS_FY2025P12_c:FY2025P01-P12_070_TAS_Contracts_AccountBreakdownByAward_2026-09-16_H02M56S53_01.csv:row:103567,DHS_FY2025P12_c/extracted/FY2025P01-P12_070_TAS_Contracts_AccountBreakdownByAward_2026-09-16_H02M56S53_01.csv,103567,25.4,070-0540,FY2025P06,,70CTD024FC0000016,70CTD022A00000003,7012,CONT_AWD_70CTD024FC0000016_7012_70CTD022A00000003_7012,,,Contracts,,True,outside_pilot
DHS_FY2025P12_c:FY2025P01-P12_070_TAS_Contracts_AccountBreakdownByAward_2026-09-16_H02M56S53_01.csv:row:103570,DHS_FY2025P12_c/extracted/FY2025P01-P12_070_TAS_Contracts_AccountBreakdownByAward_2026-09-16_H02M56S53_01.csv,103570,25.4,070-0540,FY2025P12,,70CTD024FC0000016,70CTD022A00000003,7012,CONT_AWD_70CTD024FC0000016_7012_70CTD022A00000003_7012,,,Contracts,,True,outside_pilot
DHS_FY2025P12_c:FY2025P01-P12_070_TAS_Contracts_AccountBreakdownByAward_2026-09-16_H02M56S53_01.csv:row:103571,DHS_FY2025P12_c/extracted/FY2025P01-P12_070_TAS_Contracts_AccountBreakdownByAward_2026-09-16_H02M56S53_01.csv,103571,25.4,070-0540,FY2025P12,,70CTD024FC0000016,70CTD022A00000003,7012,CONT_AWD_70CTD024FC0000016_7012_70CTD022A00000003_7012,,,Contracts,,True,outside_pilot
DHS_FY2025P12_c:FY2025P01-P12_070_TAS_Contracts_AccountBreakdownByAward_2026-09-16_H02M56S53_01.csv:row:103572,DHS_FY2025P12_c/extracted/FY2025P01-P12_070_TAS_Contracts_AccountBreakdownByAward_2026-09-16_H02M56S53_01.csv,103572,25.4,070-0540,FY2025P08,,70CTD024FC0000016,70CTD022A00000003,7012,CONT_AWD_70CTD024FC0000016_7012_70CTD022A00000003_7012,,,Contracts,,True,outside_pilot
DHS_FY2025P12_c:FY2025P01-P12_070_TAS_Contracts_AccountBreakdownByAward_2026-09-16_H02M56S53_01.csv:row:103573,DHS_FY2025P12_c/extracted/FY2025P01-P12_070_TAS_Contracts_AccountBreakdownByAward_2026-09-16_H02M56S53_01.csv,103573,25.4,070-0540,FY2025P08,,70CTD024FC0000016,70CTD022A00000003,7012,CONT_AWD_70CTD024FC0000016_7012_70CTD022A00000003_7012,,,Contracts,,True,outside_pilot
DHS_FY2025P12_c:FY2025P01-P12_070_TAS_Contracts_AccountBreakdownByAward_2026-09-16_H02M56S53_01.csv:row:103575,DHS_FY2025P12_c/extracted/FY2025P01-P12_070_TAS_Contracts_AccountBreakdownByAward_2026-09-16_H02M56S53_01.csv,103575,25.4,070-0540,FY2025P11,,70CTD024FC0000016,70CTD022A00000003,7012,CONT_AWD_70CTD024FC0000016_7012_70CTD022A00000003_7012,,,Contracts,,True,outside_pilot
DHS_FY2025P12_c:FY2025P01-P12_070_TAS_Contracts_AccountBreakdownByAward_2026-09-16_H02M56S53_01.csv:row:103576,DHS_FY2025P12_c/extracted/FY2025P01-P12_070_TAS_Contracts_AccountBreakdownByAward_2026-09-16_H02M56S53_01.csv,103576,25.4,070-0540,FY2025P10,,70CTD024FC0000016,70CTD022A00000003,7012,CONT_AWD_70CTD024FC0000016_7012_70CTD022A00000003_7012,,,Contracts,,True,outside_pilot
DHS_FY2025P12_c:FY2025P01-P12_070_TAS_Contracts_AccountBreakdownByAward_2026-09-16_H02M56S53_01.csv:row:103577,DHS_FY2025P12_c/extracted/FY2025P01-P12_070_TAS_Contracts_AccountBreakdownByAward_2026-09-16_H02M56S53_01.csv,103577,25.4,070-0540,FY2025P10,,70CTD024FC0000016,70CTD022A00000003,7012,CONT_AWD_70CTD024FC0000016_7012_70CTD022A00000003_7012,,,Contracts,,True,outside_pilot
DHS_FY2025P12_c:FY2025P01-P12_070_TAS_Contracts_AccountBreakdownByAward_2026-09-16_H02M56S53_01.csv:row:103578,DHS_FY2025P12_c/extracted/FY2025P01-P12_070_TAS_Contracts_AccountBreakdownByAward_2026-09-16_H02M56S53_01.csv,103578,25.4,070-0540,FY2025P11,,70CTD024FC0000016,70CTD022A00000003,7012,CONT_AWD_70CTD024FC0000016_7012_70CTD022A00000003_7012,,,Contracts,,True,outside_pilot
DHS_FY2025P12_c:FY2025P01-P12_070_TAS_Contracts_AccountBreakdownByAward_2026-09-16_H02M56S53_01.csv:row:105499,DHS_FY2025P12_c/extracted/FY2025P01-P12_070_TAS_Contracts_AccountBreakdownByAward_2026-09-16_H02M56S53_01.csv,105499,25.4,070-0540,FY2025P08,,70CDCR24FR0000003,HSCEDM15D00015,7012,CONT_AWD_70CDCR24FR0000003_7012_HSCEDM15D00015_7012,,,Contracts,,True,outside_pilot
DHS_FY2025P12_c:FY2025P01-P12_070_TAS_Contracts_AccountBreakdownByAward_2026-09-16_H02M56S53_01.csv:row:105506,DHS_FY2025P12_c/extracted/FY2025P01-P12_070_TAS_Contracts_AccountBreakdownByAward_2026-09-16_H02M56S53_01.csv,105506,25.4,070-0540,FY2025P05,-4814161.11,70CDCR24FR0000003,HSCEDM15D00015,7012,CONT_AWD_70CDCR24FR0000003_7012_HSCEDM15D00015_7012,,,Contracts,-4814161.11,False,outside_pilot
DHS_FY2025P12_c:FY2025P01-P12_070_TAS_Contracts_AccountBreakdownByAward_2026-09-16_H02M56S53_01.csv:row:105508,DHS_FY2025P12_c/extracted/FY2025P01-P12_070_TAS_Contracts_AccountBreakdownByAward_2026-09-16_H02M56S53_01.csv,105508,25.4,070-0540,FY2025P05,,70CDCR24FR0000003,HSCEDM15D00015,7012,CONT_AWD_70CDCR24FR0000003_7012_HSCEDM15D00015_7012,,,Contracts,,True,outside_pilot
DHS_FY2025P12_c:FY2025P01-P12_070_TAS_Contracts_AccountBreakdownByAward_2026-09-16_H02M56S53_01.csv:row:105513,DHS_FY2025P12_c/extracted/FY2025P01-P12_070_TAS_Contracts_AccountBreakdownByAward_2026-09-16_H02M56S53_01.csv,105513,25.4,070-0540,FY2025P09,,70CDCR24FR0000003,HSCEDM15D00015,7012,CONT_AWD_70CDCR24FR0000003_7012_HSCEDM15D00015_7012,,,Contracts,,True,outside_pilot
DHS_FY2025P12_c:FY2025P01-P12_070_TAS_Contracts_AccountBreakdownByAward_2026-09-16_H02M56S53_01.csv:row:105514,DHS_FY2025P12_c/extracted/FY2025P01-P12_070_TAS_Contracts_AccountBreakdownByAward_2026-09-16_H02M56S53_01.csv,105514,25.4,070-0540,FY2025P09,,70CDCR24FR0000003,HSCEDM15D00015,7012,CONT_AWD_70CDCR24FR0000003_7012_HSCEDM15D00015_7012,,,Contracts,,True,outside_pilot
DHS_FY2025P12_c:FY2025P01-P12_070_TAS_Contracts_AccountBreakdownByAward_2026-09-16_H02M56S53_01.csv:row:105517,DHS_FY2025P12_c/extracted/FY2025P01-P12_070_TAS_Contracts_AccountBreakdownByAward_2026-09-16_H02M56S53_01.csv,105517,25.4,070-0540,FY2025P07,,70CDCR24FR0000003,HSCEDM15D00015,7012,CONT_AWD_70CDCR24FR0000003_7012_HSCEDM15D00015_7012,,,Contracts,,True,outside_pilot
DHS_FY2025P12_c:FY2025P01-P12_070_TAS_Contracts_AccountBreakdownByAward_2026-09-16_H02M56S53_01.csv:row:105521,DHS_FY2025P12_c/extracted/FY2025P01-P12_070_TAS_Contracts_AccountBreakdownByAward_2026-09-16_H02M56S53_01.csv,105521,25.4,070-0540,FY2025P07,,70CDCR24FR0000003,HSCEDM15D00015,7012,CONT_AWD_70CDCR24FR0000003_7012_HSCEDM15D00015_7012,,,Contracts,,True,outside_pilot
DHS_FY2025P12_c:FY2025P01-P12_070_TAS_Contracts_AccountBreakdownByAward_2026-09-16_H02M56S53_01.csv:row:105525,DHS_FY2025P12_c/extracted/FY2025P01-P12_070_TAS_Contracts_AccountBreakdownByAward_2026-09-16_H02M56S53_01.csv,105525,25.4,070-0540,FY2025P06,,70CDCR24FR0000003,HSCEDM15D00015,7012,CONT_AWD_70CDCR24FR0000003_7012_HSCEDM15D00015_7012,,,Contracts,,True,outside_pilot
DHS_FY2025P12_c:FY2025P01-P12_070_TAS_Contracts_AccountBreakdownByAward_2026-09-16_H02M56S53_01.csv:row:105527,DHS_FY2025P12_c/extracted/FY2025P01-P12_070_TAS_Contracts_AccountBreakdownByAward_2026-09-16_H02M56S53_01.csv,105527,25.4,070-0540,FY2025P06,,70CDCR24FR0000003,HSCEDM15D00015,7012,CONT_AWD_70CDCR24FR0000003_7012_HSCEDM15D00015_7012,,,Contracts,,True,outside_pilot
DHS_FY2025P12_c:FY2025P01-P12_070_TAS_Contracts_AccountBreakdownByAward_2026-09-16_H02M56S53_01.csv:row:105531,DHS_FY2025P12_c/extracted/FY2025P01-P12_070_TAS_Contracts_AccountBreakdownByAward_2026-09-16_H02M56S53_01.csv,105531,25.4,070-0540,FY2025P11,,70CDCR24FR0000003,HSCEDM15D00015,7012,CONT_AWD_70CDCR24FR0000003_7012_HSCEDM15D00015_7012,,,Contracts,,True,outside_pilot
DHS_FY2025P12_c:FY2025P01-P12_070_TAS_Contracts_AccountBreakdownByAward_2026-09-16_H02M56S53_01.csv:row:105535,DHS_FY2025P12_c/extracted/FY2025P01-P12_070_TAS_Contracts_AccountBreakdownByAward_2026-09-16_H02M56S53_01.csv,105535,25.4,070-0540,FY2025P08,,70CDCR24FR0000003,HSCEDM15D00015,7012,CONT_AWD_70CDCR24FR0000003_7012_HSCEDM15D00015_7012,,,Contracts,,True,outside_pilot
DHS_FY2025P12_c:FY2025P01-P12_070_TAS_Contracts_AccountBreakdownByAward_2026-09-16_H02M56S53_01.csv:row:105538,DHS_FY2025P12_c/extracted/FY2025P01-P12_070_TAS_Contracts_AccountBreakdownByAward_2026-09-16_H02M56S53_01.csv,105538,25.4,070-0540,FY2025P12,,70CDCR24FR0000003,HSCEDM15D00015,7012,CONT_AWD_70CDCR24FR0000003_7012_HSCEDM15D00015_7012,,,Contracts,,True,outside_pilot
DHS_FY2025P12_c:FY2025P01-P12_070_TAS_Contracts_AccountBreakdownByAward_2026-09-16_H02M56S53_01.csv:row:105539,DHS_FY2025P12_c/extracted/FY2025P01-P12_070_TAS_Contracts_AccountBreakdownByAward_2026-09-16_H02M56S53_01.csv,105539,25.4,070-0540,FY2025P10,,70CDCR24FR0000003,HSCEDM15D00015,7012,CONT_AWD_70CDCR24FR0000003_7012_HSCEDM15D00015_7012,,,Contracts,,True,outside_pilot
DHS_FY2025P12_c:FY2025P01-P12_070_TAS_Contracts_AccountBreakdownByAward_2026-09-16_H02M56S53_01.csv:row:105541,DHS_FY2025P12_c/extracted/FY2025P01-P12_070_TAS_Contracts_AccountBreakdownByAward_2026-09-16_H02M56S53_01.csv,105541,25.4,070-0540,FY2025P10,,70CDCR24FR0000003,HSCEDM15D00015,7012,CONT_AWD_70CDCR24FR0000003_7012_HSCEDM15D00015_7012,,,Contracts,,True,outside_pilot
DHS_FY2025P12_c:FY2025P01-P12_070_TAS_Contracts_AccountBreakdownByAward_2026-09-16_H02M56S53_01.csv:row:105548,DHS_FY2025P12_c/extracted/FY2025P01-P12_070_TAS_Contracts_AccountBreakdownByAward_2026-09-16_H02M56S53_01.csv,105548,25.4,070-0540,FY2025P05,,70CDCR24FR0000003,HSCEDM15D00015,7012,CONT_AWD_70CDCR24FR0000003_7012_HSCEDM15D00015_7012,,,Contracts,,True,outside_pilot
DHS_FY2025P12_c:FY2025P01-P12_070_TAS_Contracts_AccountBreakdownByAward_2026-09-16_H02M56S53_01.csv:row:105551,DHS_FY2025P12_c/extracted/FY2025P01-P12_070_TAS_Contracts_AccountBreakdownByAward_2026-09-16_H02M56S53_01.csv,105551,25.4,070-0540,FY2025P11,,70CDCR24FR0000003,HSCEDM15D00015,7012,CONT_AWD_70CDCR24FR0000003_7012_HSCEDM15D00015_7012,,,Contracts,,True,outside_pilot
DHS_FY2025P12_c:FY2025P01-P12_070_TAS_Contracts_AccountBreakdownByAward_2026-09-16_H02M56S53_01.csv:row:105566,DHS_FY2025P12_c/extracted/FY2025P01-P12_070_TAS_Contracts_AccountBreakdownByAward_2026-09-16_H02M56S53_01.csv,105566,25.4,070-0540,FY2025P12,,70CDCR24FR0000003,HSCEDM15D00015,7012,CONT_AWD_70CDCR24FR0000003_7012_HSCEDM15D00015_7012,,,Contracts,,True,outside_pilot
DHS_FY2025P12_c:FY2025P01-P12_070_TAS_Contracts_AccountBreakdownByAward_2026-09-16_H02M56S53_01.csv:row:105567,DHS_FY2025P12_c/extracted/FY2025P01-P12_070_TAS_Contracts_AccountBreakdownByAward_2026-09-16_H02M56S53_01.csv,105567,25.4,070-0540,FY2025P08,250.00,70CDCR25FR0000081,70CDCR25D00000049,7012,CONT_AWD_70CDCR25FR0000081_7012_70CDCR25D00000049_7012,,,Contracts,250.00,False,outside_pilot
DHS_FY2025P12_c:FY2025P01-P12_070_TAS_Contracts_AccountBreakdownByAward_2026-09-16_H02M56S53_01.csv:row:10757,DHS_FY2025P12_c/extracted/FY2025P01-P12_070_TAS_Contracts_AccountBreakdownByAward_2026-09-16_H02M56S53_01.csv,10757,25.4,070-0540,FY2025P07,,70CDCR23FR0000050,HSCEDM17D00009,7012,CONT_AWD_70CDCR23FR0000050_7012_HSCEDM17D00009_7012,,,Contracts,,True,outside_pilot
DHS_FY2025P12_c:FY2025P01-P12_070_TAS_Contracts_AccountBreakdownByAward_2026-09-16_H02M56S53_01.csv:row:10759,DHS_FY2025P12_c/extracted/FY2025P01-P12_070_TAS_Contracts_AccountBreakdownByAward_2026-09-16_H02M56S53_01.csv,10759,25.4,070-0540,FY2025P10,,70CDCR23FR0000050,HSCEDM17D00009,7012,CONT_AWD_70CDCR23FR0000050_7012_HSCEDM17D00009_7012,,,Contracts,,True,outside_pilot
DHS_FY2025P12_c:FY2025P01-P12_070_TAS_Contracts_AccountBreakdownByAward_2026-09-16_H02M56S53_01.csv:row:10765,DHS_FY2025P12_c/extracted/FY2025P01-P12_070_TAS_Contracts_AccountBreakdownByAward_2026-09-16_H02M56S53_01.csv,10765,25.4,070-0540,FY2025P05,,70CDCR23FR0000050,HSCEDM17D00009,7012,CONT_AWD_70CDCR23FR0000050_7012_HSCEDM17D00009_7012,,,Contracts,,True,outside_pilot
DHS_FY2025P12_c:FY2025P01-P12_070_TAS_Contracts_AccountBreakdownByAward_2026-09-16_H02M56S53_01.csv:row:10767,DHS_FY2025P12_c/extracted/FY2025P01-P12_070_TAS_Contracts_AccountBreakdownByAward_2026-09-16_H02M56S53_01.csv,10767,25.4,070-0540,FY2025P08,,70CDCR23FR0000050,HSCEDM17D00009,7012,CONT_AWD_70CDCR23FR0000050_7012_HSCEDM17D00009_7012,,,Contracts,,True,outside_pilot
DHS_FY2025P12_c:FY2025P01-P12_070_TAS_Contracts_AccountBreakdownByAward_2026-09-16_H02M56S53_01.csv:row:10769,DHS_FY2025P12_c/extracted/FY2025P01-P12_070_TAS_Contracts_AccountBreakdownByAward_2026-09-16_H02M56S53_01.csv,10769,25.4,070-0540,FY2025P11,,70CDCR23FR0000050,HSCEDM17D00009,7012,CONT_AWD_70CDCR23FR0000050_7012_HSCEDM17D00009_7012,,,Contracts,,True,outside_pilot
DHS_FY2025P12_c:FY2025P01-P12_070_TAS_Contracts_AccountBreakdownByAward_2026-09-16_H02M56S53_01.csv:row:10771,DHS_FY2025P12_c/extracted/FY2025P01-P12_070_TAS_Contracts_AccountBreakdownByAward_2026-09-16_H02M56S53_01.csv,10771,25.4,070-0540,FY2025P09,,70CDCR23FR0000050,HSCEDM17D00009,7012,CONT_AWD_70CDCR23FR0000050_7012_HSCEDM17D00009_7012,,,Contracts,,True,outside_pilot
DHS_FY2025P12_c:FY2025P01-P12_070_TAS_Contracts_AccountBreakdownByAward_2026-09-16_H02M56S53_01.csv:row:10772,DHS_FY2025P12_c/extracted/FY2025P01-P12_070_TAS_Contracts_AccountBreakdownByAward_2026-09-16_H02M56S53_01.csv,10772,25.4,070-0540,FY2025P06,,70CDCR23FR0000050,HSCEDM17D00009,7012,CONT_AWD_70CDCR23FR0000050_7012_HSCEDM17D00009_7012,,,Contracts,,True,outside_pilot
DHS_FY2025P12_c:FY2025P01-P12_070_TAS_Contracts_AccountBreakdownByAward_2026-09-16_H02M56S53_01.csv:row:10775,DHS_FY2025P12_c/extracted/FY2025P01-P12_070_TAS_Contracts_AccountBreakdownByAward_2026-09-16_H02M56S53_01.csv,10775,25.4,070-0540,FY2025P12,,70CDCR23FR0000050,HSCEDM17D00009,7012,CONT_AWD_70CDCR23FR0000050_7012_HSCEDM17D00009_7012,,,Contracts,,True,outside_pilot
DHS_FY2025P12_c:FY2025P01-P12_070_TAS_Contracts_AccountBreakdownByAward_2026-09-16_H02M56S53_01.csv:row:112109,DHS_FY2025P12_c/extracted/FY2025P01-P12_070_TAS_Contracts_AccountBreakdownByAward_2026-09-16_H02M56S53_01.csv,112109,25.4,070-0540,FY2025P08,250.00,70CDCR25FR0000063,70CDCR25D00000059,7012,CONT_AWD_70CDCR25FR0000063_7012_70CDCR25D00000059_7012,,,Contracts,250.00,False,outside_pilot
DHS_FY2025P12_c:FY2025P01-P12_070_TAS_Contracts_AccountBreakdownByAward_2026-09-16_H02M56S53_01.csv:row:116023,DHS_FY2025P12_c/extracted/FY2025P01-P12_070_TAS_Contracts_AccountBreakdownByAward_2026-09-16_H02M56S53_01.csv,116023,25.4,070-0540,FY2025P07,,70CDCR24FR0000014,70CDCR20D00000017,7012,CONT_AWD_70CDCR24FR0000014_7012_70CDCR20D00000017_7012,,,Contracts,,True,outside_pilot
DHS_FY2025P12_c:FY2025P01-P12_070_TAS_Contracts_AccountBreakdownByAward_2026-09-16_H02M56S53_01.csv:row:116025,DHS_FY2025P12_c/extracted/FY2025P01-P12_070_TAS_Contracts_AccountBreakdownByAward_2026-09-16_H02M56S53_01.csv,116025,25.4,070-0540,FY2025P07,,70CDCR24FR0000014,70CDCR20D00000017,7012,CONT_AWD_70CDCR24FR0000014_7012_70CDCR20D00000017_7012,,,Contracts,,True,outside_pilot
DHS_FY2025P12_c:FY2025P01-P12_070_TAS_Contracts_AccountBreakdownByAward_2026-09-16_H02M56S53_01.csv:row:116026,DHS_FY2025P12_c/extracted/FY2025P01-P12_070_TAS_Contracts_AccountBreakdownByAward_2026-09-16_H02M56S53_01.csv,116026,25.4,070-0540,FY2025P06,,70CDCR24FR0000014,70CDCR20D00000017,7012,CONT_AWD_70CDCR24FR0000014_7012_70CDCR20D00000017_7012,,,Contracts,,True,outside_pilot
DHS_FY2025P12_c:FY2025P01-P12_070_TAS_Contracts_AccountBreakdownByAward_2026-09-16_H02M56S53_01.csv:row:116028,DHS_FY2025P12_c/extracted/FY2025P01-P12_070_TAS_Contracts_AccountBreakdownByAward_2026-09-16_H02M56S53_01.csv,116028,25.4,070-0540,FY2025P09,,70CDCR24FR0000014,70CDCR20D00000017,7012,CONT_AWD_70CDCR24FR0000014_7012_70CDCR20D00000017_7012,,,Contracts,,True,outside_pilot
DHS_FY2025P12_c:FY2025P01-P12_070_TAS_Contracts_AccountBreakdownByAward_2026-09-16_H02M56S53_01.csv:row:116032,DHS_FY2025P12_c/extracted/FY2025P01-P12_070_TAS_Contracts_AccountBreakdownByAward_2026-09-16_H02M56S53_01.csv,116032,25.4,070-0540,FY2025P12,,70CDCR24FR0000014,70CDCR20D00000017,7012,CONT_AWD_70CDCR24FR0000014_7012_70CDCR20D00000017_7012,,,Contracts,,True,outside_pilot
DHS_FY2025P12_c:FY2025P01-P12_070_TAS_Contracts_AccountBreakdownByAward_2026-09-16_H02M56S53_01.csv:row:116042,DHS_FY2025P12_c/extracted/FY2025P01-P12_070_TAS_Contracts_AccountBreakdownByAward_2026-09-16_H02M56S53_01.csv,116042,25.4,070-0540,FY2025P10,,70CDCR24FR0000014,70CDCR20D00000017,7012,CONT_AWD_70CDCR24FR0000014_7012_70CDCR20D00000017_7012,,,Contracts,,True,outside_pilot
DHS_FY2025P12_c:FY2025P01-P12_070_TAS_Contracts_AccountBreakdownByAward_2026-09-16_H02M56S53_01.csv:row:116044,DHS_FY2025P12_c/extracted/FY2025P01-P12_070_TAS_Contracts_AccountBreakdownByAward_2026-09-16_H02M56S53_01.csv,116044,25.4,070-0540,FY2025P10,,70CDCR24FR0000014,70CDCR20D00000017,7012,CONT_AWD_70CDCR24FR0000014_7012_70CDCR20D00000017_7012,,,Contracts,,True,outside_pilot
DHS_FY2025P12_c:FY2025P01-P12_070_TAS_Contracts_AccountBreakdownByAward_2026-09-16_H02M56S53_01.csv:row:116046,DHS_FY2025P12_c/extracted/FY2025P01-P12_070_TAS_Contracts_AccountBreakdownByAward_2026-09-16_H02M56S53_01.csv,116046,25.4,070-0540,FY2025P06,,70CDCR24FR0000014,70CDCR20D00000017,7012,CONT_AWD_70CDCR24FR0000014_7012_70CDCR20D00000017_7012,,,Contracts,,True,outside_pilot
DHS_FY2025P12_c:FY2025P01-P12_070_TAS_Contracts_AccountBreakdownByAward_2026-09-16_H02M56S53_01.csv:row:116062,DHS_FY2025P12_c/extracted/FY2025P01-P12_070_TAS_Contracts_AccountBreakdownByAward_2026-09-16_H02M56S53_01.csv,116062,25.4,070-0540,FY2025P08,-38196.12,70CDCR24FR0000014,70CDCR20D00000017,7012,CONT_AWD_70CDCR24FR0000014_7012_70CDCR20D00000017_7012,,,Contracts,-38196.12,False,outside_pilot
DHS_FY2025P12_c:FY2025P01-P12_070_TAS_Contracts_AccountBreakdownByAward_2026-09-16_H02M56S53_01.csv:row:116064,DHS_FY2025P12_c/extracted/FY2025P01-P12_070_TAS_Contracts_AccountBreakdownByAward_2026-09-16_H02M56S53_01.csv,116064,25.4,070-0540,FY2025P08,,70CDCR24FR0000014,70CDCR20D00000017,7012,CONT_AWD_70CDCR24FR0000014_7012_70CDCR20D00000017_7012,,,Contracts,,True,outside_pilot
DHS_FY2025P12_c:FY2025P01-P12_070_TAS_Contracts_AccountBreakdownByAward_2026-09-16_H02M56S53_01.csv:row:116066,DHS_FY2025P12_c/extracted/FY2025P01-P12_070_TAS_Contracts_AccountBreakdownByAward_2026-09-16_H02M56S53_01.csv,116066,25.4,070-0540,FY2025P11,,70CDCR24FR0000014,70CDCR20D00000017,7012,CONT_AWD_70CDCR24FR0000014_7012_70CDCR20D00000017_7012,,,Contracts,,True,outside_pilot
DHS_FY2025P12_c:FY2025P01-P12_070_TAS_Contracts_AccountBreakdownByAward_2026-09-16_H02M56S53_01.csv:row:116067,DHS_FY2025P12_c/extracted/FY2025P01-P12_070_TAS_Contracts_AccountBreakdownByAward_2026-09-16_H02M56S53_01.csv,116067,25.4,070-0540,FY2025P11,,70CDCR24FR0000014,70CDCR20D00000017,7012,CONT_AWD_70CDCR24FR0000014_7012_70CDCR20D00000017_7012,,,Contracts,,True,outside_pilot
DHS_FY2025P12_c:FY2025P01-P12_070_TAS_Contracts_AccountBreakdownByAward_2026-09-16_H02M56S53_01.csv:row:116073,DHS_FY2025P12_c/extracted/FY2025P01-P12_070_TAS_Contracts_AccountBreakdownByAward_2026-09-16_H02M56S53_01.csv,116073,25.4,070-0540,FY2025P05,,70CDCR24FR0000014,70CDCR20D00000017,7012,CONT_AWD_70CDCR24FR0000014_7012_70CDCR20D00000017_7012,,,Contracts,,True,outside_pilot
DHS_FY2025P12_c:FY2025P01-P12_070_TAS_Contracts_AccountBreakdownByAward_2026-09-16_H02M56S53_01.csv:row:116074,DHS_FY2025P12_c/extracted/FY2025P01-P12_070_TAS_Contracts_AccountBreakdownByAward_2026-09-16_H02M56S53_01.csv,116074,25.4,070-0540,FY2025P05,,70CDCR24FR0000014,70CDCR20D00000017,7012,CONT_AWD_70CDCR24FR0000014_7012_70CDCR20D00000017_7012,,,Contracts,,True,outside_pilot
DHS_FY2025P12_c:FY2025P01-P12_070_TAS_Contracts_AccountBreakdownByAward_2026-09-16_H02M56S53_01.csv:row:116077,DHS_FY2025P12_c/extracted/FY2025P01-P12_070_TAS_Contracts_AccountBreakdownByAward_2026-09-16_H02M56S53_01.csv,116077,25.4,070-0540,FY2025P09,,70CDCR24FR0000014,70CDCR20D00000017,7012,CONT_AWD_70CDCR24FR0000014_7012_70CDCR20D00000017_7012,,,Contracts,,True,outside_pilot
DHS_FY2025P12_c:FY2025P01-P12_070_TAS_Contracts_AccountBreakdownByAward_2026-09-16_H02M56S53_01.csv:row:116078,DHS_FY2025P12_c/extracted/FY2025P01-P12_070_TAS_Contracts_AccountBreakdownByAward_2026-09-16_H02M56S53_01.csv,116078,25.4,070-0540,FY2025P08,,70CDCR24FR0000014,70CDCR20D00000017,7012,CONT_AWD_70CDCR24FR0000014_7012_70CDCR20D00000017_7012,,,Contracts,,True,outside_pilot
DHS_FY2025P12_c:FY2025P01-P12_070_TAS_Contracts_AccountBreakdownByAward_2026-09-16_H02M56S53_01.csv:row:116081,DHS_FY2025P12_c/extracted/FY2025P01-P12_070_TAS_Contracts_AccountBreakdownByAward_2026-09-16_H02M56S53_01.csv,116081,25.4,070-0540,FY2025P12,,70CDCR24FR0000014,70CDCR20D00000017,7012,CONT_AWD_70CDCR24FR0000014_7012_70CDCR20D00000017_7012,,,Contracts,,True,outside_pilot
DHS_FY2025P12_c:FY2025P01-P12_070_TAS_Contracts_AccountBreakdownByAward_2026-09-16_H02M56S53_01.csv:row:117235,DHS_FY2025P12_c/extracted/FY2025P01-P12_070_TAS_Contracts_AccountBreakdownByAward_2026-09-16_H02M56S53_01.csv,117235,25.4,070-0540,FY2025P07,,70CDCR24FR0000007,70CDCR20D00000007,7012,CONT_AWD_70CDCR24FR0000007_7012_70CDCR20D00000007_7012,,,Contracts,,True,outside_pilot
DHS_FY2025P12_c:FY2025P01-P12_070_TAS_Contracts_AccountBreakdownByAward_2026-09-16_H02M56S53_01.csv:row:117237,DHS_FY2025P12_c/extracted/FY2025P01-P12_070_TAS_Contracts_AccountBreakdownByAward_2026-09-16_H02M56S53_01.csv,117237,25.4,070-0540,FY2025P05,,70CDCR24FR0000007,70CDCR20D00000007,7012,CONT_AWD_70CDCR24FR0000007_7012_70CDCR20D00000007_7012,,,Contracts,,True,outside_pilot
DHS_FY2025P12_c:FY2025P01-P12_070_TAS_Contracts_AccountBreakdownByAward_2026-09-16_H02M56S53_01.csv:row:117242,DHS_FY2025P12_c/extracted/FY2025P01-P12_070_TAS_Contracts_AccountBreakdownByAward_2026-09-16_H02M56S53_01.csv,117242,25.4,070-0540,FY2025P05,,70CDCR24FR0000007,70CDCR20D00000007,7012,CONT_AWD_70CDCR24FR0000007_7012_70CDCR20D00000007_7012,,,Contracts,,True,outside_pilot
DHS_FY2025P12_c:FY2025P01-P12_070_TAS_Contracts_AccountBreakdownByAward_2026-09-16_H02M56S53_01.csv:row:117249,DHS_FY2025P12_c/extracted/FY2025P01-P12_070_TAS_Contracts_AccountBreakdownByAward_2026-09-16_H02M56S53_01.csv,117249,25.4,070-0540,FY2025P06,,70CDCR24FR0000007,70CDCR20D00000007,7012,CONT_AWD_70CDCR24FR0000007_7012_70CDCR20D00000007_7012,,,Contracts,,True,outside_pilot
DHS_FY2025P12_c:FY2025P01-P12_070_TAS_Contracts_AccountBreakdownByAward_2026-09-16_H02M56S53_01.csv:row:117263,DHS_FY2025P12_c/extracted/FY2025P01-P12_070_TAS_Contracts_AccountBreakdownByAward_2026-09-16_H02M56S53_01.csv,117263,25.4,070-0540,FY2025P11,,70CDCR24FR0000007,70CDCR20D00000007,7012,CONT_AWD_70CDCR24FR0000007_7012_70CDCR20D00000007_7012,,,Contracts,,True,outside_pilot
DHS_FY2025P12_c:FY2025P01-P12_070_TAS_Contracts_AccountBreakdownByAward_2026-09-16_H02M56S53_01.csv:row:117265,DHS_FY2025P12_c/extracted/FY2025P01-P12_070_TAS_Contracts_AccountBreakdownByAward_2026-09-16_H02M56S53_01.csv,117265,25.4,070-0540,FY2025P11,,70CDCR24FR0000007,70CDCR20D00000007,7012,CONT_AWD_70CDCR24FR0000007_7012_70CDCR20D00000007_7012,,,Contracts,,True,outside_pilot
DHS_FY2025P12_c:FY2025P01-P12_070_TAS_Contracts_AccountBreakdownByAward_2026-09-16_H02M56S53_01.csv:row:117266,DHS_FY2025P12_c/extracted/FY2025P01-P12_070_TAS_Contracts_AccountBreakdownByAward_2026-09-16_H02M56S53_01.csv,117266,25.4,070-0540,FY2025P12,,70CDCR24FR0000007,70CDCR20D00000007,7012,CONT_AWD_70CDCR24FR0000007_7012_70CDCR20D00000007_7012,,,Contracts,,True,outside_pilot
DHS_FY2025P12_c:FY2025P01-P12_070_TAS_Contracts_AccountBreakdownByAward_2026-09-16_H02M56S53_01.csv:row:117269,DHS_FY2025P12_c/extracted/FY2025P01-P12_070_TAS_Contracts_AccountBreakdownByAward_2026-09-16_H02M56S53_01.csv,117269,25.4,070-0540,FY2025P07,,70CDCR24FR0000007,70CDCR20D00000007,7012,CONT_AWD_70CDCR24FR0000007_7012_70CDCR20D00000007_7012,,,Contracts,,True,outside_pilot
DHS_FY2025P12_c:FY2025P01-P12_070_TAS_Contracts_AccountBreakdownByAward_2026-09-16_H02M56S53_01.csv:row:117279,DHS_FY2025P12_c/extracted/FY2025P01-P12_070_TAS_Contracts_AccountBreakdownByAward_2026-09-16_H02M56S53_01.csv,117279,25.4,070-0540,FY2025P10,,70CDCR24FR0000007,70CDCR20D00000007,7012,CONT_AWD_70CDCR24FR0000007_7012_70CDCR20D00000007_7012,,,Contracts,,True,outside_pilot
DHS_FY2025P12_c:FY2025P01-P12_070_TAS_Contracts_AccountBreakdownByAward_2026-09-16_H02M56S53_01.csv:row:117280,DHS_FY2025P12_c/extracted/FY2025P01-P12_070_TAS_Contracts_AccountBreakdownByAward_2026-09-16_H02M56S53_01.csv,117280,25.4,070-0540,FY2025P10,,70CDCR24FR0000007,70CDCR20D00000007,7012,CONT_AWD_70CDCR24FR0000007_7012_70CDCR20D00000007_7012,,,Contracts,,True,outside_pilot
DHS_FY2025P12_c:FY2025P01-P12_070_TAS_Contracts_AccountBreakdownByAward_2026-09-16_H02M56S53_01.csv:row:117283,DHS_FY2025P12_c/extracted/FY2025P01-P12_070_TAS_Contracts_AccountBreakdownByAward_2026-09-16_H02M56S53_01.csv,117283,25.4,070-0540,FY2025P06,,70CDCR24FR0000007,70CDCR20D00000007,7012,CONT_AWD_70CDCR24FR0000007_7012_70CDCR20D00000007_7012,,,Contracts,,True,outside_pilot
DHS_FY2025P12_c:FY2025P01-P12_070_TAS_Contracts_AccountBreakdownByAward_2026-09-16_H02M56S53_01.csv:row:117299,DHS_FY2025P12_c/extracted/FY2025P01-P12_070_TAS_Contracts_AccountBreakdownByAward_2026-09-16_H02M56S53_01.csv,117299,25.4,070-0540,FY2025P08,,70CDCR24FR0000007,70CDCR20D00000007,7012,CONT_AWD_70CDCR24FR0000007_7012_70CDCR20D00000007_7012,,,Contracts,,True,outside_pilot
DHS_FY2025P12_c:FY2025P01-P12_070_TAS_Contracts_AccountBreakdownByAward_2026-09-16_H02M56S53_01.csv:row:117307,DHS_FY2025P12_c/extracted/FY2025P01-P12_070_TAS_Contracts_AccountBreakdownByAward_2026-09-16_H02M56S53_01.csv,117307,25.4,070-0540,FY2025P09,,70CDCR24FR0000007,70CDCR20D00000007,7012,CONT_AWD_70CDCR24FR0000007_7012_70CDCR20D00000007_7012,,,Contracts,,True,outside_pilot
DHS_FY2025P12_c:FY2025P01-P12_070_TAS_Contracts_AccountBreakdownByAward_2026-09-16_H02M56S53_01.csv:row:117321,DHS_FY2025P12_c/extracted/FY2025P01-P12_070_TAS_Contracts_AccountBreakdownByAward_2026-09-16_H02M56S53_01.csv,117321,25.4,070-0540,FY2025P09,,70CDCR24FR0000007,70CDCR20D00000007,7012,CONT_AWD_70CDCR24FR0000007_7012_70CDCR20D00000007_7012,,,Contracts,,True,outside_pilot
DHS_FY2025P12_c:FY2025P01-P12_070_TAS_Contracts_AccountBreakdownByAward_2026-09-16_H02M56S53_01.csv:row:117323,DHS_FY2025P12_c/extracted/FY2025P01-P12_070_TAS_Contracts_AccountBreakdownByAward_2026-09-16_H02M56S53_01.csv,117323,25.4,070-0540,FY2025P08,,70CDCR24FR0000007,70CDCR20D00000007,7012,CONT_AWD_70CDCR24FR0000007_7012_70CDCR20D00000007_7012,,,Contracts,,True,outside_pilot
DHS_FY2025P12_c:FY2025P01-P12_070_TAS_Contracts_AccountBreakdownByAward_2026-09-16_H02M56S53_01.csv:row:117343,DHS_FY2025P12_c/extracted/FY2025P01-P12_070_TAS_Contracts_AccountBreakdownByAward_2026-09-16_H02M56S53_01.csv,117343,25.4,070-0540,FY2025P12,,70CDCR24FR0000007,70CDCR20D00000007,7012,CONT_AWD_70CDCR24FR0000007_7012_70CDCR20D00000007_7012,,,Contracts,,True,outside_pilot
DHS_FY2025P12_c:FY2025P01-P12_070_TAS_Contracts_AccountBreakdownByAward_2026-09-16_H02M56S53_01.csv:row:119338,DHS_FY2025P12_c/extracted/FY2025P01-P12_070_TAS_Contracts_AccountBreakdownByAward_2026-09-16_H02M56S53_01.csv,119338,25.4,070-0540,FY2025P07,,70CMSW22P00000027,,7012,CONT_AWD_70CMSW22P00000027_7012_-NONE-_-NONE-,,,Contracts,,True,outside_pilot
DHS_FY2025P12_c:FY2025P01-P12_070_TAS_Contracts_AccountBreakdownByAward_2026-09-16_H02M56S53_01.csv:row:119340,DHS_FY2025P12_c/extracted/FY2025P01-P12_070_TAS_Contracts_AccountBreakdownByAward_2026-09-16_H02M56S53_01.csv,119340,25.4,070-0540,FY2025P07,,70CMSW22P00000027,,7012,CONT_AWD_70CMSW22P00000027_7012_-NONE-_-NONE-,,,Contracts,,True,outside_pilot
DHS_FY2025P12_c:FY2025P01-P12_070_TAS_Contracts_AccountBreakdownByAward_2026-09-16_H02M56S53_01.csv:row:119342,DHS_FY2025P12_c/extracted/FY2025P01-P12_070_TAS_Contracts_AccountBreakdownByAward_2026-09-16_H02M56S53_01.csv,119342,25.4,070-0540,FY2025P06,,70CMSW22P00000027,,7012,CONT_AWD_70CMSW22P00000027_7012_-NONE-_-NONE-,,,Contracts,,True,outside_pilot
DHS_FY2025P12_c:FY2025P01-P12_070_TAS_Contracts_AccountBreakdownByAward_2026-09-16_H02M56S53_01.csv:row:119344,DHS_FY2025P12_c/extracted/FY2025P01-P12_070_TAS_Contracts_AccountBreakdownByAward_2026-09-16_H02M56S53_01.csv,119344,25.4,070-0540,FY2025P12,,70CMSW22P00000027,,7012,CONT_AWD_70CMSW22P00000027_7012_-NONE-_-NONE-,,,Contracts,,True,outside_pilot
DHS_FY2025P12_c:FY2025P01-P12_070_TAS_Contracts_AccountBreakdownByAward_2026-09-16_H02M56S53_01.csv:row:119348,DHS_FY2025P12_c/extracted/FY2025P01-P12_070_TAS_Contracts_AccountBreakdownByAward_2026-09-16_H02M56S53_01.csv,119348,25.4,070-0540,FY2025P11,,70CMSW22P00000027,,7012,CONT_AWD_70CMSW22P00000027_7012_-NONE-_-NONE-,,,Contracts,,True,outside_pilot
DHS_FY2025P12_c:FY2025P01-P12_070_TAS_Contracts_AccountBreakdownByAward_2026-09-16_H02M56S53_01.csv:row:119349,DHS_FY2025P12_c/extracted/FY2025P01-P12_070_TAS_Contracts_AccountBreakdownByAward_2026-09-16_H02M56S53_01.csv,119349,25.4,070-0540,FY2025P11,,70CMSW22P00000027,,7012,CONT_AWD_70CMSW22P00000027_7012_-NONE-_-NONE-,,,Contracts,,True,outside_pilot
DHS_FY2025P12_c:FY2025P01-P12_070_TAS_Contracts_AccountBreakdownByAward_2026-09-16_H02M56S53_01.csv:row:119350,DHS_FY2025P12_c/extracted/FY2025P01-P12_070_TAS_Contracts_AccountBreakdownByAward_2026-09-16_H02M56S53_01.csv,119350,25.4,070-0540,FY2025P12,,70CMSW22P00000027,,7012,CONT_AWD_70CMSW22P00000027_7012_-NONE-_-NONE-,,,Contracts,,True,outside_pilot
DHS_FY2025P12_c:FY2025P01-P12_070_TAS_Contracts_AccountBreakdownByAward_2026-09-16_H02M56S53_01.csv:row:119352,DHS_FY2025P12_c/extracted/FY2025P01-P12_070_TAS_Contracts_AccountBreakdownByAward_2026-09-16_H02M56S53_01.csv,119352,25.4,070-0540,FY2025P10,,70CMSW22P00000027,,7012,CONT_AWD_70CMSW22P00000027_7012_-NONE-_-NONE-,,,Contracts,,True,outside_pilot
DHS_FY2025P12_c:FY2025P01-P12_070_TAS_Contracts_AccountBreakdownByAward_2026-09-16_H02M56S53_01.csv:row:119353,DHS_FY2025P12_c/extracted/FY2025P01-P12_070_TAS_Contracts_AccountBreakdownByAward_2026-09-16_H02M56S53_01.csv,119353,25.4,070-0540,FY2025P10,,70CMSW22P00000027,,7012,CONT_AWD_70CMSW22P00000027_7012_-NONE-_-NONE-,,,Contracts,,True,outside_pilot
DHS_FY2025P12_c:FY2025P01-P12_070_TAS_Contracts_AccountBreakdownByAward_2026-09-16_H02M56S53_01.csv:row:119356,DHS_FY2025P12_c/extracted/FY2025P01-P12_070_TAS_Contracts_AccountBreakdownByAward_2026-09-16_H02M56S53_01.csv,119356,25.4,070-0540,FY2025P06,,70CMSW22P00000027,,7012,CONT_AWD_70CMSW22P00000027_7012_-NONE-_-NONE-,,,Contracts,,True,outside_pilot
DHS_FY2025P12_c:FY2025P01-P12_070_TAS_Contracts_AccountBreakdownByAward_2026-09-16_H02M56S53_01.csv:row:119358,DHS_FY2025P12_c/extracted/FY2025P01-P12_070_TAS_Contracts_AccountBreakdownByAward_2026-09-16_H02M56S53_01.csv,119358,25.4,070-0540,FY2025P09,,70CMSW22P00000027,,7012,CONT_AWD_70CMSW22P00000027_7012_-NONE-_-NONE-,,,Contracts,,True,outside_pilot
DHS_FY2025P12_c:FY2025P01-P12_070_TAS_Contracts_AccountBreakdownByAward_2026-09-16_H02M56S53_01.csv:row:119359,DHS_FY2025P12_c/extracted/FY2025P01-P12_070_TAS_Contracts_AccountBreakdownByAward_2026-09-16_H02M56S53_01.csv,119359,25.4,070-0540,FY2025P08,,70CMSW22P00000027,,7012,CONT_AWD_70CMSW22P00000027_7012_-NONE-_-NONE-,,,Contracts,,True,outside_pilot
DHS_FY2025P12_c:FY2025P01-P12_070_TAS_Contracts_AccountBreakdownByAward_2026-09-16_H02M56S53_01.csv:row:119365,DHS_FY2025P12_c/extracted/FY2025P01-P12_070_TAS_Contracts_AccountBreakdownByAward_2026-09-16_H02M56S53_01.csv,119365,25.4,070-0540,FY2025P09,,70CMSW22P00000027,,7012,CONT_AWD_70CMSW22P00000027_7012_-NONE-_-NONE-,,,Contracts,,True,outside_pilot
DHS_FY2025P12_c:FY2025P01-P12_070_TAS_Contracts_AccountBreakdownByAward_2026-09-16_H02M56S53_01.csv:row:119369,DHS_FY2025P12_c/extracted/FY2025P01-P12_070_TAS_Contracts_AccountBreakdownByAward_2026-09-16_H02M56S53_01.csv,119369,25.4,070-0540,FY2025P05,,70CMSW22P00000027,,7012,CONT_AWD_70CMSW22P00000027_7012_-NONE-_-NONE-,,,Contracts,,True,outside_pilot
DHS_FY2025P12_c:FY2025P01-P12_070_TAS_Contracts_AccountBreakdownByAward_2026-09-16_H02M56S53_01.csv:row:119370,DHS_FY2025P12_c/extracted/FY2025P01-P12_070_TAS_Contracts_AccountBreakdownByAward_2026-09-16_H02M56S53_01.csv,119370,25.4,070-0540,FY2025P05,,70CMSW22P00000027,,7012,CONT_AWD_70CMSW22P00000027_7012_-NONE-_-NONE-,,,Contracts,,True,outside_pilot
DHS_FY2025P12_c:FY2025P01-P12_070_TAS_Contracts_AccountBreakdownByAward_2026-09-16_H02M56S53_01.csv:row:119373,DHS_FY2025P12_c/extracted/FY2025P01-P12_070_TAS_Contracts_AccountBreakdownByAward_2026-09-16_H02M56S53_01.csv,119373,25.4,070-0540,FY2025P08,,70CMSW22P00000027,,7012,CONT_AWD_70CMSW22P00000027_7012_-NONE-_-NONE-,,,Contracts,,True,outside_pilot
DHS_FY2025P12_c:FY2025P01-P12_070_TAS_Contracts_AccountBreakdownByAward_2026-09-16_H02M56S53_01.csv:row:120948,DHS_FY2025P12_c/extracted/FY2025P01-P12_070_TAS_Contracts_AccountBreakdownByAward_2026-09-16_H02M56S53_01.csv,120948,25.4,070-0540,FY2025P12,2649500.00,70CDCR25FR0000100,70CDCR21D00000004,7012,CONT_AWD_70CDCR25FR0000100_7012_70CDCR21D00000004_7012,,,Contracts,2649500.00,False,outside_pilot
DHS_FY2025P12_c:FY2025P01-P12_070_TAS_Contracts_AccountBreakdownByAward_2026-09-16_H02M56S53_01.csv:row:120950,DHS_FY2025P12_c/extracted/FY2025P01-P12_070_TAS_Contracts_AccountBreakdownByAward_2026-09-16_H02M56S53_01.csv,120950,25.4,070-0540,FY2025P11,2637300.00,70CDCR25FR0000100,70CDCR21D00000004,7012,CONT_AWD_70CDCR25FR0000100_7012_70CDCR21D00000004_7012,,,Contracts,2637300.00,False,outside_pilot
DHS_FY2025P12_c:FY2025P01-P12_070_TAS_Contracts_AccountBreakdownByAward_2026-09-16_H02M56S53_01.csv:row:121285,DHS_FY2025P12_c/extracted/FY2025P01-P12_070_TAS_Contracts_AccountBreakdownByAward_2026-09-16_H02M56S53_01.csv,121285,25.4,070-0540,FY2025P08,250.00,70CDCR25FR0000079,70CDCR25D00000044,7012,CONT_AWD_70CDCR25FR0000079_7012_70CDCR25D00000044_7012,,,Contracts,250.00,False,outside_pilot
DHS_FY2025P12_c:FY2025P01-P12_070_TAS_Contracts_AccountBreakdownByAward_2026-09-16_H02M56S53_01.csv:row:122306,DHS_FY2025P12_c/extracted/FY2025P01-P12_070_TAS_Contracts_AccountBreakdownByAward_2026-09-16_H02M56S53_01.csv,122306,25.4,070-0540,FY2025P12,,70CMSW18FR0000045,GS06Q17BQDS206,7012,CONT_AWD_70CMSW18FR0000045_7012_GS06Q17BQDS206_4732,,,Contracts,,True,outside_pilot
DHS_FY2025P12_c:FY2025P01-P12_070_TAS_Contracts_AccountBreakdownByAward_2026-09-16_H02M56S53_01.csv:row:122315,DHS_FY2025P12_c/extracted/FY2025P01-P12_070_TAS_Contracts_AccountBreakdownByAward_2026-09-16_H02M56S53_01.csv,122315,25.4,070-0540,FY2025P12,,70CMSW18FR0000045,GS06Q17BQDS206,7012,CONT_AWD_70CMSW18FR0000045_7012_GS06Q17BQDS206_4732,,,Contracts,,True,outside_pilot
DHS_FY2025P12_c:FY2025P01-P12_070_TAS_Contracts_AccountBreakdownByAward_2026-09-16_H02M56S53_01.csv:row:123267,DHS_FY2025P12_c/extracted/FY2025P01-P12_070_TAS_Contracts_AccountBreakdownByAward_2026-09-16_H02M56S53_01.csv,123267,25.4,070-0540,FY2025P08,250.00,70CDCR25FR0000047,70CDCR25D00000050,7012,CONT_AWD_70CDCR25FR0000047_7012_70CDCR25D00000050_7012,,,Contracts,250.00,False,outside_pilot
DHS_FY2025P12_c:FY2025P01-P12_070_TAS_Contracts_AccountBreakdownByAward_2026-09-16_H02M56S53_01.csv:row:128496,DHS_FY2025P12_c/extracted/FY2025P01-P12_070_TAS_Contracts_AccountBreakdownByAward_2026-09-16_H02M56S53_01.csv,128496,25.4,070-0540,FY2025P08,250.00,70CDCR25FR0000072,70CDCR25D00000024,7012,CONT_AWD_70CDCR25FR0000072_7012_70CDCR25D00000024_7012,,,Contracts,250.00,False,outside_pilot
DHS_FY2025P12_c:FY2025P01-P12_070_TAS_Contracts_AccountBreakdownByAward_2026-09-16_H02M56S53_01.csv:row:13152,DHS_FY2025P12_c/extracted/FY2025P01-P12_070_TAS_Contracts_AccountBreakdownByAward_2026-09-16_H02M56S53_01.csv,13152,25.4,070-0540,FY2025P12,749916.61,70CTD025FC0000029,70CTD022A00000002,7012,CONT_AWD_70CTD025FC0000029_7012_70CTD022A00000002_7012,,,Contracts,749916.61,False,outside_pilot
DHS_FY2025P12_c:FY2025P01-P12_070_TAS_Contracts_AccountBreakdownByAward_2026-09-16_H02M56S53_01.csv:row:135083,DHS_FY2025P12_c/extracted/FY2025P01-P12_070_TAS_Contracts_AccountBreakdownByAward_2026-09-16_H02M56S53_01.csv,135083,25.4,070-0540,FY2025P07,-24157.62,70CTD022FC0000029,70CTD022A00000002,7012,CONT_AWD_70CTD022FC0000029_7012_70CTD022A00000002_7012,,,Contracts,-24157.62,False,outside_pilot
DHS_FY2025P12_c:FY2025P01-P12_070_TAS_Contracts_AccountBreakdownByAward_2026-09-16_H02M56S53_01.csv:row:135084,DHS_FY2025P12_c/extracted/FY2025P01-P12_070_TAS_Contracts_AccountBreakdownByAward_2026-09-16_H02M56S53_01.csv,135084,25.4,070-0540,FY2025P07,-377773.73,70CTD022FC0000029,70CTD022A00000002,7012,CONT_AWD_70CTD022FC0000029_7012_70CTD022A00000002_7012,,,Contracts,-377773.73,False,outside_pilot
DHS_FY2025P12_c:FY2025P01-P12_070_TAS_Contracts_AccountBreakdownByAward_2026-09-16_H02M56S53_01.csv:row:135085,DHS_FY2025P12_c/extracted/FY2025P01-P12_070_TAS_Contracts_AccountBreakdownByAward_2026-09-16_H02M56S53_01.csv,135085,25.4,070-0540,FY2025P07,-674576.64,70CTD022FC0000029,70CTD022A00000002,7012,CONT_AWD_70CTD022FC0000029_7012_70CTD022A00000002_7012,,,Contracts,-674576.64,False,outside_pilot
DHS_FY2025P12_c:FY2025P01-P12_070_TAS_Contracts_AccountBreakdownByAward_2026-09-16_H02M56S53_01.csv:row:135788,DHS_FY2025P12_c/extracted/FY2025P01-P12_070_TAS_Contracts_AccountBreakdownByAward_2026-09-16_H02M56S53_01.csv,135788,25.4,070-0540,FY2025P09,,70CDCR24FR0000058,70CDCR24D00000008,7012,CONT_AWD_70CDCR24FR0000058_7012_70CDCR24D00000008_7012,,,Contracts,,True,outside_pilot
DHS_FY2025P12_c:FY2025P01-P12_070_TAS_Contracts_AccountBreakdownByAward_2026-09-16_H02M56S53_01.csv:row:135789,DHS_FY2025P12_c/extracted/FY2025P01-P12_070_TAS_Contracts_AccountBreakdownByAward_2026-09-16_H02M56S53_01.csv,135789,25.4,070-0540,FY2025P10,,70CDCR24FR0000058,70CDCR24D00000008,7012,CONT_AWD_70CDCR24FR0000058_7012_70CDCR24D00000008_7012,,,Contracts,,True,outside_pilot
DHS_FY2025P12_c:FY2025P01-P12_070_TAS_Contracts_AccountBreakdownByAward_2026-09-16_H02M56S53_01.csv:row:135790,DHS_FY2025P12_c/extracted/FY2025P01-P12_070_TAS_Contracts_AccountBreakdownByAward_2026-09-16_H02M56S53_01.csv,135790,25.4,070-0540,FY2025P10,,70CDCR24FR0000058,70CDCR24D00000008,7012,CONT_AWD_70CDCR24FR0000058_7012_70CDCR24D00000008_7012,,,Contracts,,True,outside_pilot
DHS_FY2025P12_c:FY2025P01-P12_070_TAS_Contracts_AccountBreakdownByAward_2026-09-16_H02M56S53_01.csv:row:135792,DHS_FY2025P12_c/extracted/FY2025P01-P12_070_TAS_Contracts_AccountBreakdownByAward_2026-09-16_H02M56S53_01.csv,135792,25.4,070-0540,FY2025P08,,70CDCR24FR0000058,70CDCR24D00000008,7012,CONT_AWD_70CDCR24FR0000058_7012_70CDCR24D00000008_7012,,,Contracts,,True,outside_pilot
DHS_FY2025P12_c:FY2025P01-P12_070_TAS_Contracts_AccountBreakdownByAward_2026-09-16_H02M56S53_01.csv:row:135793,DHS_FY2025P12_c/extracted/FY2025P01-P12_070_TAS_Contracts_AccountBreakdownByAward_2026-09-16_H02M56S53_01.csv,135793,25.4,070-0540,FY2025P07,,70CDCR24FR0000058,70CDCR24D00000008,7012,CONT_AWD_70CDCR24FR0000058_7012_70CDCR24D00000008_7012,,,Contracts,,True,outside_pilot
DHS_FY2025P12_c:FY2025P01-P12_070_TAS_Contracts_AccountBreakdownByAward_2026-09-16_H02M56S53_01.csv:row:135794,DHS_FY2025P12_c/extracted/FY2025P01-P12_070_TAS_Contracts_AccountBreakdownByAward_2026-09-16_H02M56S53_01.csv,135794,25.4,070-0540,FY2025P05,,70CDCR24FR0000058,70CDCR24D00000008,7012,CONT_AWD_70CDCR24FR0000058_7012_70CDCR24D00000008_7012,,,Contracts,,True,outside_pilot
DHS_FY2025P12_c:FY2025P01-P12_070_TAS_Contracts_AccountBreakdownByAward_2026-09-16_H02M56S53_01.csv:row:135795,DHS_FY2025P12_c/extracted/FY2025P01-P12_070_TAS_Contracts_AccountBreakdownByAward_2026-09-16_H02M56S53_01.csv,135795,25.4,070-0540,FY2025P05,7882833.23,70CDCR24FR0000058,70CDCR24D00000008,7012,CONT_AWD_70CDCR24FR0000058_7012_70CDCR24D00000008_7012,,,Contracts,7882833.23,False,outside_pilot
DHS_FY2025P12_c:FY2025P01-P12_070_TAS_Contracts_AccountBreakdownByAward_2026-09-16_H02M56S53_01.csv:row:135796,DHS_FY2025P12_c/extracted/FY2025P01-P12_070_TAS_Contracts_AccountBreakdownByAward_2026-09-16_H02M56S53_01.csv,135796,25.4,070-0540,FY2025P09,,70CDCR24FR0000058,70CDCR24D00000008,7012,CONT_AWD_70CDCR24FR0000058_7012_70CDCR24D00000008_7012,,,Contracts,,True,outside_pilot
DHS_FY2025P12_c:FY2025P01-P12_070_TAS_Contracts_AccountBreakdownByAward_2026-09-16_H02M56S53_01.csv:row:135797,DHS_FY2025P12_c/extracted/FY2025P01-P12_070_TAS_Contracts_AccountBreakdownByAward_2026-09-16_H02M56S53_01.csv,135797,25.4,070-0540,FY2025P06,,70CDCR24FR0000058,70CDCR24D00000008,7012,CONT_AWD_70CDCR24FR0000058_7012_70CDCR24D00000008_7012,,,Contracts,,True,outside_pilot
DHS_FY2025P12_c:FY2025P01-P12_070_TAS_Contracts_AccountBreakdownByAward_2026-09-16_H02M56S53_01.csv:row:135798,DHS_FY2025P12_c/extracted/FY2025P01-P12_070_TAS_Contracts_AccountBreakdownByAward_2026-09-16_H02M56S53_01.csv,135798,25.4,070-0540,FY2025P06,,70CDCR24FR0000058,70CDCR24D00000008,7012,CONT_AWD_70CDCR24FR0000058_7012_70CDCR24D00000008_7012,,,Contracts,,True,outside_pilot
DHS_FY2025P12_c:FY2025P01-P12_070_TAS_Contracts_AccountBreakdownByAward_2026-09-16_H02M56S53_01.csv:row:135799,DHS_FY2025P12_c/extracted/FY2025P01-P12_070_TAS_Contracts_AccountBreakdownByAward_2026-09-16_H02M56S53_01.csv,135799,25.4,070-0540,FY2025P08,,70CDCR24FR0000058,70CDCR24D00000008,7012,CONT_AWD_70CDCR24FR0000058_7012_70CDCR24D00000008_7012,,,Contracts,,True,outside_pilot
DHS_FY2025P12_c:FY2025P01-P12_070_TAS_Contracts_AccountBreakdownByAward_2026-09-16_H02M56S53_01.csv:row:135801,DHS_FY2025P12_c/extracted/FY2025P01-P12_070_TAS_Contracts_AccountBreakdownByAward_2026-09-16_H02M56S53_01.csv,135801,25.4,070-0540,FY2025P07,,70CDCR24FR0000058,70CDCR24D00000008,7012,CONT_AWD_70CDCR24FR0000058_7012_70CDCR24D00000008_7012,,,Contracts,,True,outside_pilot
DHS_FY2025P12_c:FY2025P01-P12_070_TAS_Contracts_AccountBreakdownByAward_2026-09-16_H02M56S53_01.csv:row:135802,DHS_FY2025P12_c/extracted/FY2025P01-P12_070_TAS_Contracts_AccountBreakdownByAward_2026-09-16_H02M56S53_01.csv,135802,25.4,070-0540,FY2025P12,,70CDCR24FR0000058,70CDCR24D00000008,7012,CONT_AWD_70CDCR24FR0000058_7012_70CDCR24D00000008_7012,,,Contracts,,True,outside_pilot
DHS_FY2025P12_c:FY2025P01-P12_070_TAS_Contracts_AccountBreakdownByAward_2026-09-16_H02M56S53_01.csv:row:135803,DHS_FY2025P12_c/extracted/FY2025P01-P12_070_TAS_Contracts_AccountBreakdownByAward_2026-09-16_H02M56S53_01.csv,135803,25.4,070-0540,FY2025P11,6333400.00,70CDCR24FR0000058,70CDCR24D00000008,7012,CONT_AWD_70CDCR24FR0000058_7012_70CDCR24D00000008_7012,,,Contracts,6333400.00,False,outside_pilot
DHS_FY2025P12_c:FY2025P01-P12_070_TAS_Contracts_AccountBreakdownByAward_2026-09-16_H02M56S53_01.csv:row:135804,DHS_FY2025P12_c/extracted/FY2025P01-P12_070_TAS_Contracts_AccountBreakdownByAward_2026-09-16_H02M56S53_01.csv,135804,25.4,070-0540,FY2025P11,,70CDCR24FR0000058,70CDCR24D00000008,7012,CONT_AWD_70CDCR24FR0000058_7012_70CDCR24D00000008_7012,,,Contracts,,True,outside_pilot
DHS_FY2025P12_c:FY2025P01-P12_070_TAS_Contracts_AccountBreakdownByAward_2026-09-16_H02M56S53_01.csv:row:135805,DHS_FY2025P12_c/extracted/FY2025P01-P12_070_TAS_Contracts_AccountBreakdownByAward_2026-09-16_H02M56S53_01.csv,135805,25.4,070-0540,FY2025P12,,70CDCR24FR0000058,70CDCR24D00000008,7012,CONT_AWD_70CDCR24FR0000058_7012_70CDCR24D00000008_7012,,,Contracts,,True,outside_pilot
DHS_FY2025P12_c:FY2025P01-P12_070_TAS_Contracts_AccountBreakdownByAward_2026-09-16_H02M56S53_01.csv:row:135806,DHS_FY2025P12_c/extracted/FY2025P01-P12_070_TAS_Contracts_AccountBreakdownByAward_2026-09-16_H02M56S53_01.csv,135806,25.4,070-0540,FY2025P08,1129700.00,70CDCR24FR0000058,70CDCR24D00000008,7012,CONT_AWD_70CDCR24FR0000058_7012_70CDCR24D00000008_7012,,,Contracts,1129700.00,False,outside_pilot
DHS_FY2025P12_c:FY2025P01-P12_070_TAS_Contracts_AccountBreakdownByAward_2026-09-16_H02M56S53_01.csv:row:135807,DHS_FY2025P12_c/extracted/FY2025P01-P12_070_TAS_Contracts_AccountBreakdownByAward_2026-09-16_H02M56S53_01.csv,135807,25.4,070-0540,FY2025P11,,70CDCR24FR0000058,70CDCR24D00000008,7012,CONT_AWD_70CDCR24FR0000058_7012_70CDCR24D00000008_7012,,,Contracts,,True,outside_pilot
DHS_FY2025P12_c:FY2025P01-P12_070_TAS_Contracts_AccountBreakdownByAward_2026-09-16_H02M56S53_01.csv:row:135808,DHS_FY2025P12_c/extracted/FY2025P01-P12_070_TAS_Contracts_AccountBreakdownByAward_2026-09-16_H02M56S53_01.csv,135808,25.4,070-0540,FY2025P12,1269022.00,70CDCR24FR0000058,70CDCR24D00000008,7012,CONT_AWD_70CDCR24FR0000058_7012_70CDCR24D00000008_7012,,,Contracts,1269022.00,False,outside_pilot
DHS_FY2025P12_c:FY2025P01-P12_070_TAS_Contracts_AccountBreakdownByAward_2026-09-16_H02M56S53_01.csv:row:135809,DHS_FY2025P12_c/extracted/FY2025P01-P12_070_TAS_Contracts_AccountBreakdownByAward_2026-09-16_H02M56S53_01.csv,135809,25.4,070-0540,FY2025P12,3065000.00,70CDCR24FR0000058,70CDCR24D00000008,7012,CONT_AWD_70CDCR24FR0000058_7012_70CDCR24D00000008_7012,,,Contracts,3065000.00,False,outside_pilot
DHS_FY2025P12_c:FY2025P01-P12_070_TAS_Contracts_AccountBreakdownByAward_2026-09-16_H02M56S53_01.csv:row:135813,DHS_FY2025P12_c/extracted/FY2025P01-P12_070_TAS_Contracts_AccountBreakdownByAward_2026-09-16_H02M56S53_01.csv,135813,25.4,070-0540,FY2025P07,564900.00,70CDCR24FR0000058,70CDCR24D00000008,7012,CONT_AWD_70CDCR24FR0000058_7012_70CDCR24D00000008_7012,,,Contracts,564900.00,False,outside_pilot
DHS_FY2025P12_c:FY2025P01-P12_070_TAS_Contracts_AccountBreakdownByAward_2026-09-16_H02M56S53_01.csv:row:139873,DHS_FY2025P12_c/extracted/FY2025P01-P12_070_TAS_Contracts_AccountBreakdownByAward_2026-09-16_H02M56S53_01.csv,139873,25.4,070-0540,FY2025P10,,70CDCR24FR0000038,70CDCR20D00000012,7012,CONT_AWD_70CDCR24FR0000038_7012_70CDCR20D00000012_7012,,,Contracts,,True,outside_pilot
DHS_FY2025P12_c:FY2025P01-P12_070_TAS_Contracts_AccountBreakdownByAward_2026-09-16_H02M56S53_01.csv:row:139874,DHS_FY2025P12_c/extracted/FY2025P01-P12_070_TAS_Contracts_AccountBreakdownByAward_2026-09-16_H02M56S53_01.csv,139874,25.4,070-0540,FY2025P10,,70CDCR24FR0000038,70CDCR20D00000012,7012,CONT_AWD_70CDCR24FR0000038_7012_70CDCR20D00000012_7012,,,Contracts,,True,outside_pilot
DHS_FY2025P12_c:FY2025P01-P12_070_TAS_Contracts_AccountBreakdownByAward_2026-09-16_H02M56S53_01.csv:row:139877,DHS_FY2025P12_c/extracted/FY2025P01-P12_070_TAS_Contracts_AccountBreakdownByAward_2026-09-16_H02M56S53_01.csv,139877,25.4,070-0540,FY2025P05,,70CDCR24FR0000038,70CDCR20D00000012,7012,CONT_AWD_70CDCR24FR0000038_7012_70CDCR20D00000012_7012,,,Contracts,,True,outside_pilot
DHS_FY2025P12_c:FY2025P01-P12_070_TAS_Contracts_AccountBreakdownByAward_2026-09-16_H02M56S53_01.csv:row:139878,DHS_FY2025P12_c/extracted/FY2025P01-P12_070_TAS_Contracts_AccountBreakdownByAward_2026-09-16_H02M56S53_01.csv,139878,25.4,070-0540,FY2025P09,,70CDCR24FR0000038,70CDCR20D00000012,7012,CONT_AWD_70CDCR24FR0000038_7012_70CDCR20D00000012_7012,,,Contracts,,True,outside_pilot
DHS_FY2025P12_c:FY2025P01-P12_070_TAS_Contracts_AccountBreakdownByAward_2026-09-16_H02M56S53_01.csv:row:139879,DHS_FY2025P12_c/extracted/FY2025P01-P12_070_TAS_Contracts_AccountBreakdownByAward_2026-09-16_H02M56S53_01.csv,139879,25.4,070-0540,FY2025P09,,70CDCR24FR0000038,70CDCR20D00000012,7012,CONT_AWD_70CDCR24FR0000038_7012_70CDCR20D00000012_7012,,,Contracts,,True,outside_pilot
DHS_FY2025P12_c:FY2025P01-P12_070_TAS_Contracts_AccountBreakdownByAward_2026-09-16_H02M56S53_01.csv:row:139893,DHS_FY2025P12_c/extracted/FY2025P01-P12_070_TAS_Contracts_AccountBreakdownByAward_2026-09-16_H02M56S53_01.csv,139893,25.4,070-0540,FY2025P06,,70CDCR24FR0000038,70CDCR20D00000012,7012,CONT_AWD_70CDCR24FR0000038_7012_70CDCR20D00000012_7012,,,Contracts,,True,outside_pilot
DHS_FY2025P12_c:FY2025P01-P12_070_TAS_Contracts_AccountBreakdownByAward_2026-09-16_H02M56S53_01.csv:row:139894,DHS_FY2025P12_c/extracted/FY2025P01-P12_070_TAS_Contracts_AccountBreakdownByAward_2026-09-16_H02M56S53_01.csv,139894,25.4,070-0540,FY2025P06,,70CDCR24FR0000038,70CDCR20D00000012,7012,CONT_AWD_70CDCR24FR0000038_7012_70CDCR20D00000012_7012,,,Contracts,,True,outside_pilot
DHS_FY2025P12_c:FY2025P01-P12_070_TAS_Contracts_AccountBreakdownByAward_2026-09-16_H02M56S53_01.csv:row:139896,DHS_FY2025P12_c/extracted/FY2025P01-P12_070_TAS_Contracts_AccountBreakdownByAward_2026-09-16_H02M56S53_01.csv,139896,25.4,070-0540,FY2025P11,,70CDCR24FR0000038,70CDCR20D00000012,7012,CONT_AWD_70CDCR24FR0000038_7012_70CDCR20D00000012_7012,,,Contracts,,True,outside_pilot
DHS_FY2025P12_c:FY2025P01-P12_070_TAS_Contracts_AccountBreakdownByAward_2026-09-16_H02M56S53_01.csv:row:139897,DHS_FY2025P12_c/extracted/FY2025P01-P12_070_TAS_Contracts_AccountBreakdownByAward_2026-09-16_H02M56S53_01.csv,139897,25.4,070-0540,FY2025P12,,70CDCR24FR0000038,70CDCR20D00000012,7012,CONT_AWD_70CDCR24FR0000038_7012_70CDCR20D00000012_7012,,,Contracts,,True,outside_pilot
DHS_FY2025P12_c:FY2025P01-P12_070_TAS_Contracts_AccountBreakdownByAward_2026-09-16_H02M56S53_01.csv:row:139903,DHS_FY2025P12_c/extracted/FY2025P01-P12_070_TAS_Contracts_AccountBreakdownByAward_2026-09-16_H02M56S53_01.csv,139903,25.4,070-0540,FY2025P05,,70CDCR24FR0000038,70CDCR20D00000012,7012,CONT_AWD_70CDCR24FR0000038_7012_70CDCR20D00000012_7012,,,Contracts,,True,outside_pilot
DHS_FY2025P12_c:FY2025P01-P12_070_TAS_Contracts_AccountBreakdownByAward_2026-09-16_H02M56S53_01.csv:row:139908,DHS_FY2025P12_c/extracted/FY2025P01-P12_070_TAS_Contracts_AccountBreakdownByAward_2026-09-16_H02M56S53_01.csv,139908,25.4,070-0540,FY2025P08,,70CDCR24FR0000038,70CDCR20D00000012,7012,CONT_AWD_70CDCR24FR0000038_7012_70CDCR20D00000012_7012,,,Contracts,,True,outside_pilot
DHS_FY2025P12_c:FY2025P01-P12_070_TAS_Contracts_AccountBreakdownByAward_2026-09-16_H02M56S53_01.csv:row:139911,DHS_FY2025P12_c/extracted/FY2025P01-P12_070_TAS_Contracts_AccountBreakdownByAward_2026-09-16_H02M56S53_01.csv,139911,25.4,070-0540,FY2025P08,,70CDCR24FR0000038,70CDCR20D00000012,7012,CONT_AWD_70CDCR24FR0000038_7012_70CDCR20D00000012_7012,,,Contracts,,True,outside_pilot
DHS_FY2025P12_c:FY2025P01-P12_070_TAS_Contracts_AccountBreakdownByAward_2026-09-16_H02M56S53_01.csv:row:139915,DHS_FY2025P12_c/extracted/FY2025P01-P12_070_TAS_Contracts_AccountBreakdownByAward_2026-09-16_H02M56S53_01.csv,139915,25.4,070-0540,FY2025P11,,70CDCR24FR0000038,70CDCR20D00000012,7012,CONT_AWD_70CDCR24FR0000038_7012_70CDCR20D00000012_7012,,,Contracts,,True,outside_pilot
DHS_FY2025P12_c:FY2025P01-P12_070_TAS_Contracts_AccountBreakdownByAward_2026-09-16_H02M56S53_01.csv:row:139924,DHS_FY2025P12_c/extracted/FY2025P01-P12_070_TAS_Contracts_AccountBreakdownByAward_2026-09-16_H02M56S53_01.csv,139924,25.4,070-0540,FY2025P07,,70CDCR24FR0000038,70CDCR20D00000012,7012,CONT_AWD_70CDCR24FR0000038_7012_70CDCR20D00000012_7012,,,Contracts,,True,outside_pilot
DHS_FY2025P12_c:FY2025P01-P12_070_TAS_Contracts_AccountBreakdownByAward_2026-09-16_H02M56S53_01.csv:row:139932,DHS_FY2025P12_c/extracted/FY2025P01-P12_070_TAS_Contracts_AccountBreakdownByAward_2026-09-16_H02M56S53_01.csv,139932,25.4,070-0540,FY2025P11,6173109.00,70CDCR24FR0000038,70CDCR20D00000012,7012,CONT_AWD_70CDCR24FR0000038_7012_70CDCR20D00000012_7012,,,Contracts,6173109.00,False,outside_pilot
DHS_FY2025P12_c:FY2025P01-P12_070_TAS_Contracts_AccountBreakdownByAward_2026-09-16_H02M56S53_01.csv:row:139935,DHS_FY2025P12_c/extracted/FY2025P01-P12_070_TAS_Contracts_AccountBreakdownByAward_2026-09-16_H02M56S53_01.csv,139935,25.4,070-0540,FY2025P12,,70CDCR24FR0000038,70CDCR20D00000012,7012,CONT_AWD_70CDCR24FR0000038_7012_70CDCR20D00000012_7012,,,Contracts,,True,outside_pilot
DHS_FY2025P12_c:FY2025P01-P12_070_TAS_Contracts_AccountBreakdownByAward_2026-09-16_H02M56S53_01.csv:row:139942,DHS_FY2025P12_c/extracted/FY2025P01-P12_070_TAS_Contracts_AccountBreakdownByAward_2026-09-16_H02M56S53_01.csv,139942,25.4,070-0540,FY2025P06,5659227.00,70CDCR24FR0000038,70CDCR20D00000012,7012,CONT_AWD_70CDCR24FR0000038_7012_70CDCR20D00000012_7012,,,Contracts,5659227.00,False,outside_pilot
DHS_FY2025P12_c:FY2025P01-P12_070_TAS_Contracts_AccountBreakdownByAward_2026-09-16_H02M56S53_01.csv:row:139948,DHS_FY2025P12_c/extracted/FY2025P01-P12_070_TAS_Contracts_AccountBreakdownByAward_2026-09-16_H02M56S53_01.csv,139948,25.4,070-0540,FY2025P07,,70CDCR24FR0000038,70CDCR20D00000012,7012,CONT_AWD_70CDCR24FR0000038_7012_70CDCR20D00000012_7012,,,Contracts,,True,outside_pilot
DHS_FY2025P12_c:FY2025P01-P12_070_TAS_Contracts_AccountBreakdownByAward_2026-09-16_H02M56S53_01.csv:row:139950,DHS_FY2025P12_c/extracted/FY2025P01-P12_070_TAS_Contracts_AccountBreakdownByAward_2026-09-16_H02M56S53_01.csv,139950,25.4,070-0540,FY2025P07,9768331.16,70CDCR24FR0000038,70CDCR20D00000012,7012,CONT_AWD_70CDCR24FR0000038_7012_70CDCR20D00000012_7012,,,Contracts,9768331.16,False,outside_pilot
DHS_FY2025P12_c:FY2025P01-P12_070_TAS_Contracts_AccountBreakdownByAward_2026-09-16_H02M56S53_01.csv:row:139952,DHS_FY2025P12_c/extracted/FY2025P01-P12_070_TAS_Contracts_AccountBreakdownByAward_2026-09-16_H02M56S53_01.csv,139952,25.4,070-0540,FY2025P07,4768370.80,70CDCR24FR0000038,70CDCR20D00000012,7012,CONT_AWD_70CDCR24FR0000038_7012_70CDCR20D00000012_7012,,,Contracts,4768370.80,False,outside_pilot
DHS_FY2025P12_c:FY2025P01-P12_070_TAS_Contracts_AccountBreakdownByAward_2026-09-16_H02M56S53_01.csv:row:144881,DHS_FY2025P12_c/extracted/FY2025P01-P12_070_TAS_Contracts_AccountBreakdownByAward_2026-09-16_H02M56S53_01.csv,144881,25.4,070-0540,FY2025P08,250.00,70CDCR25FR0000060,70CDCR25D00000022,7012,CONT_AWD_70CDCR25FR0000060_7012_70CDCR25D00000022_7012,,,Contracts,250.00,False,outside_pilot
DHS_FY2025P12_c:FY2025P01-P12_070_TAS_Contracts_AccountBreakdownByAward_2026-09-16_H02M56S53_01.csv:row:14595,DHS_FY2025P12_c/extracted/FY2025P01-P12_070_TAS_Contracts_AccountBreakdownByAward_2026-09-16_H02M56S53_01.csv,14595,25.4,070-0540,FY2025P06,,70CMSD24P00000118,,7012,CONT_AWD_70CMSD24P00000118_7012_-NONE-_-NONE-,,,Contracts,,True,outside_pilot
DHS_FY2025P12_c:FY2025P01-P12_070_TAS_Contracts_AccountBreakdownByAward_2026-09-16_H02M56S53_01.csv:row:14596,DHS_FY2025P12_c/extracted/FY2025P01-P12_070_TAS_Contracts_AccountBreakdownByAward_2026-09-16_H02M56S53_01.csv,14596,25.4,070-0540,FY2025P11,,70CMSD24P00000118,,7012,CONT_AWD_70CMSD24P00000118_7012_-NONE-_-NONE-,,,Contracts,,True,outside_pilot
DHS_FY2025P12_c:FY2025P01-P12_070_TAS_Contracts_AccountBreakdownByAward_2026-09-16_H02M56S53_01.csv:row:14597,DHS_FY2025P12_c/extracted/FY2025P01-P12_070_TAS_Contracts_AccountBreakdownByAward_2026-09-16_H02M56S53_01.csv,14597,25.4,070-0540,FY2025P09,,70CMSD24P00000118,,7012,CONT_AWD_70CMSD24P00000118_7012_-NONE-_-NONE-,,,Contracts,,True,outside_pilot
DHS_FY2025P12_c:FY2025P01-P12_070_TAS_Contracts_AccountBreakdownByAward_2026-09-16_H02M56S53_01.csv:row:14598,DHS_FY2025P12_c/extracted/FY2025P01-P12_070_TAS_Contracts_AccountBreakdownByAward_2026-09-16_H02M56S53_01.csv,14598,25.4,070-0540,FY2025P07,,70CMSD24P00000118,,7012,CONT_AWD_70CMSD24P00000118_7012_-NONE-_-NONE-,,,Contracts,,True,outside_pilot
DHS_FY2025P12_c:FY2025P01-P12_070_TAS_Contracts_AccountBreakdownByAward_2026-09-16_H02M56S53_01.csv:row:14599,DHS_FY2025P12_c/extracted/FY2025P01-P12_070_TAS_Contracts_AccountBreakdownByAward_2026-09-16_H02M56S53_01.csv,14599,25.4,070-0540,FY2025P10,,70CMSD24P00000118,,7012,CONT_AWD_70CMSD24P00000118_7012_-NONE-_-NONE-,,,Contracts,,True,outside_pilot
DHS_FY2025P12_c:FY2025P01-P12_070_TAS_Contracts_AccountBreakdownByAward_2026-09-16_H02M56S53_01.csv:row:14601,DHS_FY2025P12_c/extracted/FY2025P01-P12_070_TAS_Contracts_AccountBreakdownByAward_2026-09-16_H02M56S53_01.csv,14601,25.4,070-0540,FY2025P05,,70CMSD24P00000118,,7012,CONT_AWD_70CMSD24P00000118_7012_-NONE-_-NONE-,,,Contracts,,True,outside_pilot
DHS_FY2025P12_c:FY2025P01-P12_070_TAS_Contracts_AccountBreakdownByAward_2026-09-16_H02M56S53_01.csv:row:14602,DHS_FY2025P12_c/extracted/FY2025P01-P12_070_TAS_Contracts_AccountBreakdownByAward_2026-09-16_H02M56S53_01.csv,14602,25.4,070-0540,FY2025P08,,70CMSD24P00000118,,7012,CONT_AWD_70CMSD24P00000118_7012_-NONE-_-NONE-,,,Contracts,,True,outside_pilot
DHS_FY2025P12_c:FY2025P01-P12_070_TAS_Contracts_AccountBreakdownByAward_2026-09-16_H02M56S53_01.csv:row:14603,DHS_FY2025P12_c/extracted/FY2025P01-P12_070_TAS_Contracts_AccountBreakdownByAward_2026-09-16_H02M56S53_01.csv,14603,25.4,070-0540,FY2025P12,,70CMSD24P00000118,,7012,CONT_AWD_70CMSD24P00000118_7012_-NONE-_-NONE-,,,Contracts,,True,outside_pilot
DHS_FY2025P12_c:FY2025P01-P12_070_TAS_Contracts_AccountBreakdownByAward_2026-09-16_H02M56S53_01.csv:row:149639,DHS_FY2025P12_c/extracted/FY2025P01-P12_070_TAS_Contracts_AccountBreakdownByAward_2026-09-16_H02M56S53_01.csv,149639,25.4,070-0540,FY2025P07,,70CDCR23FR0000026,HSCEDM14D00002,7012,CONT_AWD_70CDCR23FR0000026_7012_HSCEDM14D00002_7012,,,Contracts,,True,outside_pilot
DHS_FY2025P12_c:FY2025P01-P12_070_TAS_Contracts_AccountBreakdownByAward_2026-09-16_H02M56S53_01.csv:row:149640,DHS_FY2025P12_c/extracted/FY2025P01-P12_070_TAS_Contracts_AccountBreakdownByAward_2026-09-16_H02M56S53_01.csv,149640,25.4,070-0540,FY2025P09,,70CDCR23FR0000026,HSCEDM14D00002,7012,CONT_AWD_70CDCR23FR0000026_7012_HSCEDM14D00002_7012,,,Contracts,,True,outside_pilot
DHS_FY2025P12_c:FY2025P01-P12_070_TAS_Contracts_AccountBreakdownByAward_2026-09-16_H02M56S53_01.csv:row:149648,DHS_FY2025P12_c/extracted/FY2025P01-P12_070_TAS_Contracts_AccountBreakdownByAward_2026-09-16_H02M56S53_01.csv,149648,25.4,070-0540,FY2025P06,,70CDCR23FR0000026,HSCEDM14D00002,7012,CONT_AWD_70CDCR23FR0000026_7012_HSCEDM14D00002_7012,,,Contracts,,True,outside_pilot
DHS_FY2025P12_c:FY2025P01-P12_070_TAS_Contracts_AccountBreakdownByAward_2026-09-16_H02M56S53_01.csv:row:149649,DHS_FY2025P12_c/extracted/FY2025P01-P12_070_TAS_Contracts_AccountBreakdownByAward_2026-09-16_H02M56S53_01.csv,149649,25.4,070-0540,FY2025P06,,70CDCR23FR0000026,HSCEDM14D00002,7012,CONT_AWD_70CDCR23FR0000026_7012_HSCEDM14D00002_7012,,,Contracts,,True,outside_pilot
DHS_FY2025P12_c:FY2025P01-P12_070_TAS_Contracts_AccountBreakdownByAward_2026-09-16_H02M56S53_01.csv:row:149652,DHS_FY2025P12_c/extracted/FY2025P01-P12_070_TAS_Contracts_AccountBreakdownByAward_2026-09-16_H02M56S53_01.csv,149652,25.4,070-0540,FY2025P12,,70CDCR23FR0000026,HSCEDM14D00002,7012,CONT_AWD_70CDCR23FR0000026_7012_HSCEDM14D00002_7012,,,Contracts,,True,outside_pilot
DHS_FY2025P12_c:FY2025P01-P12_070_TAS_Contracts_AccountBreakdownByAward_2026-09-16_H02M56S53_01.csv:row:149653,DHS_FY2025P12_c/extracted/FY2025P01-P12_070_TAS_Contracts_AccountBreakdownByAward_2026-09-16_H02M56S53_01.csv,149653,25.4,070-0540,FY2025P11,,70CDCR23FR0000026,HSCEDM14D00002,7012,CONT_AWD_70CDCR23FR0000026_7012_HSCEDM14D00002_7012,,,Contracts,,True,outside_pilot
DHS_FY2025P12_c:FY2025P01-P12_070_TAS_Contracts_AccountBreakdownByAward_2026-09-16_H02M56S53_01.csv:row:149654,DHS_FY2025P12_c/extracted/FY2025P01-P12_070_TAS_Contracts_AccountBreakdownByAward_2026-09-16_H02M56S53_01.csv,149654,25.4,070-0540,FY2025P12,,70CDCR23FR0000026,HSCEDM14D00002,7012,CONT_AWD_70CDCR23FR0000026_7012_HSCEDM14D00002_7012,,,Contracts,,True,outside_pilot
DHS_FY2025P12_c:FY2025P01-P12_070_TAS_Contracts_AccountBreakdownByAward_2026-09-16_H02M56S53_01.csv:row:149655,DHS_FY2025P12_c/extracted/FY2025P01-P12_070_TAS_Contracts_AccountBreakdownByAward_2026-09-16_H02M56S53_01.csv,149655,25.4,070-0540,FY2025P12,,70CDCR23FR0000026,HSCEDM14D00002,7012,CONT_AWD_70CDCR23FR0000026_7012_HSCEDM14D00002_7012,,,Contracts,,True,outside_pilot
DHS_FY2025P12_c:FY2025P01-P12_070_TAS_Contracts_AccountBreakdownByAward_2026-09-16_H02M56S53_01.csv:row:149656,DHS_FY2025P12_c/extracted/FY2025P01-P12_070_TAS_Contracts_AccountBreakdownByAward_2026-09-16_H02M56S53_01.csv,149656,25.4,070-0540,FY2025P12,811981.67,70CDCR23FR0000026,HSCEDM14D00002,7012,CONT_AWD_70CDCR23FR0000026_7012_HSCEDM14D00002_7012,,,Contracts,811981.67,False,outside_pilot
DHS_FY2025P12_c:FY2025P01-P12_070_TAS_Contracts_AccountBreakdownByAward_2026-09-16_H02M56S53_01.csv:row:149657,DHS_FY2025P12_c/extracted/FY2025P01-P12_070_TAS_Contracts_AccountBreakdownByAward_2026-09-16_H02M56S53_01.csv,149657,25.4,070-0540,FY2025P07,,70CDCR23FR0000026,HSCEDM14D00002,7012,CONT_AWD_70CDCR23FR0000026_7012_HSCEDM14D00002_7012,,,Contracts,,True,outside_pilot
DHS_FY2025P12_c:FY2025P01-P12_070_TAS_Contracts_AccountBreakdownByAward_2026-09-16_H02M56S53_01.csv:row:149660,DHS_FY2025P12_c/extracted/FY2025P01-P12_070_TAS_Contracts_AccountBreakdownByAward_2026-09-16_H02M56S53_01.csv,149660,25.4,070-0540,FY2025P05,,70CDCR23FR0000026,HSCEDM14D00002,7012,CONT_AWD_70CDCR23FR0000026_7012_HSCEDM14D00002_7012,,,Contracts,,True,outside_pilot
DHS_FY2025P12_c:FY2025P01-P12_070_TAS_Contracts_AccountBreakdownByAward_2026-09-16_H02M56S53_01.csv:row:149661,DHS_FY2025P12_c/extracted/FY2025P01-P12_070_TAS_Contracts_AccountBreakdownByAward_2026-09-16_H02M56S53_01.csv,149661,25.4,070-0540,FY2025P05,,70CDCR23FR0000026,HSCEDM14D00002,7012,CONT_AWD_70CDCR23FR0000026_7012_HSCEDM14D00002_7012,,,Contracts,,True,outside_pilot
DHS_FY2025P12_c:FY2025P01-P12_070_TAS_Contracts_AccountBreakdownByAward_2026-09-16_H02M56S53_01.csv:row:149664,DHS_FY2025P12_c/extracted/FY2025P01-P12_070_TAS_Contracts_AccountBreakdownByAward_2026-09-16_H02M56S53_01.csv,149664,25.4,070-0540,FY2025P09,,70CDCR23FR0000026,HSCEDM14D00002,7012,CONT_AWD_70CDCR23FR0000026_7012_HSCEDM14D00002_7012,,,Contracts,,True,outside_pilot
DHS_FY2025P12_c:FY2025P01-P12_070_TAS_Contracts_AccountBreakdownByAward_2026-09-16_H02M56S53_01.csv:row:149667,DHS_FY2025P12_c/extracted/FY2025P01-P12_070_TAS_Contracts_AccountBreakdownByAward_2026-09-16_H02M56S53_01.csv,149667,25.4,070-0540,FY2025P08,,70CDCR23FR0000026,HSCEDM14D00002,7012,CONT_AWD_70CDCR23FR0000026_7012_HSCEDM14D00002_7012,,,Contracts,,True,outside_pilot
DHS_FY2025P12_c:FY2025P01-P12_070_TAS_Contracts_AccountBreakdownByAward_2026-09-16_H02M56S53_01.csv:row:149668,DHS_FY2025P12_c/extracted/FY2025P01-P12_070_TAS_Contracts_AccountBreakdownByAward_2026-09-16_H02M56S53_01.csv,149668,25.4,070-0540,FY2025P08,,70CDCR23FR0000026,HSCEDM14D00002,7012,CONT_AWD_70CDCR23FR0000026_7012_HSCEDM14D00002_7012,,,Contracts,,True,outside_pilot
DHS_FY2025P12_c:FY2025P01-P12_070_TAS_Contracts_AccountBreakdownByAward_2026-09-16_H02M56S53_01.csv:row:149670,DHS_FY2025P12_c/extracted/FY2025P01-P12_070_TAS_Contracts_AccountBreakdownByAward_2026-09-16_H02M56S53_01.csv,149670,25.4,070-0540,FY2025P08,,70CDCR23FR0000026,HSCEDM14D00002,7012,CONT_AWD_70CDCR23FR0000026_7012_HSCEDM14D00002_7012,,,Contracts,,True,outside_pilot
DHS_FY2025P12_c:FY2025P01-P12_070_TAS_Contracts_AccountBreakdownByAward_2026-09-16_H02M56S53_01.csv:row:149671,DHS_FY2025P12_c/extracted/FY2025P01-P12_070_TAS_Contracts_AccountBreakdownByAward_2026-09-16_H02M56S53_01.csv,149671,25.4,070-0540,FY2025P11,,70CDCR23FR0000026,HSCEDM14D00002,7012,CONT_AWD_70CDCR23FR0000026_7012_HSCEDM14D00002_7012,,,Contracts,,True,outside_pilot
DHS_FY2025P12_c:FY2025P01-P12_070_TAS_Contracts_AccountBreakdownByAward_2026-09-16_H02M56S53_01.csv:row:149673,DHS_FY2025P12_c/extracted/FY2025P01-P12_070_TAS_Contracts_AccountBreakdownByAward_2026-09-16_H02M56S53_01.csv,149673,25.4,070-0540,FY2025P11,,70CDCR23FR0000026,HSCEDM14D00002,7012,CONT_AWD_70CDCR23FR0000026_7012_HSCEDM14D00002_7012,,,Contracts,,True,outside_pilot
DHS_FY2025P12_c:FY2025P01-P12_070_TAS_Contracts_AccountBreakdownByAward_2026-09-16_H02M56S53_01.csv:row:149675,DHS_FY2025P12_c/extracted/FY2025P01-P12_070_TAS_Contracts_AccountBreakdownByAward_2026-09-16_H02M56S53_01.csv,149675,25.4,070-0540,FY2025P12,,70CDCR23FR0000026,HSCEDM14D00002,7012,CONT_AWD_70CDCR23FR0000026_7012_HSCEDM14D00002_7012,,,Contracts,,True,outside_pilot
DHS_FY2025P12_c:FY2025P01-P12_070_TAS_Contracts_AccountBreakdownByAward_2026-09-16_H02M56S53_01.csv:row:149678,DHS_FY2025P12_c/extracted/FY2025P01-P12_070_TAS_Contracts_AccountBreakdownByAward_2026-09-16_H02M56S53_01.csv,149678,25.4,070-0540,FY2025P12,7047832.00,70CDCR23FR0000026,HSCEDM14D00002,7012,CONT_AWD_70CDCR23FR0000026_7012_HSCEDM14D00002_7012,,,Contracts,7047832.00,False,outside_pilot
DHS_FY2025P12_c:FY2025P01-P12_070_TAS_Contracts_AccountBreakdownByAward_2026-09-16_H02M56S53_01.csv:row:149682,DHS_FY2025P12_c/extracted/FY2025P01-P12_070_TAS_Contracts_AccountBreakdownByAward_2026-09-16_H02M56S53_01.csv,149682,25.4,070-0540,FY2025P10,,70CDCR23FR0000026,HSCEDM14D00002,7012,CONT_AWD_70CDCR23FR0000026_7012_HSCEDM14D00002_7012,,,Contracts,,True,outside_pilot
DHS_FY2025P12_c:FY2025P01-P12_070_TAS_Contracts_AccountBreakdownByAward_2026-09-16_H02M56S53_01.csv:row:149685,DHS_FY2025P12_c/extracted/FY2025P01-P12_070_TAS_Contracts_AccountBreakdownByAward_2026-09-16_H02M56S53_01.csv,149685,25.4,070-0540,FY2025P10,,70CDCR23FR0000026,HSCEDM14D00002,7012,CONT_AWD_70CDCR23FR0000026_7012_HSCEDM14D00002_7012,,,Contracts,,True,outside_pilot
DHS_FY2025P12_c:FY2025P01-P12_070_TAS_Contracts_AccountBreakdownByAward_2026-09-16_H02M56S53_01.csv:row:149686,DHS_FY2025P12_c/extracted/FY2025P01-P12_070_TAS_Contracts_AccountBreakdownByAward_2026-09-16_H02M56S53_01.csv,149686,25.4,070-0540,FY2025P10,,70CDCR23FR0000026,HSCEDM14D00002,7012,CONT_AWD_70CDCR23FR0000026_7012_HSCEDM14D00002_7012,,,Contracts,,True,outside_pilot
DHS_FY2025P12_c:FY2025P01-P12_070_TAS_Contracts_AccountBreakdownByAward_2026-09-16_H02M56S53_01.csv:row:149687,DHS_FY2025P12_c/extracted/FY2025P01-P12_070_TAS_Contracts_AccountBreakdownByAward_2026-09-16_H02M56S53_01.csv,149687,25.4,070-0540,FY2025P06,,70CDCR23FR0000026,HSCEDM14D00002,7012,CONT_AWD_70CDCR23FR0000026_7012_HSCEDM14D00002_7012,,,Contracts,,True,outside_pilot
DHS_FY2025P12_c:FY2025P01-P12_070_TAS_Contracts_AccountBreakdownByAward_2026-09-16_H02M56S53_01.csv:row:149688,DHS_FY2025P12_c/extracted/FY2025P01-P12_070_TAS_Contracts_AccountBreakdownByAward_2026-09-16_H02M56S53_01.csv,149688,25.4,070-0540,FY2025P05,,70CDCR23FR0000026,HSCEDM14D00002,7012,CONT_AWD_70CDCR23FR0000026_7012_HSCEDM14D00002_7012,,,Contracts,,True,outside_pilot
DHS_FY2025P12_c:FY2025P01-P12_070_TAS_Contracts_AccountBreakdownByAward_2026-09-16_H02M56S53_01.csv:row:149689,DHS_FY2025P12_c/extracted/FY2025P01-P12_070_TAS_Contracts_AccountBreakdownByAward_2026-09-16_H02M56S53_01.csv,149689,25.4,070-0540,FY2025P07,,70CDCR23FR0000026,HSCEDM14D00002,7012,CONT_AWD_70CDCR23FR0000026_7012_HSCEDM14D00002_7012,,,Contracts,,True,outside_pilot
DHS_FY2025P12_c:FY2025P01-P12_070_TAS_Contracts_AccountBreakdownByAward_2026-09-16_H02M56S53_01.csv:row:149690,DHS_FY2025P12_c/extracted/FY2025P01-P12_070_TAS_Contracts_AccountBreakdownByAward_2026-09-16_H02M56S53_01.csv,149690,25.4,070-0540,FY2025P09,,70CDCR23FR0000026,HSCEDM14D00002,7012,CONT_AWD_70CDCR23FR0000026_7012_HSCEDM14D00002_7012,,,Contracts,,True,outside_pilot
DHS_FY2025P12_c:FY2025P01-P12_070_TAS_Contracts_AccountBreakdownByAward_2026-09-16_H02M56S53_01.csv:row:150648,DHS_FY2025P12_c/extracted/FY2025P01-P12_070_TAS_Contracts_AccountBreakdownByAward_2026-09-16_H02M56S53_01.csv,150648,25.4,070-0540,FY2025P08,250.00,70CDCR25FR0000083,70CDCR25D00000034,7012,CONT_AWD_70CDCR25FR0000083_7012_70CDCR25D00000034_7012,,,Contracts,250.00,False,outside_pilot
DHS_FY2025P12_c:FY2025P01-P12_070_TAS_Contracts_AccountBreakdownByAward_2026-09-16_H02M56S53_01.csv:row:15157,DHS_FY2025P12_c/extracted/FY2025P01-P12_070_TAS_Contracts_AccountBreakdownByAward_2026-09-16_H02M56S53_01.csv,15157,25.4,070-0540,FY2025P12,3266374.00,70CDCR25FR0000094,70CDCR25D00000011,7012,CONT_AWD_70CDCR25FR0000094_7012_70CDCR25D00000011_7012,,,Contracts,3266374.00,False,outside_pilot
DHS_FY2025P12_c:FY2025P01-P12_070_TAS_Contracts_AccountBreakdownByAward_2026-09-16_H02M56S53_01.csv:row:15158,DHS_FY2025P12_c/extracted/FY2025P01-P12_070_TAS_Contracts_AccountBreakdownByAward_2026-09-16_H02M56S53_01.csv,15158,25.4,070-0540,FY2025P12,908880.12,70CDCR25FR0000094,70CDCR25D00000011,7012,CONT_AWD_70CDCR25FR0000094_7012_70CDCR25D00000011_7012,,,Contracts,908880.12,False,outside_pilot
DHS_FY2025P12_c:FY2025P01-P12_070_TAS_Contracts_AccountBreakdownByAward_2026-09-16_H02M56S53_01.csv:row:152639,DHS_FY2025P12_c/extracted/FY2025P01-P12_070_TAS_Contracts_AccountBreakdownByAward_2026-09-16_H02M56S53_01.csv,152639,25.4,070-0540,FY2025P08,250.00,70CDCR25FR0000070,70CDCR25D00000032,7012,CONT_AWD_70CDCR25FR0000070_7012_70CDCR25D00000032_7012,,,Contracts,250.00,False,outside_pilot
DHS_FY2025P12_c:FY2025P01-P12_070_TAS_Contracts_AccountBreakdownByAward_2026-09-16_H02M56S53_01.csv:row:154560,DHS_FY2025P12_c/extracted/FY2025P01-P12_070_TAS_Contracts_AccountBreakdownByAward_2026-09-16_H02M56S53_01.csv,154560,25.4,070-0540,FY2025P09,250.00,70CDCR25FR0000077,70CDCR25D00000038,7012,CONT_AWD_70CDCR25FR0000077_7012_70CDCR25D00000038_7012,,,Contracts,250.00,False,outside_pilot
DHS_FY2025P12_c:FY2025P01-P12_070_TAS_Contracts_AccountBreakdownByAward_2026-09-16_H02M56S53_01.csv:row:155398,DHS_FY2025P12_c/extracted/FY2025P01-P12_070_TAS_Contracts_AccountBreakdownByAward_2026-09-16_H02M56S53_01.csv,155398,25.4,070-0540,FY2025P12,,70CDCR25FC0000007,70CDCR18A00000007,7012,CONT_AWD_70CDCR25FC0000007_7012_70CDCR18A00000007_7012,,,Contracts,,True,outside_pilot
DHS_FY2025P12_c:FY2025P01-P12_070_TAS_Contracts_AccountBreakdownByAward_2026-09-16_H02M56S53_01.csv:row:155399,DHS_FY2025P12_c/extracted/FY2025P01-P12_070_TAS_Contracts_AccountBreakdownByAward_2026-09-16_H02M56S53_01.csv,155399,25.4,070-0540,FY2025P10,35300.00,70CDCR25FC0000007,70CDCR18A00000007,7012,CONT_AWD_70CDCR25FC0000007_7012_70CDCR18A00000007_7012,,,Contracts,35300.00,False,outside_pilot
DHS_FY2025P12_c:FY2025P01-P12_070_TAS_Contracts_AccountBreakdownByAward_2026-09-16_H02M56S53_01.csv:row:159813,DHS_FY2025P12_c/extracted/FY2025P01-P12_070_TAS_Contracts_AccountBreakdownByAward_2026-09-16_H02M56S53_01.csv,159813,25.4,070-0540,FY2025P12,15378600.00,70CDCR25FR0000123,70CDCR25D00000008,7012,CONT_AWD_70CDCR25FR0000123_7012_70CDCR25D00000008_7012,,,Contracts,15378600.00,False,outside_pilot
DHS_FY2025P12_c:FY2025P01-P12_070_TAS_Contracts_AccountBreakdownByAward_2026-09-16_H02M56S53_01.csv:row:160190,DHS_FY2025P12_c/extracted/FY2025P01-P12_070_TAS_Contracts_AccountBreakdownByAward_2026-09-16_H02M56S53_01.csv,160190,25.4,070-0540,FY2025P08,250.00,70CDCR25FR0000064,70CDCR25D00000051,7012,CONT_AWD_70CDCR25FR0000064_7012_70CDCR25D00000051_7012,,,Contracts,250.00,False,outside_pilot
DHS_FY2025P12_c:FY2025P01-P12_070_TAS_Contracts_AccountBreakdownByAward_2026-09-16_H02M56S53_01.csv:row:161830,DHS_FY2025P12_c/extracted/FY2025P01-P12_070_TAS_Contracts_AccountBreakdownByAward_2026-09-16_H02M56S53_01.csv,161830,25.4,070-0540,FY2025P07,,70CMSD20FR0000186,GS07F9400S,7012,CONT_AWD_70CMSD20FR0000186_7012_GS07F9400S_4730,,,Contracts,,True,outside_pilot
DHS_FY2025P12_c:FY2025P01-P12_070_TAS_Contracts_AccountBreakdownByAward_2026-09-16_H02M56S53_01.csv:row:161831,DHS_FY2025P12_c/extracted/FY2025P01-P12_070_TAS_Contracts_AccountBreakdownByAward_2026-09-16_H02M56S53_01.csv,161831,25.4,070-0540,FY2025P07,-36264.97,70CMSD20FR0000186,GS07F9400S,7012,CONT_AWD_70CMSD20FR0000186_7012_GS07F9400S_4730,,,Contracts,-36264.97,False,outside_pilot
DHS_FY2025P12_c:FY2025P01-P12_070_TAS_Contracts_AccountBreakdownByAward_2026-09-16_H02M56S53_01.csv:row:161832,DHS_FY2025P12_c/extracted/FY2025P01-P12_070_TAS_Contracts_AccountBreakdownByAward_2026-09-16_H02M56S53_01.csv,161832,25.4,070-0540,FY2025P07,-393459.76,70CMSD20FR0000186,GS07F9400S,7012,CONT_AWD_70CMSD20FR0000186_7012_GS07F9400S_4730,,,Contracts,-393459.76,False,outside_pilot
DHS_FY2025P12_c:FY2025P01-P12_070_TAS_Contracts_AccountBreakdownByAward_2026-09-16_H02M56S53_01.csv:row:161833,DHS_FY2025P12_c/extracted/FY2025P01-P12_070_TAS_Contracts_AccountBreakdownByAward_2026-09-16_H02M56S53_01.csv,161833,25.4,070-0540,FY2025P07,-507212.52,70CMSD20FR0000186,GS07F9400S,7012,CONT_AWD_70CMSD20FR0000186_7012_GS07F9400S_4730,,,Contracts,-507212.52,False,outside_pilot
DHS_FY2025P12_c:FY2025P01-P12_070_TAS_Contracts_AccountBreakdownByAward_2026-09-16_H02M56S53_01.csv:row:161834,DHS_FY2025P12_c/extracted/FY2025P01-P12_070_TAS_Contracts_AccountBreakdownByAward_2026-09-16_H02M56S53_01.csv,161834,25.4,070-0540,FY2025P07,-362526.09,70CMSD20FR0000186,GS07F9400S,7012,CONT_AWD_70CMSD20FR0000186_7012_GS07F9400S_4730,,,Contracts,-362526.09,False,outside_pilot
DHS_FY2025P12_c:FY2025P01-P12_070_TAS_Contracts_AccountBreakdownByAward_2026-09-16_H02M56S53_01.csv:row:161835,DHS_FY2025P12_c/extracted/FY2025P01-P12_070_TAS_Contracts_AccountBreakdownByAward_2026-09-16_H02M56S53_01.csv,161835,25.4,070-0540,FY2025P09,,70CMSD20FR0000186,GS07F9400S,7012,CONT_AWD_70CMSD20FR0000186_7012_GS07F9400S_4730,,,Contracts,,True,outside_pilot
DHS_FY2025P12_c:FY2025P01-P12_070_TAS_Contracts_AccountBreakdownByAward_2026-09-16_H02M56S53_01.csv:row:161836,DHS_FY2025P12_c/extracted/FY2025P01-P12_070_TAS_Contracts_AccountBreakdownByAward_2026-09-16_H02M56S53_01.csv,161836,25.4,070-0540,FY2025P08,,70CMSD20FR0000186,GS07F9400S,7012,CONT_AWD_70CMSD20FR0000186_7012_GS07F9400S_4730,,,Contracts,,True,outside_pilot
DHS_FY2025P12_c:FY2025P01-P12_070_TAS_Contracts_AccountBreakdownByAward_2026-09-16_H02M56S53_01.csv:row:161837,DHS_FY2025P12_c/extracted/FY2025P01-P12_070_TAS_Contracts_AccountBreakdownByAward_2026-09-16_H02M56S53_01.csv,161837,25.4,070-0540,FY2025P05,,70CMSD20FR0000186,GS07F9400S,7012,CONT_AWD_70CMSD20FR0000186_7012_GS07F9400S_4730,,,Contracts,,True,outside_pilot
DHS_FY2025P12_c:FY2025P01-P12_070_TAS_Contracts_AccountBreakdownByAward_2026-09-16_H02M56S53_01.csv:row:161838,DHS_FY2025P12_c/extracted/FY2025P01-P12_070_TAS_Contracts_AccountBreakdownByAward_2026-09-16_H02M56S53_01.csv,161838,25.4,070-0540,FY2025P06,,70CMSD20FR0000186,GS07F9400S,7012,CONT_AWD_70CMSD20FR0000186_7012_GS07F9400S_4730,,,Contracts,,True,outside_pilot
DHS_FY2025P12_c:FY2025P01-P12_070_TAS_Contracts_AccountBreakdownByAward_2026-09-16_H02M56S53_01.csv:row:161839,DHS_FY2025P12_c/extracted/FY2025P01-P12_070_TAS_Contracts_AccountBreakdownByAward_2026-09-16_H02M56S53_01.csv,161839,25.4,070-0540,FY2025P10,,70CMSD20FR0000186,GS07F9400S,7012,CONT_AWD_70CMSD20FR0000186_7012_GS07F9400S_4730,,,Contracts,,True,outside_pilot
DHS_FY2025P12_c:FY2025P01-P12_070_TAS_Contracts_AccountBreakdownByAward_2026-09-16_H02M56S53_01.csv:row:161841,DHS_FY2025P12_c/extracted/FY2025P01-P12_070_TAS_Contracts_AccountBreakdownByAward_2026-09-16_H02M56S53_01.csv,161841,25.4,070-0540,FY2025P11,,70CMSD20FR0000186,GS07F9400S,7012,CONT_AWD_70CMSD20FR0000186_7012_GS07F9400S_4730,,,Contracts,,True,outside_pilot
DHS_FY2025P12_c:FY2025P01-P12_070_TAS_Contracts_AccountBreakdownByAward_2026-09-16_H02M56S53_01.csv:row:161842,DHS_FY2025P12_c/extracted/FY2025P01-P12_070_TAS_Contracts_AccountBreakdownByAward_2026-09-16_H02M56S53_01.csv,161842,25.4,070-0540,FY2025P12,,70CMSD20FR0000186,GS07F9400S,7012,CONT_AWD_70CMSD20FR0000186_7012_GS07F9400S_4730,,,Contracts,,True,outside_pilot
DHS_FY2025P12_c:FY2025P01-P12_070_TAS_Contracts_AccountBreakdownByAward_2026-09-16_H02M56S53_01.csv:row:162302,DHS_FY2025P12_c/extracted/FY2025P01-P12_070_TAS_Contracts_AccountBreakdownByAward_2026-09-16_H02M56S53_01.csv,162302,25.4,070-0540,FY2025P12,4561917.94,70CTD025FC0000025,70CTD022A00000002,7012,CONT_AWD_70CTD025FC0000025_7012_70CTD022A00000002_7012,,,Contracts,4561917.94,False,outside_pilot
DHS_FY2025P12_c:FY2025P01-P12_070_TAS_Contracts_AccountBreakdownByAward_2026-09-16_H02M56S53_01.csv:row:162303,DHS_FY2025P12_c/extracted/FY2025P01-P12_070_TAS_Contracts_AccountBreakdownByAward_2026-09-16_H02M56S53_01.csv,162303,25.4,070-0540,FY2025P12,520877.82,70CTD025FC0000025,70CTD022A00000002,7012,CONT_AWD_70CTD025FC0000025_7012_70CTD022A00000002_7012,,,Contracts,520877.82,False,outside_pilot
DHS_FY2025P12_c:FY2025P01-P12_070_TAS_Contracts_AccountBreakdownByAward_2026-09-16_H02M56S53_01.csv:row:162304,DHS_FY2025P12_c/extracted/FY2025P01-P12_070_TAS_Contracts_AccountBreakdownByAward_2026-09-16_H02M56S53_01.csv,162304,25.4,070-0540,FY2025P12,1999900.46,70CTD025FC0000025,70CTD022A00000002,7012,CONT_AWD_70CTD025FC0000025_7012_70CTD022A00000002_7012,,,Contracts,1999900.46,False,outside_pilot
DHS_FY2025P12_c:FY2025P01-P12_070_TAS_Contracts_AccountBreakdownByAward_2026-09-16_H02M56S53_01.csv:row:162305,DHS_FY2025P12_c/extracted/FY2025P01-P12_070_TAS_Contracts_AccountBreakdownByAward_2026-09-16_H02M56S53_01.csv,162305,25.4,070-0540,FY2025P12,48463.00,70CTD025FC0000025,70CTD022A00000002,7012,CONT_AWD_70CTD025FC0000025_7012_70CTD022A00000002_7012,,,Contracts,48463.00,False,outside_pilot
DHS_FY2025P12_c:FY2025P01-P12_070_TAS_Contracts_AccountBreakdownByAward_2026-09-16_H02M56S53_01.csv:row:162306,DHS_FY2025P12_c/extracted/FY2025P01-P12_070_TAS_Contracts_AccountBreakdownByAward_2026-09-16_H02M56S53_01.csv,162306,25.4,070-0540,FY2025P12,180264.04,70CTD025FC0000025,70CTD022A00000002,7012,CONT_AWD_70CTD025FC0000025_7012_70CTD022A00000002_7012,,,Contracts,180264.04,False,outside_pilot
DHS_FY2025P12_c:FY2025P01-P12_070_TAS_Contracts_AccountBreakdownByAward_2026-09-16_H02M56S53_01.csv:row:163533,DHS_FY2025P12_c/extracted/FY2025P01-P12_070_TAS_Contracts_AccountBreakdownByAward_2026-09-16_H02M56S53_01.csv,163533,25.4,070-0540,FY2025P08,,70CDCR24FR0000019,HSCEDM15D00002,7012,CONT_AWD_70CDCR24FR0000019_7012_HSCEDM15D00002_7012,,,Contracts,,True,outside_pilot
DHS_FY2025P12_c:FY2025P01-P12_070_TAS_Contracts_AccountBreakdownByAward_2026-09-16_H02M56S53_01.csv:row:163548,DHS_FY2025P12_c/extracted/FY2025P01-P12_070_TAS_Contracts_AccountBreakdownByAward_2026-09-16_H02M56S53_01.csv,163548,25.4,070-0540,FY2025P07,,70CDCR24FR0000019,HSCEDM15D00002,7012,CONT_AWD_70CDCR24FR0000019_7012_HSCEDM15D00002_7012,,,Contracts,,True,outside_pilot
DHS_FY2025P12_c:FY2025P01-P12_070_TAS_Contracts_AccountBreakdownByAward_2026-09-16_H02M56S53_01.csv:row:163549,DHS_FY2025P12_c/extracted/FY2025P01-P12_070_TAS_Contracts_AccountBreakdownByAward_2026-09-16_H02M56S53_01.csv,163549,25.4,070-0540,FY2025P06,,70CDCR24FR0000019,HSCEDM15D00002,7012,CONT_AWD_70CDCR24FR0000019_7012_HSCEDM15D00002_7012,,,Contracts,,True,outside_pilot
DHS_FY2025P12_c:FY2025P01-P12_070_TAS_Contracts_AccountBreakdownByAward_2026-09-16_H02M56S53_01.csv:row:163553,DHS_FY2025P12_c/extracted/FY2025P01-P12_070_TAS_Contracts_AccountBreakdownByAward_2026-09-16_H02M56S53_01.csv,163553,25.4,070-0540,FY2025P12,,70CDCR24FR0000019,HSCEDM15D00002,7012,CONT_AWD_70CDCR24FR0000019_7012_HSCEDM15D00002_7012,,,Contracts,,True,outside_pilot
DHS_FY2025P12_c:FY2025P01-P12_070_TAS_Contracts_AccountBreakdownByAward_2026-09-16_H02M56S53_01.csv:row:163554,DHS_FY2025P12_c/extracted/FY2025P01-P12_070_TAS_Contracts_AccountBreakdownByAward_2026-09-16_H02M56S53_01.csv,163554,25.4,070-0540,FY2025P12,,70CDCR24FR0000019,HSCEDM15D00002,7012,CONT_AWD_70CDCR24FR0000019_7012_HSCEDM15D00002_7012,,,Contracts,,True,outside_pilot
DHS_FY2025P12_c:FY2025P01-P12_070_TAS_Contracts_AccountBreakdownByAward_2026-09-16_H02M56S53_01.csv:row:163558,DHS_FY2025P12_c/extracted/FY2025P01-P12_070_TAS_Contracts_AccountBreakdownByAward_2026-09-16_H02M56S53_01.csv,163558,25.4,070-0540,FY2025P05,,70CDCR24FR0000019,HSCEDM15D00002,7012,CONT_AWD_70CDCR24FR0000019_7012_HSCEDM15D00002_7012,,,Contracts,,True,outside_pilot
DHS_FY2025P12_c:FY2025P01-P12_070_TAS_Contracts_AccountBreakdownByAward_2026-09-16_H02M56S53_01.csv:row:163566,DHS_FY2025P12_c/extracted/FY2025P01-P12_070_TAS_Contracts_AccountBreakdownByAward_2026-09-16_H02M56S53_01.csv,163566,25.4,070-0540,FY2025P11,,70CDCR24FR0000019,HSCEDM15D00002,7012,CONT_AWD_70CDCR24FR0000019_7012_HSCEDM15D00002_7012,,,Contracts,,True,outside_pilot
DHS_FY2025P12_c:FY2025P01-P12_070_TAS_Contracts_AccountBreakdownByAward_2026-09-16_H02M56S53_01.csv:row:163570,DHS_FY2025P12_c/extracted/FY2025P01-P12_070_TAS_Contracts_AccountBreakdownByAward_2026-09-16_H02M56S53_01.csv,163570,25.4,070-0540,FY2025P10,,70CDCR24FR0000019,HSCEDM15D00002,7012,CONT_AWD_70CDCR24FR0000019_7012_HSCEDM15D00002_7012,,,Contracts,,True,outside_pilot
DHS_FY2025P12_c:FY2025P01-P12_070_TAS_Contracts_AccountBreakdownByAward_2026-09-16_H02M56S53_01.csv:row:163571,DHS_FY2025P12_c/extracted/FY2025P01-P12_070_TAS_Contracts_AccountBreakdownByAward_2026-09-16_H02M56S53_01.csv,163571,25.4,070-0540,FY2025P10,,70CDCR24FR0000019,HSCEDM15D00002,7012,CONT_AWD_70CDCR24FR0000019_7012_HSCEDM15D00002_7012,,,Contracts,,True,outside_pilot
DHS_FY2025P12_c:FY2025P01-P12_070_TAS_Contracts_AccountBreakdownByAward_2026-09-16_H02M56S53_01.csv:row:163579,DHS_FY2025P12_c/extracted/FY2025P01-P12_070_TAS_Contracts_AccountBreakdownByAward_2026-09-16_H02M56S53_01.csv,163579,25.4,070-0540,FY2025P07,,70CDCR24FR0000019,HSCEDM15D00002,7012,CONT_AWD_70CDCR24FR0000019_7012_HSCEDM15D00002_7012,,,Contracts,,True,outside_pilot
DHS_FY2025P12_c:FY2025P01-P12_070_TAS_Contracts_AccountBreakdownByAward_2026-09-16_H02M56S53_01.csv:row:163581,DHS_FY2025P12_c/extracted/FY2025P01-P12_070_TAS_Contracts_AccountBreakdownByAward_2026-09-16_H02M56S53_01.csv,163581,25.4,070-0540,FY2025P05,,70CDCR24FR0000019,HSCEDM15D00002,7012,CONT_AWD_70CDCR24FR0000019_7012_HSCEDM15D00002_7012,,,Contracts,,True,outside_pilot
DHS_FY2025P12_c:FY2025P01-P12_070_TAS_Contracts_AccountBreakdownByAward_2026-09-16_H02M56S53_01.csv:row:163582,DHS_FY2025P12_c/extracted/FY2025P01-P12_070_TAS_Contracts_AccountBreakdownByAward_2026-09-16_H02M56S53_01.csv,163582,25.4,070-0540,FY2025P09,,70CDCR24FR0000019,HSCEDM15D00002,7012,CONT_AWD_70CDCR24FR0000019_7012_HSCEDM15D00002_7012,,,Contracts,,True,outside_pilot
DHS_FY2025P12_c:FY2025P01-P12_070_TAS_Contracts_AccountBreakdownByAward_2026-09-16_H02M56S53_01.csv:row:163583,DHS_FY2025P12_c/extracted/FY2025P01-P12_070_TAS_Contracts_AccountBreakdownByAward_2026-09-16_H02M56S53_01.csv,163583,25.4,070-0540,FY2025P09,,70CDCR24FR0000019,HSCEDM15D00002,7012,CONT_AWD_70CDCR24FR0000019_7012_HSCEDM15D00002_7012,,,Contracts,,True,outside_pilot
DHS_FY2025P12_c:FY2025P01-P12_070_TAS_Contracts_AccountBreakdownByAward_2026-09-16_H02M56S53_01.csv:row:163586,DHS_FY2025P12_c/extracted/FY2025P01-P12_070_TAS_Contracts_AccountBreakdownByAward_2026-09-16_H02M56S53_01.csv,163586,25.4,070-0540,FY2025P08,,70CDCR24FR0000019,HSCEDM15D00002,7012,CONT_AWD_70CDCR24FR0000019_7012_HSCEDM15D00002_7012,,,Contracts,,True,outside_pilot
DHS_FY2025P12_c:FY2025P01-P12_070_TAS_Contracts_AccountBreakdownByAward_2026-09-16_H02M56S53_01.csv:row:163588,DHS_FY2025P12_c/extracted/FY2025P01-P12_070_TAS_Contracts_AccountBreakdownByAward_2026-09-16_H02M56S53_01.csv,163588,25.4,070-0540,FY2025P11,,70CDCR24FR0000019,HSCEDM15D00002,7012,CONT_AWD_70CDCR24FR0000019_7012_HSCEDM15D00002_7012,,,Contracts,,True,outside_pilot
DHS_FY2025P12_c:FY2025P01-P12_070_TAS_Contracts_AccountBreakdownByAward_2026-09-16_H02M56S53_01.csv:row:163590,DHS_FY2025P12_c/extracted/FY2025P01-P12_070_TAS_Contracts_AccountBreakdownByAward_2026-09-16_H02M56S53_01.csv,163590,25.4,070-0540,FY2025P06,,70CDCR24FR0000019,HSCEDM15D00002,7012,CONT_AWD_70CDCR24FR0000019_7012_HSCEDM15D00002_7012,,,Contracts,,True,outside_pilot
DHS_FY2025P12_c:FY2025P01-P12_070_TAS_Contracts_AccountBreakdownByAward_2026-09-16_H02M56S53_01.csv:row:164879,DHS_FY2025P12_c/extracted/FY2025P01-P12_070_TAS_Contracts_AccountBreakdownByAward_2026-09-16_H02M56S53_01.csv,164879,25.4,070-0540,FY2025P12,7214900.00,70CDCR25FR0000095,70CDCR20D00000014,7012,CONT_AWD_70CDCR25FR0000095_7012_70CDCR20D00000014_7012,,,Contracts,7214900.00,False,outside_pilot
DHS_FY2025P12_c:FY2025P01-P12_070_TAS_Contracts_AccountBreakdownByAward_2026-09-16_H02M56S53_01.csv:row:164880,DHS_FY2025P12_c/extracted/FY2025P01-P12_070_TAS_Contracts_AccountBreakdownByAward_2026-09-16_H02M56S53_01.csv,164880,25.4,070-0540,FY2025P12,4133300.00,70CDCR25FR0000095,70CDCR20D00000014,7012,CONT_AWD_70CDCR25FR0000095_7012_70CDCR20D00000014_7012,,,Contracts,4133300.00,False,outside_pilot
DHS_FY2025P12_c:FY2025P01-P12_070_TAS_Contracts_AccountBreakdownByAward_2026-09-16_H02M56S53_01.csv:row:167916,DHS_FY2025P12_c/extracted/FY2025P01-P12_070_TAS_Contracts_AccountBreakdownByAward_2026-09-16_H02M56S53_01.csv,167916,25.4,070-0540,FY2025P10,,70CDCR23FR0000019,HSCEDM15D00002,7012,CONT_AWD_70CDCR23FR0000019_7012_HSCEDM15D00002_7012,,,Contracts,,True,outside_pilot
DHS_FY2025P12_c:FY2025P01-P12_070_TAS_Contracts_AccountBreakdownByAward_2026-09-16_H02M56S53_01.csv:row:167919,DHS_FY2025P12_c/extracted/FY2025P01-P12_070_TAS_Contracts_AccountBreakdownByAward_2026-09-16_H02M56S53_01.csv,167919,25.4,070-0540,FY2025P06,,70CDCR23FR0000019,HSCEDM15D00002,7012,CONT_AWD_70CDCR23FR0000019_7012_HSCEDM15D00002_7012,,,Contracts,,True,outside_pilot
DHS_FY2025P12_c:FY2025P01-P12_070_TAS_Contracts_AccountBreakdownByAward_2026-09-16_H02M56S53_01.csv:row:167922,DHS_FY2025P12_c/extracted/FY2025P01-P12_070_TAS_Contracts_AccountBreakdownByAward_2026-09-16_H02M56S53_01.csv,167922,25.4,070-0540,FY2025P08,,70CDCR23FR0000019,HSCEDM15D00002,7012,CONT_AWD_70CDCR23FR0000019_7012_HSCEDM15D00002_7012,,,Contracts,,True,outside_pilot
DHS_FY2025P12_c:FY2025P01-P12_070_TAS_Contracts_AccountBreakdownByAward_2026-09-16_H02M56S53_01.csv:row:167926,DHS_FY2025P12_c/extracted/FY2025P01-P12_070_TAS_Contracts_AccountBreakdownByAward_2026-09-16_H02M56S53_01.csv,167926,25.4,070-0540,FY2025P07,,70CDCR23FR0000019,HSCEDM15D00002,7012,CONT_AWD_70CDCR23FR0000019_7012_HSCEDM15D00002_7012,,,Contracts,,True,outside_pilot
DHS_FY2025P12_c:FY2025P01-P12_070_TAS_Contracts_AccountBreakdownByAward_2026-09-16_H02M56S53_01.csv:row:167929,DHS_FY2025P12_c/extracted/FY2025P01-P12_070_TAS_Contracts_AccountBreakdownByAward_2026-09-16_H02M56S53_01.csv,167929,25.4,070-0540,FY2025P12,,70CDCR23FR0000019,HSCEDM15D00002,7012,CONT_AWD_70CDCR23FR0000019_7012_HSCEDM15D00002_7012,,,Contracts,,True,outside_pilot
DHS_FY2025P12_c:FY2025P01-P12_070_TAS_Contracts_AccountBreakdownByAward_2026-09-16_H02M56S53_01.csv:row:167931,DHS_FY2025P12_c/extracted/FY2025P01-P12_070_TAS_Contracts_AccountBreakdownByAward_2026-09-16_H02M56S53_01.csv,167931,25.4,070-0540,FY2025P11,,70CDCR23FR0000019,HSCEDM15D00002,7012,CONT_AWD_70CDCR23FR0000019_7012_HSCEDM15D00002_7012,,,Contracts,,True,outside_pilot
DHS_FY2025P12_c:FY2025P01-P12_070_TAS_Contracts_AccountBreakdownByAward_2026-09-16_H02M56S53_01.csv:row:167935,DHS_FY2025P12_c/extracted/FY2025P01-P12_070_TAS_Contracts_AccountBreakdownByAward_2026-09-16_H02M56S53_01.csv,167935,25.4,070-0540,FY2025P09,,70CDCR23FR0000019,HSCEDM15D00002,7012,CONT_AWD_70CDCR23FR0000019_7012_HSCEDM15D00002_7012,,,Contracts,,True,outside_pilot
DHS_FY2025P12_c:FY2025P01-P12_070_TAS_Contracts_AccountBreakdownByAward_2026-09-16_H02M56S53_01.csv:row:167936,DHS_FY2025P12_c/extracted/FY2025P01-P12_070_TAS_Contracts_AccountBreakdownByAward_2026-09-16_H02M56S53_01.csv,167936,25.4,070-0540,FY2025P05,,70CDCR23FR0000019,HSCEDM15D00002,7012,CONT_AWD_70CDCR23FR0000019_7012_HSCEDM15D00002_7012,,,Contracts,,True,outside_pilot
DHS_FY2025P12_c:FY2025P01-P12_070_TAS_Contracts_AccountBreakdownByAward_2026-09-16_H02M56S53_01.csv:row:168738,DHS_FY2025P12_c/extracted/FY2025P01-P12_070_TAS_Contracts_AccountBreakdownByAward_2026-09-16_H02M56S53_01.csv,168738,25.4,070-0540,FY2025P08,250.00,70CDCR25FR0000065,70CDCR25D00000037,7012,CONT_AWD_70CDCR25FR0000065_7012_70CDCR25D00000037_7012,,,Contracts,250.00,False,outside_pilot
DHS_FY2025P12_c:FY2025P01-P12_070_TAS_Contracts_AccountBreakdownByAward_2026-09-16_H02M56S53_01.csv:row:169492,DHS_FY2025P12_c/extracted/FY2025P01-P12_070_TAS_Contracts_AccountBreakdownByAward_2026-09-16_H02M56S53_01.csv,169492,25.4,070-0540,FY2025P10,,70CDCR24FC0000005,70CDCR18A00000007,7012,CONT_AWD_70CDCR24FC0000005_7012_70CDCR18A00000007_7012,,,Contracts,,True,outside_pilot
DHS_FY2025P12_c:FY2025P01-P12_070_TAS_Contracts_AccountBreakdownByAward_2026-09-16_H02M56S53_01.csv:row:169493,DHS_FY2025P12_c/extracted/FY2025P01-P12_070_TAS_Contracts_AccountBreakdownByAward_2026-09-16_H02M56S53_01.csv,169493,25.4,070-0540,FY2025P10,,70CDCR24FC0000005,70CDCR18A00000007,7012,CONT_AWD_70CDCR24FC0000005_7012_70CDCR18A00000007_7012,,,Contracts,,True,outside_pilot
DHS_FY2025P12_c:FY2025P01-P12_070_TAS_Contracts_AccountBreakdownByAward_2026-09-16_H02M56S53_01.csv:row:169495,DHS_FY2025P12_c/extracted/FY2025P01-P12_070_TAS_Contracts_AccountBreakdownByAward_2026-09-16_H02M56S53_01.csv,169495,25.4,070-0540,FY2025P06,,70CDCR24FC0000005,70CDCR18A00000007,7012,CONT_AWD_70CDCR24FC0000005_7012_70CDCR18A00000007_7012,,,Contracts,,True,outside_pilot
DHS_FY2025P12_c:FY2025P01-P12_070_TAS_Contracts_AccountBreakdownByAward_2026-09-16_H02M56S53_01.csv:row:169496,DHS_FY2025P12_c/extracted/FY2025P01-P12_070_TAS_Contracts_AccountBreakdownByAward_2026-09-16_H02M56S53_01.csv,169496,25.4,070-0540,FY2025P07,167600.00,70CDCR24FC0000005,70CDCR18A00000007,7012,CONT_AWD_70CDCR24FC0000005_7012_70CDCR18A00000007_7012,,,Contracts,167600.00,False,outside_pilot
DHS_FY2025P12_c:FY2025P01-P12_070_TAS_Contracts_AccountBreakdownByAward_2026-09-16_H02M56S53_01.csv:row:169497,DHS_FY2025P12_c/extracted/FY2025P01-P12_070_TAS_Contracts_AccountBreakdownByAward_2026-09-16_H02M56S53_01.csv,169497,25.4,070-0540,FY2025P07,,70CDCR24FC0000005,70CDCR18A00000007,7012,CONT_AWD_70CDCR24FC0000005_7012_70CDCR18A00000007_7012,,,Contracts,,True,outside_pilot
DHS_FY2025P12_c:FY2025P01-P12_070_TAS_Contracts_AccountBreakdownByAward_2026-09-16_H02M56S53_01.csv:row:169498,DHS_FY2025P12_c/extracted/FY2025P01-P12_070_TAS_Contracts_AccountBreakdownByAward_2026-09-16_H02M56S53_01.csv,169498,25.4,070-0540,FY2025P12,,70CDCR24FC0000005,70CDCR18A00000007,7012,CONT_AWD_70CDCR24FC0000005_7012_70CDCR18A00000007_7012,,,Contracts,,True,outside_pilot
DHS_FY2025P12_c:FY2025P01-P12_070_TAS_Contracts_AccountBreakdownByAward_2026-09-16_H02M56S53_01.csv:row:169501,DHS_FY2025P12_c/extracted/FY2025P01-P12_070_TAS_Contracts_AccountBreakdownByAward_2026-09-16_H02M56S53_01.csv,169501,25.4,070-0540,FY2025P05,,70CDCR24FC0000005,70CDCR18A00000007,7012,CONT_AWD_70CDCR24FC0000005_7012_70CDCR18A00000007_7012,,,Contracts,,True,outside_pilot
DHS_FY2025P12_c:FY2025P01-P12_070_TAS_Contracts_AccountBreakdownByAward_2026-09-16_H02M56S53_01.csv:row:169505,DHS_FY2025P12_c/extracted/FY2025P01-P12_070_TAS_Contracts_AccountBreakdownByAward_2026-09-16_H02M56S53_01.csv,169505,25.4,070-0540,FY2025P08,300000.00,70CDCR24FC0000005,70CDCR18A00000007,7012,CONT_AWD_70CDCR24FC0000005_7012_70CDCR18A00000007_7012,,,Contracts,300000.00,False,outside_pilot
DHS_FY2025P12_c:FY2025P01-P12_070_TAS_Contracts_AccountBreakdownByAward_2026-09-16_H02M56S53_01.csv:row:169506,DHS_FY2025P12_c/extracted/FY2025P01-P12_070_TAS_Contracts_AccountBreakdownByAward_2026-09-16_H02M56S53_01.csv,169506,25.4,070-0540,FY2025P08,,70CDCR24FC0000005,70CDCR18A00000007,7012,CONT_AWD_70CDCR24FC0000005_7012_70CDCR18A00000007_7012,,,Contracts,,True,outside_pilot
DHS_FY2025P12_c:FY2025P01-P12_070_TAS_Contracts_AccountBreakdownByAward_2026-09-16_H02M56S53_01.csv:row:169507,DHS_FY2025P12_c/extracted/FY2025P01-P12_070_TAS_Contracts_AccountBreakdownByAward_2026-09-16_H02M56S53_01.csv,169507,25.4,070-0540,FY2025P08,,70CDCR24FC0000005,70CDCR18A00000007,7012,CONT_AWD_70CDCR24FC0000005_7012_70CDCR18A00000007_7012,,,Contracts,,True,outside_pilot
DHS_FY2025P12_c:FY2025P01-P12_070_TAS_Contracts_AccountBreakdownByAward_2026-09-16_H02M56S53_01.csv:row:169508,DHS_FY2025P12_c/extracted/FY2025P01-P12_070_TAS_Contracts_AccountBreakdownByAward_2026-09-16_H02M56S53_01.csv,169508,25.4,070-0540,FY2025P11,,70CDCR24FC0000005,70CDCR18A00000007,7012,CONT_AWD_70CDCR24FC0000005_7012_70CDCR18A00000007_7012,,,Contracts,,True,outside_pilot
DHS_FY2025P12_c:FY2025P01-P12_070_TAS_Contracts_AccountBreakdownByAward_2026-09-16_H02M56S53_01.csv:row:169509,DHS_FY2025P12_c/extracted/FY2025P01-P12_070_TAS_Contracts_AccountBreakdownByAward_2026-09-16_H02M56S53_01.csv,169509,25.4,070-0540,FY2025P06,,70CDCR24FC0000005,70CDCR18A00000007,7012,CONT_AWD_70CDCR24FC0000005_7012_70CDCR18A00000007_7012,,,Contracts,,True,outside_pilot
DHS_FY2025P12_c:FY2025P01-P12_070_TAS_Contracts_AccountBreakdownByAward_2026-09-16_H02M56S53_01.csv:row:169510,DHS_FY2025P12_c/extracted/FY2025P01-P12_070_TAS_Contracts_AccountBreakdownByAward_2026-09-16_H02M56S53_01.csv,169510,25.4,070-0540,FY2025P05,,70CDCR24FC0000005,70CDCR18A00000007,7012,CONT_AWD_70CDCR24FC0000005_7012_70CDCR18A00000007_7012,,,Contracts,,True,outside_pilot
DHS_FY2025P12_c:FY2025P01-P12_070_TAS_Contracts_AccountBreakdownByAward_2026-09-16_H02M56S53_01.csv:row:169511,DHS_FY2025P12_c/extracted/FY2025P01-P12_070_TAS_Contracts_AccountBreakdownByAward_2026-09-16_H02M56S53_01.csv,169511,25.4,070-0540,FY2025P09,,70CDCR24FC0000005,70CDCR18A00000007,7012,CONT_AWD_70CDCR24FC0000005_7012_70CDCR18A00000007_7012,,,Contracts,,True,outside_pilot
DHS_FY2025P12_c:FY2025P01-P12_070_TAS_Contracts_AccountBreakdownByAward_2026-09-16_H02M56S53_01.csv:row:169512,DHS_FY2025P12_c/extracted/FY2025P01-P12_070_TAS_Contracts_AccountBreakdownByAward_2026-09-16_H02M56S53_01.csv,169512,25.4,070-0540,FY2025P09,,70CDCR24FC0000005,70CDCR18A00000007,7012,CONT_AWD_70CDCR24FC0000005_7012_70CDCR18A00000007_7012,,,Contracts,,True,outside_pilot
DHS_FY2025P12_c:FY2025P01-P12_070_TAS_Contracts_AccountBreakdownByAward_2026-09-16_H02M56S53_01.csv:row:169513,DHS_FY2025P12_c/extracted/FY2025P01-P12_070_TAS_Contracts_AccountBreakdownByAward_2026-09-16_H02M56S53_01.csv,169513,25.4,070-0540,FY2025P11,,70CDCR24FC0000005,70CDCR18A00000007,7012,CONT_AWD_70CDCR24FC0000005_7012_70CDCR18A00000007_7012,,,Contracts,,True,outside_pilot
DHS_FY2025P12_c:FY2025P01-P12_070_TAS_Contracts_AccountBreakdownByAward_2026-09-16_H02M56S53_01.csv:row:169514,DHS_FY2025P12_c/extracted/FY2025P01-P12_070_TAS_Contracts_AccountBreakdownByAward_2026-09-16_H02M56S53_01.csv,169514,25.4,070-0540,FY2025P12,,70CDCR24FC0000005,70CDCR18A00000007,7012,CONT_AWD_70CDCR24FC0000005_7012_70CDCR18A00000007_7012,,,Contracts,,True,outside_pilot
DHS_FY2025P12_c:FY2025P01-P12_070_TAS_Contracts_AccountBreakdownByAward_2026-09-16_H02M56S53_01.csv:row:169515,DHS_FY2025P12_c/extracted/FY2025P01-P12_070_TAS_Contracts_AccountBreakdownByAward_2026-09-16_H02M56S53_01.csv,169515,25.4,070-0540,FY2025P07,,70CDCR24FC0000005,70CDCR18A00000007,7012,CONT_AWD_70CDCR24FC0000005_7012_70CDCR18A00000007_7012,,,Contracts,,True,outside_pilot
DHS_FY2025P12_c:FY2025P01-P12_070_TAS_Contracts_AccountBreakdownByAward_2026-09-16_H02M56S53_01.csv:row:169892,DHS_FY2025P12_c/extracted/FY2025P01-P12_070_TAS_Contracts_AccountBreakdownByAward_2026-09-16_H02M56S53_01.csv,169892,25.4,070-0540,FY2025P08,250.00,70CDCR25FR0000045,70CDCR25D00000053,7012,CONT_AWD_70CDCR25FR0000045_7012_70CDCR25D00000053_7012,,,Contracts,250.00,False,outside_pilot
DHS_FY2025P12_c:FY2025P01-P12_070_TAS_Contracts_AccountBreakdownByAward_2026-09-16_H02M56S53_01.csv:row:174683,DHS_FY2025P12_c/extracted/FY2025P01-P12_070_TAS_Contracts_AccountBreakdownByAward_2026-09-16_H02M56S53_01.csv,174683,25.4,070-0540,FY2025P05,,70CTD023FC0000026,70CTD022A00000004,7012,CONT_AWD_70CTD023FC0000026_7012_70CTD022A00000004_7012,,,Contracts,,True,outside_pilot
DHS_FY2025P12_c:FY2025P01-P12_070_TAS_Contracts_AccountBreakdownByAward_2026-09-16_H02M56S53_01.csv:row:174684,DHS_FY2025P12_c/extracted/FY2025P01-P12_070_TAS_Contracts_AccountBreakdownByAward_2026-09-16_H02M56S53_01.csv,174684,25.4,070-0540,FY2025P05,,70CTD023FC0000026,70CTD022A00000004,7012,CONT_AWD_70CTD023FC0000026_7012_70CTD022A00000004_7012,,,Contracts,,True,outside_pilot
DHS_FY2025P12_c:FY2025P01-P12_070_TAS_Contracts_AccountBreakdownByAward_2026-09-16_H02M56S53_01.csv:row:174685,DHS_FY2025P12_c/extracted/FY2025P01-P12_070_TAS_Contracts_AccountBreakdownByAward_2026-09-16_H02M56S53_01.csv,174685,25.4,070-0540,FY2025P05,,70CTD023FC0000026,70CTD022A00000004,7012,CONT_AWD_70CTD023FC0000026_7012_70CTD022A00000004_7012,,,Contracts,,True,outside_pilot
DHS_FY2025P12_c:FY2025P01-P12_070_TAS_Contracts_AccountBreakdownByAward_2026-09-16_H02M56S53_01.csv:row:174686,DHS_FY2025P12_c/extracted/FY2025P01-P12_070_TAS_Contracts_AccountBreakdownByAward_2026-09-16_H02M56S53_01.csv,174686,25.4,070-0540,FY2025P09,,70CTD023FC0000026,70CTD022A00000004,7012,CONT_AWD_70CTD023FC0000026_7012_70CTD022A00000004_7012,,,Contracts,,True,outside_pilot
DHS_FY2025P12_c:FY2025P01-P12_070_TAS_Contracts_AccountBreakdownByAward_2026-09-16_H02M56S53_01.csv:row:174687,DHS_FY2025P12_c/extracted/FY2025P01-P12_070_TAS_Contracts_AccountBreakdownByAward_2026-09-16_H02M56S53_01.csv,174687,25.4,070-0540,FY2025P09,,70CTD023FC0000026,70CTD022A00000004,7012,CONT_AWD_70CTD023FC0000026_7012_70CTD022A00000004_7012,,,Contracts,,True,outside_pilot
DHS_FY2025P12_c:FY2025P01-P12_070_TAS_Contracts_AccountBreakdownByAward_2026-09-16_H02M56S53_01.csv:row:174689,DHS_FY2025P12_c/extracted/FY2025P01-P12_070_TAS_Contracts_AccountBreakdownByAward_2026-09-16_H02M56S53_01.csv,174689,25.4,070-0540,FY2025P07,,70CTD023FC0000026,70CTD022A00000004,7012,CONT_AWD_70CTD023FC0000026_7012_70CTD022A00000004_7012,,,Contracts,,True,outside_pilot
DHS_FY2025P12_c:FY2025P01-P12_070_TAS_Contracts_AccountBreakdownByAward_2026-09-16_H02M56S53_01.csv:row:174690,DHS_FY2025P12_c/extracted/FY2025P01-P12_070_TAS_Contracts_AccountBreakdownByAward_2026-09-16_H02M56S53_01.csv,174690,25.4,070-0540,FY2025P07,,70CTD023FC0000026,70CTD022A00000004,7012,CONT_AWD_70CTD023FC0000026_7012_70CTD022A00000004_7012,,,Contracts,,True,outside_pilot
DHS_FY2025P12_c:FY2025P01-P12_070_TAS_Contracts_AccountBreakdownByAward_2026-09-16_H02M56S53_01.csv:row:174691,DHS_FY2025P12_c/extracted/FY2025P01-P12_070_TAS_Contracts_AccountBreakdownByAward_2026-09-16_H02M56S53_01.csv,174691,25.4,070-0540,FY2025P07,,70CTD023FC0000026,70CTD022A00000004,7012,CONT_AWD_70CTD023FC0000026_7012_70CTD022A00000004_7012,,,Contracts,,True,outside_pilot
DHS_FY2025P12_c:FY2025P01-P12_070_TAS_Contracts_AccountBreakdownByAward_2026-09-16_H02M56S53_01.csv:row:174692,DHS_FY2025P12_c/extracted/FY2025P01-P12_070_TAS_Contracts_AccountBreakdownByAward_2026-09-16_H02M56S53_01.csv,174692,25.4,070-0540,FY2025P06,,70CTD023FC0000026,70CTD022A00000004,7012,CONT_AWD_70CTD023FC0000026_7012_70CTD022A00000004_7012,,,Contracts,,True,outside_pilot
DHS_FY2025P12_c:FY2025P01-P12_070_TAS_Contracts_AccountBreakdownByAward_2026-09-16_H02M56S53_01.csv:row:174693,DHS_FY2025P12_c/extracted/FY2025P01-P12_070_TAS_Contracts_AccountBreakdownByAward_2026-09-16_H02M56S53_01.csv,174693,25.4,070-0540,FY2025P12,,70CTD023FC0000026,70CTD022A00000004,7012,CONT_AWD_70CTD023FC0000026_7012_70CTD022A00000004_7012,,,Contracts,,True,outside_pilot
DHS_FY2025P12_c:FY2025P01-P12_070_TAS_Contracts_AccountBreakdownByAward_2026-09-16_H02M56S53_01.csv:row:174694,DHS_FY2025P12_c/extracted/FY2025P01-P12_070_TAS_Contracts_AccountBreakdownByAward_2026-09-16_H02M56S53_01.csv,174694,25.4,070-0540,FY2025P12,,70CTD023FC0000026,70CTD022A00000004,7012,CONT_AWD_70CTD023FC0000026_7012_70CTD022A00000004_7012,,,Contracts,,True,outside_pilot
DHS_FY2025P12_c:FY2025P01-P12_070_TAS_Contracts_AccountBreakdownByAward_2026-09-16_H02M56S53_01.csv:row:174697,DHS_FY2025P12_c/extracted/FY2025P01-P12_070_TAS_Contracts_AccountBreakdownByAward_2026-09-16_H02M56S53_01.csv,174697,25.4,070-0540,FY2025P06,,70CTD023FC0000026,70CTD022A00000004,7012,CONT_AWD_70CTD023FC0000026_7012_70CTD022A00000004_7012,,,Contracts,,True,outside_pilot
DHS_FY2025P12_c:FY2025P01-P12_070_TAS_Contracts_AccountBreakdownByAward_2026-09-16_H02M56S53_01.csv:row:174700,DHS_FY2025P12_c/extracted/FY2025P01-P12_070_TAS_Contracts_AccountBreakdownByAward_2026-09-16_H02M56S53_01.csv,174700,25.4,070-0540,FY2025P11,,70CTD023FC0000026,70CTD022A00000004,7012,CONT_AWD_70CTD023FC0000026_7012_70CTD022A00000004_7012,,,Contracts,,True,outside_pilot
DHS_FY2025P12_c:FY2025P01-P12_070_TAS_Contracts_AccountBreakdownByAward_2026-09-16_H02M56S53_01.csv:row:174701,DHS_FY2025P12_c/extracted/FY2025P01-P12_070_TAS_Contracts_AccountBreakdownByAward_2026-09-16_H02M56S53_01.csv,174701,25.4,070-0540,FY2025P11,,70CTD023FC0000026,70CTD022A00000004,7012,CONT_AWD_70CTD023FC0000026_7012_70CTD022A00000004_7012,,,Contracts,,True,outside_pilot
DHS_FY2025P12_c:FY2025P01-P12_070_TAS_Contracts_AccountBreakdownByAward_2026-09-16_H02M56S53_01.csv:row:174702,DHS_FY2025P12_c/extracted/FY2025P01-P12_070_TAS_Contracts_AccountBreakdownByAward_2026-09-16_H02M56S53_01.csv,174702,25.4,070-0540,FY2025P12,,70CTD023FC0000026,70CTD022A00000004,7012,CONT_AWD_70CTD023FC0000026_7012_70CTD022A00000004_7012,,,Contracts,,True,outside_pilot
DHS_FY2025P12_c:FY2025P01-P12_070_TAS_Contracts_AccountBreakdownByAward_2026-09-16_H02M56S53_01.csv:row:174704,DHS_FY2025P12_c/extracted/FY2025P01-P12_070_TAS_Contracts_AccountBreakdownByAward_2026-09-16_H02M56S53_01.csv,174704,25.4,070-0540,FY2025P09,,70CTD023FC0000026,70CTD022A00000004,7012,CONT_AWD_70CTD023FC0000026_7012_70CTD022A00000004_7012,,,Contracts,,True,outside_pilot
DHS_FY2025P12_c:FY2025P01-P12_070_TAS_Contracts_AccountBreakdownByAward_2026-09-16_H02M56S53_01.csv:row:174707,DHS_FY2025P12_c/extracted/FY2025P01-P12_070_TAS_Contracts_AccountBreakdownByAward_2026-09-16_H02M56S53_01.csv,174707,25.4,070-0540,FY2025P08,,70CTD023FC0000026,70CTD022A00000004,7012,CONT_AWD_70CTD023FC0000026_7012_70CTD022A00000004_7012,,,Contracts,,True,outside_pilot
DHS_FY2025P12_c:FY2025P01-P12_070_TAS_Contracts_AccountBreakdownByAward_2026-09-16_H02M56S53_01.csv:row:174708,DHS_FY2025P12_c/extracted/FY2025P01-P12_070_TAS_Contracts_AccountBreakdownByAward_2026-09-16_H02M56S53_01.csv,174708,25.4,070-0540,FY2025P08,,70CTD023FC0000026,70CTD022A00000004,7012,CONT_AWD_70CTD023FC0000026_7012_70CTD022A00000004_7012,,,Contracts,,True,outside_pilot
DHS_FY2025P12_c:FY2025P01-P12_070_TAS_Contracts_AccountBreakdownByAward_2026-09-16_H02M56S53_01.csv:row:174710,DHS_FY2025P12_c/extracted/FY2025P01-P12_070_TAS_Contracts_AccountBreakdownByAward_2026-09-16_H02M56S53_01.csv,174710,25.4,070-0540,FY2025P08,,70CTD023FC0000026,70CTD022A00000004,7012,CONT_AWD_70CTD023FC0000026_7012_70CTD022A00000004_7012,,,Contracts,,True,outside_pilot
DHS_FY2025P12_c:FY2025P01-P12_070_TAS_Contracts_AccountBreakdownByAward_2026-09-16_H02M56S53_01.csv:row:174711,DHS_FY2025P12_c/extracted/FY2025P01-P12_070_TAS_Contracts_AccountBreakdownByAward_2026-09-16_H02M56S53_01.csv,174711,25.4,070-0540,FY2025P11,,70CTD023FC0000026,70CTD022A00000004,7012,CONT_AWD_70CTD023FC0000026_7012_70CTD022A00000004_7012,,,Contracts,,True,outside_pilot
DHS_FY2025P12_c:FY2025P01-P12_070_TAS_Contracts_AccountBreakdownByAward_2026-09-16_H02M56S53_01.csv:row:174712,DHS_FY2025P12_c/extracted/FY2025P01-P12_070_TAS_Contracts_AccountBreakdownByAward_2026-09-16_H02M56S53_01.csv,174712,25.4,070-0540,FY2025P10,-7942.34,70CTD023FC0000026,70CTD022A00000004,7012,CONT_AWD_70CTD023FC0000026_7012_70CTD022A00000004_7012,,,Contracts,-7942.34,False,outside_pilot
DHS_FY2025P12_c:FY2025P01-P12_070_TAS_Contracts_AccountBreakdownByAward_2026-09-16_H02M56S53_01.csv:row:174713,DHS_FY2025P12_c/extracted/FY2025P01-P12_070_TAS_Contracts_AccountBreakdownByAward_2026-09-16_H02M56S53_01.csv,174713,25.4,070-0540,FY2025P10,-19693.01,70CTD023FC0000026,70CTD022A00000004,7012,CONT_AWD_70CTD023FC0000026_7012_70CTD022A00000004_7012,,,Contracts,-19693.01,False,outside_pilot
DHS_FY2025P12_c:FY2025P01-P12_070_TAS_Contracts_AccountBreakdownByAward_2026-09-16_H02M56S53_01.csv:row:174715,DHS_FY2025P12_c/extracted/FY2025P01-P12_070_TAS_Contracts_AccountBreakdownByAward_2026-09-16_H02M56S53_01.csv,174715,25.4,070-0540,FY2025P10,,70CTD023FC0000026,70CTD022A00000004,7012,CONT_AWD_70CTD023FC0000026_7012_70CTD022A00000004_7012,,,Contracts,,True,outside_pilot
DHS_FY2025P12_c:FY2025P01-P12_070_TAS_Contracts_AccountBreakdownByAward_2026-09-16_H02M56S53_01.csv:row:174716,DHS_FY2025P12_c/extracted/FY2025P01-P12_070_TAS_Contracts_AccountBreakdownByAward_2026-09-16_H02M56S53_01.csv,174716,25.4,070-0540,FY2025P10,,70CTD023FC0000026,70CTD022A00000004,7012,CONT_AWD_70CTD023FC0000026_7012_70CTD022A00000004_7012,,,Contracts,,True,outside_pilot
DHS_FY2025P12_c:FY2025P01-P12_070_TAS_Contracts_AccountBreakdownByAward_2026-09-16_H02M56S53_01.csv:row:174718,DHS_FY2025P12_c/extracted/FY2025P01-P12_070_TAS_Contracts_AccountBreakdownByAward_2026-09-16_H02M56S53_01.csv,174718,25.4,070-0540,FY2025P10,,70CTD023FC0000026,70CTD022A00000004,7012,CONT_AWD_70CTD023FC0000026_7012_70CTD022A00000004_7012,,,Contracts,,True,outside_pilot
DHS_FY2025P12_c:FY2025P01-P12_070_TAS_Contracts_AccountBreakdownByAward_2026-09-16_H02M56S53_01.csv:row:174719,DHS_FY2025P12_c/extracted/FY2025P01-P12_070_TAS_Contracts_AccountBreakdownByAward_2026-09-16_H02M56S53_01.csv,174719,25.4,070-0540,FY2025P06,,70CTD023FC0000026,70CTD022A00000004,7012,CONT_AWD_70CTD023FC0000026_7012_70CTD022A00000004_7012,,,Contracts,,True,outside_pilot
DHS_FY2025P12_c:FY2025P01-P12_070_TAS_Contracts_AccountBreakdownByAward_2026-09-16_H02M56S53_01.csv:row:176553,DHS_FY2025P12_c/extracted/FY2025P01-P12_070_TAS_Contracts_AccountBreakdownByAward_2026-09-16_H02M56S53_01.csv,176553,25.4,070-0540,FY2025P08,250.00,70CDCR25FR0000051,70CDCR25D00000042,7012,CONT_AWD_70CDCR25FR0000051_7012_70CDCR25D00000042_7012,,,Contracts,250.00,False,outside_pilot
DHS_FY2025P12_c:FY2025P01-P12_070_TAS_Contracts_AccountBreakdownByAward_2026-09-16_H02M56S53_01.csv:row:184813,DHS_FY2025P12_c/extracted/FY2025P01-P12_070_TAS_Contracts_AccountBreakdownByAward_2026-09-16_H02M56S53_01.csv,184813,25.4,070-0540,FY2025P07,-18000.00,70CMSD18P00000133,,7012,CONT_AWD_70CMSD18P00000133_7012_-NONE-_-NONE-,,,Contracts,-18000.00,False,outside_pilot
DHS_FY2025P12_c:FY2025P01-P12_070_TAS_Contracts_AccountBreakdownByAward_2026-09-16_H02M56S53_01.csv:row:185004,DHS_FY2025P12_c/extracted/FY2025P01-P12_070_TAS_Contracts_AccountBreakdownByAward_2026-09-16_H02M56S53_01.csv,185004,25.4,070-0540,FY2025P07,,70CDCR24FR0000051,70CDCR20D00000014,7012,CONT_AWD_70CDCR24FR0000051_7012_70CDCR20D00000014_7012,,,Contracts,,True,outside_pilot
DHS_FY2025P12_c:FY2025P01-P12_070_TAS_Contracts_AccountBreakdownByAward_2026-09-16_H02M56S53_01.csv:row:185014,DHS_FY2025P12_c/extracted/FY2025P01-P12_070_TAS_Contracts_AccountBreakdownByAward_2026-09-16_H02M56S53_01.csv,185014,25.4,070-0540,FY2025P09,,70CDCR24FR0000051,70CDCR20D00000014,7012,CONT_AWD_70CDCR24FR0000051_7012_70CDCR20D00000014_7012,,,Contracts,,True,outside_pilot
DHS_FY2025P12_c:FY2025P01-P12_070_TAS_Contracts_AccountBreakdownByAward_2026-09-16_H02M56S53_01.csv:row:185015,DHS_FY2025P12_c/extracted/FY2025P01-P12_070_TAS_Contracts_AccountBreakdownByAward_2026-09-16_H02M56S53_01.csv,185015,25.4,070-0540,FY2025P09,,70CDCR24FR0000051,70CDCR20D00000014,7012,CONT_AWD_70CDCR24FR0000051_7012_70CDCR20D00000014_7012,,,Contracts,,True,outside_pilot
DHS_FY2025P12_c:FY2025P01-P12_070_TAS_Contracts_AccountBreakdownByAward_2026-09-16_H02M56S53_01.csv:row:185017,DHS_FY2025P12_c/extracted/FY2025P01-P12_070_TAS_Contracts_AccountBreakdownByAward_2026-09-16_H02M56S53_01.csv,185017,25.4,070-0540,FY2025P11,,70CDCR24FR0000051,70CDCR20D00000014,7012,CONT_AWD_70CDCR24FR0000051_7012_70CDCR20D00000014_7012,,,Contracts,,True,outside_pilot
DHS_FY2025P12_c:FY2025P01-P12_070_TAS_Contracts_AccountBreakdownByAward_2026-09-16_H02M56S53_01.csv:row:185018,DHS_FY2025P12_c/extracted/FY2025P01-P12_070_TAS_Contracts_AccountBreakdownByAward_2026-09-16_H02M56S53_01.csv,185018,25.4,070-0540,FY2025P11,,70CDCR24FR0000051,70CDCR20D00000014,7012,CONT_AWD_70CDCR24FR0000051_7012_70CDCR20D00000014_7012,,,Contracts,,True,outside_pilot
DHS_FY2025P12_c:FY2025P01-P12_070_TAS_Contracts_AccountBreakdownByAward_2026-09-16_H02M56S53_01.csv:row:185020,DHS_FY2025P12_c/extracted/FY2025P01-P12_070_TAS_Contracts_AccountBreakdownByAward_2026-09-16_H02M56S53_01.csv,185020,25.4,070-0540,FY2025P12,,70CDCR24FR0000051,70CDCR20D00000014,7012,CONT_AWD_70CDCR24FR0000051_7012_70CDCR20D00000014_7012,,,Contracts,,True,outside_pilot
DHS_FY2025P12_c:FY2025P01-P12_070_TAS_Contracts_AccountBreakdownByAward_2026-09-16_H02M56S53_01.csv:row:185022,DHS_FY2025P12_c/extracted/FY2025P01-P12_070_TAS_Contracts_AccountBreakdownByAward_2026-09-16_H02M56S53_01.csv,185022,25.4,070-0540,FY2025P12,,70CDCR24FR0000051,70CDCR20D00000014,7012,CONT_AWD_70CDCR24FR0000051_7012_70CDCR20D00000014_7012,,,Contracts,,True,outside_pilot
DHS_FY2025P12_c:FY2025P01-P12_070_TAS_Contracts_AccountBreakdownByAward_2026-09-16_H02M56S53_01.csv:row:185025,DHS_FY2025P12_c/extracted/FY2025P01-P12_070_TAS_Contracts_AccountBreakdownByAward_2026-09-16_H02M56S53_01.csv,185025,25.4,070-0540,FY2025P06,,70CDCR24FR0000051,70CDCR20D00000014,7012,CONT_AWD_70CDCR24FR0000051_7012_70CDCR20D00000014_7012,,,Contracts,,True,outside_pilot
DHS_FY2025P12_c:FY2025P01-P12_070_TAS_Contracts_AccountBreakdownByAward_2026-09-16_H02M56S53_01.csv:row:185026,DHS_FY2025P12_c/extracted/FY2025P01-P12_070_TAS_Contracts_AccountBreakdownByAward_2026-09-16_H02M56S53_01.csv,185026,25.4,070-0540,FY2025P06,,70CDCR24FR0000051,70CDCR20D00000014,7012,CONT_AWD_70CDCR24FR0000051_7012_70CDCR20D00000014_7012,,,Contracts,,True,outside_pilot
DHS_FY2025P12_c:FY2025P01-P12_070_TAS_Contracts_AccountBreakdownByAward_2026-09-16_H02M56S53_01.csv:row:185027,DHS_FY2025P12_c/extracted/FY2025P01-P12_070_TAS_Contracts_AccountBreakdownByAward_2026-09-16_H02M56S53_01.csv,185027,25.4,070-0540,FY2025P06,3523266.00,70CDCR24FR0000051,70CDCR20D00000014,7012,CONT_AWD_70CDCR24FR0000051_7012_70CDCR20D00000014_7012,,,Contracts,3523266.00,False,outside_pilot
DHS_FY2025P12_c:FY2025P01-P12_070_TAS_Contracts_AccountBreakdownByAward_2026-09-16_H02M56S53_01.csv:row:185037,DHS_FY2025P12_c/extracted/FY2025P01-P12_070_TAS_Contracts_AccountBreakdownByAward_2026-09-16_H02M56S53_01.csv,185037,25.4,070-0540,FY2025P08,-7170700.00,70CDCR24FR0000051,70CDCR20D00000014,7012,CONT_AWD_70CDCR24FR0000051_7012_70CDCR20D00000014_7012,,,Contracts,-7170700.00,False,outside_pilot
DHS_FY2025P12_c:FY2025P01-P12_070_TAS_Contracts_AccountBreakdownByAward_2026-09-16_H02M56S53_01.csv:row:185039,DHS_FY2025P12_c/extracted/FY2025P01-P12_070_TAS_Contracts_AccountBreakdownByAward_2026-09-16_H02M56S53_01.csv,185039,25.4,070-0540,FY2025P08,7170700.00,70CDCR24FR0000051,70CDCR20D00000014,7012,CONT_AWD_70CDCR24FR0000051_7012_70CDCR20D00000014_7012,,,Contracts,7170700.00,False,outside_pilot
DHS_FY2025P12_c:FY2025P01-P12_070_TAS_Contracts_AccountBreakdownByAward_2026-09-16_H02M56S53_01.csv:row:185041,DHS_FY2025P12_c/extracted/FY2025P01-P12_070_TAS_Contracts_AccountBreakdownByAward_2026-09-16_H02M56S53_01.csv,185041,25.4,070-0540,FY2025P08,,70CDCR24FR0000051,70CDCR20D00000014,7012,CONT_AWD_70CDCR24FR0000051_7012_70CDCR20D00000014_7012,,,Contracts,,True,outside_pilot
DHS_FY2025P12_c:FY2025P01-P12_070_TAS_Contracts_AccountBreakdownByAward_2026-09-16_H02M56S53_01.csv:row:185043,DHS_FY2025P12_c/extracted/FY2025P01-P12_070_TAS_Contracts_AccountBreakdownByAward_2026-09-16_H02M56S53_01.csv,185043,25.4,070-0540,FY2025P05,,70CDCR24FR0000051,70CDCR20D00000014,7012,CONT_AWD_70CDCR24FR0000051_7012_70CDCR20D00000014_7012,,,Contracts,,True,outside_pilot
DHS_FY2025P12_c:FY2025P01-P12_070_TAS_Contracts_AccountBreakdownByAward_2026-09-16_H02M56S53_01.csv:row:185046,DHS_FY2025P12_c/extracted/FY2025P01-P12_070_TAS_Contracts_AccountBreakdownByAward_2026-09-16_H02M56S53_01.csv,185046,25.4,070-0540,FY2025P05,,70CDCR24FR0000051,70CDCR20D00000014,7012,CONT_AWD_70CDCR24FR0000051_7012_70CDCR20D00000014_7012,,,Contracts,,True,outside_pilot
DHS_FY2025P12_c:FY2025P01-P12_070_TAS_Contracts_AccountBreakdownByAward_2026-09-16_H02M56S53_01.csv:row:185047,DHS_FY2025P12_c/extracted/FY2025P01-P12_070_TAS_Contracts_AccountBreakdownByAward_2026-09-16_H02M56S53_01.csv,185047,25.4,070-0540,FY2025P08,,70CDCR24FR0000051,70CDCR20D00000014,7012,CONT_AWD_70CDCR24FR0000051_7012_70CDCR20D00000014_7012,,,Contracts,,True,outside_pilot
DHS_FY2025P12_c:FY2025P01-P12_070_TAS_Contracts_AccountBreakdownByAward_2026-09-16_H02M56S53_01.csv:row:185048,DHS_FY2025P12_c/extracted/FY2025P01-P12_070_TAS_Contracts_AccountBreakdownByAward_2026-09-16_H02M56S53_01.csv,185048,25.4,070-0540,FY2025P12,5731800.00,70CDCR24FR0000051,70CDCR20D00000014,7012,CONT_AWD_70CDCR24FR0000051_7012_70CDCR20D00000014_7012,,,Contracts,5731800.00,False,outside_pilot
DHS_FY2025P12_c:FY2025P01-P12_070_TAS_Contracts_AccountBreakdownByAward_2026-09-16_H02M56S53_01.csv:row:185050,DHS_FY2025P12_c/extracted/FY2025P01-P12_070_TAS_Contracts_AccountBreakdownByAward_2026-09-16_H02M56S53_01.csv,185050,25.4,070-0540,FY2025P12,5731800.00,70CDCR24FR0000051,70CDCR20D00000014,7012,CONT_AWD_70CDCR24FR0000051_7012_70CDCR20D00000014_7012,,,Contracts,5731800.00,False,outside_pilot
DHS_FY2025P12_c:FY2025P01-P12_070_TAS_Contracts_AccountBreakdownByAward_2026-09-16_H02M56S53_01.csv:row:185055,DHS_FY2025P12_c/extracted/FY2025P01-P12_070_TAS_Contracts_AccountBreakdownByAward_2026-09-16_H02M56S53_01.csv,185055,25.4,070-0540,FY2025P10,,70CDCR24FR0000051,70CDCR20D00000014,7012,CONT_AWD_70CDCR24FR0000051_7012_70CDCR20D00000014_7012,,,Contracts,,True,outside_pilot
DHS_FY2025P12_c:FY2025P01-P12_070_TAS_Contracts_AccountBreakdownByAward_2026-09-16_H02M56S53_01.csv:row:185056,DHS_FY2025P12_c/extracted/FY2025P01-P12_070_TAS_Contracts_AccountBreakdownByAward_2026-09-16_H02M56S53_01.csv,185056,25.4,070-0540,FY2025P10,,70CDCR24FR0000051,70CDCR20D00000014,7012,CONT_AWD_70CDCR24FR0000051_7012_70CDCR20D00000014_7012,,,Contracts,,True,outside_pilot
DHS_FY2025P12_c:FY2025P01-P12_070_TAS_Contracts_AccountBreakdownByAward_2026-09-16_H02M56S53_01.csv:row:185058,DHS_FY2025P12_c/extracted/FY2025P01-P12_070_TAS_Contracts_AccountBreakdownByAward_2026-09-16_H02M56S53_01.csv,185058,25.4,070-0540,FY2025P05,3764333.00,70CDCR24FR0000051,70CDCR20D00000014,7012,CONT_AWD_70CDCR24FR0000051_7012_70CDCR20D00000014_7012,,,Contracts,3764333.00,False,outside_pilot
DHS_FY2025P12_c:FY2025P01-P12_070_TAS_Contracts_AccountBreakdownByAward_2026-09-16_H02M56S53_01.csv:row:185060,DHS_FY2025P12_c/extracted/FY2025P01-P12_070_TAS_Contracts_AccountBreakdownByAward_2026-09-16_H02M56S53_01.csv,185060,25.4,070-0540,FY2025P07,,70CDCR24FR0000051,70CDCR20D00000014,7012,CONT_AWD_70CDCR24FR0000051_7012_70CDCR20D00000014_7012,,,Contracts,,True,outside_pilot
DHS_FY2025P12_c:FY2025P01-P12_070_TAS_Contracts_AccountBreakdownByAward_2026-09-16_H02M56S53_01.csv:row:185061,DHS_FY2025P12_c/extracted/FY2025P01-P12_070_TAS_Contracts_AccountBreakdownByAward_2026-09-16_H02M56S53_01.csv,185061,25.4,070-0540,FY2025P07,3585400.00,70CDCR24FR0000051,70CDCR20D00000014,7012,CONT_AWD_70CDCR24FR0000051_7012_70CDCR20D00000014_7012,,,Contracts,3585400.00,False,outside_pilot
DHS_FY2025P12_c:FY2025P01-P12_070_TAS_Contracts_AccountBreakdownByAward_2026-09-16_H02M56S53_01.csv:row:185064,DHS_FY2025P12_c/extracted/FY2025P01-P12_070_TAS_Contracts_AccountBreakdownByAward_2026-09-16_H02M56S53_01.csv,185064,25.4,070-0540,FY2025P07,7170700.00,70CDCR24FR0000051,70CDCR20D00000014,7012,CONT_AWD_70CDCR24FR0000051_7012_70CDCR20D00000014_7012,,,Contracts,7170700.00,False,outside_pilot
DHS_FY2025P12_c:FY2025P01-P12_070_TAS_Contracts_AccountBreakdownByAward_2026-09-16_H02M56S53_01.csv:row:18734,DHS_FY2025P12_c/extracted/FY2025P01-P12_070_TAS_Contracts_AccountBreakdownByAward_2026-09-16_H02M56S53_01.csv,18734,25.4,070-0540,FY2025P08,250.00,70CDCR25FR0000074,70CDCR25D00000027,7012,CONT_AWD_70CDCR25FR0000074_7012_70CDCR25D00000027_7012,,,Contracts,250.00,False,outside_pilot
DHS_FY2025P12_c:FY2025P01-P12_070_TAS_Contracts_AccountBreakdownByAward_2026-09-16_H02M56S53_01.csv:row:189552,DHS_FY2025P12_c/extracted/FY2025P01-P12_070_TAS_Contracts_AccountBreakdownByAward_2026-09-16_H02M56S53_01.csv,189552,25.4,070-0540,FY2025P08,250.00,70CDCR25FR0000075,70CDCR25D00000016,7012,CONT_AWD_70CDCR25FR0000075_7012_70CDCR25D00000016_7012,,,Contracts,250.00,False,outside_pilot
DHS_FY2025P12_c:FY2025P01-P12_070_TAS_Contracts_AccountBreakdownByAward_2026-09-16_H02M56S53_01.csv:row:191389,DHS_FY2025P12_c/extracted/FY2025P01-P12_070_TAS_Contracts_AccountBreakdownByAward_2026-09-16_H02M56S53_01.csv,191389,25.4,070-0540,FY2025P10,,70CDCR25FR0000029,70CDCR25D00000007,7012,CONT_AWD_70CDCR25FR0000029_7012_70CDCR25D00000007_7012,,,Contracts,,True,outside_pilot
DHS_FY2025P12_c:FY2025P01-P12_070_TAS_Contracts_AccountBreakdownByAward_2026-09-16_H02M56S53_01.csv:row:191391,DHS_FY2025P12_c/extracted/FY2025P01-P12_070_TAS_Contracts_AccountBreakdownByAward_2026-09-16_H02M56S53_01.csv,191391,25.4,070-0540,FY2025P11,,70CDCR25FR0000029,70CDCR25D00000007,7012,CONT_AWD_70CDCR25FR0000029_7012_70CDCR25D00000007_7012,,,Contracts,,True,outside_pilot
DHS_FY2025P12_c:FY2025P01-P12_070_TAS_Contracts_AccountBreakdownByAward_2026-09-16_H02M56S53_01.csv:row:191393,DHS_FY2025P12_c/extracted/FY2025P01-P12_070_TAS_Contracts_AccountBreakdownByAward_2026-09-16_H02M56S53_01.csv,191393,25.4,070-0540,FY2025P12,,70CDCR25FR0000029,70CDCR25D00000007,7012,CONT_AWD_70CDCR25FR0000029_7012_70CDCR25D00000007_7012,,,Contracts,,True,outside_pilot
DHS_FY2025P12_c:FY2025P01-P12_070_TAS_Contracts_AccountBreakdownByAward_2026-09-16_H02M56S53_01.csv:row:191396,DHS_FY2025P12_c/extracted/FY2025P01-P12_070_TAS_Contracts_AccountBreakdownByAward_2026-09-16_H02M56S53_01.csv,191396,25.4,070-0540,FY2025P08,9606100.00,70CDCR25FR0000029,70CDCR25D00000007,7012,CONT_AWD_70CDCR25FR0000029_7012_70CDCR25D00000007_7012,,,Contracts,9606100.00,False,outside_pilot
DHS_FY2025P12_c:FY2025P01-P12_070_TAS_Contracts_AccountBreakdownByAward_2026-09-16_H02M56S53_01.csv:row:191397,DHS_FY2025P12_c/extracted/FY2025P01-P12_070_TAS_Contracts_AccountBreakdownByAward_2026-09-16_H02M56S53_01.csv,191397,25.4,070-0540,FY2025P09,,70CDCR25FR0000029,70CDCR25D00000007,7012,CONT_AWD_70CDCR25FR0000029_7012_70CDCR25D00000007_7012,,,Contracts,,True,outside_pilot
DHS_FY2025P12_c:FY2025P01-P12_070_TAS_Contracts_AccountBreakdownByAward_2026-09-16_H02M56S53_01.csv:row:191398,DHS_FY2025P12_c/extracted/FY2025P01-P12_070_TAS_Contracts_AccountBreakdownByAward_2026-09-16_H02M56S53_01.csv,191398,25.4,070-0540,FY2025P08,,70CDCR25FR0000029,70CDCR25D00000007,7012,CONT_AWD_70CDCR25FR0000029_7012_70CDCR25D00000007_7012,,,Contracts,,True,outside_pilot
DHS_FY2025P12_c:FY2025P01-P12_070_TAS_Contracts_AccountBreakdownByAward_2026-09-16_H02M56S53_01.csv:row:191401,DHS_FY2025P12_c/extracted/FY2025P01-P12_070_TAS_Contracts_AccountBreakdownByAward_2026-09-16_H02M56S53_01.csv,191401,25.4,070-0540,FY2025P12,10144100.00,70CDCR25FR0000029,70CDCR25D00000007,7012,CONT_AWD_70CDCR25FR0000029_7012_70CDCR25D00000007_7012,,,Contracts,10144100.00,False,outside_pilot
DHS_FY2025P12_c:FY2025P01-P12_070_TAS_Contracts_AccountBreakdownByAward_2026-09-16_H02M56S53_01.csv:row:191402,DHS_FY2025P12_c/extracted/FY2025P01-P12_070_TAS_Contracts_AccountBreakdownByAward_2026-09-16_H02M56S53_01.csv,191402,25.4,070-0540,FY2025P12,,70CDCR25FR0000029,70CDCR25D00000007,7012,CONT_AWD_70CDCR25FR0000029_7012_70CDCR25D00000007_7012,,,Contracts,,True,outside_pilot
DHS_FY2025P12_c:FY2025P01-P12_070_TAS_Contracts_AccountBreakdownByAward_2026-09-16_H02M56S53_01.csv:row:191404,DHS_FY2025P12_c/extracted/FY2025P01-P12_070_TAS_Contracts_AccountBreakdownByAward_2026-09-16_H02M56S53_01.csv,191404,25.4,070-0540,FY2025P07,5625200.00,70CDCR25FR0000029,70CDCR25D00000007,7012,CONT_AWD_70CDCR25FR0000029_7012_70CDCR25D00000007_7012,,,Contracts,5625200.00,False,outside_pilot
DHS_FY2025P12_c:FY2025P01-P12_070_TAS_Contracts_AccountBreakdownByAward_2026-09-16_H02M56S53_01.csv:row:191407,DHS_FY2025P12_c/extracted/FY2025P01-P12_070_TAS_Contracts_AccountBreakdownByAward_2026-09-16_H02M56S53_01.csv,191407,25.4,070-0540,FY2025P06,4448573.90,70CDCR25FR0000029,70CDCR25D00000007,7012,CONT_AWD_70CDCR25FR0000029_7012_70CDCR25D00000007_7012,,,Contracts,4448573.90,False,outside_pilot
DHS_FY2025P12_c:FY2025P01-P12_070_TAS_Contracts_AccountBreakdownByAward_2026-09-16_H02M56S53_01.csv:row:192777,DHS_FY2025P12_c/extracted/FY2025P01-P12_070_TAS_Contracts_AccountBreakdownByAward_2026-09-16_H02M56S53_01.csv,192777,25.4,070-0540,FY2025P05,,70CDCR24FR0000008,70CDCR20D00000006,7012,CONT_AWD_70CDCR24FR0000008_7012_70CDCR20D00000006_7012,,,Contracts,,True,outside_pilot
DHS_FY2025P12_c:FY2025P01-P12_070_TAS_Contracts_AccountBreakdownByAward_2026-09-16_H02M56S53_01.csv:row:192778,DHS_FY2025P12_c/extracted/FY2025P01-P12_070_TAS_Contracts_AccountBreakdownByAward_2026-09-16_H02M56S53_01.csv,192778,25.4,070-0540,FY2025P09,,70CDCR24FR0000008,70CDCR20D00000006,7012,CONT_AWD_70CDCR24FR0000008_7012_70CDCR20D00000006_7012,,,Contracts,,True,outside_pilot
DHS_FY2025P12_c:FY2025P01-P12_070_TAS_Contracts_AccountBreakdownByAward_2026-09-16_H02M56S53_01.csv:row:192779,DHS_FY2025P12_c/extracted/FY2025P01-P12_070_TAS_Contracts_AccountBreakdownByAward_2026-09-16_H02M56S53_01.csv,192779,25.4,070-0540,FY2025P09,,70CDCR24FR0000008,70CDCR20D00000006,7012,CONT_AWD_70CDCR24FR0000008_7012_70CDCR20D00000006_7012,,,Contracts,,True,outside_pilot
DHS_FY2025P12_c:FY2025P01-P12_070_TAS_Contracts_AccountBreakdownByAward_2026-09-16_H02M56S53_01.csv:row:192783,DHS_FY2025P12_c/extracted/FY2025P01-P12_070_TAS_Contracts_AccountBreakdownByAward_2026-09-16_H02M56S53_01.csv,192783,25.4,070-0540,FY2025P08,,70CDCR24FR0000008,70CDCR20D00000006,7012,CONT_AWD_70CDCR24FR0000008_7012_70CDCR20D00000006_7012,,,Contracts,,True,outside_pilot
DHS_FY2025P12_c:FY2025P01-P12_070_TAS_Contracts_AccountBreakdownByAward_2026-09-16_H02M56S53_01.csv:row:192785,DHS_FY2025P12_c/extracted/FY2025P01-P12_070_TAS_Contracts_AccountBreakdownByAward_2026-09-16_H02M56S53_01.csv,192785,25.4,070-0540,FY2025P08,,70CDCR24FR0000008,70CDCR20D00000006,7012,CONT_AWD_70CDCR24FR0000008_7012_70CDCR20D00000006_7012,,,Contracts,,True,outside_pilot
DHS_FY2025P12_c:FY2025P01-P12_070_TAS_Contracts_AccountBreakdownByAward_2026-09-16_H02M56S53_01.csv:row:192793,DHS_FY2025P12_c/extracted/FY2025P01-P12_070_TAS_Contracts_AccountBreakdownByAward_2026-09-16_H02M56S53_01.csv,192793,25.4,070-0540,FY2025P12,,70CDCR24FR0000008,70CDCR20D00000006,7012,CONT_AWD_70CDCR24FR0000008_7012_70CDCR20D00000006_7012,,,Contracts,,True,outside_pilot
DHS_FY2025P12_c:FY2025P01-P12_070_TAS_Contracts_AccountBreakdownByAward_2026-09-16_H02M56S53_01.csv:row:192799,DHS_FY2025P12_c/extracted/FY2025P01-P12_070_TAS_Contracts_AccountBreakdownByAward_2026-09-16_H02M56S53_01.csv,192799,25.4,070-0540,FY2025P11,,70CDCR24FR0000008,70CDCR20D00000006,7012,CONT_AWD_70CDCR24FR0000008_7012_70CDCR20D00000006_7012,,,Contracts,,True,outside_pilot
DHS_FY2025P12_c:FY2025P01-P12_070_TAS_Contracts_AccountBreakdownByAward_2026-09-16_H02M56S53_01.csv:row:192800,DHS_FY2025P12_c/extracted/FY2025P01-P12_070_TAS_Contracts_AccountBreakdownByAward_2026-09-16_H02M56S53_01.csv,192800,25.4,070-0540,FY2025P11,,70CDCR24FR0000008,70CDCR20D00000006,7012,CONT_AWD_70CDCR24FR0000008_7012_70CDCR20D00000006_7012,,,Contracts,,True,outside_pilot
DHS_FY2025P12_c:FY2025P01-P12_070_TAS_Contracts_AccountBreakdownByAward_2026-09-16_H02M56S53_01.csv:row:192801,DHS_FY2025P12_c/extracted/FY2025P01-P12_070_TAS_Contracts_AccountBreakdownByAward_2026-09-16_H02M56S53_01.csv,192801,25.4,070-0540,FY2025P10,,70CDCR24FR0000008,70CDCR20D00000006,7012,CONT_AWD_70CDCR24FR0000008_7012_70CDCR20D00000006_7012,,,Contracts,,True,outside_pilot
DHS_FY2025P12_c:FY2025P01-P12_070_TAS_Contracts_AccountBreakdownByAward_2026-09-16_H02M56S53_01.csv:row:192806,DHS_FY2025P12_c/extracted/FY2025P01-P12_070_TAS_Contracts_AccountBreakdownByAward_2026-09-16_H02M56S53_01.csv,192806,25.4,070-0540,FY2025P10,,70CDCR24FR0000008,70CDCR20D00000006,7012,CONT_AWD_70CDCR24FR0000008_7012_70CDCR20D00000006_7012,,,Contracts,,True,outside_pilot
DHS_FY2025P12_c:FY2025P01-P12_070_TAS_Contracts_AccountBreakdownByAward_2026-09-16_H02M56S53_01.csv:row:192809,DHS_FY2025P12_c/extracted/FY2025P01-P12_070_TAS_Contracts_AccountBreakdownByAward_2026-09-16_H02M56S53_01.csv,192809,25.4,070-0540,FY2025P07,,70CDCR24FR0000008,70CDCR20D00000006,7012,CONT_AWD_70CDCR24FR0000008_7012_70CDCR20D00000006_7012,,,Contracts,,True,outside_pilot
DHS_FY2025P12_c:FY2025P01-P12_070_TAS_Contracts_AccountBreakdownByAward_2026-09-16_H02M56S53_01.csv:row:192816,DHS_FY2025P12_c/extracted/FY2025P01-P12_070_TAS_Contracts_AccountBreakdownByAward_2026-09-16_H02M56S53_01.csv,192816,25.4,070-0540,FY2025P12,,70CDCR24FR0000008,70CDCR20D00000006,7012,CONT_AWD_70CDCR24FR0000008_7012_70CDCR20D00000006_7012,,,Contracts,,True,outside_pilot
DHS_FY2025P12_c:FY2025P01-P12_070_TAS_Contracts_AccountBreakdownByAward_2026-09-16_H02M56S53_01.csv:row:192827,DHS_FY2025P12_c/extracted/FY2025P01-P12_070_TAS_Contracts_AccountBreakdownByAward_2026-09-16_H02M56S53_01.csv,192827,25.4,070-0540,FY2025P06,,70CDCR24FR0000008,70CDCR20D00000006,7012,CONT_AWD_70CDCR24FR0000008_7012_70CDCR20D00000006_7012,,,Contracts,,True,outside_pilot
DHS_FY2025P12_c:FY2025P01-P12_070_TAS_Contracts_AccountBreakdownByAward_2026-09-16_H02M56S53_01.csv:row:192829,DHS_FY2025P12_c/extracted/FY2025P01-P12_070_TAS_Contracts_AccountBreakdownByAward_2026-09-16_H02M56S53_01.csv,192829,25.4,070-0540,FY2025P06,,70CDCR24FR0000008,70CDCR20D00000006,7012,CONT_AWD_70CDCR24FR0000008_7012_70CDCR20D00000006_7012,,,Contracts,,True,outside_pilot
DHS_FY2025P12_c:FY2025P01-P12_070_TAS_Contracts_AccountBreakdownByAward_2026-09-16_H02M56S53_01.csv:row:192830,DHS_FY2025P12_c/extracted/FY2025P01-P12_070_TAS_Contracts_AccountBreakdownByAward_2026-09-16_H02M56S53_01.csv,192830,25.4,070-0540,FY2025P08,-141697.95,70CDCR24FR0000008,70CDCR20D00000006,7012,CONT_AWD_70CDCR24FR0000008_7012_70CDCR20D00000006_7012,,,Contracts,-141697.95,False,outside_pilot
DHS_FY2025P12_c:FY2025P01-P12_070_TAS_Contracts_AccountBreakdownByAward_2026-09-16_H02M56S53_01.csv:row:192832,DHS_FY2025P12_c/extracted/FY2025P01-P12_070_TAS_Contracts_AccountBreakdownByAward_2026-09-16_H02M56S53_01.csv,192832,25.4,070-0540,FY2025P08,-94940.00,70CDCR24FR0000008,70CDCR20D00000006,7012,CONT_AWD_70CDCR24FR0000008_7012_70CDCR20D00000006_7012,,,Contracts,-94940.00,False,outside_pilot
DHS_FY2025P12_c:FY2025P01-P12_070_TAS_Contracts_AccountBreakdownByAward_2026-09-16_H02M56S53_01.csv:row:192833,DHS_FY2025P12_c/extracted/FY2025P01-P12_070_TAS_Contracts_AccountBreakdownByAward_2026-09-16_H02M56S53_01.csv,192833,25.4,070-0540,FY2025P05,,70CDCR24FR0000008,70CDCR20D00000006,7012,CONT_AWD_70CDCR24FR0000008_7012_70CDCR20D00000006_7012,,,Contracts,,True,outside_pilot
DHS_FY2025P12_c:FY2025P01-P12_070_TAS_Contracts_AccountBreakdownByAward_2026-09-16_H02M56S53_01.csv:row:192836,DHS_FY2025P12_c/extracted/FY2025P01-P12_070_TAS_Contracts_AccountBreakdownByAward_2026-09-16_H02M56S53_01.csv,192836,25.4,070-0540,FY2025P07,,70CDCR24FR0000008,70CDCR20D00000006,7012,CONT_AWD_70CDCR24FR0000008_7012_70CDCR20D00000006_7012,,,Contracts,,True,outside_pilot
DHS_FY2025P12_c:FY2025P01-P12_070_TAS_Contracts_AccountBreakdownByAward_2026-09-16_H02M56S53_01.csv:row:192839,DHS_FY2025P12_c/extracted/FY2025P01-P12_070_TAS_Contracts_AccountBreakdownByAward_2026-09-16_H02M56S53_01.csv,192839,25.4,070-0540,FY2025P06,1161830.40,70CDCR24FR0000008,70CDCR20D00000006,7012,CONT_AWD_70CDCR24FR0000008_7012_70CDCR20D00000006_7012,,,Contracts,1161830.40,False,outside_pilot
DHS_FY2025P12_c:FY2025P01-P12_070_TAS_Contracts_AccountBreakdownByAward_2026-09-16_H02M56S53_01.csv:row:194958,DHS_FY2025P12_c/extracted/FY2025P01-P12_070_TAS_Contracts_AccountBreakdownByAward_2026-09-16_H02M56S53_01.csv,194958,25.4,070-0540,FY2025P08,250.00,70CDCR25FR0000048,70CDCR25D00000058,7012,CONT_AWD_70CDCR25FR0000048_7012_70CDCR25D00000058_7012,,,Contracts,250.00,False,outside_pilot
DHS_FY2025P12_c:FY2025P01-P12_070_TAS_Contracts_AccountBreakdownByAward_2026-09-16_H02M56S53_01.csv:row:196888,DHS_FY2025P12_c/extracted/FY2025P01-P12_070_TAS_Contracts_AccountBreakdownByAward_2026-09-16_H02M56S53_01.csv,196888,25.4,070-0540,FY2025P08,250.00,70CDCR25FR0000066,70CDCR25D00000054,7012,CONT_AWD_70CDCR25FR0000066_7012_70CDCR25D00000054_7012,,,Contracts,250.00,False,outside_pilot
DHS_FY2025P12_c:FY2025P01-P12_070_TAS_Contracts_AccountBreakdownByAward_2026-09-16_H02M56S53_01.csv:row:197513,DHS_FY2025P12_c/extracted/FY2025P01-P12_070_TAS_Contracts_AccountBreakdownByAward_2026-09-16_H02M56S53_01.csv,197513,25.4,070-0540,FY2025P08,250.00,70CDCR25FR0000085,70CDCR25D00000018,7012,CONT_AWD_70CDCR25FR0000085_7012_70CDCR25D00000018_7012,,,Contracts,250.00,False,outside_pilot
DHS_FY2025P12_c:FY2025P01-P12_070_TAS_Contracts_AccountBreakdownByAward_2026-09-16_H02M56S53_01.csv:row:199299,DHS_FY2025P12_c/extracted/FY2025P01-P12_070_TAS_Contracts_AccountBreakdownByAward_2026-09-16_H02M56S53_01.csv,199299,25.4,070-0540,FY2025P08,,70CDCR23FR0000065,70CDCR20D00000004,7012,CONT_AWD_70CDCR23FR0000065_7012_70CDCR20D00000004_7012,,,Contracts,,True,outside_pilot
DHS_FY2025P12_c:FY2025P01-P12_070_TAS_Contracts_AccountBreakdownByAward_2026-09-16_H02M56S53_01.csv:row:199301,DHS_FY2025P12_c/extracted/FY2025P01-P12_070_TAS_Contracts_AccountBreakdownByAward_2026-09-16_H02M56S53_01.csv,199301,25.4,070-0540,FY2025P05,,70CDCR23FR0000065,70CDCR20D00000004,7012,CONT_AWD_70CDCR23FR0000065_7012_70CDCR20D00000004_7012,,,Contracts,,True,outside_pilot
DHS_FY2025P12_c:FY2025P01-P12_070_TAS_Contracts_AccountBreakdownByAward_2026-09-16_H02M56S53_01.csv:row:199316,DHS_FY2025P12_c/extracted/FY2025P01-P12_070_TAS_Contracts_AccountBreakdownByAward_2026-09-16_H02M56S53_01.csv,199316,25.4,070-0540,FY2025P07,,70CDCR23FR0000065,70CDCR20D00000004,7012,CONT_AWD_70CDCR23FR0000065_7012_70CDCR20D00000004_7012,,,Contracts,,True,outside_pilot
DHS_FY2025P12_c:FY2025P01-P12_070_TAS_Contracts_AccountBreakdownByAward_2026-09-16_H02M56S53_01.csv:row:199317,DHS_FY2025P12_c/extracted/FY2025P01-P12_070_TAS_Contracts_AccountBreakdownByAward_2026-09-16_H02M56S53_01.csv,199317,25.4,070-0540,FY2025P09,,70CDCR23FR0000065,70CDCR20D00000004,7012,CONT_AWD_70CDCR23FR0000065_7012_70CDCR20D00000004_7012,,,Contracts,,True,outside_pilot
DHS_FY2025P12_c:FY2025P01-P12_070_TAS_Contracts_AccountBreakdownByAward_2026-09-16_H02M56S53_01.csv:row:199320,DHS_FY2025P12_c/extracted/FY2025P01-P12_070_TAS_Contracts_AccountBreakdownByAward_2026-09-16_H02M56S53_01.csv,199320,25.4,070-0540,FY2025P10,,70CDCR23FR0000065,70CDCR20D00000004,7012,CONT_AWD_70CDCR23FR0000065_7012_70CDCR20D00000004_7012,,,Contracts,,True,outside_pilot
DHS_FY2025P12_c:FY2025P01-P12_070_TAS_Contracts_AccountBreakdownByAward_2026-09-16_H02M56S53_01.csv:row:199322,DHS_FY2025P12_c/extracted/FY2025P01-P12_070_TAS_Contracts_AccountBreakdownByAward_2026-09-16_H02M56S53_01.csv,199322,25.4,070-0540,FY2025P06,,70CDCR23FR0000065,70CDCR20D00000004,7012,CONT_AWD_70CDCR23FR0000065_7012_70CDCR20D00000004_7012,,,Contracts,,True,outside_pilot
DHS_FY2025P12_c:FY2025P01-P12_070_TAS_Contracts_AccountBreakdownByAward_2026-09-16_H02M56S53_01.csv:row:199329,DHS_FY2025P12_c/extracted/FY2025P01-P12_070_TAS_Contracts_AccountBreakdownByAward_2026-09-16_H02M56S53_01.csv,199329,25.4,070-0540,FY2025P11,,70CDCR23FR0000065,70CDCR20D00000004,7012,CONT_AWD_70CDCR23FR0000065_7012_70CDCR20D00000004_7012,,,Contracts,,True,outside_pilot
DHS_FY2025P12_c:FY2025P01-P12_070_TAS_Contracts_AccountBreakdownByAward_2026-09-16_H02M56S53_01.csv:row:199333,DHS_FY2025P12_c/extracted/FY2025P01-P12_070_TAS_Contracts_AccountBreakdownByAward_2026-09-16_H02M56S53_01.csv,199333,25.4,070-0540,FY2025P12,,70CDCR23FR0000065,70CDCR20D00000004,7012,CONT_AWD_70CDCR23FR0000065_7012_70CDCR20D00000004_7012,,,Contracts,,True,outside_pilot
DHS_FY2025P12_c:FY2025P01-P12_070_TAS_Contracts_AccountBreakdownByAward_2026-09-16_H02M56S53_01.csv:row:199678,DHS_FY2025P12_c/extracted/FY2025P01-P12_070_TAS_Contracts_AccountBreakdownByAward_2026-09-16_H02M56S53_01.csv,199678,25.4,070-0540,FY2025P07,38290.00,70CDCR25FR0000015,70CDCR20D00000017,7012,CONT_AWD_70CDCR25FR0000015_7012_70CDCR20D00000017_7012,,,Contracts,38290.00,False,outside_pilot
DHS_FY2025P12_c:FY2025P01-P12_070_TAS_Contracts_AccountBreakdownByAward_2026-09-16_H02M56S53_01.csv:row:199680,DHS_FY2025P12_c/extracted/FY2025P01-P12_070_TAS_Contracts_AccountBreakdownByAward_2026-09-16_H02M56S53_01.csv,199680,25.4,070-0540,FY2025P09,,70CDCR25FR0000015,70CDCR20D00000017,7012,CONT_AWD_70CDCR25FR0000015_7012_70CDCR20D00000017_7012,,,Contracts,,True,outside_pilot
DHS_FY2025P12_c:FY2025P01-P12_070_TAS_Contracts_AccountBreakdownByAward_2026-09-16_H02M56S53_01.csv:row:199682,DHS_FY2025P12_c/extracted/FY2025P01-P12_070_TAS_Contracts_AccountBreakdownByAward_2026-09-16_H02M56S53_01.csv,199682,25.4,070-0540,FY2025P10,,70CDCR25FR0000015,70CDCR20D00000017,7012,CONT_AWD_70CDCR25FR0000015_7012_70CDCR20D00000017_7012,,,Contracts,,True,outside_pilot
DHS_FY2025P12_c:FY2025P01-P12_070_TAS_Contracts_AccountBreakdownByAward_2026-09-16_H02M56S53_01.csv:row:199689,DHS_FY2025P12_c/extracted/FY2025P01-P12_070_TAS_Contracts_AccountBreakdownByAward_2026-09-16_H02M56S53_01.csv,199689,25.4,070-0540,FY2025P07,,70CDCR25FR0000015,70CDCR20D00000017,7012,CONT_AWD_70CDCR25FR0000015_7012_70CDCR20D00000017_7012,,,Contracts,,True,outside_pilot
DHS_FY2025P12_c:FY2025P01-P12_070_TAS_Contracts_AccountBreakdownByAward_2026-09-16_H02M56S53_01.csv:row:199699,DHS_FY2025P12_c/extracted/FY2025P01-P12_070_TAS_Contracts_AccountBreakdownByAward_2026-09-16_H02M56S53_01.csv,199699,25.4,070-0540,FY2025P08,,70CDCR25FR0000015,70CDCR20D00000017,7012,CONT_AWD_70CDCR25FR0000015_7012_70CDCR20D00000017_7012,,,Contracts,,True,outside_pilot
DHS_FY2025P12_c:FY2025P01-P12_070_TAS_Contracts_AccountBreakdownByAward_2026-09-16_H02M56S53_01.csv:row:199701,DHS_FY2025P12_c/extracted/FY2025P01-P12_070_TAS_Contracts_AccountBreakdownByAward_2026-09-16_H02M56S53_01.csv,199701,25.4,070-0540,FY2025P11,,70CDCR25FR0000015,70CDCR20D00000017,7012,CONT_AWD_70CDCR25FR0000015_7012_70CDCR20D00000017_7012,,,Contracts,,True,outside_pilot
DHS_FY2025P12_c:FY2025P01-P12_070_TAS_Contracts_AccountBreakdownByAward_2026-09-16_H02M56S53_01.csv:row:199702,DHS_FY2025P12_c/extracted/FY2025P01-P12_070_TAS_Contracts_AccountBreakdownByAward_2026-09-16_H02M56S53_01.csv,199702,25.4,070-0540,FY2025P12,,70CDCR25FR0000015,70CDCR20D00000017,7012,CONT_AWD_70CDCR25FR0000015_7012_70CDCR20D00000017_7012,,,Contracts,,True,outside_pilot
DHS_FY2025P12_c:FY2025P01-P12_070_TAS_Contracts_AccountBreakdownByAward_2026-09-16_H02M56S53_01.csv:row:199706,DHS_FY2025P12_c/extracted/FY2025P01-P12_070_TAS_Contracts_AccountBreakdownByAward_2026-09-16_H02M56S53_01.csv,199706,25.4,070-0540,FY2025P06,,70CDCR25FR0000015,70CDCR20D00000017,7012,CONT_AWD_70CDCR25FR0000015_7012_70CDCR20D00000017_7012,,,Contracts,,True,outside_pilot
DHS_FY2025P12_c:FY2025P01-P12_070_TAS_Contracts_AccountBreakdownByAward_2026-09-16_H02M56S53_01.csv:row:20112,DHS_FY2025P12_c/extracted/FY2025P01-P12_070_TAS_Contracts_AccountBreakdownByAward_2026-09-16_H02M56S53_01.csv,20112,25.4,070-0540,FY2025P07,178419.00,70CDCR25FR0000009,70CDCR20D00000009,7012,CONT_AWD_70CDCR25FR0000009_7012_70CDCR20D00000009_7012,,,Contracts,178419.00,False,outside_pilot
DHS_FY2025P12_c:FY2025P01-P12_070_TAS_Contracts_AccountBreakdownByAward_2026-09-16_H02M56S53_01.csv:row:20113,DHS_FY2025P12_c/extracted/FY2025P01-P12_070_TAS_Contracts_AccountBreakdownByAward_2026-09-16_H02M56S53_01.csv,20113,25.4,070-0540,FY2025P07,,70CDCR25FR0000009,70CDCR20D00000009,7012,CONT_AWD_70CDCR25FR0000009_7012_70CDCR20D00000009_7012,,,Contracts,,True,outside_pilot
DHS_FY2025P12_c:FY2025P01-P12_070_TAS_Contracts_AccountBreakdownByAward_2026-09-16_H02M56S53_01.csv:row:20117,DHS_FY2025P12_c/extracted/FY2025P01-P12_070_TAS_Contracts_AccountBreakdownByAward_2026-09-16_H02M56S53_01.csv,20117,25.4,070-0540,FY2025P11,2984368.90,70CDCR25FR0000009,70CDCR20D00000009,7012,CONT_AWD_70CDCR25FR0000009_7012_70CDCR20D00000009_7012,,,Contracts,2984368.90,False,outside_pilot
DHS_FY2025P12_c:FY2025P01-P12_070_TAS_Contracts_AccountBreakdownByAward_2026-09-16_H02M56S53_01.csv:row:20122,DHS_FY2025P12_c/extracted/FY2025P01-P12_070_TAS_Contracts_AccountBreakdownByAward_2026-09-16_H02M56S53_01.csv,20122,25.4,070-0540,FY2025P10,,70CDCR25FR0000009,70CDCR20D00000009,7012,CONT_AWD_70CDCR25FR0000009_7012_70CDCR20D00000009_7012,,,Contracts,,True,outside_pilot
DHS_FY2025P12_c:FY2025P01-P12_070_TAS_Contracts_AccountBreakdownByAward_2026-09-16_H02M56S53_01.csv:row:20127,DHS_FY2025P12_c/extracted/FY2025P01-P12_070_TAS_Contracts_AccountBreakdownByAward_2026-09-16_H02M56S53_01.csv,20127,25.4,070-0540,FY2025P05,,70CDCR25FR0000009,70CDCR20D00000009,7012,CONT_AWD_70CDCR25FR0000009_7012_70CDCR20D00000009_7012,,,Contracts,,True,outside_pilot
DHS_FY2025P12_c:FY2025P01-P12_070_TAS_Contracts_AccountBreakdownByAward_2026-09-16_H02M56S53_01.csv:row:20132,DHS_FY2025P12_c/extracted/FY2025P01-P12_070_TAS_Contracts_AccountBreakdownByAward_2026-09-16_H02M56S53_01.csv,20132,25.4,070-0540,FY2025P09,,70CDCR25FR0000009,70CDCR20D00000009,7012,CONT_AWD_70CDCR25FR0000009_7012_70CDCR20D00000009_7012,,,Contracts,,True,outside_pilot
DHS_FY2025P12_c:FY2025P01-P12_070_TAS_Contracts_AccountBreakdownByAward_2026-09-16_H02M56S53_01.csv:row:20134,DHS_FY2025P12_c/extracted/FY2025P01-P12_070_TAS_Contracts_AccountBreakdownByAward_2026-09-16_H02M56S53_01.csv,20134,25.4,070-0540,FY2025P08,,70CDCR25FR0000009,70CDCR20D00000009,7012,CONT_AWD_70CDCR25FR0000009_7012_70CDCR20D00000009_7012,,,Contracts,,True,outside_pilot
DHS_FY2025P12_c:FY2025P01-P12_070_TAS_Contracts_AccountBreakdownByAward_2026-09-16_H02M56S53_01.csv:row:20135,DHS_FY2025P12_c/extracted/FY2025P01-P12_070_TAS_Contracts_AccountBreakdownByAward_2026-09-16_H02M56S53_01.csv,20135,25.4,070-0540,FY2025P11,,70CDCR25FR0000009,70CDCR20D00000009,7012,CONT_AWD_70CDCR25FR0000009_7012_70CDCR20D00000009_7012,,,Contracts,,True,outside_pilot
DHS_FY2025P12_c:FY2025P01-P12_070_TAS_Contracts_AccountBreakdownByAward_2026-09-16_H02M56S53_01.csv:row:20136,DHS_FY2025P12_c/extracted/FY2025P01-P12_070_TAS_Contracts_AccountBreakdownByAward_2026-09-16_H02M56S53_01.csv,20136,25.4,070-0540,FY2025P12,,70CDCR25FR0000009,70CDCR20D00000009,7012,CONT_AWD_70CDCR25FR0000009_7012_70CDCR20D00000009_7012,,,Contracts,,True,outside_pilot
DHS_FY2025P12_c:FY2025P01-P12_070_TAS_Contracts_AccountBreakdownByAward_2026-09-16_H02M56S53_01.csv:row:20139,DHS_FY2025P12_c/extracted/FY2025P01-P12_070_TAS_Contracts_AccountBreakdownByAward_2026-09-16_H02M56S53_01.csv,20139,25.4,070-0540,FY2025P12,17810000.00,70CDCR25FR0000009,70CDCR20D00000009,7012,CONT_AWD_70CDCR25FR0000009_7012_70CDCR20D00000009_7012,,,Contracts,17810000.00,False,outside_pilot
DHS_FY2025P12_c:FY2025P01-P12_070_TAS_Contracts_AccountBreakdownByAward_2026-09-16_H02M56S53_01.csv:row:20143,DHS_FY2025P12_c/extracted/FY2025P01-P12_070_TAS_Contracts_AccountBreakdownByAward_2026-09-16_H02M56S53_01.csv,20143,25.4,070-0540,FY2025P06,,70CDCR25FR0000009,70CDCR20D00000009,7012,CONT_AWD_70CDCR25FR0000009_7012_70CDCR20D00000009_7012,,,Contracts,,True,outside_pilot
DHS_FY2025P12_c:FY2025P01-P12_070_TAS_Contracts_AccountBreakdownByAward_2026-09-16_H02M56S53_01.csv:row:20145,DHS_FY2025P12_c/extracted/FY2025P01-P12_070_TAS_Contracts_AccountBreakdownByAward_2026-09-16_H02M56S53_01.csv,20145,25.4,070-0540,FY2025P08,14018700.00,70CDCR25FR0000009,70CDCR20D00000009,7012,CONT_AWD_70CDCR25FR0000009_7012_70CDCR20D00000009_7012,,,Contracts,14018700.00,False,outside_pilot
DHS_FY2025P12_c:FY2025P01-P12_070_TAS_Contracts_AccountBreakdownByAward_2026-09-16_H02M56S53_01.csv:row:20148,DHS_FY2025P12_c/extracted/FY2025P01-P12_070_TAS_Contracts_AccountBreakdownByAward_2026-09-16_H02M56S53_01.csv,20148,25.4,070-0540,FY2025P08,7009333.00,70CDCR25FR0000009,70CDCR20D00000009,7012,CONT_AWD_70CDCR25FR0000009_7012_70CDCR20D00000009_7012,,,Contracts,7009333.00,False,outside_pilot
DHS_FY2025P12_c:FY2025P01-P12_070_TAS_Contracts_AccountBreakdownByAward_2026-09-16_H02M56S53_01.csv:row:20149,DHS_FY2025P12_c/extracted/FY2025P01-P12_070_TAS_Contracts_AccountBreakdownByAward_2026-09-16_H02M56S53_01.csv,20149,25.4,070-0540,FY2025P05,7025359.00,70CDCR25FR0000009,70CDCR20D00000009,7012,CONT_AWD_70CDCR25FR0000009_7012_70CDCR20D00000009_7012,,,Contracts,7025359.00,False,outside_pilot
DHS_FY2025P12_c:FY2025P01-P12_070_TAS_Contracts_AccountBreakdownByAward_2026-09-16_H02M56S53_01.csv:row:20150,DHS_FY2025P12_c/extracted/FY2025P01-P12_070_TAS_Contracts_AccountBreakdownByAward_2026-09-16_H02M56S53_01.csv,20150,25.4,070-0540,FY2025P05,14018700.00,70CDCR25FR0000009,70CDCR20D00000009,7012,CONT_AWD_70CDCR25FR0000009_7012_70CDCR20D00000009_7012,,,Contracts,14018700.00,False,outside_pilot
DHS_FY2025P12_c:FY2025P01-P12_070_TAS_Contracts_AccountBreakdownByAward_2026-09-16_H02M56S53_01.csv:row:202116,DHS_FY2025P12_c/extracted/FY2025P01-P12_070_TAS_Contracts_AccountBreakdownByAward_2026-09-16_H02M56S53_01.csv,202116,25.4,070-0540,FY2025P06,-15043.46,70CDCR23FR0000002,HSCEDM15D00015,7012,CONT_AWD_70CDCR23FR0000002_7012_HSCEDM15D00015_7012,,,Contracts,-15043.46,False,outside_pilot
DHS_FY2025P12_c:FY2025P01-P12_070_TAS_Contracts_AccountBreakdownByAward_2026-09-16_H02M56S53_01.csv:row:202389,DHS_FY2025P12_c/extracted/FY2025P01-P12_070_TAS_Contracts_AccountBreakdownByAward_2026-09-16_H02M56S53_01.csv,202389,25.4,070-0540,FY2025P05,,70CDCR24FR0000056,HSCEDM17D00009,7012,CONT_AWD_70CDCR24FR0000056_7012_HSCEDM17D00009_7012,,,Contracts,,True,outside_pilot
DHS_FY2025P12_c:FY2025P01-P12_070_TAS_Contracts_AccountBreakdownByAward_2026-09-16_H02M56S53_01.csv:row:202390,DHS_FY2025P12_c/extracted/FY2025P01-P12_070_TAS_Contracts_AccountBreakdownByAward_2026-09-16_H02M56S53_01.csv,202390,25.4,070-0540,FY2025P09,,70CDCR24FR0000056,HSCEDM17D00009,7012,CONT_AWD_70CDCR24FR0000056_7012_HSCEDM17D00009_7012,,,Contracts,,True,outside_pilot
DHS_FY2025P12_c:FY2025P01-P12_070_TAS_Contracts_AccountBreakdownByAward_2026-09-16_H02M56S53_01.csv:row:202393,DHS_FY2025P12_c/extracted/FY2025P01-P12_070_TAS_Contracts_AccountBreakdownByAward_2026-09-16_H02M56S53_01.csv,202393,25.4,070-0540,FY2025P08,,70CDCR24FR0000056,HSCEDM17D00009,7012,CONT_AWD_70CDCR24FR0000056_7012_HSCEDM17D00009_7012,,,Contracts,,True,outside_pilot
DHS_FY2025P12_c:FY2025P01-P12_070_TAS_Contracts_AccountBreakdownByAward_2026-09-16_H02M56S53_01.csv:row:202395,DHS_FY2025P12_c/extracted/FY2025P01-P12_070_TAS_Contracts_AccountBreakdownByAward_2026-09-16_H02M56S53_01.csv,202395,25.4,070-0540,FY2025P08,,70CDCR24FR0000056,HSCEDM17D00009,7012,CONT_AWD_70CDCR24FR0000056_7012_HSCEDM17D00009_7012,,,Contracts,,True,outside_pilot
DHS_FY2025P12_c:FY2025P01-P12_070_TAS_Contracts_AccountBreakdownByAward_2026-09-16_H02M56S53_01.csv:row:202396,DHS_FY2025P12_c/extracted/FY2025P01-P12_070_TAS_Contracts_AccountBreakdownByAward_2026-09-16_H02M56S53_01.csv,202396,25.4,070-0540,FY2025P05,4422633.00,70CDCR24FR0000056,HSCEDM17D00009,7012,CONT_AWD_70CDCR24FR0000056_7012_HSCEDM17D00009_7012,,,Contracts,4422633.00,False,outside_pilot
DHS_FY2025P12_c:FY2025P01-P12_070_TAS_Contracts_AccountBreakdownByAward_2026-09-16_H02M56S53_01.csv:row:202401,DHS_FY2025P12_c/extracted/FY2025P01-P12_070_TAS_Contracts_AccountBreakdownByAward_2026-09-16_H02M56S53_01.csv,202401,25.4,070-0540,FY2025P08,-9969200.00,70CDCR24FR0000056,HSCEDM17D00009,7012,CONT_AWD_70CDCR24FR0000056_7012_HSCEDM17D00009_7012,,,Contracts,-9969200.00,False,outside_pilot
DHS_FY2025P12_c:FY2025P01-P12_070_TAS_Contracts_AccountBreakdownByAward_2026-09-16_H02M56S53_01.csv:row:202402,DHS_FY2025P12_c/extracted/FY2025P01-P12_070_TAS_Contracts_AccountBreakdownByAward_2026-09-16_H02M56S53_01.csv,202402,25.4,070-0540,FY2025P08,9969200.00,70CDCR24FR0000056,HSCEDM17D00009,7012,CONT_AWD_70CDCR24FR0000056_7012_HSCEDM17D00009_7012,,,Contracts,9969200.00,False,outside_pilot
DHS_FY2025P12_c:FY2025P01-P12_070_TAS_Contracts_AccountBreakdownByAward_2026-09-16_H02M56S53_01.csv:row:202404,DHS_FY2025P12_c/extracted/FY2025P01-P12_070_TAS_Contracts_AccountBreakdownByAward_2026-09-16_H02M56S53_01.csv,202404,25.4,070-0540,FY2025P09,,70CDCR24FR0000056,HSCEDM17D00009,7012,CONT_AWD_70CDCR24FR0000056_7012_HSCEDM17D00009_7012,,,Contracts,,True,outside_pilot
DHS_FY2025P12_c:FY2025P01-P12_070_TAS_Contracts_AccountBreakdownByAward_2026-09-16_H02M56S53_01.csv:row:202407,DHS_FY2025P12_c/extracted/FY2025P01-P12_070_TAS_Contracts_AccountBreakdownByAward_2026-09-16_H02M56S53_01.csv,202407,25.4,070-0540,FY2025P05,,70CDCR24FR0000056,HSCEDM17D00009,7012,CONT_AWD_70CDCR24FR0000056_7012_HSCEDM17D00009_7012,,,Contracts,,True,outside_pilot
DHS_FY2025P12_c:FY2025P01-P12_070_TAS_Contracts_AccountBreakdownByAward_2026-09-16_H02M56S53_01.csv:row:202414,DHS_FY2025P12_c/extracted/FY2025P01-P12_070_TAS_Contracts_AccountBreakdownByAward_2026-09-16_H02M56S53_01.csv,202414,25.4,070-0540,FY2025P06,,70CDCR24FR0000056,HSCEDM17D00009,7012,CONT_AWD_70CDCR24FR0000056_7012_HSCEDM17D00009_7012,,,Contracts,,True,outside_pilot
DHS_FY2025P12_c:FY2025P01-P12_070_TAS_Contracts_AccountBreakdownByAward_2026-09-16_H02M56S53_01.csv:row:202415,DHS_FY2025P12_c/extracted/FY2025P01-P12_070_TAS_Contracts_AccountBreakdownByAward_2026-09-16_H02M56S53_01.csv,202415,25.4,070-0540,FY2025P06,,70CDCR24FR0000056,HSCEDM17D00009,7012,CONT_AWD_70CDCR24FR0000056_7012_HSCEDM17D00009_7012,,,Contracts,,True,outside_pilot
DHS_FY2025P12_c:FY2025P01-P12_070_TAS_Contracts_AccountBreakdownByAward_2026-09-16_H02M56S53_01.csv:row:202417,DHS_FY2025P12_c/extracted/FY2025P01-P12_070_TAS_Contracts_AccountBreakdownByAward_2026-09-16_H02M56S53_01.csv,202417,25.4,070-0540,FY2025P06,5279400.00,70CDCR24FR0000056,HSCEDM17D00009,7012,CONT_AWD_70CDCR24FR0000056_7012_HSCEDM17D00009_7012,,,Contracts,5279400.00,False,outside_pilot
DHS_FY2025P12_c:FY2025P01-P12_070_TAS_Contracts_AccountBreakdownByAward_2026-09-16_H02M56S53_01.csv:row:202418,DHS_FY2025P12_c/extracted/FY2025P01-P12_070_TAS_Contracts_AccountBreakdownByAward_2026-09-16_H02M56S53_01.csv,202418,25.4,070-0540,FY2025P11,,70CDCR24FR0000056,HSCEDM17D00009,7012,CONT_AWD_70CDCR24FR0000056_7012_HSCEDM17D00009_7012,,,Contracts,,True,outside_pilot
DHS_FY2025P12_c:FY2025P01-P12_070_TAS_Contracts_AccountBreakdownByAward_2026-09-16_H02M56S53_01.csv:row:202422,DHS_FY2025P12_c/extracted/FY2025P01-P12_070_TAS_Contracts_AccountBreakdownByAward_2026-09-16_H02M56S53_01.csv,202422,25.4,070-0540,FY2025P12,,70CDCR24FR0000056,HSCEDM17D00009,7012,CONT_AWD_70CDCR24FR0000056_7012_HSCEDM17D00009_7012,,,Contracts,,True,outside_pilot
DHS_FY2025P12_c:FY2025P01-P12_070_TAS_Contracts_AccountBreakdownByAward_2026-09-16_H02M56S53_01.csv:row:202425,DHS_FY2025P12_c/extracted/FY2025P01-P12_070_TAS_Contracts_AccountBreakdownByAward_2026-09-16_H02M56S53_01.csv,202425,25.4,070-0540,FY2025P12,,70CDCR24FR0000056,HSCEDM17D00009,7012,CONT_AWD_70CDCR24FR0000056_7012_HSCEDM17D00009_7012,,,Contracts,,True,outside_pilot
DHS_FY2025P12_c:FY2025P01-P12_070_TAS_Contracts_AccountBreakdownByAward_2026-09-16_H02M56S53_01.csv:row:202431,DHS_FY2025P12_c/extracted/FY2025P01-P12_070_TAS_Contracts_AccountBreakdownByAward_2026-09-16_H02M56S53_01.csv,202431,25.4,070-0540,FY2025P07,,70CDCR24FR0000056,HSCEDM17D00009,7012,CONT_AWD_70CDCR24FR0000056_7012_HSCEDM17D00009_7012,,,Contracts,,True,outside_pilot
DHS_FY2025P12_c:FY2025P01-P12_070_TAS_Contracts_AccountBreakdownByAward_2026-09-16_H02M56S53_01.csv:row:202437,DHS_FY2025P12_c/extracted/FY2025P01-P12_070_TAS_Contracts_AccountBreakdownByAward_2026-09-16_H02M56S53_01.csv,202437,25.4,070-0540,FY2025P11,,70CDCR24FR0000056,HSCEDM17D00009,7012,CONT_AWD_70CDCR24FR0000056_7012_HSCEDM17D00009_7012,,,Contracts,,True,outside_pilot
DHS_FY2025P12_c:FY2025P01-P12_070_TAS_Contracts_AccountBreakdownByAward_2026-09-16_H02M56S53_01.csv:row:202441,DHS_FY2025P12_c/extracted/FY2025P01-P12_070_TAS_Contracts_AccountBreakdownByAward_2026-09-16_H02M56S53_01.csv,202441,25.4,070-0540,FY2025P07,,70CDCR24FR0000056,HSCEDM17D00009,7012,CONT_AWD_70CDCR24FR0000056_7012_HSCEDM17D00009_7012,,,Contracts,,True,outside_pilot
DHS_FY2025P12_c:FY2025P01-P12_070_TAS_Contracts_AccountBreakdownByAward_2026-09-16_H02M56S53_01.csv:row:202442,DHS_FY2025P12_c/extracted/FY2025P01-P12_070_TAS_Contracts_AccountBreakdownByAward_2026-09-16_H02M56S53_01.csv,202442,25.4,070-0540,FY2025P07,9969200.00,70CDCR24FR0000056,HSCEDM17D00009,7012,CONT_AWD_70CDCR24FR0000056_7012_HSCEDM17D00009_7012,,,Contracts,9969200.00,False,outside_pilot
DHS_FY2025P12_c:FY2025P01-P12_070_TAS_Contracts_AccountBreakdownByAward_2026-09-16_H02M56S53_01.csv:row:202443,DHS_FY2025P12_c/extracted/FY2025P01-P12_070_TAS_Contracts_AccountBreakdownByAward_2026-09-16_H02M56S53_01.csv,202443,25.4,070-0540,FY2025P07,4984567.00,70CDCR24FR0000056,HSCEDM17D00009,7012,CONT_AWD_70CDCR24FR0000056_7012_HSCEDM17D00009_7012,,,Contracts,4984567.00,False,outside_pilot
DHS_FY2025P12_c:FY2025P01-P12_070_TAS_Contracts_AccountBreakdownByAward_2026-09-16_H02M56S53_01.csv:row:202447,DHS_FY2025P12_c/extracted/FY2025P01-P12_070_TAS_Contracts_AccountBreakdownByAward_2026-09-16_H02M56S53_01.csv,202447,25.4,070-0540,FY2025P10,6996500.00,70CDCR24FR0000056,HSCEDM17D00009,7012,CONT_AWD_70CDCR24FR0000056_7012_HSCEDM17D00009_7012,,,Contracts,6996500.00,False,outside_pilot
DHS_FY2025P12_c:FY2025P01-P12_070_TAS_Contracts_AccountBreakdownByAward_2026-09-16_H02M56S53_01.csv:row:202449,DHS_FY2025P12_c/extracted/FY2025P01-P12_070_TAS_Contracts_AccountBreakdownByAward_2026-09-16_H02M56S53_01.csv,202449,25.4,070-0540,FY2025P10,,70CDCR24FR0000056,HSCEDM17D00009,7012,CONT_AWD_70CDCR24FR0000056_7012_HSCEDM17D00009_7012,,,Contracts,,True,outside_pilot
DHS_FY2025P12_c:FY2025P01-P12_070_TAS_Contracts_AccountBreakdownByAward_2026-09-16_H02M56S53_01.csv:row:202450,DHS_FY2025P12_c/extracted/FY2025P01-P12_070_TAS_Contracts_AccountBreakdownByAward_2026-09-16_H02M56S53_01.csv,202450,25.4,070-0540,FY2025P10,,70CDCR24FR0000056,HSCEDM17D00009,7012,CONT_AWD_70CDCR24FR0000056_7012_HSCEDM17D00009_7012,,,Contracts,,True,outside_pilot
DHS_FY2025P12_c:FY2025P01-P12_070_TAS_Contracts_AccountBreakdownByAward_2026-09-16_H02M56S53_01.csv:row:20311,DHS_FY2025P12_c/extracted/FY2025P01-P12_070_TAS_Contracts_AccountBreakdownByAward_2026-09-16_H02M56S53_01.csv,20311,25.4,070-0540,FY2025P09,,70CDCR24FR0000015,70CDCR20D00000017,7012,CONT_AWD_70CDCR24FR0000015_7012_70CDCR20D00000017_7012,,,Contracts,,True,outside_pilot
DHS_FY2025P12_c:FY2025P01-P12_070_TAS_Contracts_AccountBreakdownByAward_2026-09-16_H02M56S53_01.csv:row:20313,DHS_FY2025P12_c/extracted/FY2025P01-P12_070_TAS_Contracts_AccountBreakdownByAward_2026-09-16_H02M56S53_01.csv,20313,25.4,070-0540,FY2025P09,,70CDCR24FR0000015,70CDCR20D00000017,7012,CONT_AWD_70CDCR24FR0000015_7012_70CDCR20D00000017_7012,,,Contracts,,True,outside_pilot
DHS_FY2025P12_c:FY2025P01-P12_070_TAS_Contracts_AccountBreakdownByAward_2026-09-16_H02M56S53_01.csv:row:20318,DHS_FY2025P12_c/extracted/FY2025P01-P12_070_TAS_Contracts_AccountBreakdownByAward_2026-09-16_H02M56S53_01.csv,20318,25.4,070-0540,FY2025P06,,70CDCR24FR0000015,70CDCR20D00000017,7012,CONT_AWD_70CDCR24FR0000015_7012_70CDCR20D00000017_7012,,,Contracts,,True,outside_pilot
DHS_FY2025P12_c:FY2025P01-P12_070_TAS_Contracts_AccountBreakdownByAward_2026-09-16_H02M56S53_01.csv:row:20323,DHS_FY2025P12_c/extracted/FY2025P01-P12_070_TAS_Contracts_AccountBreakdownByAward_2026-09-16_H02M56S53_01.csv,20323,25.4,070-0540,FY2025P07,,70CDCR24FR0000015,70CDCR20D00000017,7012,CONT_AWD_70CDCR24FR0000015_7012_70CDCR20D00000017_7012,,,Contracts,,True,outside_pilot
DHS_FY2025P12_c:FY2025P01-P12_070_TAS_Contracts_AccountBreakdownByAward_2026-09-16_H02M56S53_01.csv:row:20325,DHS_FY2025P12_c/extracted/FY2025P01-P12_070_TAS_Contracts_AccountBreakdownByAward_2026-09-16_H02M56S53_01.csv,20325,25.4,070-0540,FY2025P07,,70CDCR24FR0000015,70CDCR20D00000017,7012,CONT_AWD_70CDCR24FR0000015_7012_70CDCR20D00000017_7012,,,Contracts,,True,outside_pilot
DHS_FY2025P12_c:FY2025P01-P12_070_TAS_Contracts_AccountBreakdownByAward_2026-09-16_H02M56S53_01.csv:row:20330,DHS_FY2025P12_c/extracted/FY2025P01-P12_070_TAS_Contracts_AccountBreakdownByAward_2026-09-16_H02M56S53_01.csv,20330,25.4,070-0540,FY2025P10,,70CDCR24FR0000015,70CDCR20D00000017,7012,CONT_AWD_70CDCR24FR0000015_7012_70CDCR20D00000017_7012,,,Contracts,,True,outside_pilot
DHS_FY2025P12_c:FY2025P01-P12_070_TAS_Contracts_AccountBreakdownByAward_2026-09-16_H02M56S53_01.csv:row:20331,DHS_FY2025P12_c/extracted/FY2025P01-P12_070_TAS_Contracts_AccountBreakdownByAward_2026-09-16_H02M56S53_01.csv,20331,25.4,070-0540,FY2025P10,,70CDCR24FR0000015,70CDCR20D00000017,7012,CONT_AWD_70CDCR24FR0000015_7012_70CDCR20D00000017_7012,,,Contracts,,True,outside_pilot
DHS_FY2025P12_c:FY2025P01-P12_070_TAS_Contracts_AccountBreakdownByAward_2026-09-16_H02M56S53_01.csv:row:20333,DHS_FY2025P12_c/extracted/FY2025P01-P12_070_TAS_Contracts_AccountBreakdownByAward_2026-09-16_H02M56S53_01.csv,20333,25.4,070-0540,FY2025P06,,70CDCR24FR0000015,70CDCR20D00000017,7012,CONT_AWD_70CDCR24FR0000015_7012_70CDCR20D00000017_7012,,,Contracts,,True,outside_pilot
DHS_FY2025P12_c:FY2025P01-P12_070_TAS_Contracts_AccountBreakdownByAward_2026-09-16_H02M56S53_01.csv:row:20334,DHS_FY2025P12_c/extracted/FY2025P01-P12_070_TAS_Contracts_AccountBreakdownByAward_2026-09-16_H02M56S53_01.csv,20334,25.4,070-0540,FY2025P12,,70CDCR24FR0000015,70CDCR20D00000017,7012,CONT_AWD_70CDCR24FR0000015_7012_70CDCR20D00000017_7012,,,Contracts,,True,outside_pilot
DHS_FY2025P12_c:FY2025P01-P12_070_TAS_Contracts_AccountBreakdownByAward_2026-09-16_H02M56S53_01.csv:row:20336,DHS_FY2025P12_c/extracted/FY2025P01-P12_070_TAS_Contracts_AccountBreakdownByAward_2026-09-16_H02M56S53_01.csv,20336,25.4,070-0540,FY2025P11,,70CDCR24FR0000015,70CDCR20D00000017,7012,CONT_AWD_70CDCR24FR0000015_7012_70CDCR20D00000017_7012,,,Contracts,,True,outside_pilot
DHS_FY2025P12_c:FY2025P01-P12_070_TAS_Contracts_AccountBreakdownByAward_2026-09-16_H02M56S53_01.csv:row:20337,DHS_FY2025P12_c/extracted/FY2025P01-P12_070_TAS_Contracts_AccountBreakdownByAward_2026-09-16_H02M56S53_01.csv,20337,25.4,070-0540,FY2025P11,,70CDCR24FR0000015,70CDCR20D00000017,7012,CONT_AWD_70CDCR24FR0000015_7012_70CDCR20D00000017_7012,,,Contracts,,True,outside_pilot
DHS_FY2025P12_c:FY2025P01-P12_070_TAS_Contracts_AccountBreakdownByAward_2026-09-16_H02M56S53_01.csv:row:20338,DHS_FY2025P12_c/extracted/FY2025P01-P12_070_TAS_Contracts_AccountBreakdownByAward_2026-09-16_H02M56S53_01.csv,20338,25.4,070-0540,FY2025P08,,70CDCR24FR0000015,70CDCR20D00000017,7012,CONT_AWD_70CDCR24FR0000015_7012_70CDCR20D00000017_7012,,,Contracts,,True,outside_pilot
DHS_FY2025P12_c:FY2025P01-P12_070_TAS_Contracts_AccountBreakdownByAward_2026-09-16_H02M56S53_01.csv:row:20344,DHS_FY2025P12_c/extracted/FY2025P01-P12_070_TAS_Contracts_AccountBreakdownByAward_2026-09-16_H02M56S53_01.csv,20344,25.4,070-0540,FY2025P11,-2301.25,70CDCR24FR0000015,70CDCR20D00000017,7012,CONT_AWD_70CDCR24FR0000015_7012_70CDCR20D00000017_7012,,,Contracts,-2301.25,False,outside_pilot
DHS_FY2025P12_c:FY2025P01-P12_070_TAS_Contracts_AccountBreakdownByAward_2026-09-16_H02M56S53_01.csv:row:203513,DHS_FY2025P12_c/extracted/FY2025P01-P12_070_TAS_Contracts_AccountBreakdownByAward_2026-09-16_H02M56S53_01.csv,203513,25.4,070-0540,FY2025P07,,70CMSW22C00000006,,7012,CONT_AWD_70CMSW22C00000006_7012_-NONE-_-NONE-,,,Contracts,,True,outside_pilot
DHS_FY2025P12_c:FY2025P01-P12_070_TAS_Contracts_AccountBreakdownByAward_2026-09-16_H02M56S53_01.csv:row:203514,DHS_FY2025P12_c/extracted/FY2025P01-P12_070_TAS_Contracts_AccountBreakdownByAward_2026-09-16_H02M56S53_01.csv,203514,25.4,070-0540,FY2025P10,,70CMSW22C00000006,,7012,CONT_AWD_70CMSW22C00000006_7012_-NONE-_-NONE-,,,Contracts,,True,outside_pilot
DHS_FY2025P12_c:FY2025P01-P12_070_TAS_Contracts_AccountBreakdownByAward_2026-09-16_H02M56S53_01.csv:row:203515,DHS_FY2025P12_c/extracted/FY2025P01-P12_070_TAS_Contracts_AccountBreakdownByAward_2026-09-16_H02M56S53_01.csv,203515,25.4,070-0540,FY2025P10,,70CMSW22C00000006,,7012,CONT_AWD_70CMSW22C00000006_7012_-NONE-_-NONE-,,,Contracts,,True,outside_pilot
DHS_FY2025P12_c:FY2025P01-P12_070_TAS_Contracts_AccountBreakdownByAward_2026-09-16_H02M56S53_01.csv:row:203516,DHS_FY2025P12_c/extracted/FY2025P01-P12_070_TAS_Contracts_AccountBreakdownByAward_2026-09-16_H02M56S53_01.csv,203516,25.4,070-0540,FY2025P06,,70CMSW22C00000006,,7012,CONT_AWD_70CMSW22C00000006_7012_-NONE-_-NONE-,,,Contracts,,True,outside_pilot
DHS_FY2025P12_c:FY2025P01-P12_070_TAS_Contracts_AccountBreakdownByAward_2026-09-16_H02M56S53_01.csv:row:203517,DHS_FY2025P12_c/extracted/FY2025P01-P12_070_TAS_Contracts_AccountBreakdownByAward_2026-09-16_H02M56S53_01.csv,203517,25.4,070-0540,FY2025P07,,70CMSW22C00000006,,7012,CONT_AWD_70CMSW22C00000006_7012_-NONE-_-NONE-,,,Contracts,,True,outside_pilot
DHS_FY2025P12_c:FY2025P01-P12_070_TAS_Contracts_AccountBreakdownByAward_2026-09-16_H02M56S53_01.csv:row:203520,DHS_FY2025P12_c/extracted/FY2025P01-P12_070_TAS_Contracts_AccountBreakdownByAward_2026-09-16_H02M56S53_01.csv,203520,25.4,070-0540,FY2025P06,,70CMSW22C00000006,,7012,CONT_AWD_70CMSW22C00000006_7012_-NONE-_-NONE-,,,Contracts,,True,outside_pilot
DHS_FY2025P12_c:FY2025P01-P12_070_TAS_Contracts_AccountBreakdownByAward_2026-09-16_H02M56S53_01.csv:row:203521,DHS_FY2025P12_c/extracted/FY2025P01-P12_070_TAS_Contracts_AccountBreakdownByAward_2026-09-16_H02M56S53_01.csv,203521,25.4,070-0540,FY2025P05,,70CMSW22C00000006,,7012,CONT_AWD_70CMSW22C00000006_7012_-NONE-_-NONE-,,,Contracts,,True,outside_pilot
DHS_FY2025P12_c:FY2025P01-P12_070_TAS_Contracts_AccountBreakdownByAward_2026-09-16_H02M56S53_01.csv:row:203522,DHS_FY2025P12_c/extracted/FY2025P01-P12_070_TAS_Contracts_AccountBreakdownByAward_2026-09-16_H02M56S53_01.csv,203522,25.4,070-0540,FY2025P05,,70CMSW22C00000006,,7012,CONT_AWD_70CMSW22C00000006_7012_-NONE-_-NONE-,,,Contracts,,True,outside_pilot
DHS_FY2025P12_c:FY2025P01-P12_070_TAS_Contracts_AccountBreakdownByAward_2026-09-16_H02M56S53_01.csv:row:203523,DHS_FY2025P12_c/extracted/FY2025P01-P12_070_TAS_Contracts_AccountBreakdownByAward_2026-09-16_H02M56S53_01.csv,203523,25.4,070-0540,FY2025P09,,70CMSW22C00000006,,7012,CONT_AWD_70CMSW22C00000006_7012_-NONE-_-NONE-,,,Contracts,,True,outside_pilot
DHS_FY2025P12_c:FY2025P01-P12_070_TAS_Contracts_AccountBreakdownByAward_2026-09-16_H02M56S53_01.csv:row:203525,DHS_FY2025P12_c/extracted/FY2025P01-P12_070_TAS_Contracts_AccountBreakdownByAward_2026-09-16_H02M56S53_01.csv,203525,25.4,070-0540,FY2025P09,,70CMSW22C00000006,,7012,CONT_AWD_70CMSW22C00000006_7012_-NONE-_-NONE-,,,Contracts,,True,outside_pilot
DHS_FY2025P12_c:FY2025P01-P12_070_TAS_Contracts_AccountBreakdownByAward_2026-09-16_H02M56S53_01.csv:row:203526,DHS_FY2025P12_c/extracted/FY2025P01-P12_070_TAS_Contracts_AccountBreakdownByAward_2026-09-16_H02M56S53_01.csv,203526,25.4,070-0540,FY2025P11,,70CMSW22C00000006,,7012,CONT_AWD_70CMSW22C00000006_7012_-NONE-_-NONE-,,,Contracts,,True,outside_pilot
DHS_FY2025P12_c:FY2025P01-P12_070_TAS_Contracts_AccountBreakdownByAward_2026-09-16_H02M56S53_01.csv:row:203528,DHS_FY2025P12_c/extracted/FY2025P01-P12_070_TAS_Contracts_AccountBreakdownByAward_2026-09-16_H02M56S53_01.csv,203528,25.4,070-0540,FY2025P12,,70CMSW22C00000006,,7012,CONT_AWD_70CMSW22C00000006_7012_-NONE-_-NONE-,,,Contracts,,True,outside_pilot
DHS_FY2025P12_c:FY2025P01-P12_070_TAS_Contracts_AccountBreakdownByAward_2026-09-16_H02M56S53_01.csv:row:203532,DHS_FY2025P12_c/extracted/FY2025P01-P12_070_TAS_Contracts_AccountBreakdownByAward_2026-09-16_H02M56S53_01.csv,203532,25.4,070-0540,FY2025P08,,70CMSW22C00000006,,7012,CONT_AWD_70CMSW22C00000006_7012_-NONE-_-NONE-,,,Contracts,,True,outside_pilot
DHS_FY2025P12_c:FY2025P01-P12_070_TAS_Contracts_AccountBreakdownByAward_2026-09-16_H02M56S53_01.csv:row:203533,DHS_FY2025P12_c/extracted/FY2025P01-P12_070_TAS_Contracts_AccountBreakdownByAward_2026-09-16_H02M56S53_01.csv,203533,25.4,070-0540,FY2025P12,228447.32,70CMSW22C00000006,,7012,CONT_AWD_70CMSW22C00000006_7012_-NONE-_-NONE-,,,Contracts,228447.32,False,outside_pilot
DHS_FY2025P12_c:FY2025P01-P12_070_TAS_Contracts_AccountBreakdownByAward_2026-09-16_H02M56S53_01.csv:row:203534,DHS_FY2025P12_c/extracted/FY2025P01-P12_070_TAS_Contracts_AccountBreakdownByAward_2026-09-16_H02M56S53_01.csv,203534,25.4,070-0540,FY2025P12,,70CMSW22C00000006,,7012,CONT_AWD_70CMSW22C00000006_7012_-NONE-_-NONE-,,,Contracts,,True,outside_pilot
DHS_FY2025P12_c:FY2025P01-P12_070_TAS_Contracts_AccountBreakdownByAward_2026-09-16_H02M56S53_01.csv:row:203535,DHS_FY2025P12_c/extracted/FY2025P01-P12_070_TAS_Contracts_AccountBreakdownByAward_2026-09-16_H02M56S53_01.csv,203535,25.4,070-0540,FY2025P08,,70CMSW22C00000006,,7012,CONT_AWD_70CMSW22C00000006_7012_-NONE-_-NONE-,,,Contracts,,True,outside_pilot
DHS_FY2025P12_c:FY2025P01-P12_070_TAS_Contracts_AccountBreakdownByAward_2026-09-16_H02M56S53_01.csv:row:203536,DHS_FY2025P12_c/extracted/FY2025P01-P12_070_TAS_Contracts_AccountBreakdownByAward_2026-09-16_H02M56S53_01.csv,203536,25.4,070-0540,FY2025P11,,70CMSW22C00000006,,7012,CONT_AWD_70CMSW22C00000006_7012_-NONE-_-NONE-,,,Contracts,,True,outside_pilot
DHS_FY2025P12_c:FY2025P01-P12_070_TAS_Contracts_AccountBreakdownByAward_2026-09-16_H02M56S53_01.csv:row:20354,DHS_FY2025P12_c/extracted/FY2025P01-P12_070_TAS_Contracts_AccountBreakdownByAward_2026-09-16_H02M56S53_01.csv,20354,25.4,070-0540,FY2025P05,,70CDCR24FR0000015,70CDCR20D00000017,7012,CONT_AWD_70CDCR24FR0000015_7012_70CDCR20D00000017_7012,,,Contracts,,True,outside_pilot
DHS_FY2025P12_c:FY2025P01-P12_070_TAS_Contracts_AccountBreakdownByAward_2026-09-16_H02M56S53_01.csv:row:20355,DHS_FY2025P12_c/extracted/FY2025P01-P12_070_TAS_Contracts_AccountBreakdownByAward_2026-09-16_H02M56S53_01.csv,20355,25.4,070-0540,FY2025P05,,70CDCR24FR0000015,70CDCR20D00000017,7012,CONT_AWD_70CDCR24FR0000015_7012_70CDCR20D00000017_7012,,,Contracts,,True,outside_pilot
DHS_FY2025P12_c:FY2025P01-P12_070_TAS_Contracts_AccountBreakdownByAward_2026-09-16_H02M56S53_01.csv:row:20360,DHS_FY2025P12_c/extracted/FY2025P01-P12_070_TAS_Contracts_AccountBreakdownByAward_2026-09-16_H02M56S53_01.csv,20360,25.4,070-0540,FY2025P08,,70CDCR24FR0000015,70CDCR20D00000017,7012,CONT_AWD_70CDCR24FR0000015_7012_70CDCR20D00000017_7012,,,Contracts,,True,outside_pilot
DHS_FY2025P12_c:FY2025P01-P12_070_TAS_Contracts_AccountBreakdownByAward_2026-09-16_H02M56S53_01.csv:row:20365,DHS_FY2025P12_c/extracted/FY2025P01-P12_070_TAS_Contracts_AccountBreakdownByAward_2026-09-16_H02M56S53_01.csv,20365,25.4,070-0540,FY2025P12,,70CDCR24FR0000015,70CDCR20D00000017,7012,CONT_AWD_70CDCR24FR0000015_7012_70CDCR20D00000017_7012,,,Contracts,,True,outside_pilot
DHS_FY2025P12_c:FY2025P01-P12_070_TAS_Contracts_AccountBreakdownByAward_2026-09-16_H02M56S53_01.csv:row:204642,DHS_FY2025P12_c/extracted/FY2025P01-P12_070_TAS_Contracts_AccountBreakdownByAward_2026-09-16_H02M56S53_01.csv,204642,25.4,070-0540,FY2025P11,16234.49,70CMSW25FR0000094,NNG15SD11B,7012,CONT_AWD_70CMSW25FR0000094_7012_NNG15SD11B_8000,,,Contracts,16234.49,False,outside_pilot
DHS_FY2025P12_c:FY2025P01-P12_070_TAS_Contracts_AccountBreakdownByAward_2026-09-16_H02M56S53_01.csv:row:20604,DHS_FY2025P12_c/extracted/FY2025P01-P12_070_TAS_Contracts_AccountBreakdownByAward_2026-09-16_H02M56S53_01.csv,20604,25.4,070-0540,FY2025P08,20550.00,70CDCR25P00000014,,7012,CONT_AWD_70CDCR25P00000014_7012_-NONE-_-NONE-,,,Contracts,20550.00,False,outside_pilot
DHS_FY2025P12_c:FY2025P01-P12_070_TAS_Contracts_AccountBreakdownByAward_2026-09-16_H02M56S53_01.csv:row:209103,DHS_FY2025P12_c/extracted/FY2025P01-P12_070_TAS_Contracts_AccountBreakdownByAward_2026-09-16_H02M56S53_01.csv,209103,25.4,070-0540,FY2025P10,,70CMSD24FR0000162,47QSMS24D0063,7012,CONT_AWD_70CMSD24FR0000162_7012_47QSMS24D0063_4732,,,Contracts,,True,outside_pilot
DHS_FY2025P12_c:FY2025P01-P12_070_TAS_Contracts_AccountBreakdownByAward_2026-09-16_H02M56S53_01.csv:row:209104,DHS_FY2025P12_c/extracted/FY2025P01-P12_070_TAS_Contracts_AccountBreakdownByAward_2026-09-16_H02M56S53_01.csv,209104,25.4,070-0540,FY2025P10,,70CMSD24FR0000162,47QSMS24D0063,7012,CONT_AWD_70CMSD24FR0000162_7012_47QSMS24D0063_4732,,,Contracts,,True,outside_pilot
DHS_FY2025P12_c:FY2025P01-P12_070_TAS_Contracts_AccountBreakdownByAward_2026-09-16_H02M56S53_01.csv:row:209105,DHS_FY2025P12_c/extracted/FY2025P01-P12_070_TAS_Contracts_AccountBreakdownByAward_2026-09-16_H02M56S53_01.csv,209105,25.4,070-0540,FY2025P07,,70CMSD24FR0000162,47QSMS24D0063,7012,CONT_AWD_70CMSD24FR0000162_7012_47QSMS24D0063_4732,,,Contracts,,True,outside_pilot
DHS_FY2025P12_c:FY2025P01-P12_070_TAS_Contracts_AccountBreakdownByAward_2026-09-16_H02M56S53_01.csv:row:209106,DHS_FY2025P12_c/extracted/FY2025P01-P12_070_TAS_Contracts_AccountBreakdownByAward_2026-09-16_H02M56S53_01.csv,209106,25.4,070-0540,FY2025P11,,70CMSD24FR0000162,47QSMS24D0063,7012,CONT_AWD_70CMSD24FR0000162_7012_47QSMS24D0063_4732,,,Contracts,,True,outside_pilot
DHS_FY2025P12_c:FY2025P01-P12_070_TAS_Contracts_AccountBreakdownByAward_2026-09-16_H02M56S53_01.csv:row:209107,DHS_FY2025P12_c/extracted/FY2025P01-P12_070_TAS_Contracts_AccountBreakdownByAward_2026-09-16_H02M56S53_01.csv,209107,25.4,070-0540,FY2025P12,,70CMSD24FR0000162,47QSMS24D0063,7012,CONT_AWD_70CMSD24FR0000162_7012_47QSMS24D0063_4732,,,Contracts,,True,outside_pilot
DHS_FY2025P12_c:FY2025P01-P12_070_TAS_Contracts_AccountBreakdownByAward_2026-09-16_H02M56S53_01.csv:row:209108,DHS_FY2025P12_c/extracted/FY2025P01-P12_070_TAS_Contracts_AccountBreakdownByAward_2026-09-16_H02M56S53_01.csv,209108,25.4,070-0540,FY2025P08,,70CMSD24FR0000162,47QSMS24D0063,7012,CONT_AWD_70CMSD24FR0000162_7012_47QSMS24D0063_4732,,,Contracts,,True,outside_pilot
DHS_FY2025P12_c:FY2025P01-P12_070_TAS_Contracts_AccountBreakdownByAward_2026-09-16_H02M56S53_01.csv:row:209109,DHS_FY2025P12_c/extracted/FY2025P01-P12_070_TAS_Contracts_AccountBreakdownByAward_2026-09-16_H02M56S53_01.csv,209109,25.4,070-0540,FY2025P06,,70CMSD24FR0000162,47QSMS24D0063,7012,CONT_AWD_70CMSD24FR0000162_7012_47QSMS24D0063_4732,,,Contracts,,True,outside_pilot
DHS_FY2025P12_c:FY2025P01-P12_070_TAS_Contracts_AccountBreakdownByAward_2026-09-16_H02M56S53_01.csv:row:209110,DHS_FY2025P12_c/extracted/FY2025P01-P12_070_TAS_Contracts_AccountBreakdownByAward_2026-09-16_H02M56S53_01.csv,209110,25.4,070-0540,FY2025P09,,70CMSD24FR0000162,47QSMS24D0063,7012,CONT_AWD_70CMSD24FR0000162_7012_47QSMS24D0063_4732,,,Contracts,,True,outside_pilot
DHS_FY2025P12_c:FY2025P01-P12_070_TAS_Contracts_AccountBreakdownByAward_2026-09-16_H02M56S53_01.csv:row:209111,DHS_FY2025P12_c/extracted/FY2025P01-P12_070_TAS_Contracts_AccountBreakdownByAward_2026-09-16_H02M56S53_01.csv,209111,25.4,070-0540,FY2025P05,,70CMSD24FR0000162,47QSMS24D0063,7012,CONT_AWD_70CMSD24FR0000162_7012_47QSMS24D0063_4732,,,Contracts,,True,outside_pilot
DHS_FY2025P12_c:FY2025P01-P12_070_TAS_Contracts_AccountBreakdownByAward_2026-09-16_H02M56S53_01.csv:row:209112,DHS_FY2025P12_c/extracted/FY2025P01-P12_070_TAS_Contracts_AccountBreakdownByAward_2026-09-16_H02M56S53_01.csv,209112,25.4,070-0540,FY2025P09,,70CMSD24FR0000162,47QSMS24D0063,7012,CONT_AWD_70CMSD24FR0000162_7012_47QSMS24D0063_4732,,,Contracts,,True,outside_pilot
DHS_FY2025P12_c:FY2025P01-P12_070_TAS_Contracts_AccountBreakdownByAward_2026-09-16_H02M56S53_01.csv:row:209113,DHS_FY2025P12_c/extracted/FY2025P01-P12_070_TAS_Contracts_AccountBreakdownByAward_2026-09-16_H02M56S53_01.csv,209113,25.4,070-0540,FY2025P11,,70CMSD24FR0000162,47QSMS24D0063,7012,CONT_AWD_70CMSD24FR0000162_7012_47QSMS24D0063_4732,,,Contracts,,True,outside_pilot
DHS_FY2025P12_c:FY2025P01-P12_070_TAS_Contracts_AccountBreakdownByAward_2026-09-16_H02M56S53_01.csv:row:209114,DHS_FY2025P12_c/extracted/FY2025P01-P12_070_TAS_Contracts_AccountBreakdownByAward_2026-09-16_H02M56S53_01.csv,209114,25.4,070-0540,FY2025P12,702228.00,70CMSD24FR0000162,47QSMS24D0063,7012,CONT_AWD_70CMSD24FR0000162_7012_47QSMS24D0063_4732,,,Contracts,702228.00,False,outside_pilot
DHS_FY2025P12_c:FY2025P01-P12_070_TAS_Contracts_AccountBreakdownByAward_2026-09-16_H02M56S53_01.csv:row:209115,DHS_FY2025P12_c/extracted/FY2025P01-P12_070_TAS_Contracts_AccountBreakdownByAward_2026-09-16_H02M56S53_01.csv,209115,25.4,070-0540,FY2025P11,10032.00,70CMSD24FR0000162,47QSMS24D0063,7012,CONT_AWD_70CMSD24FR0000162_7012_47QSMS24D0063_4732,,,Contracts,10032.00,False,outside_pilot
DHS_FY2025P12_c:FY2025P01-P12_070_TAS_Contracts_AccountBreakdownByAward_2026-09-16_H02M56S53_01.csv:row:209116,DHS_FY2025P12_c/extracted/FY2025P01-P12_070_TAS_Contracts_AccountBreakdownByAward_2026-09-16_H02M56S53_01.csv,209116,25.4,070-0540,FY2025P12,,70CMSD24FR0000162,47QSMS24D0063,7012,CONT_AWD_70CMSD24FR0000162_7012_47QSMS24D0063_4732,,,Contracts,,True,outside_pilot
DHS_FY2025P12_c:FY2025P01-P12_070_TAS_Contracts_AccountBreakdownByAward_2026-09-16_H02M56S53_01.csv:row:210246,DHS_FY2025P12_c/extracted/FY2025P01-P12_070_TAS_Contracts_AccountBreakdownByAward_2026-09-16_H02M56S53_01.csv,210246,25.4,070-0540,FY2025P08,250.00,70CDCR25FR0000069,70CDCR25D00000019,7012,CONT_AWD_70CDCR25FR0000069_7012_70CDCR25D00000019_7012,,,Contracts,250.00,False,outside_pilot
DHS_FY2025P12_c:FY2025P01-P12_070_TAS_Contracts_AccountBreakdownByAward_2026-09-16_H02M56S53_01.csv:row:210978,DHS_FY2025P12_c/extracted/FY2025P01-P12_070_TAS_Contracts_AccountBreakdownByAward_2026-09-16_H02M56S53_01.csv,210978,25.4,070-0540,FY2025P08,5801400.00,70CDCR24FR0000065,70CDCR20D00000004,7012,CONT_AWD_70CDCR24FR0000065_7012_70CDCR20D00000004_7012,,,Contracts,5801400.00,False,outside_pilot
DHS_FY2025P12_c:FY2025P01-P12_070_TAS_Contracts_AccountBreakdownByAward_2026-09-16_H02M56S53_01.csv:row:210979,DHS_FY2025P12_c/extracted/FY2025P01-P12_070_TAS_Contracts_AccountBreakdownByAward_2026-09-16_H02M56S53_01.csv,210979,25.4,070-0540,FY2025P06,,70CDCR24FR0000065,70CDCR20D00000004,7012,CONT_AWD_70CDCR24FR0000065_7012_70CDCR20D00000004_7012,,,Contracts,,True,outside_pilot
DHS_FY2025P12_c:FY2025P01-P12_070_TAS_Contracts_AccountBreakdownByAward_2026-09-16_H02M56S53_01.csv:row:210980,DHS_FY2025P12_c/extracted/FY2025P01-P12_070_TAS_Contracts_AccountBreakdownByAward_2026-09-16_H02M56S53_01.csv,210980,25.4,070-0540,FY2025P10,,70CDCR24FR0000065,70CDCR20D00000004,7012,CONT_AWD_70CDCR24FR0000065_7012_70CDCR20D00000004_7012,,,Contracts,,True,outside_pilot
DHS_FY2025P12_c:FY2025P01-P12_070_TAS_Contracts_AccountBreakdownByAward_2026-09-16_H02M56S53_01.csv:row:210982,DHS_FY2025P12_c/extracted/FY2025P01-P12_070_TAS_Contracts_AccountBreakdownByAward_2026-09-16_H02M56S53_01.csv,210982,25.4,070-0540,FY2025P10,,70CDCR24FR0000065,70CDCR20D00000004,7012,CONT_AWD_70CDCR24FR0000065_7012_70CDCR20D00000004_7012,,,Contracts,,True,outside_pilot
DHS_FY2025P12_c:FY2025P01-P12_070_TAS_Contracts_AccountBreakdownByAward_2026-09-16_H02M56S53_01.csv:row:210984,DHS_FY2025P12_c/extracted/FY2025P01-P12_070_TAS_Contracts_AccountBreakdownByAward_2026-09-16_H02M56S53_01.csv,210984,25.4,070-0540,FY2025P06,,70CDCR24FR0000065,70CDCR20D00000004,7012,CONT_AWD_70CDCR24FR0000065_7012_70CDCR20D00000004_7012,,,Contracts,,True,outside_pilot
DHS_FY2025P12_c:FY2025P01-P12_070_TAS_Contracts_AccountBreakdownByAward_2026-09-16_H02M56S53_01.csv:row:210985,DHS_FY2025P12_c/extracted/FY2025P01-P12_070_TAS_Contracts_AccountBreakdownByAward_2026-09-16_H02M56S53_01.csv,210985,25.4,070-0540,FY2025P07,,70CDCR24FR0000065,70CDCR20D00000004,7012,CONT_AWD_70CDCR24FR0000065_7012_70CDCR20D00000004_7012,,,Contracts,,True,outside_pilot
DHS_FY2025P12_c:FY2025P01-P12_070_TAS_Contracts_AccountBreakdownByAward_2026-09-16_H02M56S53_01.csv:row:210989,DHS_FY2025P12_c/extracted/FY2025P01-P12_070_TAS_Contracts_AccountBreakdownByAward_2026-09-16_H02M56S53_01.csv,210989,25.4,070-0540,FY2025P07,2900800.00,70CDCR24FR0000065,70CDCR20D00000004,7012,CONT_AWD_70CDCR24FR0000065_7012_70CDCR20D00000004_7012,,,Contracts,2900800.00,False,outside_pilot
DHS_FY2025P12_c:FY2025P01-P12_070_TAS_Contracts_AccountBreakdownByAward_2026-09-16_H02M56S53_01.csv:row:210991,DHS_FY2025P12_c/extracted/FY2025P01-P12_070_TAS_Contracts_AccountBreakdownByAward_2026-09-16_H02M56S53_01.csv,210991,25.4,070-0540,FY2025P12,,70CDCR24FR0000065,70CDCR20D00000004,7012,CONT_AWD_70CDCR24FR0000065_7012_70CDCR20D00000004_7012,,,Contracts,,True,outside_pilot
DHS_FY2025P12_c:FY2025P01-P12_070_TAS_Contracts_AccountBreakdownByAward_2026-09-16_H02M56S53_01.csv:row:210995,DHS_FY2025P12_c/extracted/FY2025P01-P12_070_TAS_Contracts_AccountBreakdownByAward_2026-09-16_H02M56S53_01.csv,210995,25.4,070-0540,FY2025P11,5752500.00,70CDCR24FR0000065,70CDCR20D00000004,7012,CONT_AWD_70CDCR24FR0000065_7012_70CDCR20D00000004_7012,,,Contracts,5752500.00,False,outside_pilot
DHS_FY2025P12_c:FY2025P01-P12_070_TAS_Contracts_AccountBreakdownByAward_2026-09-16_H02M56S53_01.csv:row:210996,DHS_FY2025P12_c/extracted/FY2025P01-P12_070_TAS_Contracts_AccountBreakdownByAward_2026-09-16_H02M56S53_01.csv,210996,25.4,070-0540,FY2025P11,,70CDCR24FR0000065,70CDCR20D00000004,7012,CONT_AWD_70CDCR24FR0000065_7012_70CDCR20D00000004_7012,,,Contracts,,True,outside_pilot
DHS_FY2025P12_c:FY2025P01-P12_070_TAS_Contracts_AccountBreakdownByAward_2026-09-16_H02M56S53_01.csv:row:210997,DHS_FY2025P12_c/extracted/FY2025P01-P12_070_TAS_Contracts_AccountBreakdownByAward_2026-09-16_H02M56S53_01.csv,210997,25.4,070-0540,FY2025P11,,70CDCR24FR0000065,70CDCR20D00000004,7012,CONT_AWD_70CDCR24FR0000065_7012_70CDCR20D00000004_7012,,,Contracts,,True,outside_pilot
DHS_FY2025P12_c:FY2025P01-P12_070_TAS_Contracts_AccountBreakdownByAward_2026-09-16_H02M56S53_01.csv:row:210999,DHS_FY2025P12_c/extracted/FY2025P01-P12_070_TAS_Contracts_AccountBreakdownByAward_2026-09-16_H02M56S53_01.csv,210999,25.4,070-0540,FY2025P05,,70CDCR24FR0000065,70CDCR20D00000004,7012,CONT_AWD_70CDCR24FR0000065_7012_70CDCR20D00000004_7012,,,Contracts,,True,outside_pilot
DHS_FY2025P12_c:FY2025P01-P12_070_TAS_Contracts_AccountBreakdownByAward_2026-09-16_H02M56S53_01.csv:row:211000,DHS_FY2025P12_c/extracted/FY2025P01-P12_070_TAS_Contracts_AccountBreakdownByAward_2026-09-16_H02M56S53_01.csv,211000,25.4,070-0540,FY2025P05,,70CDCR24FR0000065,70CDCR20D00000004,7012,CONT_AWD_70CDCR24FR0000065_7012_70CDCR20D00000004_7012,,,Contracts,,True,outside_pilot
DHS_FY2025P12_c:FY2025P01-P12_070_TAS_Contracts_AccountBreakdownByAward_2026-09-16_H02M56S53_01.csv:row:211001,DHS_FY2025P12_c/extracted/FY2025P01-P12_070_TAS_Contracts_AccountBreakdownByAward_2026-09-16_H02M56S53_01.csv,211001,25.4,070-0540,FY2025P09,,70CDCR24FR0000065,70CDCR20D00000004,7012,CONT_AWD_70CDCR24FR0000065_7012_70CDCR20D00000004_7012,,,Contracts,,True,outside_pilot
DHS_FY2025P12_c:FY2025P01-P12_070_TAS_Contracts_AccountBreakdownByAward_2026-09-16_H02M56S53_01.csv:row:211003,DHS_FY2025P12_c/extracted/FY2025P01-P12_070_TAS_Contracts_AccountBreakdownByAward_2026-09-16_H02M56S53_01.csv,211003,25.4,070-0540,FY2025P08,,70CDCR24FR0000065,70CDCR20D00000004,7012,CONT_AWD_70CDCR24FR0000065_7012_70CDCR20D00000004_7012,,,Contracts,,True,outside_pilot
DHS_FY2025P12_c:FY2025P01-P12_070_TAS_Contracts_AccountBreakdownByAward_2026-09-16_H02M56S53_01.csv:row:211004,DHS_FY2025P12_c/extracted/FY2025P01-P12_070_TAS_Contracts_AccountBreakdownByAward_2026-09-16_H02M56S53_01.csv,211004,25.4,070-0540,FY2025P08,,70CDCR24FR0000065,70CDCR20D00000004,7012,CONT_AWD_70CDCR24FR0000065_7012_70CDCR20D00000004_7012,,,Contracts,,True,outside_pilot
DHS_FY2025P12_c:FY2025P01-P12_070_TAS_Contracts_AccountBreakdownByAward_2026-09-16_H02M56S53_01.csv:row:211006,DHS_FY2025P12_c/extracted/FY2025P01-P12_070_TAS_Contracts_AccountBreakdownByAward_2026-09-16_H02M56S53_01.csv,211006,25.4,070-0540,FY2025P09,59456.00,70CDCR24FR0000065,70CDCR20D00000004,7012,CONT_AWD_70CDCR24FR0000065_7012_70CDCR20D00000004_7012,,,Contracts,59456.00,False,outside_pilot
DHS_FY2025P12_c:FY2025P01-P12_070_TAS_Contracts_AccountBreakdownByAward_2026-09-16_H02M56S53_01.csv:row:211008,DHS_FY2025P12_c/extracted/FY2025P01-P12_070_TAS_Contracts_AccountBreakdownByAward_2026-09-16_H02M56S53_01.csv,211008,25.4,070-0540,FY2025P09,,70CDCR24FR0000065,70CDCR20D00000004,7012,CONT_AWD_70CDCR24FR0000065_7012_70CDCR20D00000004_7012,,,Contracts,,True,outside_pilot
DHS_FY2025P12_c:FY2025P01-P12_070_TAS_Contracts_AccountBreakdownByAward_2026-09-16_H02M56S53_01.csv:row:211013,DHS_FY2025P12_c/extracted/FY2025P01-P12_070_TAS_Contracts_AccountBreakdownByAward_2026-09-16_H02M56S53_01.csv,211013,25.4,070-0540,FY2025P12,4033419.00,70CDCR24FR0000065,70CDCR20D00000004,7012,CONT_AWD_70CDCR24FR0000065_7012_70CDCR20D00000004_7012,,,Contracts,4033419.00,False,outside_pilot
DHS_FY2025P12_c:FY2025P01-P12_070_TAS_Contracts_AccountBreakdownByAward_2026-09-16_H02M56S53_01.csv:row:211015,DHS_FY2025P12_c/extracted/FY2025P01-P12_070_TAS_Contracts_AccountBreakdownByAward_2026-09-16_H02M56S53_01.csv,211015,25.4,070-0540,FY2025P12,,70CDCR24FR0000065,70CDCR20D00000004,7012,CONT_AWD_70CDCR24FR0000065_7012_70CDCR20D00000004_7012,,,Contracts,,True,outside_pilot
DHS_FY2025P12_c:FY2025P01-P12_070_TAS_Contracts_AccountBreakdownByAward_2026-09-16_H02M56S53_01.csv:row:211016,DHS_FY2025P12_c/extracted/FY2025P01-P12_070_TAS_Contracts_AccountBreakdownByAward_2026-09-16_H02M56S53_01.csv,211016,25.4,070-0540,FY2025P07,,70CDCR24FR0000065,70CDCR20D00000004,7012,CONT_AWD_70CDCR24FR0000065_7012_70CDCR20D00000004_7012,,,Contracts,,True,outside_pilot
DHS_FY2025P12_c:FY2025P01-P12_070_TAS_Contracts_AccountBreakdownByAward_2026-09-16_H02M56S53_01.csv:row:211018,DHS_FY2025P12_c/extracted/FY2025P01-P12_070_TAS_Contracts_AccountBreakdownByAward_2026-09-16_H02M56S53_01.csv,211018,25.4,070-0540,FY2025P06,3274957.00,70CDCR24FR0000065,70CDCR20D00000004,7012,CONT_AWD_70CDCR24FR0000065_7012_70CDCR20D00000004_7012,,,Contracts,3274957.00,False,outside_pilot
DHS_FY2025P12_c:FY2025P01-P12_070_TAS_Contracts_AccountBreakdownByAward_2026-09-16_H02M56S53_01.csv:row:211479,DHS_FY2025P12_c/extracted/FY2025P01-P12_070_TAS_Contracts_AccountBreakdownByAward_2026-09-16_H02M56S53_01.csv,211479,25.4,070-0540,FY2025P08,250.00,70CDCR25FR0000057,70CDCR25D00000041,7012,CONT_AWD_70CDCR25FR0000057_7012_70CDCR25D00000041_7012,,,Contracts,250.00,False,outside_pilot
DHS_FY2025P12_c:FY2025P01-P12_070_TAS_Contracts_AccountBreakdownByAward_2026-09-16_H02M56S53_01.csv:row:212162,DHS_FY2025P12_c/extracted/FY2025P01-P12_070_TAS_Contracts_AccountBreakdownByAward_2026-09-16_H02M56S53_01.csv,212162,25.4,070-0540,FY2025P12,18120900.00,70CDCR25FR0000092,70CDCR24D00000009,7012,CONT_AWD_70CDCR25FR0000092_7012_70CDCR24D00000009_7012,,,Contracts,18120900.00,False,outside_pilot
DHS_FY2025P12_c:FY2025P01-P12_070_TAS_Contracts_AccountBreakdownByAward_2026-09-16_H02M56S53_01.csv:row:214500,DHS_FY2025P12_c/extracted/FY2025P01-P12_070_TAS_Contracts_AccountBreakdownByAward_2026-09-16_H02M56S53_01.csv,214500,25.4,070-0540,FY2025P08,250.00,70CDCR25FR0000052,70CDCR25D00000026,7012,CONT_AWD_70CDCR25FR0000052_7012_70CDCR25D00000026_7012,,,Contracts,250.00,False,outside_pilot
DHS_FY2025P12_c:FY2025P01-P12_070_TAS_Contracts_AccountBreakdownByAward_2026-09-16_H02M56S53_01.csv:row:217080,DHS_FY2025P12_c/extracted/FY2025P01-P12_070_TAS_Contracts_AccountBreakdownByAward_2026-09-16_H02M56S53_01.csv,217080,25.4,070-0540,FY2025P05,,70CDCR24FC0000004,HSCEDM14A00001,7012,CONT_AWD_70CDCR24FC0000004_7012_HSCEDM14A00001_7012,,,Contracts,,True,outside_pilot
DHS_FY2025P12_c:FY2025P01-P12_070_TAS_Contracts_AccountBreakdownByAward_2026-09-16_H02M56S53_01.csv:row:217081,DHS_FY2025P12_c/extracted/FY2025P01-P12_070_TAS_Contracts_AccountBreakdownByAward_2026-09-16_H02M56S53_01.csv,217081,25.4,070-0540,FY2025P07,,70CDCR24FC0000004,HSCEDM14A00001,7012,CONT_AWD_70CDCR24FC0000004_7012_HSCEDM14A00001_7012,,,Contracts,,True,outside_pilot
DHS_FY2025P12_c:FY2025P01-P12_070_TAS_Contracts_AccountBreakdownByAward_2026-09-16_H02M56S53_01.csv:row:217084,DHS_FY2025P12_c/extracted/FY2025P01-P12_070_TAS_Contracts_AccountBreakdownByAward_2026-09-16_H02M56S53_01.csv,217084,25.4,070-0540,FY2025P06,,70CDCR24FC0000004,HSCEDM14A00001,7012,CONT_AWD_70CDCR24FC0000004_7012_HSCEDM14A00001_7012,,,Contracts,,True,outside_pilot
DHS_FY2025P12_c:FY2025P01-P12_070_TAS_Contracts_AccountBreakdownByAward_2026-09-16_H02M56S53_01.csv:row:217086,DHS_FY2025P12_c/extracted/FY2025P01-P12_070_TAS_Contracts_AccountBreakdownByAward_2026-09-16_H02M56S53_01.csv,217086,25.4,070-0540,FY2025P06,1139275.93,70CDCR24FC0000004,HSCEDM14A00001,7012,CONT_AWD_70CDCR24FC0000004_7012_HSCEDM14A00001_7012,,,Contracts,1139275.93,False,outside_pilot
DHS_FY2025P12_c:FY2025P01-P12_070_TAS_Contracts_AccountBreakdownByAward_2026-09-16_H02M56S53_01.csv:row:217088,DHS_FY2025P12_c/extracted/FY2025P01-P12_070_TAS_Contracts_AccountBreakdownByAward_2026-09-16_H02M56S53_01.csv,217088,25.4,070-0540,FY2025P10,,70CDCR24FC0000004,HSCEDM14A00001,7012,CONT_AWD_70CDCR24FC0000004_7012_HSCEDM14A00001_7012,,,Contracts,,True,outside_pilot
DHS_FY2025P12_c:FY2025P01-P12_070_TAS_Contracts_AccountBreakdownByAward_2026-09-16_H02M56S53_01.csv:row:217091,DHS_FY2025P12_c/extracted/FY2025P01-P12_070_TAS_Contracts_AccountBreakdownByAward_2026-09-16_H02M56S53_01.csv,217091,25.4,070-0540,FY2025P10,,70CDCR24FC0000004,HSCEDM14A00001,7012,CONT_AWD_70CDCR24FC0000004_7012_HSCEDM14A00001_7012,,,Contracts,,True,outside_pilot
DHS_FY2025P12_c:FY2025P01-P12_070_TAS_Contracts_AccountBreakdownByAward_2026-09-16_H02M56S53_01.csv:row:217092,DHS_FY2025P12_c/extracted/FY2025P01-P12_070_TAS_Contracts_AccountBreakdownByAward_2026-09-16_H02M56S53_01.csv,217092,25.4,070-0540,FY2025P06,,70CDCR24FC0000004,HSCEDM14A00001,7012,CONT_AWD_70CDCR24FC0000004_7012_HSCEDM14A00001_7012,,,Contracts,,True,outside_pilot
DHS_FY2025P12_c:FY2025P01-P12_070_TAS_Contracts_AccountBreakdownByAward_2026-09-16_H02M56S53_01.csv:row:217094,DHS_FY2025P12_c/extracted/FY2025P01-P12_070_TAS_Contracts_AccountBreakdownByAward_2026-09-16_H02M56S53_01.csv,217094,25.4,070-0540,FY2025P07,,70CDCR24FC0000004,HSCEDM14A00001,7012,CONT_AWD_70CDCR24FC0000004_7012_HSCEDM14A00001_7012,,,Contracts,,True,outside_pilot
DHS_FY2025P12_c:FY2025P01-P12_070_TAS_Contracts_AccountBreakdownByAward_2026-09-16_H02M56S53_01.csv:row:217095,DHS_FY2025P12_c/extracted/FY2025P01-P12_070_TAS_Contracts_AccountBreakdownByAward_2026-09-16_H02M56S53_01.csv,217095,25.4,070-0540,FY2025P05,,70CDCR24FC0000004,HSCEDM14A00001,7012,CONT_AWD_70CDCR24FC0000004_7012_HSCEDM14A00001_7012,,,Contracts,,True,outside_pilot
DHS_FY2025P12_c:FY2025P01-P12_070_TAS_Contracts_AccountBreakdownByAward_2026-09-16_H02M56S53_01.csv:row:217098,DHS_FY2025P12_c/extracted/FY2025P01-P12_070_TAS_Contracts_AccountBreakdownByAward_2026-09-16_H02M56S53_01.csv,217098,25.4,070-0540,FY2025P09,,70CDCR24FC0000004,HSCEDM14A00001,7012,CONT_AWD_70CDCR24FC0000004_7012_HSCEDM14A00001_7012,,,Contracts,,True,outside_pilot
DHS_FY2025P12_c:FY2025P01-P12_070_TAS_Contracts_AccountBreakdownByAward_2026-09-16_H02M56S53_01.csv:row:217099,DHS_FY2025P12_c/extracted/FY2025P01-P12_070_TAS_Contracts_AccountBreakdownByAward_2026-09-16_H02M56S53_01.csv,217099,25.4,070-0540,FY2025P09,,70CDCR24FC0000004,HSCEDM14A00001,7012,CONT_AWD_70CDCR24FC0000004_7012_HSCEDM14A00001_7012,,,Contracts,,True,outside_pilot
DHS_FY2025P12_c:FY2025P01-P12_070_TAS_Contracts_AccountBreakdownByAward_2026-09-16_H02M56S53_01.csv:row:217100,DHS_FY2025P12_c/extracted/FY2025P01-P12_070_TAS_Contracts_AccountBreakdownByAward_2026-09-16_H02M56S53_01.csv,217100,25.4,070-0540,FY2025P08,,70CDCR24FC0000004,HSCEDM14A00001,7012,CONT_AWD_70CDCR24FC0000004_7012_HSCEDM14A00001_7012,,,Contracts,,True,outside_pilot
DHS_FY2025P12_c:FY2025P01-P12_070_TAS_Contracts_AccountBreakdownByAward_2026-09-16_H02M56S53_01.csv:row:217107,DHS_FY2025P12_c/extracted/FY2025P01-P12_070_TAS_Contracts_AccountBreakdownByAward_2026-09-16_H02M56S53_01.csv,217107,25.4,070-0540,FY2025P12,,70CDCR24FC0000004,HSCEDM14A00001,7012,CONT_AWD_70CDCR24FC0000004_7012_HSCEDM14A00001_7012,,,Contracts,,True,outside_pilot
DHS_FY2025P12_c:FY2025P01-P12_070_TAS_Contracts_AccountBreakdownByAward_2026-09-16_H02M56S53_01.csv:row:217111,DHS_FY2025P12_c/extracted/FY2025P01-P12_070_TAS_Contracts_AccountBreakdownByAward_2026-09-16_H02M56S53_01.csv,217111,25.4,070-0540,FY2025P11,,70CDCR24FC0000004,HSCEDM14A00001,7012,CONT_AWD_70CDCR24FC0000004_7012_HSCEDM14A00001_7012,,,Contracts,,True,outside_pilot
DHS_FY2025P12_c:FY2025P01-P12_070_TAS_Contracts_AccountBreakdownByAward_2026-09-16_H02M56S53_01.csv:row:217112,DHS_FY2025P12_c/extracted/FY2025P01-P12_070_TAS_Contracts_AccountBreakdownByAward_2026-09-16_H02M56S53_01.csv,217112,25.4,070-0540,FY2025P11,,70CDCR24FC0000004,HSCEDM14A00001,7012,CONT_AWD_70CDCR24FC0000004_7012_HSCEDM14A00001_7012,,,Contracts,,True,outside_pilot
DHS_FY2025P12_c:FY2025P01-P12_070_TAS_Contracts_AccountBreakdownByAward_2026-09-16_H02M56S53_01.csv:row:217113,DHS_FY2025P12_c/extracted/FY2025P01-P12_070_TAS_Contracts_AccountBreakdownByAward_2026-09-16_H02M56S53_01.csv,217113,25.4,070-0540,FY2025P12,,70CDCR24FC0000004,HSCEDM14A00001,7012,CONT_AWD_70CDCR24FC0000004_7012_HSCEDM14A00001_7012,,,Contracts,,True,outside_pilot
DHS_FY2025P12_c:FY2025P01-P12_070_TAS_Contracts_AccountBreakdownByAward_2026-09-16_H02M56S53_01.csv:row:217115,DHS_FY2025P12_c/extracted/FY2025P01-P12_070_TAS_Contracts_AccountBreakdownByAward_2026-09-16_H02M56S53_01.csv,217115,25.4,070-0540,FY2025P08,,70CDCR24FC0000004,HSCEDM14A00001,7012,CONT_AWD_70CDCR24FC0000004_7012_HSCEDM14A00001_7012,,,Contracts,,True,outside_pilot
DHS_FY2025P12_c:FY2025P01-P12_070_TAS_Contracts_AccountBreakdownByAward_2026-09-16_H02M56S53_01.csv:row:217116,DHS_FY2025P12_c/extracted/FY2025P01-P12_070_TAS_Contracts_AccountBreakdownByAward_2026-09-16_H02M56S53_01.csv,217116,25.4,070-0540,FY2025P11,-113666.37,70CDCR24FC0000004,HSCEDM14A00001,7012,CONT_AWD_70CDCR24FC0000004_7012_HSCEDM14A00001_7012,,,Contracts,-113666.37,False,outside_pilot
DHS_FY2025P12_c:FY2025P01-P12_070_TAS_Contracts_AccountBreakdownByAward_2026-09-16_H02M56S53_01.csv:row:217118,DHS_FY2025P12_c/extracted/FY2025P01-P12_070_TAS_Contracts_AccountBreakdownByAward_2026-09-16_H02M56S53_01.csv,217118,25.4,070-0540,FY2025P11,-41311.13,70CDCR24FC0000004,HSCEDM14A00001,7012,CONT_AWD_70CDCR24FC0000004_7012_HSCEDM14A00001_7012,,,Contracts,-41311.13,False,outside_pilot
DHS_FY2025P12_c:FY2025P01-P12_070_TAS_Contracts_AccountBreakdownByAward_2026-09-16_H02M56S53_01.csv:row:220884,DHS_FY2025P12_c/extracted/FY2025P01-P12_070_TAS_Contracts_AccountBreakdownByAward_2026-09-16_H02M56S53_01.csv,220884,25.4,070-0540,FY2025P08,250.00,70CDCR25FR0000068,70CDCR25D00000017,7012,CONT_AWD_70CDCR25FR0000068_7012_70CDCR25D00000017_7012,,,Contracts,250.00,False,outside_pilot
DHS_FY2025P12_c:FY2025P01-P12_070_TAS_Contracts_AccountBreakdownByAward_2026-09-16_H02M56S53_01.csv:row:223354,DHS_FY2025P12_c/extracted/FY2025P01-P12_070_TAS_Contracts_AccountBreakdownByAward_2026-09-16_H02M56S53_01.csv,223354,25.4,070-0540,FY2025P07,,70CTD024FC0000015,70CTD022A00000002,7012,CONT_AWD_70CTD024FC0000015_7012_70CTD022A00000002_7012,,,Contracts,,True,outside_pilot
DHS_FY2025P12_c:FY2025P01-P12_070_TAS_Contracts_AccountBreakdownByAward_2026-09-16_H02M56S53_01.csv:row:223355,DHS_FY2025P12_c/extracted/FY2025P01-P12_070_TAS_Contracts_AccountBreakdownByAward_2026-09-16_H02M56S53_01.csv,223355,25.4,070-0540,FY2025P07,,70CTD024FC0000015,70CTD022A00000002,7012,CONT_AWD_70CTD024FC0000015_7012_70CTD022A00000002_7012,,,Contracts,,True,outside_pilot
DHS_FY2025P12_c:FY2025P01-P12_070_TAS_Contracts_AccountBreakdownByAward_2026-09-16_H02M56S53_01.csv:row:223356,DHS_FY2025P12_c/extracted/FY2025P01-P12_070_TAS_Contracts_AccountBreakdownByAward_2026-09-16_H02M56S53_01.csv,223356,25.4,070-0540,FY2025P11,,70CTD024FC0000015,70CTD022A00000002,7012,CONT_AWD_70CTD024FC0000015_7012_70CTD022A00000002_7012,,,Contracts,,True,outside_pilot
DHS_FY2025P12_c:FY2025P01-P12_070_TAS_Contracts_AccountBreakdownByAward_2026-09-16_H02M56S53_01.csv:row:223357,DHS_FY2025P12_c/extracted/FY2025P01-P12_070_TAS_Contracts_AccountBreakdownByAward_2026-09-16_H02M56S53_01.csv,223357,25.4,070-0540,FY2025P11,,70CTD024FC0000015,70CTD022A00000002,7012,CONT_AWD_70CTD024FC0000015_7012_70CTD022A00000002_7012,,,Contracts,,True,outside_pilot
DHS_FY2025P12_c:FY2025P01-P12_070_TAS_Contracts_AccountBreakdownByAward_2026-09-16_H02M56S53_01.csv:row:223358,DHS_FY2025P12_c/extracted/FY2025P01-P12_070_TAS_Contracts_AccountBreakdownByAward_2026-09-16_H02M56S53_01.csv,223358,25.4,070-0540,FY2025P12,,70CTD024FC0000015,70CTD022A00000002,7012,CONT_AWD_70CTD024FC0000015_7012_70CTD022A00000002_7012,,,Contracts,,True,outside_pilot
DHS_FY2025P12_c:FY2025P01-P12_070_TAS_Contracts_AccountBreakdownByAward_2026-09-16_H02M56S53_01.csv:row:223359,DHS_FY2025P12_c/extracted/FY2025P01-P12_070_TAS_Contracts_AccountBreakdownByAward_2026-09-16_H02M56S53_01.csv,223359,25.4,070-0540,FY2025P07,,70CTD024FC0000015,70CTD022A00000002,7012,CONT_AWD_70CTD024FC0000015_7012_70CTD022A00000002_7012,,,Contracts,,True,outside_pilot
DHS_FY2025P12_c:FY2025P01-P12_070_TAS_Contracts_AccountBreakdownByAward_2026-09-16_H02M56S53_01.csv:row:223360,DHS_FY2025P12_c/extracted/FY2025P01-P12_070_TAS_Contracts_AccountBreakdownByAward_2026-09-16_H02M56S53_01.csv,223360,25.4,070-0540,FY2025P11,,70CTD024FC0000015,70CTD022A00000002,7012,CONT_AWD_70CTD024FC0000015_7012_70CTD022A00000002_7012,,,Contracts,,True,outside_pilot
DHS_FY2025P12_c:FY2025P01-P12_070_TAS_Contracts_AccountBreakdownByAward_2026-09-16_H02M56S53_01.csv:row:223361,DHS_FY2025P12_c/extracted/FY2025P01-P12_070_TAS_Contracts_AccountBreakdownByAward_2026-09-16_H02M56S53_01.csv,223361,25.4,070-0540,FY2025P12,,70CTD024FC0000015,70CTD022A00000002,7012,CONT_AWD_70CTD024FC0000015_7012_70CTD022A00000002_7012,,,Contracts,,True,outside_pilot
DHS_FY2025P12_c:FY2025P01-P12_070_TAS_Contracts_AccountBreakdownByAward_2026-09-16_H02M56S53_01.csv:row:223362,DHS_FY2025P12_c/extracted/FY2025P01-P12_070_TAS_Contracts_AccountBreakdownByAward_2026-09-16_H02M56S53_01.csv,223362,25.4,070-0540,FY2025P08,,70CTD024FC0000015,70CTD022A00000002,7012,CONT_AWD_70CTD024FC0000015_7012_70CTD022A00000002_7012,,,Contracts,,True,outside_pilot
DHS_FY2025P12_c:FY2025P01-P12_070_TAS_Contracts_AccountBreakdownByAward_2026-09-16_H02M56S53_01.csv:row:223363,DHS_FY2025P12_c/extracted/FY2025P01-P12_070_TAS_Contracts_AccountBreakdownByAward_2026-09-16_H02M56S53_01.csv,223363,25.4,070-0540,FY2025P08,,70CTD024FC0000015,70CTD022A00000002,7012,CONT_AWD_70CTD024FC0000015_7012_70CTD022A00000002_7012,,,Contracts,,True,outside_pilot
DHS_FY2025P12_c:FY2025P01-P12_070_TAS_Contracts_AccountBreakdownByAward_2026-09-16_H02M56S53_01.csv:row:223364,DHS_FY2025P12_c/extracted/FY2025P01-P12_070_TAS_Contracts_AccountBreakdownByAward_2026-09-16_H02M56S53_01.csv,223364,25.4,070-0540,FY2025P08,,70CTD024FC0000015,70CTD022A00000002,7012,CONT_AWD_70CTD024FC0000015_7012_70CTD022A00000002_7012,,,Contracts,,True,outside_pilot
DHS_FY2025P12_c:FY2025P01-P12_070_TAS_Contracts_AccountBreakdownByAward_2026-09-16_H02M56S53_01.csv:row:223365,DHS_FY2025P12_c/extracted/FY2025P01-P12_070_TAS_Contracts_AccountBreakdownByAward_2026-09-16_H02M56S53_01.csv,223365,25.4,070-0540,FY2025P05,,70CTD024FC0000015,70CTD022A00000002,7012,CONT_AWD_70CTD024FC0000015_7012_70CTD022A00000002_7012,,,Contracts,,True,outside_pilot
DHS_FY2025P12_c:FY2025P01-P12_070_TAS_Contracts_AccountBreakdownByAward_2026-09-16_H02M56S53_01.csv:row:223366,DHS_FY2025P12_c/extracted/FY2025P01-P12_070_TAS_Contracts_AccountBreakdownByAward_2026-09-16_H02M56S53_01.csv,223366,25.4,070-0540,FY2025P09,,70CTD024FC0000015,70CTD022A00000002,7012,CONT_AWD_70CTD024FC0000015_7012_70CTD022A00000002_7012,,,Contracts,,True,outside_pilot
DHS_FY2025P12_c:FY2025P01-P12_070_TAS_Contracts_AccountBreakdownByAward_2026-09-16_H02M56S53_01.csv:row:223368,DHS_FY2025P12_c/extracted/FY2025P01-P12_070_TAS_Contracts_AccountBreakdownByAward_2026-09-16_H02M56S53_01.csv,223368,25.4,070-0540,FY2025P09,,70CTD024FC0000015,70CTD022A00000002,7012,CONT_AWD_70CTD024FC0000015_7012_70CTD022A00000002_7012,,,Contracts,,True,outside_pilot
DHS_FY2025P12_c:FY2025P01-P12_070_TAS_Contracts_AccountBreakdownByAward_2026-09-16_H02M56S53_01.csv:row:223369,DHS_FY2025P12_c/extracted/FY2025P01-P12_070_TAS_Contracts_AccountBreakdownByAward_2026-09-16_H02M56S53_01.csv,223369,25.4,070-0540,FY2025P12,,70CTD024FC0000015,70CTD022A00000002,7012,CONT_AWD_70CTD024FC0000015_7012_70CTD022A00000002_7012,,,Contracts,,True,outside_pilot
DHS_FY2025P12_c:FY2025P01-P12_070_TAS_Contracts_AccountBreakdownByAward_2026-09-16_H02M56S53_01.csv:row:223370,DHS_FY2025P12_c/extracted/FY2025P01-P12_070_TAS_Contracts_AccountBreakdownByAward_2026-09-16_H02M56S53_01.csv,223370,25.4,070-0540,FY2025P12,,70CTD024FC0000015,70CTD022A00000002,7012,CONT_AWD_70CTD024FC0000015_7012_70CTD022A00000002_7012,,,Contracts,,True,outside_pilot
DHS_FY2025P12_c:FY2025P01-P12_070_TAS_Contracts_AccountBreakdownByAward_2026-09-16_H02M56S53_01.csv:row:223372,DHS_FY2025P12_c/extracted/FY2025P01-P12_070_TAS_Contracts_AccountBreakdownByAward_2026-09-16_H02M56S53_01.csv,223372,25.4,070-0540,FY2025P09,,70CTD024FC0000015,70CTD022A00000002,7012,CONT_AWD_70CTD024FC0000015_7012_70CTD022A00000002_7012,,,Contracts,,True,outside_pilot
DHS_FY2025P12_c:FY2025P01-P12_070_TAS_Contracts_AccountBreakdownByAward_2026-09-16_H02M56S53_01.csv:row:223374,DHS_FY2025P12_c/extracted/FY2025P01-P12_070_TAS_Contracts_AccountBreakdownByAward_2026-09-16_H02M56S53_01.csv,223374,25.4,070-0540,FY2025P10,,70CTD024FC0000015,70CTD022A00000002,7012,CONT_AWD_70CTD024FC0000015_7012_70CTD022A00000002_7012,,,Contracts,,True,outside_pilot
DHS_FY2025P12_c:FY2025P01-P12_070_TAS_Contracts_AccountBreakdownByAward_2026-09-16_H02M56S53_01.csv:row:223375,DHS_FY2025P12_c/extracted/FY2025P01-P12_070_TAS_Contracts_AccountBreakdownByAward_2026-09-16_H02M56S53_01.csv,223375,25.4,070-0540,FY2025P10,,70CTD024FC0000015,70CTD022A00000002,7012,CONT_AWD_70CTD024FC0000015_7012_70CTD022A00000002_7012,,,Contracts,,True,outside_pilot
DHS_FY2025P12_c:FY2025P01-P12_070_TAS_Contracts_AccountBreakdownByAward_2026-09-16_H02M56S53_01.csv:row:223376,DHS_FY2025P12_c/extracted/FY2025P01-P12_070_TAS_Contracts_AccountBreakdownByAward_2026-09-16_H02M56S53_01.csv,223376,25.4,070-0540,FY2025P10,,70CTD024FC0000015,70CTD022A00000002,7012,CONT_AWD_70CTD024FC0000015_7012_70CTD022A00000002_7012,,,Contracts,,True,outside_pilot
DHS_FY2025P12_c:FY2025P01-P12_070_TAS_Contracts_AccountBreakdownByAward_2026-09-16_H02M56S53_01.csv:row:223377,DHS_FY2025P12_c/extracted/FY2025P01-P12_070_TAS_Contracts_AccountBreakdownByAward_2026-09-16_H02M56S53_01.csv,223377,25.4,070-0540,FY2025P06,,70CTD024FC0000015,70CTD022A00000002,7012,CONT_AWD_70CTD024FC0000015_7012_70CTD022A00000002_7012,,,Contracts,,True,outside_pilot
DHS_FY2025P12_c:FY2025P01-P12_070_TAS_Contracts_AccountBreakdownByAward_2026-09-16_H02M56S53_01.csv:row:223996,DHS_FY2025P12_c/extracted/FY2025P01-P12_070_TAS_Contracts_AccountBreakdownByAward_2026-09-16_H02M56S53_01.csv,223996,25.4,070-0540,FY2025P07,,70CDCR24FR0000012,70CDCR20D00000009,7012,CONT_AWD_70CDCR24FR0000012_7012_70CDCR20D00000009_7012,,,Contracts,,True,outside_pilot
DHS_FY2025P12_c:FY2025P01-P12_070_TAS_Contracts_AccountBreakdownByAward_2026-09-16_H02M56S53_01.csv:row:223997,DHS_FY2025P12_c/extracted/FY2025P01-P12_070_TAS_Contracts_AccountBreakdownByAward_2026-09-16_H02M56S53_01.csv,223997,25.4,070-0540,FY2025P05,,70CDCR24FR0000012,70CDCR20D00000009,7012,CONT_AWD_70CDCR24FR0000012_7012_70CDCR20D00000009_7012,,,Contracts,,True,outside_pilot
DHS_FY2025P12_c:FY2025P01-P12_070_TAS_Contracts_AccountBreakdownByAward_2026-09-16_H02M56S53_01.csv:row:223998,DHS_FY2025P12_c/extracted/FY2025P01-P12_070_TAS_Contracts_AccountBreakdownByAward_2026-09-16_H02M56S53_01.csv,223998,25.4,070-0540,FY2025P06,,70CDCR24FR0000012,70CDCR20D00000009,7012,CONT_AWD_70CDCR24FR0000012_7012_70CDCR20D00000009_7012,,,Contracts,,True,outside_pilot
DHS_FY2025P12_c:FY2025P01-P12_070_TAS_Contracts_AccountBreakdownByAward_2026-09-16_H02M56S53_01.csv:row:224000,DHS_FY2025P12_c/extracted/FY2025P01-P12_070_TAS_Contracts_AccountBreakdownByAward_2026-09-16_H02M56S53_01.csv,224000,25.4,070-0540,FY2025P05,,70CDCR24FR0000012,70CDCR20D00000009,7012,CONT_AWD_70CDCR24FR0000012_7012_70CDCR20D00000009_7012,,,Contracts,,True,outside_pilot
DHS_FY2025P12_c:FY2025P01-P12_070_TAS_Contracts_AccountBreakdownByAward_2026-09-16_H02M56S53_01.csv:row:224001,DHS_FY2025P12_c/extracted/FY2025P01-P12_070_TAS_Contracts_AccountBreakdownByAward_2026-09-16_H02M56S53_01.csv,224001,25.4,070-0540,FY2025P09,,70CDCR24FR0000012,70CDCR20D00000009,7012,CONT_AWD_70CDCR24FR0000012_7012_70CDCR20D00000009_7012,,,Contracts,,True,outside_pilot
DHS_FY2025P12_c:FY2025P01-P12_070_TAS_Contracts_AccountBreakdownByAward_2026-09-16_H02M56S53_01.csv:row:224002,DHS_FY2025P12_c/extracted/FY2025P01-P12_070_TAS_Contracts_AccountBreakdownByAward_2026-09-16_H02M56S53_01.csv,224002,25.4,070-0540,FY2025P09,,70CDCR24FR0000012,70CDCR20D00000009,7012,CONT_AWD_70CDCR24FR0000012_7012_70CDCR20D00000009_7012,,,Contracts,,True,outside_pilot
DHS_FY2025P12_c:FY2025P01-P12_070_TAS_Contracts_AccountBreakdownByAward_2026-09-16_H02M56S53_01.csv:row:224004,DHS_FY2025P12_c/extracted/FY2025P01-P12_070_TAS_Contracts_AccountBreakdownByAward_2026-09-16_H02M56S53_01.csv,224004,25.4,070-0540,FY2025P06,,70CDCR24FR0000012,70CDCR20D00000009,7012,CONT_AWD_70CDCR24FR0000012_7012_70CDCR20D00000009_7012,,,Contracts,,True,outside_pilot
DHS_FY2025P12_c:FY2025P01-P12_070_TAS_Contracts_AccountBreakdownByAward_2026-09-16_H02M56S53_01.csv:row:224005,DHS_FY2025P12_c/extracted/FY2025P01-P12_070_TAS_Contracts_AccountBreakdownByAward_2026-09-16_H02M56S53_01.csv,224005,25.4,070-0540,FY2025P10,-68104.30,70CDCR24FR0000012,70CDCR20D00000009,7012,CONT_AWD_70CDCR24FR0000012_7012_70CDCR20D00000009_7012,,,Contracts,-68104.30,False,outside_pilot
DHS_FY2025P12_c:FY2025P01-P12_070_TAS_Contracts_AccountBreakdownByAward_2026-09-16_H02M56S53_01.csv:row:224006,DHS_FY2025P12_c/extracted/FY2025P01-P12_070_TAS_Contracts_AccountBreakdownByAward_2026-09-16_H02M56S53_01.csv,224006,25.4,070-0540,FY2025P10,,70CDCR24FR0000012,70CDCR20D00000009,7012,CONT_AWD_70CDCR24FR0000012_7012_70CDCR20D00000009_7012,,,Contracts,,True,outside_pilot
DHS_FY2025P12_c:FY2025P01-P12_070_TAS_Contracts_AccountBreakdownByAward_2026-09-16_H02M56S53_01.csv:row:224007,DHS_FY2025P12_c/extracted/FY2025P01-P12_070_TAS_Contracts_AccountBreakdownByAward_2026-09-16_H02M56S53_01.csv,224007,25.4,070-0540,FY2025P10,,70CDCR24FR0000012,70CDCR20D00000009,7012,CONT_AWD_70CDCR24FR0000012_7012_70CDCR20D00000009_7012,,,Contracts,,True,outside_pilot
DHS_FY2025P12_c:FY2025P01-P12_070_TAS_Contracts_AccountBreakdownByAward_2026-09-16_H02M56S53_01.csv:row:224008,DHS_FY2025P12_c/extracted/FY2025P01-P12_070_TAS_Contracts_AccountBreakdownByAward_2026-09-16_H02M56S53_01.csv,224008,25.4,070-0540,FY2025P08,,70CDCR24FR0000012,70CDCR20D00000009,7012,CONT_AWD_70CDCR24FR0000012_7012_70CDCR20D00000009_7012,,,Contracts,,True,outside_pilot
DHS_FY2025P12_c:FY2025P01-P12_070_TAS_Contracts_AccountBreakdownByAward_2026-09-16_H02M56S53_01.csv:row:224009,DHS_FY2025P12_c/extracted/FY2025P01-P12_070_TAS_Contracts_AccountBreakdownByAward_2026-09-16_H02M56S53_01.csv,224009,25.4,070-0540,FY2025P08,,70CDCR24FR0000012,70CDCR20D00000009,7012,CONT_AWD_70CDCR24FR0000012_7012_70CDCR20D00000009_7012,,,Contracts,,True,outside_pilot
DHS_FY2025P12_c:FY2025P01-P12_070_TAS_Contracts_AccountBreakdownByAward_2026-09-16_H02M56S53_01.csv:row:224010,DHS_FY2025P12_c/extracted/FY2025P01-P12_070_TAS_Contracts_AccountBreakdownByAward_2026-09-16_H02M56S53_01.csv,224010,25.4,070-0540,FY2025P11,,70CDCR24FR0000012,70CDCR20D00000009,7012,CONT_AWD_70CDCR24FR0000012_7012_70CDCR20D00000009_7012,,,Contracts,,True,outside_pilot
DHS_FY2025P12_c:FY2025P01-P12_070_TAS_Contracts_AccountBreakdownByAward_2026-09-16_H02M56S53_01.csv:row:224011,DHS_FY2025P12_c/extracted/FY2025P01-P12_070_TAS_Contracts_AccountBreakdownByAward_2026-09-16_H02M56S53_01.csv,224011,25.4,070-0540,FY2025P12,,70CDCR24FR0000012,70CDCR20D00000009,7012,CONT_AWD_70CDCR24FR0000012_7012_70CDCR20D00000009_7012,,,Contracts,,True,outside_pilot
DHS_FY2025P12_c:FY2025P01-P12_070_TAS_Contracts_AccountBreakdownByAward_2026-09-16_H02M56S53_01.csv:row:224012,DHS_FY2025P12_c/extracted/FY2025P01-P12_070_TAS_Contracts_AccountBreakdownByAward_2026-09-16_H02M56S53_01.csv,224012,25.4,070-0540,FY2025P12,,70CDCR24FR0000012,70CDCR20D00000009,7012,CONT_AWD_70CDCR24FR0000012_7012_70CDCR20D00000009_7012,,,Contracts,,True,outside_pilot
DHS_FY2025P12_c:FY2025P01-P12_070_TAS_Contracts_AccountBreakdownByAward_2026-09-16_H02M56S53_01.csv:row:224013,DHS_FY2025P12_c/extracted/FY2025P01-P12_070_TAS_Contracts_AccountBreakdownByAward_2026-09-16_H02M56S53_01.csv,224013,25.4,070-0540,FY2025P07,,70CDCR24FR0000012,70CDCR20D00000009,7012,CONT_AWD_70CDCR24FR0000012_7012_70CDCR20D00000009_7012,,,Contracts,,True,outside_pilot
DHS_FY2025P12_c:FY2025P01-P12_070_TAS_Contracts_AccountBreakdownByAward_2026-09-16_H02M56S53_01.csv:row:224017,DHS_FY2025P12_c/extracted/FY2025P01-P12_070_TAS_Contracts_AccountBreakdownByAward_2026-09-16_H02M56S53_01.csv,224017,25.4,070-0540,FY2025P11,,70CDCR24FR0000012,70CDCR20D00000009,7012,CONT_AWD_70CDCR24FR0000012_7012_70CDCR20D00000009_7012,,,Contracts,,True,outside_pilot
DHS_FY2025P12_c:FY2025P01-P12_070_TAS_Contracts_AccountBreakdownByAward_2026-09-16_H02M56S53_01.csv:row:225615,DHS_FY2025P12_c/extracted/FY2025P01-P12_070_TAS_Contracts_AccountBreakdownByAward_2026-09-16_H02M56S53_01.csv,225615,25.4,070-0540,FY2025P07,22000.00,70CDCR25FR0000014,70CDCR20D00000017,7012,CONT_AWD_70CDCR25FR0000014_7012_70CDCR20D00000017_7012,,,Contracts,22000.00,False,outside_pilot
DHS_FY2025P12_c:FY2025P01-P12_070_TAS_Contracts_AccountBreakdownByAward_2026-09-16_H02M56S53_01.csv:row:225618,DHS_FY2025P12_c/extracted/FY2025P01-P12_070_TAS_Contracts_AccountBreakdownByAward_2026-09-16_H02M56S53_01.csv,225618,25.4,070-0540,FY2025P05,,70CDCR25FR0000014,70CDCR20D00000017,7012,CONT_AWD_70CDCR25FR0000014_7012_70CDCR20D00000017_7012,,,Contracts,,True,outside_pilot
DHS_FY2025P12_c:FY2025P01-P12_070_TAS_Contracts_AccountBreakdownByAward_2026-09-16_H02M56S53_01.csv:row:225619,DHS_FY2025P12_c/extracted/FY2025P01-P12_070_TAS_Contracts_AccountBreakdownByAward_2026-09-16_H02M56S53_01.csv,225619,25.4,070-0540,FY2025P07,,70CDCR25FR0000014,70CDCR20D00000017,7012,CONT_AWD_70CDCR25FR0000014_7012_70CDCR20D00000017_7012,,,Contracts,,True,outside_pilot
DHS_FY2025P12_c:FY2025P01-P12_070_TAS_Contracts_AccountBreakdownByAward_2026-09-16_H02M56S53_01.csv:row:225620,DHS_FY2025P12_c/extracted/FY2025P01-P12_070_TAS_Contracts_AccountBreakdownByAward_2026-09-16_H02M56S53_01.csv,225620,25.4,070-0540,FY2025P09,,70CDCR25FR0000014,70CDCR20D00000017,7012,CONT_AWD_70CDCR25FR0000014_7012_70CDCR20D00000017_7012,,,Contracts,,True,outside_pilot
DHS_FY2025P12_c:FY2025P01-P12_070_TAS_Contracts_AccountBreakdownByAward_2026-09-16_H02M56S53_01.csv:row:225622,DHS_FY2025P12_c/extracted/FY2025P01-P12_070_TAS_Contracts_AccountBreakdownByAward_2026-09-16_H02M56S53_01.csv,225622,25.4,070-0540,FY2025P06,,70CDCR25FR0000014,70CDCR20D00000017,7012,CONT_AWD_70CDCR25FR0000014_7012_70CDCR20D00000017_7012,,,Contracts,,True,outside_pilot
DHS_FY2025P12_c:FY2025P01-P12_070_TAS_Contracts_AccountBreakdownByAward_2026-09-16_H02M56S53_01.csv:row:225630,DHS_FY2025P12_c/extracted/FY2025P01-P12_070_TAS_Contracts_AccountBreakdownByAward_2026-09-16_H02M56S53_01.csv,225630,25.4,070-0540,FY2025P12,11900.00,70CDCR25FR0000014,70CDCR20D00000017,7012,CONT_AWD_70CDCR25FR0000014_7012_70CDCR20D00000017_7012,,,Contracts,11900.00,False,outside_pilot
DHS_FY2025P12_c:FY2025P01-P12_070_TAS_Contracts_AccountBreakdownByAward_2026-09-16_H02M56S53_01.csv:row:225631,DHS_FY2025P12_c/extracted/FY2025P01-P12_070_TAS_Contracts_AccountBreakdownByAward_2026-09-16_H02M56S53_01.csv,225631,25.4,070-0540,FY2025P08,,70CDCR25FR0000014,70CDCR20D00000017,7012,CONT_AWD_70CDCR25FR0000014_7012_70CDCR20D00000017_7012,,,Contracts,,True,outside_pilot
DHS_FY2025P12_c:FY2025P01-P12_070_TAS_Contracts_AccountBreakdownByAward_2026-09-16_H02M56S53_01.csv:row:225633,DHS_FY2025P12_c/extracted/FY2025P01-P12_070_TAS_Contracts_AccountBreakdownByAward_2026-09-16_H02M56S53_01.csv,225633,25.4,070-0540,FY2025P11,,70CDCR25FR0000014,70CDCR20D00000017,7012,CONT_AWD_70CDCR25FR0000014_7012_70CDCR20D00000017_7012,,,Contracts,,True,outside_pilot
DHS_FY2025P12_c:FY2025P01-P12_070_TAS_Contracts_AccountBreakdownByAward_2026-09-16_H02M56S53_01.csv:row:225635,DHS_FY2025P12_c/extracted/FY2025P01-P12_070_TAS_Contracts_AccountBreakdownByAward_2026-09-16_H02M56S53_01.csv,225635,25.4,070-0540,FY2025P12,,70CDCR25FR0000014,70CDCR20D00000017,7012,CONT_AWD_70CDCR25FR0000014_7012_70CDCR20D00000017_7012,,,Contracts,,True,outside_pilot
DHS_FY2025P12_c:FY2025P01-P12_070_TAS_Contracts_AccountBreakdownByAward_2026-09-16_H02M56S53_01.csv:row:225644,DHS_FY2025P12_c/extracted/FY2025P01-P12_070_TAS_Contracts_AccountBreakdownByAward_2026-09-16_H02M56S53_01.csv,225644,25.4,070-0540,FY2025P10,6500.00,70CDCR25FR0000014,70CDCR20D00000017,7012,CONT_AWD_70CDCR25FR0000014_7012_70CDCR20D00000017_7012,,,Contracts,6500.00,False,outside_pilot
DHS_FY2025P12_c:FY2025P01-P12_070_TAS_Contracts_AccountBreakdownByAward_2026-09-16_H02M56S53_01.csv:row:225648,DHS_FY2025P12_c/extracted/FY2025P01-P12_070_TAS_Contracts_AccountBreakdownByAward_2026-09-16_H02M56S53_01.csv,225648,25.4,070-0540,FY2025P10,,70CDCR25FR0000014,70CDCR20D00000017,7012,CONT_AWD_70CDCR25FR0000014_7012_70CDCR20D00000017_7012,,,Contracts,,True,outside_pilot
DHS_FY2025P12_c:FY2025P01-P12_070_TAS_Contracts_AccountBreakdownByAward_2026-09-16_H02M56S53_01.csv:row:225650,DHS_FY2025P12_c/extracted/FY2025P01-P12_070_TAS_Contracts_AccountBreakdownByAward_2026-09-16_H02M56S53_01.csv,225650,25.4,070-0540,FY2025P05,3435290.17,70CDCR25FR0000006,70CDCR22D00000002,7012,CONT_AWD_70CDCR25FR0000006_7012_70CDCR22D00000002_7012,,,Contracts,3435290.17,False,outside_pilot
DHS_FY2025P12_c:FY2025P01-P12_070_TAS_Contracts_AccountBreakdownByAward_2026-09-16_H02M56S53_01.csv:row:225652,DHS_FY2025P12_c/extracted/FY2025P01-P12_070_TAS_Contracts_AccountBreakdownByAward_2026-09-16_H02M56S53_01.csv,225652,25.4,070-0540,FY2025P07,869.70,70CDCR25FR0000006,70CDCR22D00000002,7012,CONT_AWD_70CDCR25FR0000006_7012_70CDCR22D00000002_7012,,,Contracts,869.70,False,outside_pilot
DHS_FY2025P12_c:FY2025P01-P12_070_TAS_Contracts_AccountBreakdownByAward_2026-09-16_H02M56S53_01.csv:row:225654,DHS_FY2025P12_c/extracted/FY2025P01-P12_070_TAS_Contracts_AccountBreakdownByAward_2026-09-16_H02M56S53_01.csv,225654,25.4,070-0540,FY2025P07,3565083.00,70CDCR25FR0000006,70CDCR22D00000002,7012,CONT_AWD_70CDCR25FR0000006_7012_70CDCR22D00000002_7012,,,Contracts,3565083.00,False,outside_pilot
DHS_FY2025P12_c:FY2025P01-P12_070_TAS_Contracts_AccountBreakdownByAward_2026-09-16_H02M56S53_01.csv:row:225657,DHS_FY2025P12_c/extracted/FY2025P01-P12_070_TAS_Contracts_AccountBreakdownByAward_2026-09-16_H02M56S53_01.csv,225657,25.4,070-0540,FY2025P05,,70CDCR25FR0000006,70CDCR22D00000002,7012,CONT_AWD_70CDCR25FR0000006_7012_70CDCR22D00000002_7012,,,Contracts,,True,outside_pilot
DHS_FY2025P12_c:FY2025P01-P12_070_TAS_Contracts_AccountBreakdownByAward_2026-09-16_H02M56S53_01.csv:row:225662,DHS_FY2025P12_c/extracted/FY2025P01-P12_070_TAS_Contracts_AccountBreakdownByAward_2026-09-16_H02M56S53_01.csv,225662,25.4,070-0540,FY2025P08,,70CDCR25FR0000006,70CDCR22D00000002,7012,CONT_AWD_70CDCR25FR0000006_7012_70CDCR22D00000002_7012,,,Contracts,,True,outside_pilot
DHS_FY2025P12_c:FY2025P01-P12_070_TAS_Contracts_AccountBreakdownByAward_2026-09-16_H02M56S53_01.csv:row:225674,DHS_FY2025P12_c/extracted/FY2025P01-P12_070_TAS_Contracts_AccountBreakdownByAward_2026-09-16_H02M56S53_01.csv,225674,25.4,070-0540,FY2025P12,982583.10,70CDCR25FR0000006,70CDCR22D00000002,7012,CONT_AWD_70CDCR25FR0000006_7012_70CDCR22D00000002_7012,,,Contracts,982583.10,False,outside_pilot
DHS_FY2025P12_c:FY2025P01-P12_070_TAS_Contracts_AccountBreakdownByAward_2026-09-16_H02M56S53_01.csv:row:225675,DHS_FY2025P12_c/extracted/FY2025P01-P12_070_TAS_Contracts_AccountBreakdownByAward_2026-09-16_H02M56S53_01.csv,225675,25.4,070-0540,FY2025P12,,70CDCR25FR0000006,70CDCR22D00000002,7012,CONT_AWD_70CDCR25FR0000006_7012_70CDCR22D00000002_7012,,,Contracts,,True,outside_pilot
DHS_FY2025P12_c:FY2025P01-P12_070_TAS_Contracts_AccountBreakdownByAward_2026-09-16_H02M56S53_01.csv:row:225676,DHS_FY2025P12_c/extracted/FY2025P01-P12_070_TAS_Contracts_AccountBreakdownByAward_2026-09-16_H02M56S53_01.csv,225676,25.4,070-0540,FY2025P11,,70CDCR25FR0000006,70CDCR22D00000002,7012,CONT_AWD_70CDCR25FR0000006_7012_70CDCR22D00000002_7012,,,Contracts,,True,outside_pilot
DHS_FY2025P12_c:FY2025P01-P12_070_TAS_Contracts_AccountBreakdownByAward_2026-09-16_H02M56S53_01.csv:row:225678,DHS_FY2025P12_c/extracted/FY2025P01-P12_070_TAS_Contracts_AccountBreakdownByAward_2026-09-16_H02M56S53_01.csv,225678,25.4,070-0540,FY2025P12,2897068.94,70CDCR25FR0000006,70CDCR22D00000002,7012,CONT_AWD_70CDCR25FR0000006_7012_70CDCR22D00000002_7012,,,Contracts,2897068.94,False,outside_pilot
DHS_FY2025P12_c:FY2025P01-P12_070_TAS_Contracts_AccountBreakdownByAward_2026-09-16_H02M56S53_01.csv:row:225679,DHS_FY2025P12_c/extracted/FY2025P01-P12_070_TAS_Contracts_AccountBreakdownByAward_2026-09-16_H02M56S53_01.csv,225679,25.4,070-0540,FY2025P12,7634900.00,70CDCR25FR0000006,70CDCR22D00000002,7012,CONT_AWD_70CDCR25FR0000006_7012_70CDCR22D00000002_7012,,,Contracts,7634900.00,False,outside_pilot
DHS_FY2025P12_c:FY2025P01-P12_070_TAS_Contracts_AccountBreakdownByAward_2026-09-16_H02M56S53_01.csv:row:225683,DHS_FY2025P12_c/extracted/FY2025P01-P12_070_TAS_Contracts_AccountBreakdownByAward_2026-09-16_H02M56S53_01.csv,225683,25.4,070-0540,FY2025P08,6923958.00,70CDCR25FR0000006,70CDCR22D00000002,7012,CONT_AWD_70CDCR25FR0000006_7012_70CDCR22D00000002_7012,,,Contracts,6923958.00,False,outside_pilot
DHS_FY2025P12_c:FY2025P01-P12_070_TAS_Contracts_AccountBreakdownByAward_2026-09-16_H02M56S53_01.csv:row:225687,DHS_FY2025P12_c/extracted/FY2025P01-P12_070_TAS_Contracts_AccountBreakdownByAward_2026-09-16_H02M56S53_01.csv,225687,25.4,070-0540,FY2025P09,,70CDCR25FR0000006,70CDCR22D00000002,7012,CONT_AWD_70CDCR25FR0000006_7012_70CDCR22D00000002_7012,,,Contracts,,True,outside_pilot
DHS_FY2025P12_c:FY2025P01-P12_070_TAS_Contracts_AccountBreakdownByAward_2026-09-16_H02M56S53_01.csv:row:225689,DHS_FY2025P12_c/extracted/FY2025P01-P12_070_TAS_Contracts_AccountBreakdownByAward_2026-09-16_H02M56S53_01.csv,225689,25.4,070-0540,FY2025P07,,70CDCR25FR0000006,70CDCR22D00000002,7012,CONT_AWD_70CDCR25FR0000006_7012_70CDCR22D00000002_7012,,,Contracts,,True,outside_pilot
DHS_FY2025P12_c:FY2025P01-P12_070_TAS_Contracts_AccountBreakdownByAward_2026-09-16_H02M56S53_01.csv:row:225692,DHS_FY2025P12_c/extracted/FY2025P01-P12_070_TAS_Contracts_AccountBreakdownByAward_2026-09-16_H02M56S53_01.csv,225692,25.4,070-0540,FY2025P10,10815371.24,70CDCR25FR0000006,70CDCR22D00000002,7012,CONT_AWD_70CDCR25FR0000006_7012_70CDCR22D00000002_7012,,,Contracts,10815371.24,False,outside_pilot
DHS_FY2025P12_c:FY2025P01-P12_070_TAS_Contracts_AccountBreakdownByAward_2026-09-16_H02M56S53_01.csv:row:225694,DHS_FY2025P12_c/extracted/FY2025P01-P12_070_TAS_Contracts_AccountBreakdownByAward_2026-09-16_H02M56S53_01.csv,225694,25.4,070-0540,FY2025P10,,70CDCR25FR0000006,70CDCR22D00000002,7012,CONT_AWD_70CDCR25FR0000006_7012_70CDCR22D00000002_7012,,,Contracts,,True,outside_pilot
DHS_FY2025P12_c:FY2025P01-P12_070_TAS_Contracts_AccountBreakdownByAward_2026-09-16_H02M56S53_01.csv:row:225697,DHS_FY2025P12_c/extracted/FY2025P01-P12_070_TAS_Contracts_AccountBreakdownByAward_2026-09-16_H02M56S53_01.csv,225697,25.4,070-0540,FY2025P06,,70CDCR25FR0000006,70CDCR22D00000002,7012,CONT_AWD_70CDCR25FR0000006_7012_70CDCR22D00000002_7012,,,Contracts,,True,outside_pilot
DHS_FY2025P12_c:FY2025P01-P12_070_TAS_Contracts_AccountBreakdownByAward_2026-09-16_H02M56S53_01.csv:row:229162,DHS_FY2025P12_c/extracted/FY2025P01-P12_070_TAS_Contracts_AccountBreakdownByAward_2026-09-16_H02M56S53_01.csv,229162,25.4,070-0540,FY2025P10,27637406.90,70CDCR25FR0000011,70CDCR20D00000007,7012,CONT_AWD_70CDCR25FR0000011_7012_70CDCR20D00000007_7012,1,AWARD:076ed4490ed70d77085e877e,Contracts,27637406.90,False,confirmed
DHS_FY2025P12_c:FY2025P01-P12_070_TAS_Contracts_AccountBreakdownByAward_2026-09-16_H02M56S53_01.csv:row:229168,DHS_FY2025P12_c/extracted/FY2025P01-P12_070_TAS_Contracts_AccountBreakdownByAward_2026-09-16_H02M56S53_01.csv,229168,25.4,070-0540,FY2025P10,,70CDCR25FR0000011,70CDCR20D00000007,7012,CONT_AWD_70CDCR25FR0000011_7012_70CDCR20D00000007_7012,1,AWARD:076ed4490ed70d77085e877e,Contracts,,True,confirmed
DHS_FY2025P12_c:FY2025P01-P12_070_TAS_Contracts_AccountBreakdownByAward_2026-09-16_H02M56S53_01.csv:row:229173,DHS_FY2025P12_c/extracted/FY2025P01-P12_070_TAS_Contracts_AccountBreakdownByAward_2026-09-16_H02M56S53_01.csv,229173,25.4,070-0540,FY2025P09,,70CDCR25FR0000011,70CDCR20D00000007,7012,CONT_AWD_70CDCR25FR0000011_7012_70CDCR20D00000007_7012,1,AWARD:549c996d3cc2ce57bdb03eb1,Contracts,,True,confirmed
DHS_FY2025P12_c:FY2025P01-P12_070_TAS_Contracts_AccountBreakdownByAward_2026-09-16_H02M56S53_01.csv:row:229180,DHS_FY2025P12_c/extracted/FY2025P01-P12_070_TAS_Contracts_AccountBreakdownByAward_2026-09-16_H02M56S53_01.csv,229180,25.4,070-0540,FY2025P12,,70CDCR25FR0000011,70CDCR20D00000007,7012,CONT_AWD_70CDCR25FR0000011_7012_70CDCR20D00000007_7012,1,AWARD:8233ba4a8a4f8e3731d57760,Contracts,,True,confirmed
DHS_FY2025P12_c:FY2025P01-P12_070_TAS_Contracts_AccountBreakdownByAward_2026-09-16_H02M56S53_01.csv:row:229193,DHS_FY2025P12_c/extracted/FY2025P01-P12_070_TAS_Contracts_AccountBreakdownByAward_2026-09-16_H02M56S53_01.csv,229193,25.4,070-0540,FY2025P06,28832886.85,70CDCR25FR0000011,70CDCR20D00000007,7012,CONT_AWD_70CDCR25FR0000011_7012_70CDCR20D00000007_7012,1,AWARD:3dd4aa67bb63fd2d9085ea92,Contracts,28832886.85,False,confirmed
DHS_FY2025P12_c:FY2025P01-P12_070_TAS_Contracts_AccountBreakdownByAward_2026-09-16_H02M56S53_01.csv:row:229207,DHS_FY2025P12_c/extracted/FY2025P01-P12_070_TAS_Contracts_AccountBreakdownByAward_2026-09-16_H02M56S53_01.csv,229207,25.4,070-0540,FY2025P11,,70CDCR25FR0000011,70CDCR20D00000007,7012,CONT_AWD_70CDCR25FR0000011_7012_70CDCR20D00000007_7012,1,AWARD:72a69c069a2d125cacde8708,Contracts,,True,confirmed
DHS_FY2025P12_c:FY2025P01-P12_070_TAS_Contracts_AccountBreakdownByAward_2026-09-16_H02M56S53_01.csv:row:229208,DHS_FY2025P12_c/extracted/FY2025P01-P12_070_TAS_Contracts_AccountBreakdownByAward_2026-09-16_H02M56S53_01.csv,229208,25.4,070-0540,FY2025P12,16000454.50,70CDCR25FR0000011,70CDCR20D00000007,7012,CONT_AWD_70CDCR25FR0000011_7012_70CDCR20D00000007_7012,1,AWARD:8233ba4a8a4f8e3731d57760,Contracts,16000454.50,False,confirmed
DHS_FY2025P12_c:FY2025P01-P12_070_TAS_Contracts_AccountBreakdownByAward_2026-09-16_H02M56S53_01.csv:row:229214,DHS_FY2025P12_c/extracted/FY2025P01-P12_070_TAS_Contracts_AccountBreakdownByAward_2026-09-16_H02M56S53_01.csv,229214,25.4,070-0540,FY2025P08,,70CDCR25FR0000011,70CDCR20D00000007,7012,CONT_AWD_70CDCR25FR0000011_7012_70CDCR20D00000007_7012,1,AWARD:bf331cbea940211db5ff6474,Contracts,,True,confirmed
DHS_FY2025P12_c:FY2025P01-P12_070_TAS_Contracts_AccountBreakdownByAward_2026-09-16_H02M56S53_01.csv:row:229216,DHS_FY2025P12_c/extracted/FY2025P01-P12_070_TAS_Contracts_AccountBreakdownByAward_2026-09-16_H02M56S53_01.csv,229216,25.4,070-0540,FY2025P07,4798112.55,70CDCR25FR0000011,70CDCR20D00000007,7012,CONT_AWD_70CDCR25FR0000011_7012_70CDCR20D00000007_7012,1,AWARD:ba47d930cd053dcba5557ee4,Contracts,4798112.55,False,confirmed
DHS_FY2025P12_c:FY2025P01-P12_070_TAS_Contracts_AccountBreakdownByAward_2026-09-16_H02M56S53_01.csv:row:229222,DHS_FY2025P12_c/extracted/FY2025P01-P12_070_TAS_Contracts_AccountBreakdownByAward_2026-09-16_H02M56S53_01.csv,229222,25.4,070-0540,FY2025P07,,70CDCR25FR0000011,70CDCR20D00000007,7012,CONT_AWD_70CDCR25FR0000011_7012_70CDCR20D00000007_7012,1,AWARD:ba47d930cd053dcba5557ee4,Contracts,,True,confirmed
DHS_FY2025P12_c:FY2025P01-P12_070_TAS_Contracts_AccountBreakdownByAward_2026-09-16_H02M56S53_01.csv:row:229225,DHS_FY2025P12_c/extracted/FY2025P01-P12_070_TAS_Contracts_AccountBreakdownByAward_2026-09-16_H02M56S53_01.csv,229225,25.4,070-0540,FY2025P06,,70CDCR25FR0000011,70CDCR20D00000007,7012,CONT_AWD_70CDCR25FR0000011_7012_70CDCR20D00000007_7012,1,AWARD:3dd4aa67bb63fd2d9085ea92,Contracts,,True,confirmed
DHS_FY2025P12_c:FY2025P01-P12_070_TAS_Contracts_AccountBreakdownByAward_2026-09-16_H02M56S53_01.csv:row:232830,DHS_FY2025P12_c/extracted/FY2025P01-P12_070_TAS_Contracts_AccountBreakdownByAward_2026-09-16_H02M56S53_01.csv,232830,25.4,070-0540,FY2025P08,250.00,70CDCR25FR0000073,70CDCR25D00000020,7012,CONT_AWD_70CDCR25FR0000073_7012_70CDCR25D00000020_7012,,,Contracts,250.00,False,outside_pilot
DHS_FY2025P12_c:FY2025P01-P12_070_TAS_Contracts_AccountBreakdownByAward_2026-09-16_H02M56S53_01.csv:row:236970,DHS_FY2025P12_c/extracted/FY2025P01-P12_070_TAS_Contracts_AccountBreakdownByAward_2026-09-16_H02M56S53_01.csv,236970,25.4,070-0540,FY2025P08,250.00,70CDCR25FR0000053,70CDCR25D00000036,7012,CONT_AWD_70CDCR25FR0000053_7012_70CDCR25D00000036_7012,,,Contracts,250.00,False,outside_pilot
DHS_FY2025P12_c:FY2025P01-P12_070_TAS_Contracts_AccountBreakdownByAward_2026-09-16_H02M56S53_01.csv:row:237145,DHS_FY2025P12_c/extracted/FY2025P01-P12_070_TAS_Contracts_AccountBreakdownByAward_2026-09-16_H02M56S53_01.csv,237145,25.4,070-0540,FY2025P09,,70CMSD23P00000110,,7012,CONT_AWD_70CMSD23P00000110_7012_-NONE-_-NONE-,,,Contracts,,True,outside_pilot
DHS_FY2025P12_c:FY2025P01-P12_070_TAS_Contracts_AccountBreakdownByAward_2026-09-16_H02M56S53_01.csv:row:237146,DHS_FY2025P12_c/extracted/FY2025P01-P12_070_TAS_Contracts_AccountBreakdownByAward_2026-09-16_H02M56S53_01.csv,237146,25.4,070-0540,FY2025P08,,70CMSD23P00000110,,7012,CONT_AWD_70CMSD23P00000110_7012_-NONE-_-NONE-,,,Contracts,,True,outside_pilot
DHS_FY2025P12_c:FY2025P01-P12_070_TAS_Contracts_AccountBreakdownByAward_2026-09-16_H02M56S53_01.csv:row:237147,DHS_FY2025P12_c/extracted/FY2025P01-P12_070_TAS_Contracts_AccountBreakdownByAward_2026-09-16_H02M56S53_01.csv,237147,25.4,070-0540,FY2025P11,,70CMSD23P00000110,,7012,CONT_AWD_70CMSD23P00000110_7012_-NONE-_-NONE-,,,Contracts,,True,outside_pilot
DHS_FY2025P12_c:FY2025P01-P12_070_TAS_Contracts_AccountBreakdownByAward_2026-09-16_H02M56S53_01.csv:row:237149,DHS_FY2025P12_c/extracted/FY2025P01-P12_070_TAS_Contracts_AccountBreakdownByAward_2026-09-16_H02M56S53_01.csv,237149,25.4,070-0540,FY2025P10,,70CMSD23P00000110,,7012,CONT_AWD_70CMSD23P00000110_7012_-NONE-_-NONE-,,,Contracts,,True,outside_pilot
DHS_FY2025P12_c:FY2025P01-P12_070_TAS_Contracts_AccountBreakdownByAward_2026-09-16_H02M56S53_01.csv:row:237150,DHS_FY2025P12_c/extracted/FY2025P01-P12_070_TAS_Contracts_AccountBreakdownByAward_2026-09-16_H02M56S53_01.csv,237150,25.4,070-0540,FY2025P06,,70CMSD23P00000110,,7012,CONT_AWD_70CMSD23P00000110_7012_-NONE-_-NONE-,,,Contracts,,True,outside_pilot
DHS_FY2025P12_c:FY2025P01-P12_070_TAS_Contracts_AccountBreakdownByAward_2026-09-16_H02M56S53_01.csv:row:237151,DHS_FY2025P12_c/extracted/FY2025P01-P12_070_TAS_Contracts_AccountBreakdownByAward_2026-09-16_H02M56S53_01.csv,237151,25.4,070-0540,FY2025P05,,70CMSD23P00000110,,7012,CONT_AWD_70CMSD23P00000110_7012_-NONE-_-NONE-,,,Contracts,,True,outside_pilot
DHS_FY2025P12_c:FY2025P01-P12_070_TAS_Contracts_AccountBreakdownByAward_2026-09-16_H02M56S53_01.csv:row:237152,DHS_FY2025P12_c/extracted/FY2025P01-P12_070_TAS_Contracts_AccountBreakdownByAward_2026-09-16_H02M56S53_01.csv,237152,25.4,070-0540,FY2025P07,,70CMSD23P00000110,,7012,CONT_AWD_70CMSD23P00000110_7012_-NONE-_-NONE-,,,Contracts,,True,outside_pilot
DHS_FY2025P12_c:FY2025P01-P12_070_TAS_Contracts_AccountBreakdownByAward_2026-09-16_H02M56S53_01.csv:row:237153,DHS_FY2025P12_c/extracted/FY2025P01-P12_070_TAS_Contracts_AccountBreakdownByAward_2026-09-16_H02M56S53_01.csv,237153,25.4,070-0540,FY2025P12,,70CMSD23P00000110,,7012,CONT_AWD_70CMSD23P00000110_7012_-NONE-_-NONE-,,,Contracts,,True,outside_pilot
DHS_FY2025P12_c:FY2025P01-P12_070_TAS_Contracts_AccountBreakdownByAward_2026-09-16_H02M56S53_01.csv:row:237763,DHS_FY2025P12_c/extracted/FY2025P01-P12_070_TAS_Contracts_AccountBreakdownByAward_2026-09-16_H02M56S53_01.csv,237763,25.4,070-0540,FY2025P10,,70CDCR24FR0000057,70CDCR24D00000009,7012,CONT_AWD_70CDCR24FR0000057_7012_70CDCR24D00000009_7012,2,AWARD:ec3ff9a4f3f5de48ccf2bce8,Contracts,,True,confirmed
DHS_FY2025P12_c:FY2025P01-P12_070_TAS_Contracts_AccountBreakdownByAward_2026-09-16_H02M56S53_01.csv:row:237764,DHS_FY2025P12_c/extracted/FY2025P01-P12_070_TAS_Contracts_AccountBreakdownByAward_2026-09-16_H02M56S53_01.csv,237764,25.4,070-0540,FY2025P10,,70CDCR24FR0000057,70CDCR24D00000009,7012,CONT_AWD_70CDCR24FR0000057_7012_70CDCR24D00000009_7012,2,AWARD:ec3ff9a4f3f5de48ccf2bce8,Contracts,,True,confirmed
DHS_FY2025P12_c:FY2025P01-P12_070_TAS_Contracts_AccountBreakdownByAward_2026-09-16_H02M56S53_01.csv:row:237766,DHS_FY2025P12_c/extracted/FY2025P01-P12_070_TAS_Contracts_AccountBreakdownByAward_2026-09-16_H02M56S53_01.csv,237766,25.4,070-0540,FY2025P06,,70CDCR24FR0000057,70CDCR24D00000009,7012,CONT_AWD_70CDCR24FR0000057_7012_70CDCR24D00000009_7012,2,AWARD:cc4797d0e904fb3b5d65cac4,Contracts,,True,confirmed
DHS_FY2025P12_c:FY2025P01-P12_070_TAS_Contracts_AccountBreakdownByAward_2026-09-16_H02M56S53_01.csv:row:237767,DHS_FY2025P12_c/extracted/FY2025P01-P12_070_TAS_Contracts_AccountBreakdownByAward_2026-09-16_H02M56S53_01.csv,237767,25.4,070-0540,FY2025P06,5893500.00,70CDCR24FR0000057,70CDCR24D00000009,7012,CONT_AWD_70CDCR24FR0000057_7012_70CDCR24D00000009_7012,2,AWARD:cc4797d0e904fb3b5d65cac4,Contracts,5893500.00,False,confirmed
DHS_FY2025P12_c:FY2025P01-P12_070_TAS_Contracts_AccountBreakdownByAward_2026-09-16_H02M56S53_01.csv:row:237770,DHS_FY2025P12_c/extracted/FY2025P01-P12_070_TAS_Contracts_AccountBreakdownByAward_2026-09-16_H02M56S53_01.csv,237770,25.4,070-0540,FY2025P07,,70CDCR24FR0000057,70CDCR24D00000009,7012,CONT_AWD_70CDCR24FR0000057_7012_70CDCR24D00000009_7012,2,AWARD:50f69b042188205196dce790,Contracts,,True,confirmed
DHS_FY2025P12_c:FY2025P01-P12_070_TAS_Contracts_AccountBreakdownByAward_2026-09-16_H02M56S53_01.csv:row:237772,DHS_FY2025P12_c/extracted/FY2025P01-P12_070_TAS_Contracts_AccountBreakdownByAward_2026-09-16_H02M56S53_01.csv,237772,25.4,070-0540,FY2025P07,17187015.00,70CDCR24FR0000057,70CDCR24D00000009,7012,CONT_AWD_70CDCR24FR0000057_7012_70CDCR24D00000009_7012,2,AWARD:50f69b042188205196dce790,Contracts,17187015.00,False,confirmed
DHS_FY2025P12_c:FY2025P01-P12_070_TAS_Contracts_AccountBreakdownByAward_2026-09-16_H02M56S53_01.csv:row:237774,DHS_FY2025P12_c/extracted/FY2025P01-P12_070_TAS_Contracts_AccountBreakdownByAward_2026-09-16_H02M56S53_01.csv,237774,25.4,070-0540,FY2025P11,14899914.42,70CDCR24FR0000057,70CDCR24D00000009,7012,CONT_AWD_70CDCR24FR0000057_7012_70CDCR24D00000009_7012,2,AWARD:0d3593d0458d9ef5e3bf40fb,Contracts,14899914.42,False,confirmed
DHS_FY2025P12_c:FY2025P01-P12_070_TAS_Contracts_AccountBreakdownByAward_2026-09-16_H02M56S53_01.csv:row:237775,DHS_FY2025P12_c/extracted/FY2025P01-P12_070_TAS_Contracts_AccountBreakdownByAward_2026-09-16_H02M56S53_01.csv,237775,25.4,070-0540,FY2025P11,,70CDCR24FR0000057,70CDCR24D00000009,7012,CONT_AWD_70CDCR24FR0000057_7012_70CDCR24D00000009_7012,2,AWARD:0d3593d0458d9ef5e3bf40fb,Contracts,,True,confirmed
DHS_FY2025P12_c:FY2025P01-P12_070_TAS_Contracts_AccountBreakdownByAward_2026-09-16_H02M56S53_01.csv:row:237776,DHS_FY2025P12_c/extracted/FY2025P01-P12_070_TAS_Contracts_AccountBreakdownByAward_2026-09-16_H02M56S53_01.csv,237776,25.4,070-0540,FY2025P11,,70CDCR24FR0000057,70CDCR24D00000009,7012,CONT_AWD_70CDCR24FR0000057_7012_70CDCR24D00000009_7012,2,AWARD:0d3593d0458d9ef5e3bf40fb,Contracts,,True,confirmed
DHS_FY2025P12_c:FY2025P01-P12_070_TAS_Contracts_AccountBreakdownByAward_2026-09-16_H02M56S53_01.csv:row:237777,DHS_FY2025P12_c/extracted/FY2025P01-P12_070_TAS_Contracts_AccountBreakdownByAward_2026-09-16_H02M56S53_01.csv,237777,25.4,070-0540,FY2025P12,,70CDCR24FR0000057,70CDCR24D00000009,7012,CONT_AWD_70CDCR24FR0000057_7012_70CDCR24D00000009_7012,2,AWARD:72fa16e5c0bbb61af7903e9c,Contracts,,True,confirmed
DHS_FY2025P12_c:FY2025P01-P12_070_TAS_Contracts_AccountBreakdownByAward_2026-09-16_H02M56S53_01.csv:row:237779,DHS_FY2025P12_c/extracted/FY2025P01-P12_070_TAS_Contracts_AccountBreakdownByAward_2026-09-16_H02M56S53_01.csv,237779,25.4,070-0540,FY2025P12,,70CDCR24FR0000057,70CDCR24D00000009,7012,CONT_AWD_70CDCR24FR0000057_7012_70CDCR24D00000009_7012,2,AWARD:72fa16e5c0bbb61af7903e9c,Contracts,,True,confirmed
DHS_FY2025P12_c:FY2025P01-P12_070_TAS_Contracts_AccountBreakdownByAward_2026-09-16_H02M56S53_01.csv:row:237780,DHS_FY2025P12_c/extracted/FY2025P01-P12_070_TAS_Contracts_AccountBreakdownByAward_2026-09-16_H02M56S53_01.csv,237780,25.4,070-0540,FY2025P09,,70CDCR24FR0000057,70CDCR24D00000009,7012,CONT_AWD_70CDCR24FR0000057_7012_70CDCR24D00000009_7012,2,AWARD:c75272bb0d9288c65d7a3fe2,Contracts,,True,confirmed
DHS_FY2025P12_c:FY2025P01-P12_070_TAS_Contracts_AccountBreakdownByAward_2026-09-16_H02M56S53_01.csv:row:237781,DHS_FY2025P12_c/extracted/FY2025P01-P12_070_TAS_Contracts_AccountBreakdownByAward_2026-09-16_H02M56S53_01.csv,237781,25.4,070-0540,FY2025P09,,70CDCR24FR0000057,70CDCR24D00000009,7012,CONT_AWD_70CDCR24FR0000057_7012_70CDCR24D00000009_7012,2,AWARD:c75272bb0d9288c65d7a3fe2,Contracts,,True,confirmed
DHS_FY2025P12_c:FY2025P01-P12_070_TAS_Contracts_AccountBreakdownByAward_2026-09-16_H02M56S53_01.csv:row:237782,DHS_FY2025P12_c/extracted/FY2025P01-P12_070_TAS_Contracts_AccountBreakdownByAward_2026-09-16_H02M56S53_01.csv,237782,25.4,070-0540,FY2025P08,,70CDCR24FR0000057,70CDCR24D00000009,7012,CONT_AWD_70CDCR24FR0000057_7012_70CDCR24D00000009_7012,2,AWARD:a08c6631c2f366c32b1814e2,Contracts,,True,confirmed
DHS_FY2025P12_c:FY2025P01-P12_070_TAS_Contracts_AccountBreakdownByAward_2026-09-16_H02M56S53_01.csv:row:237785,DHS_FY2025P12_c/extracted/FY2025P01-P12_070_TAS_Contracts_AccountBreakdownByAward_2026-09-16_H02M56S53_01.csv,237785,25.4,070-0540,FY2025P12,10100000.00,70CDCR24FR0000057,70CDCR24D00000009,7012,CONT_AWD_70CDCR24FR0000057_7012_70CDCR24D00000009_7012,2,AWARD:72fa16e5c0bbb61af7903e9c,Contracts,10100000.00,False,confirmed
DHS_FY2025P12_c:FY2025P01-P12_070_TAS_Contracts_AccountBreakdownByAward_2026-09-16_H02M56S53_01.csv:row:237787,DHS_FY2025P12_c/extracted/FY2025P01-P12_070_TAS_Contracts_AccountBreakdownByAward_2026-09-16_H02M56S53_01.csv,237787,25.4,070-0540,FY2025P08,437295.00,70CDCR24FR0000057,70CDCR24D00000009,7012,CONT_AWD_70CDCR24FR0000057_7012_70CDCR24D00000009_7012,2,AWARD:a08c6631c2f366c32b1814e2,Contracts,437295.00,False,confirmed
DHS_FY2025P12_c:FY2025P01-P12_070_TAS_Contracts_AccountBreakdownByAward_2026-09-16_H02M56S53_01.csv:row:237788,DHS_FY2025P12_c/extracted/FY2025P01-P12_070_TAS_Contracts_AccountBreakdownByAward_2026-09-16_H02M56S53_01.csv,237788,25.4,070-0540,FY2025P08,10587000.00,70CDCR24FR0000057,70CDCR24D00000009,7012,CONT_AWD_70CDCR24FR0000057_7012_70CDCR24D00000009_7012,2,AWARD:a08c6631c2f366c32b1814e2,Contracts,10587000.00,False,confirmed
DHS_FY2025P12_c:FY2025P01-P12_070_TAS_Contracts_AccountBreakdownByAward_2026-09-16_H02M56S53_01.csv:row:237905,DHS_FY2025P12_c/extracted/FY2025P01-P12_070_TAS_Contracts_AccountBreakdownByAward_2026-09-16_H02M56S53_01.csv,237905,25.4,070-0540,FY2025P11,,70CDCR25FR0000037,70CDCR25D00000009,7012,CONT_AWD_70CDCR25FR0000037_7012_70CDCR25D00000009_7012,,,Contracts,,True,outside_pilot
DHS_FY2025P12_c:FY2025P01-P12_070_TAS_Contracts_AccountBreakdownByAward_2026-09-16_H02M56S53_01.csv:row:237906,DHS_FY2025P12_c/extracted/FY2025P01-P12_070_TAS_Contracts_AccountBreakdownByAward_2026-09-16_H02M56S53_01.csv,237906,25.4,070-0540,FY2025P10,,70CDCR25FR0000037,70CDCR25D00000009,7012,CONT_AWD_70CDCR25FR0000037_7012_70CDCR25D00000009_7012,,,Contracts,,True,outside_pilot
DHS_FY2025P12_c:FY2025P01-P12_070_TAS_Contracts_AccountBreakdownByAward_2026-09-16_H02M56S53_01.csv:row:237907,DHS_FY2025P12_c/extracted/FY2025P01-P12_070_TAS_Contracts_AccountBreakdownByAward_2026-09-16_H02M56S53_01.csv,237907,25.4,070-0540,FY2025P09,,70CDCR25FR0000037,70CDCR25D00000009,7012,CONT_AWD_70CDCR25FR0000037_7012_70CDCR25D00000009_7012,,,Contracts,,True,outside_pilot
DHS_FY2025P12_c:FY2025P01-P12_070_TAS_Contracts_AccountBreakdownByAward_2026-09-16_H02M56S53_01.csv:row:237908,DHS_FY2025P12_c/extracted/FY2025P01-P12_070_TAS_Contracts_AccountBreakdownByAward_2026-09-16_H02M56S53_01.csv,237908,25.4,070-0540,FY2025P08,,70CDCR25FR0000037,70CDCR25D00000009,7012,CONT_AWD_70CDCR25FR0000037_7012_70CDCR25D00000009_7012,,,Contracts,,True,outside_pilot
DHS_FY2025P12_c:FY2025P01-P12_070_TAS_Contracts_AccountBreakdownByAward_2026-09-16_H02M56S53_01.csv:row:237909,DHS_FY2025P12_c/extracted/FY2025P01-P12_070_TAS_Contracts_AccountBreakdownByAward_2026-09-16_H02M56S53_01.csv,237909,25.4,070-0540,FY2025P12,,70CDCR25FR0000037,70CDCR25D00000009,7012,CONT_AWD_70CDCR25FR0000037_7012_70CDCR25D00000009_7012,,,Contracts,,True,outside_pilot
DHS_FY2025P12_c:FY2025P01-P12_070_TAS_Contracts_AccountBreakdownByAward_2026-09-16_H02M56S53_01.csv:row:237910,DHS_FY2025P12_c/extracted/FY2025P01-P12_070_TAS_Contracts_AccountBreakdownByAward_2026-09-16_H02M56S53_01.csv,237910,25.4,070-0540,FY2025P07,7001000.00,70CDCR25FR0000037,70CDCR25D00000009,7012,CONT_AWD_70CDCR25FR0000037_7012_70CDCR25D00000009_7012,,,Contracts,7001000.00,False,outside_pilot
DHS_FY2025P12_c:FY2025P01-P12_070_TAS_Contracts_AccountBreakdownByAward_2026-09-16_H02M56S53_01.csv:row:23966,DHS_FY2025P12_c/extracted/FY2025P01-P12_070_TAS_Contracts_AccountBreakdownByAward_2026-09-16_H02M56S53_01.csv,23966,25.4,070-0540,FY2025P06,,70CMSD24P00000153,,7012,CONT_AWD_70CMSD24P00000153_7012_-NONE-_-NONE-,,,Contracts,,True,outside_pilot
DHS_FY2025P12_c:FY2025P01-P12_070_TAS_Contracts_AccountBreakdownByAward_2026-09-16_H02M56S53_01.csv:row:23969,DHS_FY2025P12_c/extracted/FY2025P01-P12_070_TAS_Contracts_AccountBreakdownByAward_2026-09-16_H02M56S53_01.csv,23969,25.4,070-0540,FY2025P07,,70CMSD24P00000153,,7012,CONT_AWD_70CMSD24P00000153_7012_-NONE-_-NONE-,,,Contracts,,True,outside_pilot
DHS_FY2025P12_c:FY2025P01-P12_070_TAS_Contracts_AccountBreakdownByAward_2026-09-16_H02M56S53_01.csv:row:23979,DHS_FY2025P12_c/extracted/FY2025P01-P12_070_TAS_Contracts_AccountBreakdownByAward_2026-09-16_H02M56S53_01.csv,23979,25.4,070-0540,FY2025P12,,70CMSD24P00000153,,7012,CONT_AWD_70CMSD24P00000153_7012_-NONE-_-NONE-,,,Contracts,,True,outside_pilot
DHS_FY2025P12_c:FY2025P01-P12_070_TAS_Contracts_AccountBreakdownByAward_2026-09-16_H02M56S53_01.csv:row:23981,DHS_FY2025P12_c/extracted/FY2025P01-P12_070_TAS_Contracts_AccountBreakdownByAward_2026-09-16_H02M56S53_01.csv,23981,25.4,070-0540,FY2025P09,,70CMSD24P00000153,,7012,CONT_AWD_70CMSD24P00000153_7012_-NONE-_-NONE-,,,Contracts,,True,outside_pilot
DHS_FY2025P12_c:FY2025P01-P12_070_TAS_Contracts_AccountBreakdownByAward_2026-09-16_H02M56S53_01.csv:row:23983,DHS_FY2025P12_c/extracted/FY2025P01-P12_070_TAS_Contracts_AccountBreakdownByAward_2026-09-16_H02M56S53_01.csv,23983,25.4,070-0540,FY2025P05,,70CMSD24P00000153,,7012,CONT_AWD_70CMSD24P00000153_7012_-NONE-_-NONE-,,,Contracts,,True,outside_pilot
DHS_FY2025P12_c:FY2025P01-P12_070_TAS_Contracts_AccountBreakdownByAward_2026-09-16_H02M56S53_01.csv:row:23985,DHS_FY2025P12_c/extracted/FY2025P01-P12_070_TAS_Contracts_AccountBreakdownByAward_2026-09-16_H02M56S53_01.csv,23985,25.4,070-0540,FY2025P08,,70CMSD24P00000153,,7012,CONT_AWD_70CMSD24P00000153_7012_-NONE-_-NONE-,,,Contracts,,True,outside_pilot
DHS_FY2025P12_c:FY2025P01-P12_070_TAS_Contracts_AccountBreakdownByAward_2026-09-16_H02M56S53_01.csv:row:23991,DHS_FY2025P12_c/extracted/FY2025P01-P12_070_TAS_Contracts_AccountBreakdownByAward_2026-09-16_H02M56S53_01.csv,23991,25.4,070-0540,FY2025P10,,70CMSD24P00000153,,7012,CONT_AWD_70CMSD24P00000153_7012_-NONE-_-NONE-,,,Contracts,,True,outside_pilot
DHS_FY2025P12_c:FY2025P01-P12_070_TAS_Contracts_AccountBreakdownByAward_2026-09-16_H02M56S53_01.csv:row:23999,DHS_FY2025P12_c/extracted/FY2025P01-P12_070_TAS_Contracts_AccountBreakdownByAward_2026-09-16_H02M56S53_01.csv,23999,25.4,070-0540,FY2025P11,,70CMSD24P00000153,,7012,CONT_AWD_70CMSD24P00000153_7012_-NONE-_-NONE-,,,Contracts,,True,outside_pilot
DHS_FY2025P12_c:FY2025P01-P12_070_TAS_Contracts_AccountBreakdownByAward_2026-09-16_H02M56S53_01.csv:row:243320,DHS_FY2025P12_c/extracted/FY2025P01-P12_070_TAS_Contracts_AccountBreakdownByAward_2026-09-16_H02M56S53_01.csv,243320,25.4,070-0540,FY2025P08,250.00,70CDCR25FR0000076,70CDCR25D00000021,7012,CONT_AWD_70CDCR25FR0000076_7012_70CDCR25D00000021_7012,,,Contracts,250.00,False,outside_pilot
DHS_FY2025P12_c:FY2025P01-P12_070_TAS_Contracts_AccountBreakdownByAward_2026-09-16_H02M56S53_01.csv:row:243594,DHS_FY2025P12_c/extracted/FY2025P01-P12_070_TAS_Contracts_AccountBreakdownByAward_2026-09-16_H02M56S53_01.csv,243594,25.4,070-0540,FY2025P06,-59738.84,70CDCR22FR0000016,HSCEDM15D00002,7012,CONT_AWD_70CDCR22FR0000016_7012_HSCEDM15D00002_7012,,,Contracts,-59738.84,False,outside_pilot
DHS_FY2025P12_c:FY2025P01-P12_070_TAS_Contracts_AccountBreakdownByAward_2026-09-16_H02M56S53_01.csv:row:243969,DHS_FY2025P12_c/extracted/FY2025P01-P12_070_TAS_Contracts_AccountBreakdownByAward_2026-09-16_H02M56S53_01.csv,243969,25.4,070-0540,FY2025P12,137016.00,70CDCR25FR0000122,70CDCR25D00000010,7012,CONT_AWD_70CDCR25FR0000122_7012_70CDCR25D00000010_7012,,,Contracts,137016.00,False,outside_pilot
DHS_FY2025P12_c:FY2025P01-P12_070_TAS_Contracts_AccountBreakdownByAward_2026-09-16_H02M56S53_01.csv:row:243970,DHS_FY2025P12_c/extracted/FY2025P01-P12_070_TAS_Contracts_AccountBreakdownByAward_2026-09-16_H02M56S53_01.csv,243970,25.4,070-0540,FY2025P12,12400000.00,70CDCR25FR0000122,70CDCR25D00000010,7012,CONT_AWD_70CDCR25FR0000122_7012_70CDCR25D00000010_7012,,,Contracts,12400000.00,False,outside_pilot
DHS_FY2025P12_c:FY2025P01-P12_070_TAS_Contracts_AccountBreakdownByAward_2026-09-16_H02M56S53_01.csv:row:243971,DHS_FY2025P12_c/extracted/FY2025P01-P12_070_TAS_Contracts_AccountBreakdownByAward_2026-09-16_H02M56S53_01.csv,243971,25.4,070-0540,FY2025P12,22426186.85,70CDCR25FR0000122,70CDCR25D00000010,7012,CONT_AWD_70CDCR25FR0000122_7012_70CDCR25D00000010_7012,,,Contracts,22426186.85,False,outside_pilot
DHS_FY2025P12_c:FY2025P01-P12_070_TAS_Contracts_AccountBreakdownByAward_2026-09-16_H02M56S53_01.csv:row:244068,DHS_FY2025P12_c/extracted/FY2025P01-P12_070_TAS_Contracts_AccountBreakdownByAward_2026-09-16_H02M56S53_01.csv,244068,25.4,070-0540,FY2025P08,,70CMSW19C00000001,,7012,CONT_AWD_70CMSW19C00000001_7012_-NONE-_-NONE-,,,Contracts,,True,outside_pilot
DHS_FY2025P12_c:FY2025P01-P12_070_TAS_Contracts_AccountBreakdownByAward_2026-09-16_H02M56S53_01.csv:row:244084,DHS_FY2025P12_c/extracted/FY2025P01-P12_070_TAS_Contracts_AccountBreakdownByAward_2026-09-16_H02M56S53_01.csv,244084,25.4,070-0540,FY2025P11,,70CMSW19C00000001,,7012,CONT_AWD_70CMSW19C00000001_7012_-NONE-_-NONE-,,,Contracts,,True,outside_pilot
DHS_FY2025P12_c:FY2025P01-P12_070_TAS_Contracts_AccountBreakdownByAward_2026-09-16_H02M56S53_01.csv:row:244085,DHS_FY2025P12_c/extracted/FY2025P01-P12_070_TAS_Contracts_AccountBreakdownByAward_2026-09-16_H02M56S53_01.csv,244085,25.4,070-0540,FY2025P12,,70CMSW19C00000001,,7012,CONT_AWD_70CMSW19C00000001_7012_-NONE-_-NONE-,,,Contracts,,True,outside_pilot
DHS_FY2025P12_c:FY2025P01-P12_070_TAS_Contracts_AccountBreakdownByAward_2026-09-16_H02M56S53_01.csv:row:244087,DHS_FY2025P12_c/extracted/FY2025P01-P12_070_TAS_Contracts_AccountBreakdownByAward_2026-09-16_H02M56S53_01.csv,244087,25.4,070-0540,FY2025P10,,70CMSW19C00000001,,7012,CONT_AWD_70CMSW19C00000001_7012_-NONE-_-NONE-,,,Contracts,,True,outside_pilot
DHS_FY2025P12_c:FY2025P01-P12_070_TAS_Contracts_AccountBreakdownByAward_2026-09-16_H02M56S53_01.csv:row:244090,DHS_FY2025P12_c/extracted/FY2025P01-P12_070_TAS_Contracts_AccountBreakdownByAward_2026-09-16_H02M56S53_01.csv,244090,25.4,070-0540,FY2025P06,,70CMSW19C00000001,,7012,CONT_AWD_70CMSW19C00000001_7012_-NONE-_-NONE-,,,Contracts,,True,outside_pilot
DHS_FY2025P12_c:FY2025P01-P12_070_TAS_Contracts_AccountBreakdownByAward_2026-09-16_H02M56S53_01.csv:row:244094,DHS_FY2025P12_c/extracted/FY2025P01-P12_070_TAS_Contracts_AccountBreakdownByAward_2026-09-16_H02M56S53_01.csv,244094,25.4,070-0540,FY2025P07,,70CMSW19C00000001,,7012,CONT_AWD_70CMSW19C00000001_7012_-NONE-_-NONE-,,,Contracts,,True,outside_pilot
DHS_FY2025P12_c:FY2025P01-P12_070_TAS_Contracts_AccountBreakdownByAward_2026-09-16_H02M56S53_01.csv:row:244098,DHS_FY2025P12_c/extracted/FY2025P01-P12_070_TAS_Contracts_AccountBreakdownByAward_2026-09-16_H02M56S53_01.csv,244098,25.4,070-0540,FY2025P09,,70CMSW19C00000001,,7012,CONT_AWD_70CMSW19C00000001_7012_-NONE-_-NONE-,,,Contracts,,True,outside_pilot
DHS_FY2025P12_c:FY2025P01-P12_070_TAS_Contracts_AccountBreakdownByAward_2026-09-16_H02M56S53_01.csv:row:248439,DHS_FY2025P12_c/extracted/FY2025P01-P12_070_TAS_Contracts_AccountBreakdownByAward_2026-09-16_H02M56S53_01.csv,248439,25.4,070-0540,FY2025P12,2011783.00,70CDCR25FR0000090,70CDCR20D00000013,7012,CONT_AWD_70CDCR25FR0000090_7012_70CDCR20D00000013_7012,,,Contracts,2011783.00,False,outside_pilot
DHS_FY2025P12_c:FY2025P01-P12_070_TAS_Contracts_AccountBreakdownByAward_2026-09-16_H02M56S53_01.csv:row:248442,DHS_FY2025P12_c/extracted/FY2025P01-P12_070_TAS_Contracts_AccountBreakdownByAward_2026-09-16_H02M56S53_01.csv,248442,25.4,070-0540,FY2025P11,4944575.00,70CDCR25FR0000090,70CDCR20D00000013,7012,CONT_AWD_70CDCR25FR0000090_7012_70CDCR20D00000013_7012,,,Contracts,4944575.00,False,outside_pilot
DHS_FY2025P12_c:FY2025P01-P12_070_TAS_Contracts_AccountBreakdownByAward_2026-09-16_H02M56S53_01.csv:row:248445,DHS_FY2025P12_c/extracted/FY2025P01-P12_070_TAS_Contracts_AccountBreakdownByAward_2026-09-16_H02M56S53_01.csv,248445,25.4,070-0540,FY2025P12,341555.40,70CDCR25FR0000090,70CDCR20D00000013,7012,CONT_AWD_70CDCR25FR0000090_7012_70CDCR20D00000013_7012,,,Contracts,341555.40,False,outside_pilot
DHS_FY2025P12_c:FY2025P01-P12_070_TAS_Contracts_AccountBreakdownByAward_2026-09-16_H02M56S53_01.csv:row:248447,DHS_FY2025P12_c/extracted/FY2025P01-P12_070_TAS_Contracts_AccountBreakdownByAward_2026-09-16_H02M56S53_01.csv,248447,25.4,070-0540,FY2025P12,,70CDCR25FR0000090,70CDCR20D00000013,7012,CONT_AWD_70CDCR25FR0000090_7012_70CDCR20D00000013_7012,,,Contracts,,True,outside_pilot
DHS_FY2025P12_c:FY2025P01-P12_070_TAS_Contracts_AccountBreakdownByAward_2026-09-16_H02M56S53_01.csv:row:249219,DHS_FY2025P12_c/extracted/FY2025P01-P12_070_TAS_Contracts_AccountBreakdownByAward_2026-09-16_H02M56S53_01.csv,249219,25.4,070-0540,FY2025P08,250.00,70CDCR25FR0000067,70CDCR25D00000035,7012,CONT_AWD_70CDCR25FR0000067_7012_70CDCR25D00000035_7012,,,Contracts,250.00,False,outside_pilot
DHS_FY2025P12_c:FY2025P01-P12_070_TAS_Contracts_AccountBreakdownByAward_2026-09-16_H02M56S53_01.csv:row:251913,DHS_FY2025P12_c/extracted/FY2025P01-P12_070_TAS_Contracts_AccountBreakdownByAward_2026-09-16_H02M56S53_01.csv,251913,25.4,070-0540,FY2025P10,,70CMSW20FR0000034,GS06Q17BQDS208,7012,CONT_AWD_70CMSW20FR0000034_7012_GS06Q17BQDS208_4732,,,Contracts,,True,outside_pilot
DHS_FY2025P12_c:FY2025P01-P12_070_TAS_Contracts_AccountBreakdownByAward_2026-09-16_H02M56S53_01.csv:row:251923,DHS_FY2025P12_c/extracted/FY2025P01-P12_070_TAS_Contracts_AccountBreakdownByAward_2026-09-16_H02M56S53_01.csv,251923,25.4,070-0540,FY2025P09,,70CMSW20FR0000034,GS06Q17BQDS208,7012,CONT_AWD_70CMSW20FR0000034_7012_GS06Q17BQDS208_4732,,,Contracts,,True,outside_pilot
DHS_FY2025P12_c:FY2025P01-P12_070_TAS_Contracts_AccountBreakdownByAward_2026-09-16_H02M56S53_01.csv:row:251929,DHS_FY2025P12_c/extracted/FY2025P01-P12_070_TAS_Contracts_AccountBreakdownByAward_2026-09-16_H02M56S53_01.csv,251929,25.4,070-0540,FY2025P12,,70CMSW20FR0000034,GS06Q17BQDS208,7012,CONT_AWD_70CMSW20FR0000034_7012_GS06Q17BQDS208_4732,,,Contracts,,True,outside_pilot
DHS_FY2025P12_c:FY2025P01-P12_070_TAS_Contracts_AccountBreakdownByAward_2026-09-16_H02M56S53_01.csv:row:251933,DHS_FY2025P12_c/extracted/FY2025P01-P12_070_TAS_Contracts_AccountBreakdownByAward_2026-09-16_H02M56S53_01.csv,251933,25.4,070-0540,FY2025P11,,70CMSW20FR0000034,GS06Q17BQDS208,7012,CONT_AWD_70CMSW20FR0000034_7012_GS06Q17BQDS208_4732,,,Contracts,,True,outside_pilot
DHS_FY2025P12_c:FY2025P01-P12_070_TAS_Contracts_AccountBreakdownByAward_2026-09-16_H02M56S53_01.csv:row:258272,DHS_FY2025P12_c/extracted/FY2025P01-P12_070_TAS_Contracts_AccountBreakdownByAward_2026-09-16_H02M56S53_01.csv,258272,25.4,070-0540,FY2025P08,250.00,70CDCR25FR0000084,70CDCR25D00000029,7012,CONT_AWD_70CDCR25FR0000084_7012_70CDCR25D00000029_7012,,,Contracts,250.00,False,outside_pilot
DHS_FY2025P12_c:FY2025P01-P12_070_TAS_Contracts_AccountBreakdownByAward_2026-09-16_H02M56S53_01.csv:row:259678,DHS_FY2025P12_c/extracted/FY2025P01-P12_070_TAS_Contracts_AccountBreakdownByAward_2026-09-16_H02M56S53_01.csv,259678,25.4,070-0540,FY2025P07,,70CTD024FC0000017,70CTD022A00000004,7012,CONT_AWD_70CTD024FC0000017_7012_70CTD022A00000004_7012,,,Contracts,,True,outside_pilot
DHS_FY2025P12_c:FY2025P01-P12_070_TAS_Contracts_AccountBreakdownByAward_2026-09-16_H02M56S53_01.csv:row:259679,DHS_FY2025P12_c/extracted/FY2025P01-P12_070_TAS_Contracts_AccountBreakdownByAward_2026-09-16_H02M56S53_01.csv,259679,25.4,070-0545,FY2025P07,,70CTD024FC0000017,70CTD022A00000004,7012,CONT_AWD_70CTD024FC0000017_7012_70CTD022A00000004_7012,,,Contracts,,True,outside_pilot
DHS_FY2025P12_c:FY2025P01-P12_070_TAS_Contracts_AccountBreakdownByAward_2026-09-16_H02M56S53_01.csv:row:259680,DHS_FY2025P12_c/extracted/FY2025P01-P12_070_TAS_Contracts_AccountBreakdownByAward_2026-09-16_H02M56S53_01.csv,259680,25.4,070-0540,FY2025P07,,70CTD024FC0000017,70CTD022A00000004,7012,CONT_AWD_70CTD024FC0000017_7012_70CTD022A00000004_7012,,,Contracts,,True,outside_pilot
DHS_FY2025P12_c:FY2025P01-P12_070_TAS_Contracts_AccountBreakdownByAward_2026-09-16_H02M56S53_01.csv:row:259681,DHS_FY2025P12_c/extracted/FY2025P01-P12_070_TAS_Contracts_AccountBreakdownByAward_2026-09-16_H02M56S53_01.csv,259681,25.4,070-0540,FY2025P09,,70CTD024FC0000017,70CTD022A00000004,7012,CONT_AWD_70CTD024FC0000017_7012_70CTD022A00000004_7012,,,Contracts,,True,outside_pilot
DHS_FY2025P12_c:FY2025P01-P12_070_TAS_Contracts_AccountBreakdownByAward_2026-09-16_H02M56S53_01.csv:row:259682,DHS_FY2025P12_c/extracted/FY2025P01-P12_070_TAS_Contracts_AccountBreakdownByAward_2026-09-16_H02M56S53_01.csv,259682,25.4,070-0540,FY2025P09,,70CTD024FC0000017,70CTD022A00000004,7012,CONT_AWD_70CTD024FC0000017_7012_70CTD022A00000004_7012,,,Contracts,,True,outside_pilot
DHS_FY2025P12_c:FY2025P01-P12_070_TAS_Contracts_AccountBreakdownByAward_2026-09-16_H02M56S53_01.csv:row:259685,DHS_FY2025P12_c/extracted/FY2025P01-P12_070_TAS_Contracts_AccountBreakdownByAward_2026-09-16_H02M56S53_01.csv,259685,25.4,070-0540,FY2025P07,,70CTD024FC0000017,70CTD022A00000004,7012,CONT_AWD_70CTD024FC0000017_7012_70CTD022A00000004_7012,,,Contracts,,True,outside_pilot
DHS_FY2025P12_c:FY2025P01-P12_070_TAS_Contracts_AccountBreakdownByAward_2026-09-16_H02M56S53_01.csv:row:259686,DHS_FY2025P12_c/extracted/FY2025P01-P12_070_TAS_Contracts_AccountBreakdownByAward_2026-09-16_H02M56S53_01.csv,259686,25.4,070-0540,FY2025P05,,70CTD024FC0000017,70CTD022A00000004,7012,CONT_AWD_70CTD024FC0000017_7012_70CTD022A00000004_7012,,,Contracts,,True,outside_pilot
DHS_FY2025P12_c:FY2025P01-P12_070_TAS_Contracts_AccountBreakdownByAward_2026-09-16_H02M56S53_01.csv:row:259687,DHS_FY2025P12_c/extracted/FY2025P01-P12_070_TAS_Contracts_AccountBreakdownByAward_2026-09-16_H02M56S53_01.csv,259687,25.4,070-0540,FY2025P11,,70CTD024FC0000017,70CTD022A00000004,7012,CONT_AWD_70CTD024FC0000017_7012_70CTD022A00000004_7012,,,Contracts,,True,outside_pilot
DHS_FY2025P12_c:FY2025P01-P12_070_TAS_Contracts_AccountBreakdownByAward_2026-09-16_H02M56S53_01.csv:row:259688,DHS_FY2025P12_c/extracted/FY2025P01-P12_070_TAS_Contracts_AccountBreakdownByAward_2026-09-16_H02M56S53_01.csv,259688,25.4,070-0545,FY2025P12,,70CTD024FC0000017,70CTD022A00000004,7012,CONT_AWD_70CTD024FC0000017_7012_70CTD022A00000004_7012,,,Contracts,,True,outside_pilot
DHS_FY2025P12_c:FY2025P01-P12_070_TAS_Contracts_AccountBreakdownByAward_2026-09-16_H02M56S53_01.csv:row:259690,DHS_FY2025P12_c/extracted/FY2025P01-P12_070_TAS_Contracts_AccountBreakdownByAward_2026-09-16_H02M56S53_01.csv,259690,25.4,070-0540,FY2025P12,,70CTD024FC0000017,70CTD022A00000004,7012,CONT_AWD_70CTD024FC0000017_7012_70CTD022A00000004_7012,,,Contracts,,True,outside_pilot
DHS_FY2025P12_c:FY2025P01-P12_070_TAS_Contracts_AccountBreakdownByAward_2026-09-16_H02M56S53_01.csv:row:259691,DHS_FY2025P12_c/extracted/FY2025P01-P12_070_TAS_Contracts_AccountBreakdownByAward_2026-09-16_H02M56S53_01.csv,259691,25.4,070-0540,FY2025P05,,70CTD024FC0000017,70CTD022A00000004,7012,CONT_AWD_70CTD024FC0000017_7012_70CTD022A00000004_7012,,,Contracts,,True,outside_pilot
DHS_FY2025P12_c:FY2025P01-P12_070_TAS_Contracts_AccountBreakdownByAward_2026-09-16_H02M56S53_01.csv:row:259693,DHS_FY2025P12_c/extracted/FY2025P01-P12_070_TAS_Contracts_AccountBreakdownByAward_2026-09-16_H02M56S53_01.csv,259693,25.4,070-0540,FY2025P07,,70CTD024FC0000017,70CTD022A00000004,7012,CONT_AWD_70CTD024FC0000017_7012_70CTD022A00000004_7012,,,Contracts,,True,outside_pilot
DHS_FY2025P12_c:FY2025P01-P12_070_TAS_Contracts_AccountBreakdownByAward_2026-09-16_H02M56S53_01.csv:row:259694,DHS_FY2025P12_c/extracted/FY2025P01-P12_070_TAS_Contracts_AccountBreakdownByAward_2026-09-16_H02M56S53_01.csv,259694,25.4,070-0545,FY2025P11,,70CTD024FC0000017,70CTD022A00000004,7012,CONT_AWD_70CTD024FC0000017_7012_70CTD022A00000004_7012,,,Contracts,,True,outside_pilot
DHS_FY2025P12_c:FY2025P01-P12_070_TAS_Contracts_AccountBreakdownByAward_2026-09-16_H02M56S53_01.csv:row:259696,DHS_FY2025P12_c/extracted/FY2025P01-P12_070_TAS_Contracts_AccountBreakdownByAward_2026-09-16_H02M56S53_01.csv,259696,25.4,070-0540,FY2025P08,,70CTD024FC0000017,70CTD022A00000004,7012,CONT_AWD_70CTD024FC0000017_7012_70CTD022A00000004_7012,,,Contracts,,True,outside_pilot
DHS_FY2025P12_c:FY2025P01-P12_070_TAS_Contracts_AccountBreakdownByAward_2026-09-16_H02M56S53_01.csv:row:259697,DHS_FY2025P12_c/extracted/FY2025P01-P12_070_TAS_Contracts_AccountBreakdownByAward_2026-09-16_H02M56S53_01.csv,259697,25.4,070-0540,FY2025P08,,70CTD024FC0000017,70CTD022A00000004,7012,CONT_AWD_70CTD024FC0000017_7012_70CTD022A00000004_7012,,,Contracts,,True,outside_pilot
DHS_FY2025P12_c:FY2025P01-P12_070_TAS_Contracts_AccountBreakdownByAward_2026-09-16_H02M56S53_01.csv:row:259698,DHS_FY2025P12_c/extracted/FY2025P01-P12_070_TAS_Contracts_AccountBreakdownByAward_2026-09-16_H02M56S53_01.csv,259698,25.4,070-0540,FY2025P08,,70CTD024FC0000017,70CTD022A00000004,7012,CONT_AWD_70CTD024FC0000017_7012_70CTD022A00000004_7012,,,Contracts,,True,outside_pilot
DHS_FY2025P12_c:FY2025P01-P12_070_TAS_Contracts_AccountBreakdownByAward_2026-09-16_H02M56S53_01.csv:row:259700,DHS_FY2025P12_c/extracted/FY2025P01-P12_070_TAS_Contracts_AccountBreakdownByAward_2026-09-16_H02M56S53_01.csv,259700,25.4,070-0540,FY2025P06,,70CTD024FC0000017,70CTD022A00000004,7012,CONT_AWD_70CTD024FC0000017_7012_70CTD022A00000004_7012,,,Contracts,,True,outside_pilot
DHS_FY2025P12_c:FY2025P01-P12_070_TAS_Contracts_AccountBreakdownByAward_2026-09-16_H02M56S53_01.csv:row:259701,DHS_FY2025P12_c/extracted/FY2025P01-P12_070_TAS_Contracts_AccountBreakdownByAward_2026-09-16_H02M56S53_01.csv,259701,25.4,070-0540,FY2025P06,,70CTD024FC0000017,70CTD022A00000004,7012,CONT_AWD_70CTD024FC0000017_7012_70CTD022A00000004_7012,,,Contracts,,True,outside_pilot
DHS_FY2025P12_c:FY2025P01-P12_070_TAS_Contracts_AccountBreakdownByAward_2026-09-16_H02M56S53_01.csv:row:259702,DHS_FY2025P12_c/extracted/FY2025P01-P12_070_TAS_Contracts_AccountBreakdownByAward_2026-09-16_H02M56S53_01.csv,259702,25.4,070-0540,FY2025P06,,70CTD024FC0000017,70CTD022A00000004,7012,CONT_AWD_70CTD024FC0000017_7012_70CTD022A00000004_7012,,,Contracts,,True,outside_pilot
DHS_FY2025P12_c:FY2025P01-P12_070_TAS_Contracts_AccountBreakdownByAward_2026-09-16_H02M56S53_01.csv:row:259706,DHS_FY2025P12_c/extracted/FY2025P01-P12_070_TAS_Contracts_AccountBreakdownByAward_2026-09-16_H02M56S53_01.csv,259706,25.4,070-0540,FY2025P11,,70CTD024FC0000017,70CTD022A00000004,7012,CONT_AWD_70CTD024FC0000017_7012_70CTD022A00000004_7012,,,Contracts,,True,outside_pilot
DHS_FY2025P12_c:FY2025P01-P12_070_TAS_Contracts_AccountBreakdownByAward_2026-09-16_H02M56S53_01.csv:row:259707,DHS_FY2025P12_c/extracted/FY2025P01-P12_070_TAS_Contracts_AccountBreakdownByAward_2026-09-16_H02M56S53_01.csv,259707,25.4,070-0540,FY2025P12,,70CTD024FC0000017,70CTD022A00000004,7012,CONT_AWD_70CTD024FC0000017_7012_70CTD022A00000004_7012,,,Contracts,,True,outside_pilot
DHS_FY2025P12_c:FY2025P01-P12_070_TAS_Contracts_AccountBreakdownByAward_2026-09-16_H02M56S53_01.csv:row:259708,DHS_FY2025P12_c/extracted/FY2025P01-P12_070_TAS_Contracts_AccountBreakdownByAward_2026-09-16_H02M56S53_01.csv,259708,25.4,070-0540,FY2025P12,,70CTD024FC0000017,70CTD022A00000004,7012,CONT_AWD_70CTD024FC0000017_7012_70CTD022A00000004_7012,,,Contracts,,True,outside_pilot
DHS_FY2025P12_c:FY2025P01-P12_070_TAS_Contracts_AccountBreakdownByAward_2026-09-16_H02M56S53_01.csv:row:259709,DHS_FY2025P12_c/extracted/FY2025P01-P12_070_TAS_Contracts_AccountBreakdownByAward_2026-09-16_H02M56S53_01.csv,259709,25.4,070-0540,FY2025P12,,70CTD024FC0000017,70CTD022A00000004,7012,CONT_AWD_70CTD024FC0000017_7012_70CTD022A00000004_7012,,,Contracts,,True,outside_pilot
DHS_FY2025P12_c:FY2025P01-P12_070_TAS_Contracts_AccountBreakdownByAward_2026-09-16_H02M56S53_01.csv:row:259711,DHS_FY2025P12_c/extracted/FY2025P01-P12_070_TAS_Contracts_AccountBreakdownByAward_2026-09-16_H02M56S53_01.csv,259711,25.4,070-0540,FY2025P05,,70CTD024FC0000017,70CTD022A00000004,7012,CONT_AWD_70CTD024FC0000017_7012_70CTD022A00000004_7012,,,Contracts,,True,outside_pilot
DHS_FY2025P12_c:FY2025P01-P12_070_TAS_Contracts_AccountBreakdownByAward_2026-09-16_H02M56S53_01.csv:row:259712,DHS_FY2025P12_c/extracted/FY2025P01-P12_070_TAS_Contracts_AccountBreakdownByAward_2026-09-16_H02M56S53_01.csv,259712,25.4,070-0545,FY2025P09,,70CTD024FC0000017,70CTD022A00000004,7012,CONT_AWD_70CTD024FC0000017_7012_70CTD022A00000004_7012,,,Contracts,,True,outside_pilot
DHS_FY2025P12_c:FY2025P01-P12_070_TAS_Contracts_AccountBreakdownByAward_2026-09-16_H02M56S53_01.csv:row:259713,DHS_FY2025P12_c/extracted/FY2025P01-P12_070_TAS_Contracts_AccountBreakdownByAward_2026-09-16_H02M56S53_01.csv,259713,25.4,070-0540,FY2025P09,,70CTD024FC0000017,70CTD022A00000004,7012,CONT_AWD_70CTD024FC0000017_7012_70CTD022A00000004_7012,,,Contracts,,True,outside_pilot
DHS_FY2025P12_c:FY2025P01-P12_070_TAS_Contracts_AccountBreakdownByAward_2026-09-16_H02M56S53_01.csv:row:259714,DHS_FY2025P12_c/extracted/FY2025P01-P12_070_TAS_Contracts_AccountBreakdownByAward_2026-09-16_H02M56S53_01.csv,259714,25.4,070-0540,FY2025P09,,70CTD024FC0000017,70CTD022A00000004,7012,CONT_AWD_70CTD024FC0000017_7012_70CTD022A00000004_7012,,,Contracts,,True,outside_pilot
DHS_FY2025P12_c:FY2025P01-P12_070_TAS_Contracts_AccountBreakdownByAward_2026-09-16_H02M56S53_01.csv:row:259716,DHS_FY2025P12_c/extracted/FY2025P01-P12_070_TAS_Contracts_AccountBreakdownByAward_2026-09-16_H02M56S53_01.csv,259716,25.4,070-0545,FY2025P08,,70CTD024FC0000017,70CTD022A00000004,7012,CONT_AWD_70CTD024FC0000017_7012_70CTD022A00000004_7012,,,Contracts,,True,outside_pilot
DHS_FY2025P12_c:FY2025P01-P12_070_TAS_Contracts_AccountBreakdownByAward_2026-09-16_H02M56S53_01.csv:row:259717,DHS_FY2025P12_c/extracted/FY2025P01-P12_070_TAS_Contracts_AccountBreakdownByAward_2026-09-16_H02M56S53_01.csv,259717,25.4,070-0540,FY2025P08,,70CTD024FC0000017,70CTD022A00000004,7012,CONT_AWD_70CTD024FC0000017_7012_70CTD022A00000004_7012,,,Contracts,,True,outside_pilot
DHS_FY2025P12_c:FY2025P01-P12_070_TAS_Contracts_AccountBreakdownByAward_2026-09-16_H02M56S53_01.csv:row:259719,DHS_FY2025P12_c/extracted/FY2025P01-P12_070_TAS_Contracts_AccountBreakdownByAward_2026-09-16_H02M56S53_01.csv,259719,25.4,070-0540,FY2025P11,,70CTD024FC0000017,70CTD022A00000004,7012,CONT_AWD_70CTD024FC0000017_7012_70CTD022A00000004_7012,,,Contracts,,True,outside_pilot
DHS_FY2025P12_c:FY2025P01-P12_070_TAS_Contracts_AccountBreakdownByAward_2026-09-16_H02M56S53_01.csv:row:259721,DHS_FY2025P12_c/extracted/FY2025P01-P12_070_TAS_Contracts_AccountBreakdownByAward_2026-09-16_H02M56S53_01.csv,259721,25.4,070-0540,FY2025P11,,70CTD024FC0000017,70CTD022A00000004,7012,CONT_AWD_70CTD024FC0000017_7012_70CTD022A00000004_7012,,,Contracts,,True,outside_pilot
DHS_FY2025P12_c:FY2025P01-P12_070_TAS_Contracts_AccountBreakdownByAward_2026-09-16_H02M56S53_01.csv:row:259722,DHS_FY2025P12_c/extracted/FY2025P01-P12_070_TAS_Contracts_AccountBreakdownByAward_2026-09-16_H02M56S53_01.csv,259722,25.4,070-0540,FY2025P12,,70CTD024FC0000017,70CTD022A00000004,7012,CONT_AWD_70CTD024FC0000017_7012_70CTD022A00000004_7012,,,Contracts,,True,outside_pilot
DHS_FY2025P12_c:FY2025P01-P12_070_TAS_Contracts_AccountBreakdownByAward_2026-09-16_H02M56S53_01.csv:row:259726,DHS_FY2025P12_c/extracted/FY2025P01-P12_070_TAS_Contracts_AccountBreakdownByAward_2026-09-16_H02M56S53_01.csv,259726,25.4,070-0540,FY2025P10,,70CTD024FC0000017,70CTD022A00000004,7012,CONT_AWD_70CTD024FC0000017_7012_70CTD022A00000004_7012,,,Contracts,,True,outside_pilot
DHS_FY2025P12_c:FY2025P01-P12_070_TAS_Contracts_AccountBreakdownByAward_2026-09-16_H02M56S53_01.csv:row:259727,DHS_FY2025P12_c/extracted/FY2025P01-P12_070_TAS_Contracts_AccountBreakdownByAward_2026-09-16_H02M56S53_01.csv,259727,25.4,070-0540,FY2025P10,,70CTD024FC0000017,70CTD022A00000004,7012,CONT_AWD_70CTD024FC0000017_7012_70CTD022A00000004_7012,,,Contracts,,True,outside_pilot
DHS_FY2025P12_c:FY2025P01-P12_070_TAS_Contracts_AccountBreakdownByAward_2026-09-16_H02M56S53_01.csv:row:259728,DHS_FY2025P12_c/extracted/FY2025P01-P12_070_TAS_Contracts_AccountBreakdownByAward_2026-09-16_H02M56S53_01.csv,259728,25.4,070-0540,FY2025P10,,70CTD024FC0000017,70CTD022A00000004,7012,CONT_AWD_70CTD024FC0000017_7012_70CTD022A00000004_7012,,,Contracts,,True,outside_pilot
DHS_FY2025P12_c:FY2025P01-P12_070_TAS_Contracts_AccountBreakdownByAward_2026-09-16_H02M56S53_01.csv:row:259730,DHS_FY2025P12_c/extracted/FY2025P01-P12_070_TAS_Contracts_AccountBreakdownByAward_2026-09-16_H02M56S53_01.csv,259730,25.4,070-0540,FY2025P10,,70CTD024FC0000017,70CTD022A00000004,7012,CONT_AWD_70CTD024FC0000017_7012_70CTD022A00000004_7012,,,Contracts,,True,outside_pilot
DHS_FY2025P12_c:FY2025P01-P12_070_TAS_Contracts_AccountBreakdownByAward_2026-09-16_H02M56S53_01.csv:row:259731,DHS_FY2025P12_c/extracted/FY2025P01-P12_070_TAS_Contracts_AccountBreakdownByAward_2026-09-16_H02M56S53_01.csv,259731,25.4,070-0545,FY2025P10,,70CTD024FC0000017,70CTD022A00000004,7012,CONT_AWD_70CTD024FC0000017_7012_70CTD022A00000004_7012,,,Contracts,,True,outside_pilot
DHS_FY2025P12_c:FY2025P01-P12_070_TAS_Contracts_AccountBreakdownByAward_2026-09-16_H02M56S53_01.csv:row:259732,DHS_FY2025P12_c/extracted/FY2025P01-P12_070_TAS_Contracts_AccountBreakdownByAward_2026-09-16_H02M56S53_01.csv,259732,25.4,070-0545,FY2025P06,,70CTD024FC0000017,70CTD022A00000004,7012,CONT_AWD_70CTD024FC0000017_7012_70CTD022A00000004_7012,,,Contracts,,True,outside_pilot
DHS_FY2025P12_c:FY2025P01-P12_070_TAS_Contracts_AccountBreakdownByAward_2026-09-16_H02M56S53_01.csv:row:259733,DHS_FY2025P12_c/extracted/FY2025P01-P12_070_TAS_Contracts_AccountBreakdownByAward_2026-09-16_H02M56S53_01.csv,259733,25.4,070-0540,FY2025P06,,70CTD024FC0000017,70CTD022A00000004,7012,CONT_AWD_70CTD024FC0000017_7012_70CTD022A00000004_7012,,,Contracts,,True,outside_pilot
DHS_FY2025P12_c:FY2025P01-P12_070_TAS_Contracts_AccountBreakdownByAward_2026-09-16_H02M56S53_01.csv:row:260823,DHS_FY2025P12_c/extracted/FY2025P01-P12_070_TAS_Contracts_AccountBreakdownByAward_2026-09-16_H02M56S53_01.csv,260823,25.4,070-0540,FY2025P05,4455311.65,70CDCR24FR0000040,70CDCR22D00000012,7012,CONT_AWD_70CDCR24FR0000040_7012_70CDCR22D00000012_7012,,,Contracts,4455311.65,False,outside_pilot
DHS_FY2025P12_c:FY2025P01-P12_070_TAS_Contracts_AccountBreakdownByAward_2026-09-16_H02M56S53_01.csv:row:260824,DHS_FY2025P12_c/extracted/FY2025P01-P12_070_TAS_Contracts_AccountBreakdownByAward_2026-09-16_H02M56S53_01.csv,260824,25.4,070-0540,FY2025P08,,70CDCR24FR0000040,70CDCR22D00000012,7012,CONT_AWD_70CDCR24FR0000040_7012_70CDCR22D00000012_7012,,,Contracts,,True,outside_pilot
DHS_FY2025P12_c:FY2025P01-P12_070_TAS_Contracts_AccountBreakdownByAward_2026-09-16_H02M56S53_01.csv:row:260831,DHS_FY2025P12_c/extracted/FY2025P01-P12_070_TAS_Contracts_AccountBreakdownByAward_2026-09-16_H02M56S53_01.csv,260831,25.4,070-0540,FY2025P09,,70CDCR24FR0000040,70CDCR22D00000012,7012,CONT_AWD_70CDCR24FR0000040_7012_70CDCR22D00000012_7012,,,Contracts,,True,outside_pilot
DHS_FY2025P12_c:FY2025P01-P12_070_TAS_Contracts_AccountBreakdownByAward_2026-09-16_H02M56S53_01.csv:row:260832,DHS_FY2025P12_c/extracted/FY2025P01-P12_070_TAS_Contracts_AccountBreakdownByAward_2026-09-16_H02M56S53_01.csv,260832,25.4,070-0540,FY2025P09,,70CDCR24FR0000040,70CDCR22D00000012,7012,CONT_AWD_70CDCR24FR0000040_7012_70CDCR22D00000012_7012,,,Contracts,,True,outside_pilot
DHS_FY2025P12_c:FY2025P01-P12_070_TAS_Contracts_AccountBreakdownByAward_2026-09-16_H02M56S53_01.csv:row:260834,DHS_FY2025P12_c/extracted/FY2025P01-P12_070_TAS_Contracts_AccountBreakdownByAward_2026-09-16_H02M56S53_01.csv,260834,25.4,070-0540,FY2025P08,,70CDCR24FR0000040,70CDCR22D00000012,7012,CONT_AWD_70CDCR24FR0000040_7012_70CDCR22D00000012_7012,,,Contracts,,True,outside_pilot
DHS_FY2025P12_c:FY2025P01-P12_070_TAS_Contracts_AccountBreakdownByAward_2026-09-16_H02M56S53_01.csv:row:260835,DHS_FY2025P12_c/extracted/FY2025P01-P12_070_TAS_Contracts_AccountBreakdownByAward_2026-09-16_H02M56S53_01.csv,260835,25.4,070-0540,FY2025P08,1262039.98,70CDCR24FR0000040,70CDCR22D00000012,7012,CONT_AWD_70CDCR24FR0000040_7012_70CDCR22D00000012_7012,,,Contracts,1262039.98,False,outside_pilot
DHS_FY2025P12_c:FY2025P01-P12_070_TAS_Contracts_AccountBreakdownByAward_2026-09-16_H02M56S53_01.csv:row:260836,DHS_FY2025P12_c/extracted/FY2025P01-P12_070_TAS_Contracts_AccountBreakdownByAward_2026-09-16_H02M56S53_01.csv,260836,25.4,070-0540,FY2025P08,1034237.73,70CDCR24FR0000040,70CDCR22D00000012,7012,CONT_AWD_70CDCR24FR0000040_7012_70CDCR22D00000012_7012,,,Contracts,1034237.73,False,outside_pilot
DHS_FY2025P12_c:FY2025P01-P12_070_TAS_Contracts_AccountBreakdownByAward_2026-09-16_H02M56S53_01.csv:row:260837,DHS_FY2025P12_c/extracted/FY2025P01-P12_070_TAS_Contracts_AccountBreakdownByAward_2026-09-16_H02M56S53_01.csv,260837,25.4,070-0540,FY2025P08,10339861.03,70CDCR24FR0000040,70CDCR22D00000012,7012,CONT_AWD_70CDCR24FR0000040_7012_70CDCR22D00000012_7012,,,Contracts,10339861.03,False,outside_pilot
DHS_FY2025P12_c:FY2025P01-P12_070_TAS_Contracts_AccountBreakdownByAward_2026-09-16_H02M56S53_01.csv:row:260839,DHS_FY2025P12_c/extracted/FY2025P01-P12_070_TAS_Contracts_AccountBreakdownByAward_2026-09-16_H02M56S53_01.csv,260839,25.4,070-0540,FY2025P05,,70CDCR24FR0000040,70CDCR22D00000012,7012,CONT_AWD_70CDCR24FR0000040_7012_70CDCR22D00000012_7012,,,Contracts,,True,outside_pilot
DHS_FY2025P12_c:FY2025P01-P12_070_TAS_Contracts_AccountBreakdownByAward_2026-09-16_H02M56S53_01.csv:row:260841,DHS_FY2025P12_c/extracted/FY2025P01-P12_070_TAS_Contracts_AccountBreakdownByAward_2026-09-16_H02M56S53_01.csv,260841,25.4,070-0540,FY2025P05,,70CDCR24FR0000040,70CDCR22D00000012,7012,CONT_AWD_70CDCR24FR0000040_7012_70CDCR22D00000012_7012,,,Contracts,,True,outside_pilot
DHS_FY2025P12_c:FY2025P01-P12_070_TAS_Contracts_AccountBreakdownByAward_2026-09-16_H02M56S53_01.csv:row:260846,DHS_FY2025P12_c/extracted/FY2025P01-P12_070_TAS_Contracts_AccountBreakdownByAward_2026-09-16_H02M56S53_01.csv,260846,25.4,070-0540,FY2025P12,8768800.00,70CDCR24FR0000040,70CDCR22D00000012,7012,CONT_AWD_70CDCR24FR0000040_7012_70CDCR22D00000012_7012,,,Contracts,8768800.00,False,outside_pilot
DHS_FY2025P12_c:FY2025P01-P12_070_TAS_Contracts_AccountBreakdownByAward_2026-09-16_H02M56S53_01.csv:row:260847,DHS_FY2025P12_c/extracted/FY2025P01-P12_070_TAS_Contracts_AccountBreakdownByAward_2026-09-16_H02M56S53_01.csv,260847,25.4,070-0540,FY2025P12,,70CDCR24FR0000040,70CDCR22D00000012,7012,CONT_AWD_70CDCR24FR0000040_7012_70CDCR22D00000012_7012,,,Contracts,,True,outside_pilot
DHS_FY2025P12_c:FY2025P01-P12_070_TAS_Contracts_AccountBreakdownByAward_2026-09-16_H02M56S53_01.csv:row:260850,DHS_FY2025P12_c/extracted/FY2025P01-P12_070_TAS_Contracts_AccountBreakdownByAward_2026-09-16_H02M56S53_01.csv,260850,25.4,070-0540,FY2025P10,,70CDCR24FR0000040,70CDCR22D00000012,7012,CONT_AWD_70CDCR24FR0000040_7012_70CDCR22D00000012_7012,,,Contracts,,True,outside_pilot
DHS_FY2025P12_c:FY2025P01-P12_070_TAS_Contracts_AccountBreakdownByAward_2026-09-16_H02M56S53_01.csv:row:260852,DHS_FY2025P12_c/extracted/FY2025P01-P12_070_TAS_Contracts_AccountBreakdownByAward_2026-09-16_H02M56S53_01.csv,260852,25.4,070-0540,FY2025P10,,70CDCR24FR0000040,70CDCR22D00000012,7012,CONT_AWD_70CDCR24FR0000040_7012_70CDCR22D00000012_7012,,,Contracts,,True,outside_pilot
DHS_FY2025P12_c:FY2025P01-P12_070_TAS_Contracts_AccountBreakdownByAward_2026-09-16_H02M56S53_01.csv:row:260860,DHS_FY2025P12_c/extracted/FY2025P01-P12_070_TAS_Contracts_AccountBreakdownByAward_2026-09-16_H02M56S53_01.csv,260860,25.4,070-0540,FY2025P07,,70CDCR24FR0000040,70CDCR22D00000012,7012,CONT_AWD_70CDCR24FR0000040_7012_70CDCR22D00000012_7012,,,Contracts,,True,outside_pilot
DHS_FY2025P12_c:FY2025P01-P12_070_TAS_Contracts_AccountBreakdownByAward_2026-09-16_H02M56S53_01.csv:row:260861,DHS_FY2025P12_c/extracted/FY2025P01-P12_070_TAS_Contracts_AccountBreakdownByAward_2026-09-16_H02M56S53_01.csv,260861,25.4,070-0540,FY2025P07,,70CDCR24FR0000040,70CDCR22D00000012,7012,CONT_AWD_70CDCR24FR0000040_7012_70CDCR22D00000012_7012,,,Contracts,,True,outside_pilot
DHS_FY2025P12_c:FY2025P01-P12_070_TAS_Contracts_AccountBreakdownByAward_2026-09-16_H02M56S53_01.csv:row:260864,DHS_FY2025P12_c/extracted/FY2025P01-P12_070_TAS_Contracts_AccountBreakdownByAward_2026-09-16_H02M56S53_01.csv,260864,25.4,070-0540,FY2025P06,,70CDCR24FR0000040,70CDCR22D00000012,7012,CONT_AWD_70CDCR24FR0000040_7012_70CDCR22D00000012_7012,,,Contracts,,True,outside_pilot
DHS_FY2025P12_c:FY2025P01-P12_070_TAS_Contracts_AccountBreakdownByAward_2026-09-16_H02M56S53_01.csv:row:260865,DHS_FY2025P12_c/extracted/FY2025P01-P12_070_TAS_Contracts_AccountBreakdownByAward_2026-09-16_H02M56S53_01.csv,260865,25.4,070-0540,FY2025P11,,70CDCR24FR0000040,70CDCR22D00000012,7012,CONT_AWD_70CDCR24FR0000040_7012_70CDCR22D00000012_7012,,,Contracts,,True,outside_pilot
DHS_FY2025P12_c:FY2025P01-P12_070_TAS_Contracts_AccountBreakdownByAward_2026-09-16_H02M56S53_01.csv:row:260866,DHS_FY2025P12_c/extracted/FY2025P01-P12_070_TAS_Contracts_AccountBreakdownByAward_2026-09-16_H02M56S53_01.csv,260866,25.4,070-0540,FY2025P11,,70CDCR24FR0000040,70CDCR22D00000012,7012,CONT_AWD_70CDCR24FR0000040_7012_70CDCR22D00000012_7012,,,Contracts,,True,outside_pilot
DHS_FY2025P12_c:FY2025P01-P12_070_TAS_Contracts_AccountBreakdownByAward_2026-09-16_H02M56S53_01.csv:row:260867,DHS_FY2025P12_c/extracted/FY2025P01-P12_070_TAS_Contracts_AccountBreakdownByAward_2026-09-16_H02M56S53_01.csv,260867,25.4,070-0540,FY2025P12,,70CDCR24FR0000040,70CDCR22D00000012,7012,CONT_AWD_70CDCR24FR0000040_7012_70CDCR22D00000012_7012,,,Contracts,,True,outside_pilot
DHS_FY2025P12_c:FY2025P01-P12_070_TAS_Contracts_AccountBreakdownByAward_2026-09-16_H02M56S53_01.csv:row:260868,DHS_FY2025P12_c/extracted/FY2025P01-P12_070_TAS_Contracts_AccountBreakdownByAward_2026-09-16_H02M56S53_01.csv,260868,25.4,070-0540,FY2025P06,2165086.14,70CDCR24FR0000040,70CDCR22D00000012,7012,CONT_AWD_70CDCR24FR0000040_7012_70CDCR22D00000012_7012,,,Contracts,2165086.14,False,outside_pilot
DHS_FY2025P12_c:FY2025P01-P12_070_TAS_Contracts_AccountBreakdownByAward_2026-09-16_H02M56S53_01.csv:row:260869,DHS_FY2025P12_c/extracted/FY2025P01-P12_070_TAS_Contracts_AccountBreakdownByAward_2026-09-16_H02M56S53_01.csv,260869,25.4,070-0540,FY2025P06,1262039.98,70CDCR24FR0000040,70CDCR22D00000012,7012,CONT_AWD_70CDCR24FR0000040_7012_70CDCR22D00000012_7012,,,Contracts,1262039.98,False,outside_pilot
DHS_FY2025P12_c:FY2025P01-P12_070_TAS_Contracts_AccountBreakdownByAward_2026-09-16_H02M56S53_01.csv:row:260870,DHS_FY2025P12_c/extracted/FY2025P01-P12_070_TAS_Contracts_AccountBreakdownByAward_2026-09-16_H02M56S53_01.csv,260870,25.4,070-0540,FY2025P06,,70CDCR24FR0000040,70CDCR22D00000012,7012,CONT_AWD_70CDCR24FR0000040_7012_70CDCR22D00000012_7012,,,Contracts,,True,outside_pilot
DHS_FY2025P12_c:FY2025P01-P12_070_TAS_Contracts_AccountBreakdownByAward_2026-09-16_H02M56S53_01.csv:row:260874,DHS_FY2025P12_c/extracted/FY2025P01-P12_070_TAS_Contracts_AccountBreakdownByAward_2026-09-16_H02M56S53_01.csv,260874,25.4,070-0540,FY2025P07,1262039.98,70CDCR24FR0000040,70CDCR22D00000012,7012,CONT_AWD_70CDCR24FR0000040_7012_70CDCR22D00000012_7012,,,Contracts,1262039.98,False,outside_pilot
DHS_FY2025P12_c:FY2025P01-P12_070_TAS_Contracts_AccountBreakdownByAward_2026-09-16_H02M56S53_01.csv:row:260875,DHS_FY2025P12_c/extracted/FY2025P01-P12_070_TAS_Contracts_AccountBreakdownByAward_2026-09-16_H02M56S53_01.csv,260875,25.4,070-0540,FY2025P07,4432000.00,70CDCR24FR0000040,70CDCR22D00000012,7012,CONT_AWD_70CDCR24FR0000040_7012_70CDCR22D00000012_7012,,,Contracts,4432000.00,False,outside_pilot
DHS_FY2025P12_c:FY2025P01-P12_070_TAS_Contracts_AccountBreakdownByAward_2026-09-16_H02M56S53_01.csv:row:26918,DHS_FY2025P12_c/extracted/FY2025P01-P12_070_TAS_Contracts_AccountBreakdownByAward_2026-09-16_H02M56S53_01.csv,26918,25.4,070-0540,FY2025P05,,70CDCR24FR0000005,70CDCR22D00000002,7012,CONT_AWD_70CDCR24FR0000005_7012_70CDCR22D00000002_7012,,,Contracts,,True,outside_pilot
DHS_FY2025P12_c:FY2025P01-P12_070_TAS_Contracts_AccountBreakdownByAward_2026-09-16_H02M56S53_01.csv:row:26919,DHS_FY2025P12_c/extracted/FY2025P01-P12_070_TAS_Contracts_AccountBreakdownByAward_2026-09-16_H02M56S53_01.csv,26919,25.4,070-0540,FY2025P08,,70CDCR24FR0000005,70CDCR22D00000002,7012,CONT_AWD_70CDCR24FR0000005_7012_70CDCR22D00000002_7012,,,Contracts,,True,outside_pilot
DHS_FY2025P12_c:FY2025P01-P12_070_TAS_Contracts_AccountBreakdownByAward_2026-09-16_H02M56S53_01.csv:row:26920,DHS_FY2025P12_c/extracted/FY2025P01-P12_070_TAS_Contracts_AccountBreakdownByAward_2026-09-16_H02M56S53_01.csv,26920,25.4,070-0540,FY2025P08,,70CDCR24FR0000005,70CDCR22D00000002,7012,CONT_AWD_70CDCR24FR0000005_7012_70CDCR22D00000002_7012,,,Contracts,,True,outside_pilot
DHS_FY2025P12_c:FY2025P01-P12_070_TAS_Contracts_AccountBreakdownByAward_2026-09-16_H02M56S53_01.csv:row:26921,DHS_FY2025P12_c/extracted/FY2025P01-P12_070_TAS_Contracts_AccountBreakdownByAward_2026-09-16_H02M56S53_01.csv,26921,25.4,070-0540,FY2025P05,,70CDCR24FR0000005,70CDCR22D00000002,7012,CONT_AWD_70CDCR24FR0000005_7012_70CDCR22D00000002_7012,,,Contracts,,True,outside_pilot
DHS_FY2025P12_c:FY2025P01-P12_070_TAS_Contracts_AccountBreakdownByAward_2026-09-16_H02M56S53_01.csv:row:26922,DHS_FY2025P12_c/extracted/FY2025P01-P12_070_TAS_Contracts_AccountBreakdownByAward_2026-09-16_H02M56S53_01.csv,26922,25.4,070-0540,FY2025P11,,70CDCR24FR0000005,70CDCR22D00000002,7012,CONT_AWD_70CDCR24FR0000005_7012_70CDCR22D00000002_7012,,,Contracts,,True,outside_pilot
DHS_FY2025P12_c:FY2025P01-P12_070_TAS_Contracts_AccountBreakdownByAward_2026-09-16_H02M56S53_01.csv:row:26923,DHS_FY2025P12_c/extracted/FY2025P01-P12_070_TAS_Contracts_AccountBreakdownByAward_2026-09-16_H02M56S53_01.csv,26923,25.4,070-0540,FY2025P12,,70CDCR24FR0000005,70CDCR22D00000002,7012,CONT_AWD_70CDCR24FR0000005_7012_70CDCR22D00000002_7012,,,Contracts,,True,outside_pilot
DHS_FY2025P12_c:FY2025P01-P12_070_TAS_Contracts_AccountBreakdownByAward_2026-09-16_H02M56S53_01.csv:row:269304,DHS_FY2025P12_c/extracted/FY2025P01-P12_070_TAS_Contracts_AccountBreakdownByAward_2026-09-16_H02M56S53_01.csv,269304,25.4,070-0540,FY2025P08,250.00,70CDCR25FR0000056,70CDCR25D00000039,7012,CONT_AWD_70CDCR25FR0000056_7012_70CDCR25D00000039_7012,,,Contracts,250.00,False,outside_pilot
DHS_FY2025P12_c:FY2025P01-P12_070_TAS_Contracts_AccountBreakdownByAward_2026-09-16_H02M56S53_01.csv:row:26943,DHS_FY2025P12_c/extracted/FY2025P01-P12_070_TAS_Contracts_AccountBreakdownByAward_2026-09-16_H02M56S53_01.csv,26943,25.4,070-0540,FY2025P11,,70CDCR24FR0000005,70CDCR22D00000002,7012,CONT_AWD_70CDCR24FR0000005_7012_70CDCR22D00000002_7012,,,Contracts,,True,outside_pilot
DHS_FY2025P12_c:FY2025P01-P12_070_TAS_Contracts_AccountBreakdownByAward_2026-09-16_H02M56S53_01.csv:row:26946,DHS_FY2025P12_c/extracted/FY2025P01-P12_070_TAS_Contracts_AccountBreakdownByAward_2026-09-16_H02M56S53_01.csv,26946,25.4,070-0540,FY2025P07,,70CDCR24FR0000005,70CDCR22D00000002,7012,CONT_AWD_70CDCR24FR0000005_7012_70CDCR22D00000002_7012,,,Contracts,,True,outside_pilot
DHS_FY2025P12_c:FY2025P01-P12_070_TAS_Contracts_AccountBreakdownByAward_2026-09-16_H02M56S53_01.csv:row:26947,DHS_FY2025P12_c/extracted/FY2025P01-P12_070_TAS_Contracts_AccountBreakdownByAward_2026-09-16_H02M56S53_01.csv,26947,25.4,070-0540,FY2025P07,,70CDCR24FR0000005,70CDCR22D00000002,7012,CONT_AWD_70CDCR24FR0000005_7012_70CDCR22D00000002_7012,,,Contracts,,True,outside_pilot
DHS_FY2025P12_c:FY2025P01-P12_070_TAS_Contracts_AccountBreakdownByAward_2026-09-16_H02M56S53_01.csv:row:26950,DHS_FY2025P12_c/extracted/FY2025P01-P12_070_TAS_Contracts_AccountBreakdownByAward_2026-09-16_H02M56S53_01.csv,26950,25.4,070-0540,FY2025P06,,70CDCR24FR0000005,70CDCR22D00000002,7012,CONT_AWD_70CDCR24FR0000005_7012_70CDCR22D00000002_7012,,,Contracts,,True,outside_pilot
DHS_FY2025P12_c:FY2025P01-P12_070_TAS_Contracts_AccountBreakdownByAward_2026-09-16_H02M56S53_01.csv:row:26952,DHS_FY2025P12_c/extracted/FY2025P01-P12_070_TAS_Contracts_AccountBreakdownByAward_2026-09-16_H02M56S53_01.csv,26952,25.4,070-0540,FY2025P09,,70CDCR24FR0000005,70CDCR22D00000002,7012,CONT_AWD_70CDCR24FR0000005_7012_70CDCR22D00000002_7012,,,Contracts,,True,outside_pilot
DHS_FY2025P12_c:FY2025P01-P12_070_TAS_Contracts_AccountBreakdownByAward_2026-09-16_H02M56S53_01.csv:row:26953,DHS_FY2025P12_c/extracted/FY2025P01-P12_070_TAS_Contracts_AccountBreakdownByAward_2026-09-16_H02M56S53_01.csv,26953,25.4,070-0540,FY2025P09,,70CDCR24FR0000005,70CDCR22D00000002,7012,CONT_AWD_70CDCR24FR0000005_7012_70CDCR22D00000002_7012,,,Contracts,,True,outside_pilot
DHS_FY2025P12_c:FY2025P01-P12_070_TAS_Contracts_AccountBreakdownByAward_2026-09-16_H02M56S53_01.csv:row:269561,DHS_FY2025P12_c/extracted/FY2025P01-P12_070_TAS_Contracts_AccountBreakdownByAward_2026-09-16_H02M56S53_01.csv,269561,25.4,070-0540,FY2025P12,4980000.00,70CDCR25FR0000111,70CDCR22D00000001,7012,CONT_AWD_70CDCR25FR0000111_7012_70CDCR22D00000001_7012,,,Contracts,4980000.00,False,outside_pilot
DHS_FY2025P12_c:FY2025P01-P12_070_TAS_Contracts_AccountBreakdownByAward_2026-09-16_H02M56S53_01.csv:row:26957,DHS_FY2025P12_c/extracted/FY2025P01-P12_070_TAS_Contracts_AccountBreakdownByAward_2026-09-16_H02M56S53_01.csv,26957,25.4,070-0540,FY2025P10,,70CDCR24FR0000005,70CDCR22D00000002,7012,CONT_AWD_70CDCR24FR0000005_7012_70CDCR22D00000002_7012,,,Contracts,,True,outside_pilot
DHS_FY2025P12_c:FY2025P01-P12_070_TAS_Contracts_AccountBreakdownByAward_2026-09-16_H02M56S53_01.csv:row:26958,DHS_FY2025P12_c/extracted/FY2025P01-P12_070_TAS_Contracts_AccountBreakdownByAward_2026-09-16_H02M56S53_01.csv,26958,25.4,070-0540,FY2025P10,,70CDCR24FR0000005,70CDCR22D00000002,7012,CONT_AWD_70CDCR24FR0000005_7012_70CDCR22D00000002_7012,,,Contracts,,True,outside_pilot
DHS_FY2025P12_c:FY2025P01-P12_070_TAS_Contracts_AccountBreakdownByAward_2026-09-16_H02M56S53_01.csv:row:26961,DHS_FY2025P12_c/extracted/FY2025P01-P12_070_TAS_Contracts_AccountBreakdownByAward_2026-09-16_H02M56S53_01.csv,26961,25.4,070-0540,FY2025P06,,70CDCR24FR0000005,70CDCR22D00000002,7012,CONT_AWD_70CDCR24FR0000005_7012_70CDCR22D00000002_7012,,,Contracts,,True,outside_pilot
DHS_FY2025P12_c:FY2025P01-P12_070_TAS_Contracts_AccountBreakdownByAward_2026-09-16_H02M56S53_01.csv:row:26973,DHS_FY2025P12_c/extracted/FY2025P01-P12_070_TAS_Contracts_AccountBreakdownByAward_2026-09-16_H02M56S53_01.csv,26973,25.4,070-0540,FY2025P12,,70CDCR24FR0000005,70CDCR22D00000002,7012,CONT_AWD_70CDCR24FR0000005_7012_70CDCR22D00000002_7012,,,Contracts,,True,outside_pilot
DHS_FY2025P12_c:FY2025P01-P12_070_TAS_Contracts_AccountBreakdownByAward_2026-09-16_H02M56S53_01.csv:row:272048,DHS_FY2025P12_c/extracted/FY2025P01-P12_070_TAS_Contracts_AccountBreakdownByAward_2026-09-16_H02M56S53_01.csv,272048,25.4,070-0540,FY2025P05,,70CDCR24FR0000001,70CDCR22D00000001,7012,CONT_AWD_70CDCR24FR0000001_7012_70CDCR22D00000001_7012,,,Contracts,,True,outside_pilot
DHS_FY2025P12_c:FY2025P01-P12_070_TAS_Contracts_AccountBreakdownByAward_2026-09-16_H02M56S53_01.csv:row:272053,DHS_FY2025P12_c/extracted/FY2025P01-P12_070_TAS_Contracts_AccountBreakdownByAward_2026-09-16_H02M56S53_01.csv,272053,25.4,070-0540,FY2025P08,,70CDCR24FR0000001,70CDCR22D00000001,7012,CONT_AWD_70CDCR24FR0000001_7012_70CDCR22D00000001_7012,,,Contracts,,True,outside_pilot
DHS_FY2025P12_c:FY2025P01-P12_070_TAS_Contracts_AccountBreakdownByAward_2026-09-16_H02M56S53_01.csv:row:272054,DHS_FY2025P12_c/extracted/FY2025P01-P12_070_TAS_Contracts_AccountBreakdownByAward_2026-09-16_H02M56S53_01.csv,272054,25.4,070-0540,FY2025P09,,70CDCR24FR0000001,70CDCR22D00000001,7012,CONT_AWD_70CDCR24FR0000001_7012_70CDCR22D00000001_7012,,,Contracts,,True,outside_pilot
DHS_FY2025P12_c:FY2025P01-P12_070_TAS_Contracts_AccountBreakdownByAward_2026-09-16_H02M56S53_01.csv:row:272057,DHS_FY2025P12_c/extracted/FY2025P01-P12_070_TAS_Contracts_AccountBreakdownByAward_2026-09-16_H02M56S53_01.csv,272057,25.4,070-0540,FY2025P12,,70CDCR24FR0000001,70CDCR22D00000001,7012,CONT_AWD_70CDCR24FR0000001_7012_70CDCR22D00000001_7012,,,Contracts,,True,outside_pilot
DHS_FY2025P12_c:FY2025P01-P12_070_TAS_Contracts_AccountBreakdownByAward_2026-09-16_H02M56S53_01.csv:row:272058,DHS_FY2025P12_c/extracted/FY2025P01-P12_070_TAS_Contracts_AccountBreakdownByAward_2026-09-16_H02M56S53_01.csv,272058,25.4,070-0540,FY2025P12,,70CDCR24FR0000001,70CDCR22D00000001,7012,CONT_AWD_70CDCR24FR0000001_7012_70CDCR22D00000001_7012,,,Contracts,,True,outside_pilot
DHS_FY2025P12_c:FY2025P01-P12_070_TAS_Contracts_AccountBreakdownByAward_2026-09-16_H02M56S53_01.csv:row:272061,DHS_FY2025P12_c/extracted/FY2025P01-P12_070_TAS_Contracts_AccountBreakdownByAward_2026-09-16_H02M56S53_01.csv,272061,25.4,070-0540,FY2025P10,,70CDCR24FR0000001,70CDCR22D00000001,7012,CONT_AWD_70CDCR24FR0000001_7012_70CDCR22D00000001_7012,,,Contracts,,True,outside_pilot
DHS_FY2025P12_c:FY2025P01-P12_070_TAS_Contracts_AccountBreakdownByAward_2026-09-16_H02M56S53_01.csv:row:272064,DHS_FY2025P12_c/extracted/FY2025P01-P12_070_TAS_Contracts_AccountBreakdownByAward_2026-09-16_H02M56S53_01.csv,272064,25.4,070-0540,FY2025P10,,70CDCR24FR0000001,70CDCR22D00000001,7012,CONT_AWD_70CDCR24FR0000001_7012_70CDCR22D00000001_7012,,,Contracts,,True,outside_pilot
DHS_FY2025P12_c:FY2025P01-P12_070_TAS_Contracts_AccountBreakdownByAward_2026-09-16_H02M56S53_01.csv:row:272067,DHS_FY2025P12_c/extracted/FY2025P01-P12_070_TAS_Contracts_AccountBreakdownByAward_2026-09-16_H02M56S53_01.csv,272067,25.4,070-0540,FY2025P07,,70CDCR24FR0000001,70CDCR22D00000001,7012,CONT_AWD_70CDCR24FR0000001_7012_70CDCR22D00000001_7012,,,Contracts,,True,outside_pilot
DHS_FY2025P12_c:FY2025P01-P12_070_TAS_Contracts_AccountBreakdownByAward_2026-09-16_H02M56S53_01.csv:row:272068,DHS_FY2025P12_c/extracted/FY2025P01-P12_070_TAS_Contracts_AccountBreakdownByAward_2026-09-16_H02M56S53_01.csv,272068,25.4,070-0540,FY2025P07,,70CDCR24FR0000001,70CDCR22D00000001,7012,CONT_AWD_70CDCR24FR0000001_7012_70CDCR22D00000001_7012,,,Contracts,,True,outside_pilot
DHS_FY2025P12_c:FY2025P01-P12_070_TAS_Contracts_AccountBreakdownByAward_2026-09-16_H02M56S53_01.csv:row:272070,DHS_FY2025P12_c/extracted/FY2025P01-P12_070_TAS_Contracts_AccountBreakdownByAward_2026-09-16_H02M56S53_01.csv,272070,25.4,070-0540,FY2025P06,,70CDCR24FR0000001,70CDCR22D00000001,7012,CONT_AWD_70CDCR24FR0000001_7012_70CDCR22D00000001_7012,,,Contracts,,True,outside_pilot
DHS_FY2025P12_c:FY2025P01-P12_070_TAS_Contracts_AccountBreakdownByAward_2026-09-16_H02M56S53_01.csv:row:272072,DHS_FY2025P12_c/extracted/FY2025P01-P12_070_TAS_Contracts_AccountBreakdownByAward_2026-09-16_H02M56S53_01.csv,272072,25.4,070-0540,FY2025P06,,70CDCR24FR0000001,70CDCR22D00000001,7012,CONT_AWD_70CDCR24FR0000001_7012_70CDCR22D00000001_7012,,,Contracts,,True,outside_pilot
DHS_FY2025P12_c:FY2025P01-P12_070_TAS_Contracts_AccountBreakdownByAward_2026-09-16_H02M56S53_01.csv:row:272082,DHS_FY2025P12_c/extracted/FY2025P01-P12_070_TAS_Contracts_AccountBreakdownByAward_2026-09-16_H02M56S53_01.csv,272082,25.4,070-0540,FY2025P05,,70CDCR24FR0000001,70CDCR22D00000001,7012,CONT_AWD_70CDCR24FR0000001_7012_70CDCR22D00000001_7012,,,Contracts,,True,outside_pilot
DHS_FY2025P12_c:FY2025P01-P12_070_TAS_Contracts_AccountBreakdownByAward_2026-09-16_H02M56S53_01.csv:row:272085,DHS_FY2025P12_c/extracted/FY2025P01-P12_070_TAS_Contracts_AccountBreakdownByAward_2026-09-16_H02M56S53_01.csv,272085,25.4,070-0540,FY2025P09,,70CDCR24FR0000001,70CDCR22D00000001,7012,CONT_AWD_70CDCR24FR0000001_7012_70CDCR22D00000001_7012,,,Contracts,,True,outside_pilot
DHS_FY2025P12_c:FY2025P01-P12_070_TAS_Contracts_AccountBreakdownByAward_2026-09-16_H02M56S53_01.csv:row:272087,DHS_FY2025P12_c/extracted/FY2025P01-P12_070_TAS_Contracts_AccountBreakdownByAward_2026-09-16_H02M56S53_01.csv,272087,25.4,070-0540,FY2025P08,,70CDCR24FR0000001,70CDCR22D00000001,7012,CONT_AWD_70CDCR24FR0000001_7012_70CDCR22D00000001_7012,,,Contracts,,True,outside_pilot
DHS_FY2025P12_c:FY2025P01-P12_070_TAS_Contracts_AccountBreakdownByAward_2026-09-16_H02M56S53_01.csv:row:272110,DHS_FY2025P12_c/extracted/FY2025P01-P12_070_TAS_Contracts_AccountBreakdownByAward_2026-09-16_H02M56S53_01.csv,272110,25.4,070-0540,FY2025P11,,70CDCR24FR0000001,70CDCR22D00000001,7012,CONT_AWD_70CDCR24FR0000001_7012_70CDCR22D00000001_7012,,,Contracts,,True,outside_pilot
DHS_FY2025P12_c:FY2025P01-P12_070_TAS_Contracts_AccountBreakdownByAward_2026-09-16_H02M56S53_01.csv:row:272111,DHS_FY2025P12_c/extracted/FY2025P01-P12_070_TAS_Contracts_AccountBreakdownByAward_2026-09-16_H02M56S53_01.csv,272111,25.4,070-0540,FY2025P11,,70CDCR24FR0000001,70CDCR22D00000001,7012,CONT_AWD_70CDCR24FR0000001_7012_70CDCR22D00000001_7012,,,Contracts,,True,outside_pilot
DHS_FY2025P12_c:FY2025P01-P12_070_TAS_Contracts_AccountBreakdownByAward_2026-09-16_H02M56S53_01.csv:row:273290,DHS_FY2025P12_c/extracted/FY2025P01-P12_070_TAS_Contracts_AccountBreakdownByAward_2026-09-16_H02M56S53_01.csv,273290,25.4,070-0540,FY2025P06,-81882.42,70CDCR22FR0000019,70CDCR22D00000002,7012,CONT_AWD_70CDCR22FR0000019_7012_70CDCR22D00000002_7012,,,Contracts,-81882.42,False,outside_pilot
DHS_FY2025P12_c:FY2025P01-P12_070_TAS_Contracts_AccountBreakdownByAward_2026-09-16_H02M56S53_01.csv:row:273446,DHS_FY2025P12_c/extracted/FY2025P01-P12_070_TAS_Contracts_AccountBreakdownByAward_2026-09-16_H02M56S53_01.csv,273446,25.4,070-0540,FY2025P12,,70CDCR25FR0000041,DJJODT9C0001,7012,CONT_AWD_70CDCR25FR0000041_7012_DJJODT9C0001_1501,7,AWARD:64b574028e8a56dcd77cf4e0,Contracts,,True,confirmed
DHS_FY2025P12_c:FY2025P01-P12_070_TAS_Contracts_AccountBreakdownByAward_2026-09-16_H02M56S53_01.csv:row:273447,DHS_FY2025P12_c/extracted/FY2025P01-P12_070_TAS_Contracts_AccountBreakdownByAward_2026-09-16_H02M56S53_01.csv,273447,25.4,070-0540,FY2025P12,2117250.00,70CDCR25FR0000041,DJJODT9C0001,7012,CONT_AWD_70CDCR25FR0000041_7012_DJJODT9C0001_1501,7,AWARD:64b574028e8a56dcd77cf4e0,Contracts,2117250.00,False,confirmed
DHS_FY2025P12_c:FY2025P01-P12_070_TAS_Contracts_AccountBreakdownByAward_2026-09-16_H02M56S53_01.csv:row:273448,DHS_FY2025P12_c/extracted/FY2025P01-P12_070_TAS_Contracts_AccountBreakdownByAward_2026-09-16_H02M56S53_01.csv,273448,25.4,070-0540,FY2025P12,4508550.00,70CDCR25FR0000041,DJJODT9C0001,7012,CONT_AWD_70CDCR25FR0000041_7012_DJJODT9C0001_1501,7,AWARD:64b574028e8a56dcd77cf4e0,Contracts,4508550.00,False,confirmed
DHS_FY2025P12_c:FY2025P01-P12_070_TAS_Contracts_AccountBreakdownByAward_2026-09-16_H02M56S53_01.csv:row:273449,DHS_FY2025P12_c/extracted/FY2025P01-P12_070_TAS_Contracts_AccountBreakdownByAward_2026-09-16_H02M56S53_01.csv,273449,25.4,070-0540,FY2025P12,,70CDCR25FR0000041,DJJODT9C0001,7012,CONT_AWD_70CDCR25FR0000041_7012_DJJODT9C0001_1501,7,AWARD:64b574028e8a56dcd77cf4e0,Contracts,,True,confirmed
DHS_FY2025P12_c:FY2025P01-P12_070_TAS_Contracts_AccountBreakdownByAward_2026-09-16_H02M56S53_01.csv:row:273450,DHS_FY2025P12_c/extracted/FY2025P01-P12_070_TAS_Contracts_AccountBreakdownByAward_2026-09-16_H02M56S53_01.csv,273450,25.4,070-0540,FY2025P08,1491900.00,70CDCR25FR0000041,DJJODT9C0001,7012,CONT_AWD_70CDCR25FR0000041_7012_DJJODT9C0001_1501,7,AWARD:e469f9ad724b2711d4bc100c,Contracts,1491900.00,False,confirmed
DHS_FY2025P12_c:FY2025P01-P12_070_TAS_Contracts_AccountBreakdownByAward_2026-09-16_H02M56S53_01.csv:row:273575,DHS_FY2025P12_c/extracted/FY2025P01-P12_070_TAS_Contracts_AccountBreakdownByAward_2026-09-16_H02M56S53_01.csv,273575,25.4,070-0540,FY2025P05,,70CDCR23FR0000063,70CDCR22D00000012,7012,CONT_AWD_70CDCR23FR0000063_7012_70CDCR22D00000012_7012,,,Contracts,,True,outside_pilot
DHS_FY2025P12_c:FY2025P01-P12_070_TAS_Contracts_AccountBreakdownByAward_2026-09-16_H02M56S53_01.csv:row:273576,DHS_FY2025P12_c/extracted/FY2025P01-P12_070_TAS_Contracts_AccountBreakdownByAward_2026-09-16_H02M56S53_01.csv,273576,25.4,070-0540,FY2025P07,,70CDCR23FR0000063,70CDCR22D00000012,7012,CONT_AWD_70CDCR23FR0000063_7012_70CDCR22D00000012_7012,,,Contracts,,True,outside_pilot
DHS_FY2025P12_c:FY2025P01-P12_070_TAS_Contracts_AccountBreakdownByAward_2026-09-16_H02M56S53_01.csv:row:273580,DHS_FY2025P12_c/extracted/FY2025P01-P12_070_TAS_Contracts_AccountBreakdownByAward_2026-09-16_H02M56S53_01.csv,273580,25.4,070-0540,FY2025P10,,70CDCR23FR0000063,70CDCR22D00000012,7012,CONT_AWD_70CDCR23FR0000063_7012_70CDCR22D00000012_7012,,,Contracts,,True,outside_pilot
DHS_FY2025P12_c:FY2025P01-P12_070_TAS_Contracts_AccountBreakdownByAward_2026-09-16_H02M56S53_01.csv:row:273583,DHS_FY2025P12_c/extracted/FY2025P01-P12_070_TAS_Contracts_AccountBreakdownByAward_2026-09-16_H02M56S53_01.csv,273583,25.4,070-0540,FY2025P10,,70CDCR23FR0000063,70CDCR22D00000012,7012,CONT_AWD_70CDCR23FR0000063_7012_70CDCR22D00000012_7012,,,Contracts,,True,outside_pilot
DHS_FY2025P12_c:FY2025P01-P12_070_TAS_Contracts_AccountBreakdownByAward_2026-09-16_H02M56S53_01.csv:row:273584,DHS_FY2025P12_c/extracted/FY2025P01-P12_070_TAS_Contracts_AccountBreakdownByAward_2026-09-16_H02M56S53_01.csv,273584,25.4,070-0540,FY2025P06,,70CDCR23FR0000063,70CDCR22D00000012,7012,CONT_AWD_70CDCR23FR0000063_7012_70CDCR22D00000012_7012,,,Contracts,,True,outside_pilot
DHS_FY2025P12_c:FY2025P01-P12_070_TAS_Contracts_AccountBreakdownByAward_2026-09-16_H02M56S53_01.csv:row:273586,DHS_FY2025P12_c/extracted/FY2025P01-P12_070_TAS_Contracts_AccountBreakdownByAward_2026-09-16_H02M56S53_01.csv,273586,25.4,070-0540,FY2025P06,,70CDCR23FR0000063,70CDCR22D00000012,7012,CONT_AWD_70CDCR23FR0000063_7012_70CDCR22D00000012_7012,,,Contracts,,True,outside_pilot
DHS_FY2025P12_c:FY2025P01-P12_070_TAS_Contracts_AccountBreakdownByAward_2026-09-16_H02M56S53_01.csv:row:273587,DHS_FY2025P12_c/extracted/FY2025P01-P12_070_TAS_Contracts_AccountBreakdownByAward_2026-09-16_H02M56S53_01.csv,273587,25.4,070-0540,FY2025P12,,70CDCR23FR0000063,70CDCR22D00000012,7012,CONT_AWD_70CDCR23FR0000063_7012_70CDCR22D00000012_7012,,,Contracts,,True,outside_pilot
DHS_FY2025P12_c:FY2025P01-P12_070_TAS_Contracts_AccountBreakdownByAward_2026-09-16_H02M56S53_01.csv:row:273594,DHS_FY2025P12_c/extracted/FY2025P01-P12_070_TAS_Contracts_AccountBreakdownByAward_2026-09-16_H02M56S53_01.csv,273594,25.4,070-0540,FY2025P05,,70CDCR23FR0000063,70CDCR22D00000012,7012,CONT_AWD_70CDCR23FR0000063_7012_70CDCR22D00000012_7012,,,Contracts,,True,outside_pilot
DHS_FY2025P12_c:FY2025P01-P12_070_TAS_Contracts_AccountBreakdownByAward_2026-09-16_H02M56S53_01.csv:row:273598,DHS_FY2025P12_c/extracted/FY2025P01-P12_070_TAS_Contracts_AccountBreakdownByAward_2026-09-16_H02M56S53_01.csv,273598,25.4,070-0540,FY2025P08,,70CDCR23FR0000063,70CDCR22D00000012,7012,CONT_AWD_70CDCR23FR0000063_7012_70CDCR22D00000012_7012,,,Contracts,,True,outside_pilot
DHS_FY2025P12_c:FY2025P01-P12_070_TAS_Contracts_AccountBreakdownByAward_2026-09-16_H02M56S53_01.csv:row:273600,DHS_FY2025P12_c/extracted/FY2025P01-P12_070_TAS_Contracts_AccountBreakdownByAward_2026-09-16_H02M56S53_01.csv,273600,25.4,070-0540,FY2025P09,,70CDCR23FR0000063,70CDCR22D00000012,7012,CONT_AWD_70CDCR23FR0000063_7012_70CDCR22D00000012_7012,,,Contracts,,True,outside_pilot
DHS_FY2025P12_c:FY2025P01-P12_070_TAS_Contracts_AccountBreakdownByAward_2026-09-16_H02M56S53_01.csv:row:273601,DHS_FY2025P12_c/extracted/FY2025P01-P12_070_TAS_Contracts_AccountBreakdownByAward_2026-09-16_H02M56S53_01.csv,273601,25.4,070-0540,FY2025P08,,70CDCR23FR0000063,70CDCR22D00000012,7012,CONT_AWD_70CDCR23FR0000063_7012_70CDCR22D00000012_7012,,,Contracts,,True,outside_pilot
DHS_FY2025P12_c:FY2025P01-P12_070_TAS_Contracts_AccountBreakdownByAward_2026-09-16_H02M56S53_01.csv:row:273602,DHS_FY2025P12_c/extracted/FY2025P01-P12_070_TAS_Contracts_AccountBreakdownByAward_2026-09-16_H02M56S53_01.csv,273602,25.4,070-0540,FY2025P11,,70CDCR23FR0000063,70CDCR22D00000012,7012,CONT_AWD_70CDCR23FR0000063_7012_70CDCR22D00000012_7012,,,Contracts,,True,outside_pilot
DHS_FY2025P12_c:FY2025P01-P12_070_TAS_Contracts_AccountBreakdownByAward_2026-09-16_H02M56S53_01.csv:row:273604,DHS_FY2025P12_c/extracted/FY2025P01-P12_070_TAS_Contracts_AccountBreakdownByAward_2026-09-16_H02M56S53_01.csv,273604,25.4,070-0540,FY2025P11,,70CDCR23FR0000063,70CDCR22D00000012,7012,CONT_AWD_70CDCR23FR0000063_7012_70CDCR22D00000012_7012,,,Contracts,,True,outside_pilot
DHS_FY2025P12_c:FY2025P01-P12_070_TAS_Contracts_AccountBreakdownByAward_2026-09-16_H02M56S53_01.csv:row:273605,DHS_FY2025P12_c/extracted/FY2025P01-P12_070_TAS_Contracts_AccountBreakdownByAward_2026-09-16_H02M56S53_01.csv,273605,25.4,070-0540,FY2025P12,,70CDCR23FR0000063,70CDCR22D00000012,7012,CONT_AWD_70CDCR23FR0000063_7012_70CDCR22D00000012_7012,,,Contracts,,True,outside_pilot
DHS_FY2025P12_c:FY2025P01-P12_070_TAS_Contracts_AccountBreakdownByAward_2026-09-16_H02M56S53_01.csv:row:273614,DHS_FY2025P12_c/extracted/FY2025P01-P12_070_TAS_Contracts_AccountBreakdownByAward_2026-09-16_H02M56S53_01.csv,273614,25.4,070-0540,FY2025P09,,70CDCR23FR0000063,70CDCR22D00000012,7012,CONT_AWD_70CDCR23FR0000063_7012_70CDCR22D00000012_7012,,,Contracts,,True,outside_pilot
DHS_FY2025P12_c:FY2025P01-P12_070_TAS_Contracts_AccountBreakdownByAward_2026-09-16_H02M56S53_01.csv:row:273618,DHS_FY2025P12_c/extracted/FY2025P01-P12_070_TAS_Contracts_AccountBreakdownByAward_2026-09-16_H02M56S53_01.csv,273618,25.4,070-0540,FY2025P07,,70CDCR23FR0000063,70CDCR22D00000012,7012,CONT_AWD_70CDCR23FR0000063_7012_70CDCR22D00000012_7012,,,Contracts,,True,outside_pilot
DHS_FY2025P12_c:FY2025P01-P12_070_TAS_Contracts_AccountBreakdownByAward_2026-09-16_H02M56S53_01.csv:row:276140,DHS_FY2025P12_c/extracted/FY2025P01-P12_070_TAS_Contracts_AccountBreakdownByAward_2026-09-16_H02M56S53_01.csv,276140,25.4,070-0540,FY2025P11,10498892.80,70CDCR25FR0000012,70CDCR20D00000006,7012,CONT_AWD_70CDCR25FR0000012_7012_70CDCR20D00000006_7012,,,Contracts,10498892.80,False,outside_pilot
DHS_FY2025P12_c:FY2025P01-P12_070_TAS_Contracts_AccountBreakdownByAward_2026-09-16_H02M56S53_01.csv:row:276146,DHS_FY2025P12_c/extracted/FY2025P01-P12_070_TAS_Contracts_AccountBreakdownByAward_2026-09-16_H02M56S53_01.csv,276146,25.4,070-0540,FY2025P08,,70CDCR25FR0000012,70CDCR20D00000006,7012,CONT_AWD_70CDCR25FR0000012_7012_70CDCR20D00000006_7012,,,Contracts,,True,outside_pilot
DHS_FY2025P12_c:FY2025P01-P12_070_TAS_Contracts_AccountBreakdownByAward_2026-09-16_H02M56S53_01.csv:row:276149,DHS_FY2025P12_c/extracted/FY2025P01-P12_070_TAS_Contracts_AccountBreakdownByAward_2026-09-16_H02M56S53_01.csv,276149,25.4,070-0540,FY2025P06,10757108.68,70CDCR25FR0000012,70CDCR20D00000006,7012,CONT_AWD_70CDCR25FR0000012_7012_70CDCR20D00000006_7012,,,Contracts,10757108.68,False,outside_pilot
DHS_FY2025P12_c:FY2025P01-P12_070_TAS_Contracts_AccountBreakdownByAward_2026-09-16_H02M56S53_01.csv:row:276153,DHS_FY2025P12_c/extracted/FY2025P01-P12_070_TAS_Contracts_AccountBreakdownByAward_2026-09-16_H02M56S53_01.csv,276153,25.4,070-0540,FY2025P09,,70CDCR25FR0000012,70CDCR20D00000006,7012,CONT_AWD_70CDCR25FR0000012_7012_70CDCR20D00000006_7012,,,Contracts,,True,outside_pilot
DHS_FY2025P12_c:FY2025P01-P12_070_TAS_Contracts_AccountBreakdownByAward_2026-09-16_H02M56S53_01.csv:row:276155,DHS_FY2025P12_c/extracted/FY2025P01-P12_070_TAS_Contracts_AccountBreakdownByAward_2026-09-16_H02M56S53_01.csv,276155,25.4,070-0540,FY2025P07,1369420.80,70CDCR25FR0000012,70CDCR20D00000006,7012,CONT_AWD_70CDCR25FR0000012_7012_70CDCR20D00000006_7012,,,Contracts,1369420.80,False,outside_pilot
DHS_FY2025P12_c:FY2025P01-P12_070_TAS_Contracts_AccountBreakdownByAward_2026-09-16_H02M56S53_01.csv:row:276159,DHS_FY2025P12_c/extracted/FY2025P01-P12_070_TAS_Contracts_AccountBreakdownByAward_2026-09-16_H02M56S53_01.csv,276159,25.4,070-0540,FY2025P07,,70CDCR25FR0000012,70CDCR20D00000006,7012,CONT_AWD_70CDCR25FR0000012_7012_70CDCR20D00000006_7012,,,Contracts,,True,outside_pilot
DHS_FY2025P12_c:FY2025P01-P12_070_TAS_Contracts_AccountBreakdownByAward_2026-09-16_H02M56S53_01.csv:row:276161,DHS_FY2025P12_c/extracted/FY2025P01-P12_070_TAS_Contracts_AccountBreakdownByAward_2026-09-16_H02M56S53_01.csv,276161,25.4,070-0540,FY2025P11,,70CDCR25FR0000012,70CDCR20D00000006,7012,CONT_AWD_70CDCR25FR0000012_7012_70CDCR20D00000006_7012,,,Contracts,,True,outside_pilot
DHS_FY2025P12_c:FY2025P01-P12_070_TAS_Contracts_AccountBreakdownByAward_2026-09-16_H02M56S53_01.csv:row:276165,DHS_FY2025P12_c/extracted/FY2025P01-P12_070_TAS_Contracts_AccountBreakdownByAward_2026-09-16_H02M56S53_01.csv,276165,25.4,070-0540,FY2025P12,3569173.80,70CDCR25FR0000012,70CDCR20D00000006,7012,CONT_AWD_70CDCR25FR0000012_7012_70CDCR20D00000006_7012,,,Contracts,3569173.80,False,outside_pilot
DHS_FY2025P12_c:FY2025P01-P12_070_TAS_Contracts_AccountBreakdownByAward_2026-09-16_H02M56S53_01.csv:row:276169,DHS_FY2025P12_c/extracted/FY2025P01-P12_070_TAS_Contracts_AccountBreakdownByAward_2026-09-16_H02M56S53_01.csv,276169,25.4,070-0540,FY2025P09,3423552.00,70CDCR25FR0000012,70CDCR20D00000006,7012,CONT_AWD_70CDCR25FR0000012_7012_70CDCR20D00000006_7012,,,Contracts,3423552.00,False,outside_pilot
DHS_FY2025P12_c:FY2025P01-P12_070_TAS_Contracts_AccountBreakdownByAward_2026-09-16_H02M56S53_01.csv:row:276176,DHS_FY2025P12_c/extracted/FY2025P01-P12_070_TAS_Contracts_AccountBreakdownByAward_2026-09-16_H02M56S53_01.csv,276176,25.4,070-0540,FY2025P12,,70CDCR25FR0000012,70CDCR20D00000006,7012,CONT_AWD_70CDCR25FR0000012_7012_70CDCR20D00000006_7012,,,Contracts,,True,outside_pilot
DHS_FY2025P12_c:FY2025P01-P12_070_TAS_Contracts_AccountBreakdownByAward_2026-09-16_H02M56S53_01.csv:row:276180,DHS_FY2025P12_c/extracted/FY2025P01-P12_070_TAS_Contracts_AccountBreakdownByAward_2026-09-16_H02M56S53_01.csv,276180,25.4,070-0540,FY2025P10,,70CDCR25FR0000012,70CDCR20D00000006,7012,CONT_AWD_70CDCR25FR0000012_7012_70CDCR20D00000006_7012,,,Contracts,,True,outside_pilot
DHS_FY2025P12_c:FY2025P01-P12_070_TAS_Contracts_AccountBreakdownByAward_2026-09-16_H02M56S53_01.csv:row:276183,DHS_FY2025P12_c/extracted/FY2025P01-P12_070_TAS_Contracts_AccountBreakdownByAward_2026-09-16_H02M56S53_01.csv,276183,25.4,070-0540,FY2025P06,,70CDCR25FR0000012,70CDCR20D00000006,7012,CONT_AWD_70CDCR25FR0000012_7012_70CDCR20D00000006_7012,,,Contracts,,True,outside_pilot
DHS_FY2025P12_c:FY2025P01-P12_070_TAS_Contracts_AccountBreakdownByAward_2026-09-16_H02M56S53_01.csv:row:277712,DHS_FY2025P12_c/extracted/FY2025P01-P12_070_TAS_Contracts_AccountBreakdownByAward_2026-09-16_H02M56S53_01.csv,277712,25.4,070-0540,FY2025P08,250.00,70CDCR25FR0000071,70CDCR25D00000025,7012,CONT_AWD_70CDCR25FR0000071_7012_70CDCR25D00000025_7012,,,Contracts,250.00,False,outside_pilot
DHS_FY2025P12_c:FY2025P01-P12_070_TAS_Contracts_AccountBreakdownByAward_2026-09-16_H02M56S53_01.csv:row:277826,DHS_FY2025P12_c/extracted/FY2025P01-P12_070_TAS_Contracts_AccountBreakdownByAward_2026-09-16_H02M56S53_01.csv,277826,25.4,070-0540,FY2025P07,-19757.83,70CDCR20FR0000036,HSCEDM17D00009,7012,CONT_AWD_70CDCR20FR0000036_7012_HSCEDM17D00009_7012,,,Contracts,-19757.83,False,outside_pilot
DHS_FY2025P12_c:FY2025P01-P12_070_TAS_Contracts_AccountBreakdownByAward_2026-09-16_H02M56S53_01.csv:row:279071,DHS_FY2025P12_c/extracted/FY2025P01-P12_070_TAS_Contracts_AccountBreakdownByAward_2026-09-16_H02M56S53_01.csv,279071,25.4,070-0540,FY2025P11,,70CDCR24FR0000039,70CDCR20D00000013,7012,CONT_AWD_70CDCR24FR0000039_7012_70CDCR20D00000013_7012,,,Contracts,,True,outside_pilot
DHS_FY2025P12_c:FY2025P01-P12_070_TAS_Contracts_AccountBreakdownByAward_2026-09-16_H02M56S53_01.csv:row:279076,DHS_FY2025P12_c/extracted/FY2025P01-P12_070_TAS_Contracts_AccountBreakdownByAward_2026-09-16_H02M56S53_01.csv,279076,25.4,070-0540,FY2025P07,,70CDCR24FR0000039,70CDCR20D00000013,7012,CONT_AWD_70CDCR24FR0000039_7012_70CDCR20D00000013_7012,,,Contracts,,True,outside_pilot
DHS_FY2025P12_c:FY2025P01-P12_070_TAS_Contracts_AccountBreakdownByAward_2026-09-16_H02M56S53_01.csv:row:279079,DHS_FY2025P12_c/extracted/FY2025P01-P12_070_TAS_Contracts_AccountBreakdownByAward_2026-09-16_H02M56S53_01.csv,279079,25.4,070-0540,FY2025P06,,70CDCR24FR0000039,70CDCR20D00000013,7012,CONT_AWD_70CDCR24FR0000039_7012_70CDCR20D00000013_7012,,,Contracts,,True,outside_pilot
DHS_FY2025P12_c:FY2025P01-P12_070_TAS_Contracts_AccountBreakdownByAward_2026-09-16_H02M56S53_01.csv:row:279081,DHS_FY2025P12_c/extracted/FY2025P01-P12_070_TAS_Contracts_AccountBreakdownByAward_2026-09-16_H02M56S53_01.csv,279081,25.4,070-0540,FY2025P06,2102865.00,70CDCR24FR0000039,70CDCR20D00000013,7012,CONT_AWD_70CDCR24FR0000039_7012_70CDCR20D00000013_7012,,,Contracts,2102865.00,False,outside_pilot
DHS_FY2025P12_c:FY2025P01-P12_070_TAS_Contracts_AccountBreakdownByAward_2026-09-16_H02M56S53_01.csv:row:279083,DHS_FY2025P12_c/extracted/FY2025P01-P12_070_TAS_Contracts_AccountBreakdownByAward_2026-09-16_H02M56S53_01.csv,279083,25.4,070-0540,FY2025P05,,70CDCR24FR0000039,70CDCR20D00000013,7012,CONT_AWD_70CDCR24FR0000039_7012_70CDCR20D00000013_7012,,,Contracts,,True,outside_pilot
DHS_FY2025P12_c:FY2025P01-P12_070_TAS_Contracts_AccountBreakdownByAward_2026-09-16_H02M56S53_01.csv:row:279084,DHS_FY2025P12_c/extracted/FY2025P01-P12_070_TAS_Contracts_AccountBreakdownByAward_2026-09-16_H02M56S53_01.csv,279084,25.4,070-0540,FY2025P05,,70CDCR24FR0000039,70CDCR20D00000013,7012,CONT_AWD_70CDCR24FR0000039_7012_70CDCR20D00000013_7012,,,Contracts,,True,outside_pilot
DHS_FY2025P12_c:FY2025P01-P12_070_TAS_Contracts_AccountBreakdownByAward_2026-09-16_H02M56S53_01.csv:row:279091,DHS_FY2025P12_c/extracted/FY2025P01-P12_070_TAS_Contracts_AccountBreakdownByAward_2026-09-16_H02M56S53_01.csv,279091,25.4,070-0540,FY2025P10,1914119.00,70CDCR24FR0000039,70CDCR20D00000013,7012,CONT_AWD_70CDCR24FR0000039_7012_70CDCR20D00000013_7012,,,Contracts,1914119.00,False,outside_pilot
DHS_FY2025P12_c:FY2025P01-P12_070_TAS_Contracts_AccountBreakdownByAward_2026-09-16_H02M56S53_01.csv:row:279093,DHS_FY2025P12_c/extracted/FY2025P01-P12_070_TAS_Contracts_AccountBreakdownByAward_2026-09-16_H02M56S53_01.csv,279093,25.4,070-0540,FY2025P10,,70CDCR24FR0000039,70CDCR20D00000013,7012,CONT_AWD_70CDCR24FR0000039_7012_70CDCR20D00000013_7012,,,Contracts,,True,outside_pilot
DHS_FY2025P12_c:FY2025P01-P12_070_TAS_Contracts_AccountBreakdownByAward_2026-09-16_H02M56S53_01.csv:row:279096,DHS_FY2025P12_c/extracted/FY2025P01-P12_070_TAS_Contracts_AccountBreakdownByAward_2026-09-16_H02M56S53_01.csv,279096,25.4,070-0540,FY2025P10,,70CDCR24FR0000039,70CDCR20D00000013,7012,CONT_AWD_70CDCR24FR0000039_7012_70CDCR20D00000013_7012,,,Contracts,,True,outside_pilot
DHS_FY2025P12_c:FY2025P01-P12_070_TAS_Contracts_AccountBreakdownByAward_2026-09-16_H02M56S53_01.csv:row:279103,DHS_FY2025P12_c/extracted/FY2025P01-P12_070_TAS_Contracts_AccountBreakdownByAward_2026-09-16_H02M56S53_01.csv,279103,25.4,070-0540,FY2025P07,1952600.00,70CDCR24FR0000039,70CDCR20D00000013,7012,CONT_AWD_70CDCR24FR0000039_7012_70CDCR20D00000013_7012,,,Contracts,1952600.00,False,outside_pilot
DHS_FY2025P12_c:FY2025P01-P12_070_TAS_Contracts_AccountBreakdownByAward_2026-09-16_H02M56S53_01.csv:row:279104,DHS_FY2025P12_c/extracted/FY2025P01-P12_070_TAS_Contracts_AccountBreakdownByAward_2026-09-16_H02M56S53_01.csv,279104,25.4,070-0540,FY2025P07,3902100.00,70CDCR24FR0000039,70CDCR20D00000013,7012,CONT_AWD_70CDCR24FR0000039_7012_70CDCR20D00000013_7012,,,Contracts,3902100.00,False,outside_pilot
DHS_FY2025P12_c:FY2025P01-P12_070_TAS_Contracts_AccountBreakdownByAward_2026-09-16_H02M56S53_01.csv:row:279106,DHS_FY2025P12_c/extracted/FY2025P01-P12_070_TAS_Contracts_AccountBreakdownByAward_2026-09-16_H02M56S53_01.csv,279106,25.4,070-0540,FY2025P11,,70CDCR24FR0000039,70CDCR20D00000013,7012,CONT_AWD_70CDCR24FR0000039_7012_70CDCR20D00000013_7012,,,Contracts,,True,outside_pilot
DHS_FY2025P12_c:FY2025P01-P12_070_TAS_Contracts_AccountBreakdownByAward_2026-09-16_H02M56S53_01.csv:row:279108,DHS_FY2025P12_c/extracted/FY2025P01-P12_070_TAS_Contracts_AccountBreakdownByAward_2026-09-16_H02M56S53_01.csv,279108,25.4,070-0540,FY2025P12,,70CDCR24FR0000039,70CDCR20D00000013,7012,CONT_AWD_70CDCR24FR0000039_7012_70CDCR20D00000013_7012,,,Contracts,,True,outside_pilot
DHS_FY2025P12_c:FY2025P01-P12_070_TAS_Contracts_AccountBreakdownByAward_2026-09-16_H02M56S53_01.csv:row:279114,DHS_FY2025P12_c/extracted/FY2025P01-P12_070_TAS_Contracts_AccountBreakdownByAward_2026-09-16_H02M56S53_01.csv,279114,25.4,070-0540,FY2025P09,,70CDCR24FR0000039,70CDCR20D00000013,7012,CONT_AWD_70CDCR24FR0000039_7012_70CDCR20D00000013_7012,,,Contracts,,True,outside_pilot
DHS_FY2025P12_c:FY2025P01-P12_070_TAS_Contracts_AccountBreakdownByAward_2026-09-16_H02M56S53_01.csv:row:279115,DHS_FY2025P12_c/extracted/FY2025P01-P12_070_TAS_Contracts_AccountBreakdownByAward_2026-09-16_H02M56S53_01.csv,279115,25.4,070-0540,FY2025P09,,70CDCR24FR0000039,70CDCR20D00000013,7012,CONT_AWD_70CDCR24FR0000039_7012_70CDCR20D00000013_7012,,,Contracts,,True,outside_pilot
DHS_FY2025P12_c:FY2025P01-P12_070_TAS_Contracts_AccountBreakdownByAward_2026-09-16_H02M56S53_01.csv:row:279118,DHS_FY2025P12_c/extracted/FY2025P01-P12_070_TAS_Contracts_AccountBreakdownByAward_2026-09-16_H02M56S53_01.csv,279118,25.4,070-0540,FY2025P12,,70CDCR24FR0000039,70CDCR20D00000013,7012,CONT_AWD_70CDCR24FR0000039_7012_70CDCR20D00000013_7012,,,Contracts,,True,outside_pilot
DHS_FY2025P12_c:FY2025P01-P12_070_TAS_Contracts_AccountBreakdownByAward_2026-09-16_H02M56S53_01.csv:row:279134,DHS_FY2025P12_c/extracted/FY2025P01-P12_070_TAS_Contracts_AccountBreakdownByAward_2026-09-16_H02M56S53_01.csv,279134,25.4,070-0540,FY2025P06,,70CDCR24FR0000039,70CDCR20D00000013,7012,CONT_AWD_70CDCR24FR0000039_7012_70CDCR20D00000013_7012,,,Contracts,,True,outside_pilot
DHS_FY2025P12_c:FY2025P01-P12_070_TAS_Contracts_AccountBreakdownByAward_2026-09-16_H02M56S53_01.csv:row:279137,DHS_FY2025P12_c/extracted/FY2025P01-P12_070_TAS_Contracts_AccountBreakdownByAward_2026-09-16_H02M56S53_01.csv,279137,25.4,070-0540,FY2025P07,,70CDCR24FR0000039,70CDCR20D00000013,7012,CONT_AWD_70CDCR24FR0000039_7012_70CDCR20D00000013_7012,,,Contracts,,True,outside_pilot
DHS_FY2025P12_c:FY2025P01-P12_070_TAS_Contracts_AccountBreakdownByAward_2026-09-16_H02M56S53_01.csv:row:279140,DHS_FY2025P12_c/extracted/FY2025P01-P12_070_TAS_Contracts_AccountBreakdownByAward_2026-09-16_H02M56S53_01.csv,279140,25.4,070-0540,FY2025P08,,70CDCR24FR0000039,70CDCR20D00000013,7012,CONT_AWD_70CDCR24FR0000039_7012_70CDCR20D00000013_7012,,,Contracts,,True,outside_pilot
DHS_FY2025P12_c:FY2025P01-P12_070_TAS_Contracts_AccountBreakdownByAward_2026-09-16_H02M56S53_01.csv:row:279155,DHS_FY2025P12_c/extracted/FY2025P01-P12_070_TAS_Contracts_AccountBreakdownByAward_2026-09-16_H02M56S53_01.csv,279155,25.4,070-0540,FY2025P08,3902100.00,70CDCR24FR0000039,70CDCR20D00000013,7012,CONT_AWD_70CDCR24FR0000039_7012_70CDCR20D00000013_7012,,,Contracts,3902100.00,False,outside_pilot
DHS_FY2025P12_c:FY2025P01-P12_070_TAS_Contracts_AccountBreakdownByAward_2026-09-16_H02M56S53_01.csv:row:279156,DHS_FY2025P12_c/extracted/FY2025P01-P12_070_TAS_Contracts_AccountBreakdownByAward_2026-09-16_H02M56S53_01.csv,279156,25.4,070-0540,FY2025P08,-3902100.00,70CDCR24FR0000039,70CDCR20D00000013,7012,CONT_AWD_70CDCR24FR0000039_7012_70CDCR20D00000013_7012,,,Contracts,-3902100.00,False,outside_pilot
DHS_FY2025P12_c:FY2025P01-P12_070_TAS_Contracts_AccountBreakdownByAward_2026-09-16_H02M56S53_01.csv:row:279159,DHS_FY2025P12_c/extracted/FY2025P01-P12_070_TAS_Contracts_AccountBreakdownByAward_2026-09-16_H02M56S53_01.csv,279159,25.4,070-0540,FY2025P08,,70CDCR24FR0000039,70CDCR20D00000013,7012,CONT_AWD_70CDCR24FR0000039_7012_70CDCR20D00000013_7012,,,Contracts,,True,outside_pilot
DHS_FY2025P12_c:FY2025P01-P12_070_TAS_Contracts_AccountBreakdownByAward_2026-09-16_H02M56S53_01.csv:row:286085,DHS_FY2025P12_c/extracted/FY2025P01-P12_070_TAS_Contracts_AccountBreakdownByAward_2026-09-16_H02M56S53_01.csv,286085,25.4,070-0540,FY2025P11,,70CMSW18FR0000002,GS06Q16BQDS105,7012,CONT_AWD_70CMSW18FR0000002_7012_GS06Q16BQDS105_4732,,,Contracts,,True,outside_pilot
DHS_FY2025P12_c:FY2025P01-P12_070_TAS_Contracts_AccountBreakdownByAward_2026-09-16_H02M56S53_01.csv:row:286090,DHS_FY2025P12_c/extracted/FY2025P01-P12_070_TAS_Contracts_AccountBreakdownByAward_2026-09-16_H02M56S53_01.csv,286090,25.4,070-0540,FY2025P07,,70CMSW18FR0000002,GS06Q16BQDS105,7012,CONT_AWD_70CMSW18FR0000002_7012_GS06Q16BQDS105_4732,,,Contracts,,True,outside_pilot
DHS_FY2025P12_c:FY2025P01-P12_070_TAS_Contracts_AccountBreakdownByAward_2026-09-16_H02M56S53_01.csv:row:286093,DHS_FY2025P12_c/extracted/FY2025P01-P12_070_TAS_Contracts_AccountBreakdownByAward_2026-09-16_H02M56S53_01.csv,286093,25.4,070-0540,FY2025P10,,70CMSW18FR0000002,GS06Q16BQDS105,7012,CONT_AWD_70CMSW18FR0000002_7012_GS06Q16BQDS105_4732,,,Contracts,,True,outside_pilot
DHS_FY2025P12_c:FY2025P01-P12_070_TAS_Contracts_AccountBreakdownByAward_2026-09-16_H02M56S53_01.csv:row:286101,DHS_FY2025P12_c/extracted/FY2025P01-P12_070_TAS_Contracts_AccountBreakdownByAward_2026-09-16_H02M56S53_01.csv,286101,25.4,070-0540,FY2025P06,,70CMSW18FR0000002,GS06Q16BQDS105,7012,CONT_AWD_70CMSW18FR0000002_7012_GS06Q16BQDS105_4732,,,Contracts,,True,outside_pilot
DHS_FY2025P12_c:FY2025P01-P12_070_TAS_Contracts_AccountBreakdownByAward_2026-09-16_H02M56S53_01.csv:row:286106,DHS_FY2025P12_c/extracted/FY2025P01-P12_070_TAS_Contracts_AccountBreakdownByAward_2026-09-16_H02M56S53_01.csv,286106,25.4,070-0540,FY2025P05,,70CMSW18FR0000002,GS06Q16BQDS105,7012,CONT_AWD_70CMSW18FR0000002_7012_GS06Q16BQDS105_4732,,,Contracts,,True,outside_pilot
DHS_FY2025P12_c:FY2025P01-P12_070_TAS_Contracts_AccountBreakdownByAward_2026-09-16_H02M56S53_01.csv:row:286109,DHS_FY2025P12_c/extracted/FY2025P01-P12_070_TAS_Contracts_AccountBreakdownByAward_2026-09-16_H02M56S53_01.csv,286109,25.4,070-0540,FY2025P09,,70CMSW18FR0000002,GS06Q16BQDS105,7012,CONT_AWD_70CMSW18FR0000002_7012_GS06Q16BQDS105_4732,,,Contracts,,True,outside_pilot
DHS_FY2025P12_c:FY2025P01-P12_070_TAS_Contracts_AccountBreakdownByAward_2026-09-16_H02M56S53_01.csv:row:286115,DHS_FY2025P12_c/extracted/FY2025P01-P12_070_TAS_Contracts_AccountBreakdownByAward_2026-09-16_H02M56S53_01.csv,286115,25.4,070-0540,FY2025P08,,70CMSW18FR0000002,GS06Q16BQDS105,7012,CONT_AWD_70CMSW18FR0000002_7012_GS06Q16BQDS105_4732,,,Contracts,,True,outside_pilot
DHS_FY2025P12_c:FY2025P01-P12_070_TAS_Contracts_AccountBreakdownByAward_2026-09-16_H02M56S53_01.csv:row:286121,DHS_FY2025P12_c/extracted/FY2025P01-P12_070_TAS_Contracts_AccountBreakdownByAward_2026-09-16_H02M56S53_01.csv,286121,25.4,070-0540,FY2025P12,-127301.91,70CMSW18FR0000002,GS06Q16BQDS105,7012,CONT_AWD_70CMSW18FR0000002_7012_GS06Q16BQDS105_4732,,,Contracts,-127301.91,False,outside_pilot
DHS_FY2025P12_c:FY2025P01-P12_070_TAS_Contracts_AccountBreakdownByAward_2026-09-16_H02M56S53_01.csv:row:286125,DHS_FY2025P12_c/extracted/FY2025P01-P12_070_TAS_Contracts_AccountBreakdownByAward_2026-09-16_H02M56S53_01.csv,286125,25.4,070-0540,FY2025P12,,70CMSW18FR0000002,GS06Q16BQDS105,7012,CONT_AWD_70CMSW18FR0000002_7012_GS06Q16BQDS105_4732,,,Contracts,,True,outside_pilot
DHS_FY2025P12_c:FY2025P01-P12_070_TAS_Contracts_AccountBreakdownByAward_2026-09-16_H02M56S53_01.csv:row:286229,DHS_FY2025P12_c/extracted/FY2025P01-P12_070_TAS_Contracts_AccountBreakdownByAward_2026-09-16_H02M56S53_01.csv,286229,25.4,070-0540,FY2025P08,250.00,70CDCR25FR0000055,70CDCR25D00000048,7012,CONT_AWD_70CDCR25FR0000055_7012_70CDCR25D00000048_7012,,,Contracts,250.00,False,outside_pilot
DHS_FY2025P12_c:FY2025P01-P12_070_TAS_Contracts_AccountBreakdownByAward_2026-09-16_H02M56S53_01.csv:row:286892,DHS_FY2025P12_c/extracted/FY2025P01-P12_070_TAS_Contracts_AccountBreakdownByAward_2026-09-16_H02M56S53_01.csv,286892,25.4,070-0540,FY2025P11,17056401.00,70CDCR25FR0000096,70CDCR25D00000009,7012,CONT_AWD_70CDCR25FR0000096_7012_70CDCR25D00000009_7012,,,Contracts,17056401.00,False,outside_pilot
DHS_FY2025P12_c:FY2025P01-P12_070_TAS_Contracts_AccountBreakdownByAward_2026-09-16_H02M56S53_01.csv:row:286894,DHS_FY2025P12_c/extracted/FY2025P01-P12_070_TAS_Contracts_AccountBreakdownByAward_2026-09-16_H02M56S53_01.csv,286894,25.4,070-0540,FY2025P12,4772500.00,70CDCR25FR0000096,70CDCR25D00000009,7012,CONT_AWD_70CDCR25FR0000096_7012_70CDCR25D00000009_7012,,,Contracts,4772500.00,False,outside_pilot
DHS_FY2025P12_c:FY2025P01-P12_070_TAS_Contracts_AccountBreakdownByAward_2026-09-16_H02M56S53_01.csv:row:286896,DHS_FY2025P12_c/extracted/FY2025P01-P12_070_TAS_Contracts_AccountBreakdownByAward_2026-09-16_H02M56S53_01.csv,286896,25.4,070-0540,FY2025P12,,70CDCR25FR0000096,70CDCR25D00000009,7012,CONT_AWD_70CDCR25FR0000096_7012_70CDCR25D00000009_7012,,,Contracts,,True,outside_pilot
DHS_FY2025P12_c:FY2025P01-P12_070_TAS_Contracts_AccountBreakdownByAward_2026-09-16_H02M56S53_01.csv:row:290820,DHS_FY2025P12_c/extracted/FY2025P01-P12_070_TAS_Contracts_AccountBreakdownByAward_2026-09-16_H02M56S53_01.csv,290820,25.4,070-0540,FY2025P11,-3144.90,70CMSW19FR0000030,GS06Q17BQDS201,7012,CONT_AWD_70CMSW19FR0000030_7012_GS06Q17BQDS201_4732,,,Contracts,-3144.90,False,outside_pilot
DHS_FY2025P12_c:FY2025P01-P12_070_TAS_Contracts_AccountBreakdownByAward_2026-09-16_H02M56S53_01.csv:row:290822,DHS_FY2025P12_c/extracted/FY2025P01-P12_070_TAS_Contracts_AccountBreakdownByAward_2026-09-16_H02M56S53_01.csv,290822,25.4,070-0540,FY2025P11,-3543.99,70CMSW19FR0000030,GS06Q17BQDS201,7012,CONT_AWD_70CMSW19FR0000030_7012_GS06Q17BQDS201_4732,,,Contracts,-3543.99,False,outside_pilot
DHS_FY2025P12_c:FY2025P01-P12_070_TAS_Contracts_AccountBreakdownByAward_2026-09-16_H02M56S53_01.csv:row:290825,DHS_FY2025P12_c/extracted/FY2025P01-P12_070_TAS_Contracts_AccountBreakdownByAward_2026-09-16_H02M56S53_01.csv,290825,25.4,070-0540,FY2025P11,-24180.04,70CMSW19FR0000030,GS06Q17BQDS201,7012,CONT_AWD_70CMSW19FR0000030_7012_GS06Q17BQDS201_4732,,,Contracts,-24180.04,False,outside_pilot
DHS_FY2025P12_c:FY2025P01-P12_070_TAS_Contracts_AccountBreakdownByAward_2026-09-16_H02M56S53_01.csv:row:291515,DHS_FY2025P12_c/extracted/FY2025P01-P12_070_TAS_Contracts_AccountBreakdownByAward_2026-09-16_H02M56S53_01.csv,291515,25.4,070-0540,FY2025P12,7700.00,70CTD021FR0000018,GS00Q17NSD3000,7012,CONT_AWD_70CTD021FR0000018_7012_GS00Q17NSD3000_4732,,,Contracts,7700.00,False,outside_pilot
DHS_FY2025P12_c:FY2025P01-P12_070_TAS_Contracts_AccountBreakdownByAward_2026-09-16_H02M56S53_01.csv:row:291536,DHS_FY2025P12_c/extracted/FY2025P01-P12_070_TAS_Contracts_AccountBreakdownByAward_2026-09-16_H02M56S53_01.csv,291536,25.4,070-0540,FY2025P12,7700.00,70CTD021FR0000018,GS00Q17NSD3000,7012,CONT_AWD_70CTD021FR0000018_7012_GS00Q17NSD3000_4732,,,Contracts,7700.00,False,outside_pilot
DHS_FY2025P12_c:FY2025P01-P12_070_TAS_Contracts_AccountBreakdownByAward_2026-09-16_H02M56S53_01.csv:row:292591,DHS_FY2025P12_c/extracted/FY2025P01-P12_070_TAS_Contracts_AccountBreakdownByAward_2026-09-16_H02M56S53_01.csv,292591,25.4,070-0540,FY2025P12,,70CDCR25FR0000039,70CDCR25D00000010,7012,CONT_AWD_70CDCR25FR0000039_7012_70CDCR25D00000010_7012,,,Contracts,,True,outside_pilot
DHS_FY2025P12_c:FY2025P01-P12_070_TAS_Contracts_AccountBreakdownByAward_2026-09-16_H02M56S53_01.csv:row:292592,DHS_FY2025P12_c/extracted/FY2025P01-P12_070_TAS_Contracts_AccountBreakdownByAward_2026-09-16_H02M56S53_01.csv,292592,25.4,070-0540,FY2025P07,10000000.00,70CDCR25FR0000039,70CDCR25D00000010,7012,CONT_AWD_70CDCR25FR0000039_7012_70CDCR25D00000010_7012,,,Contracts,10000000.00,False,outside_pilot
DHS_FY2025P12_c:FY2025P01-P12_070_TAS_Contracts_AccountBreakdownByAward_2026-09-16_H02M56S53_01.csv:row:292593,DHS_FY2025P12_c/extracted/FY2025P01-P12_070_TAS_Contracts_AccountBreakdownByAward_2026-09-16_H02M56S53_01.csv,292593,25.4,070-0540,FY2025P11,,70CDCR25FR0000039,70CDCR25D00000010,7012,CONT_AWD_70CDCR25FR0000039_7012_70CDCR25D00000010_7012,,,Contracts,,True,outside_pilot
DHS_FY2025P12_c:FY2025P01-P12_070_TAS_Contracts_AccountBreakdownByAward_2026-09-16_H02M56S53_01.csv:row:292594,DHS_FY2025P12_c/extracted/FY2025P01-P12_070_TAS_Contracts_AccountBreakdownByAward_2026-09-16_H02M56S53_01.csv,292594,25.4,070-0540,FY2025P11,3500000.00,70CDCR25FR0000039,70CDCR25D00000010,7012,CONT_AWD_70CDCR25FR0000039_7012_70CDCR25D00000010_7012,,,Contracts,3500000.00,False,outside_pilot
DHS_FY2025P12_c:FY2025P01-P12_070_TAS_Contracts_AccountBreakdownByAward_2026-09-16_H02M56S53_01.csv:row:292595,DHS_FY2025P12_c/extracted/FY2025P01-P12_070_TAS_Contracts_AccountBreakdownByAward_2026-09-16_H02M56S53_01.csv,292595,25.4,070-0540,FY2025P09,,70CDCR25FR0000039,70CDCR25D00000010,7012,CONT_AWD_70CDCR25FR0000039_7012_70CDCR25D00000010_7012,,,Contracts,,True,outside_pilot
DHS_FY2025P12_c:FY2025P01-P12_070_TAS_Contracts_AccountBreakdownByAward_2026-09-16_H02M56S53_01.csv:row:292596,DHS_FY2025P12_c/extracted/FY2025P01-P12_070_TAS_Contracts_AccountBreakdownByAward_2026-09-16_H02M56S53_01.csv,292596,25.4,070-0540,FY2025P10,,70CDCR25FR0000039,70CDCR25D00000010,7012,CONT_AWD_70CDCR25FR0000039_7012_70CDCR25D00000010_7012,,,Contracts,,True,outside_pilot
DHS_FY2025P12_c:FY2025P01-P12_070_TAS_Contracts_AccountBreakdownByAward_2026-09-16_H02M56S53_01.csv:row:296790,DHS_FY2025P12_c/extracted/FY2025P01-P12_070_TAS_Contracts_AccountBreakdownByAward_2026-09-16_H02M56S53_01.csv,296790,25.4,070-0540,FY2025P06,,70CTD023FC0000024,70CTD022A00000002,7012,CONT_AWD_70CTD023FC0000024_7012_70CTD022A00000002_7012,,,Contracts,,True,outside_pilot
DHS_FY2025P12_c:FY2025P01-P12_070_TAS_Contracts_AccountBreakdownByAward_2026-09-16_H02M56S53_01.csv:row:296791,DHS_FY2025P12_c/extracted/FY2025P01-P12_070_TAS_Contracts_AccountBreakdownByAward_2026-09-16_H02M56S53_01.csv,296791,25.4,070-0540,FY2025P05,,70CTD023FC0000024,70CTD022A00000002,7012,CONT_AWD_70CTD023FC0000024_7012_70CTD022A00000002_7012,,,Contracts,,True,outside_pilot
DHS_FY2025P12_c:FY2025P01-P12_070_TAS_Contracts_AccountBreakdownByAward_2026-09-16_H02M56S53_01.csv:row:296792,DHS_FY2025P12_c/extracted/FY2025P01-P12_070_TAS_Contracts_AccountBreakdownByAward_2026-09-16_H02M56S53_01.csv,296792,25.4,070-0540,FY2025P12,,70CTD023FC0000024,70CTD022A00000002,7012,CONT_AWD_70CTD023FC0000024_7012_70CTD022A00000002_7012,,,Contracts,,True,outside_pilot
DHS_FY2025P12_c:FY2025P01-P12_070_TAS_Contracts_AccountBreakdownByAward_2026-09-16_H02M56S53_01.csv:row:296793,DHS_FY2025P12_c/extracted/FY2025P01-P12_070_TAS_Contracts_AccountBreakdownByAward_2026-09-16_H02M56S53_01.csv,296793,25.4,070-0540,FY2025P09,,70CTD023FC0000024,70CTD022A00000002,7012,CONT_AWD_70CTD023FC0000024_7012_70CTD022A00000002_7012,,,Contracts,,True,outside_pilot
DHS_FY2025P12_c:FY2025P01-P12_070_TAS_Contracts_AccountBreakdownByAward_2026-09-16_H02M56S53_01.csv:row:296795,DHS_FY2025P12_c/extracted/FY2025P01-P12_070_TAS_Contracts_AccountBreakdownByAward_2026-09-16_H02M56S53_01.csv,296795,25.4,070-0540,FY2025P08,,70CTD023FC0000024,70CTD022A00000002,7012,CONT_AWD_70CTD023FC0000024_7012_70CTD022A00000002_7012,,,Contracts,,True,outside_pilot
DHS_FY2025P12_c:FY2025P01-P12_070_TAS_Contracts_AccountBreakdownByAward_2026-09-16_H02M56S53_01.csv:row:296796,DHS_FY2025P12_c/extracted/FY2025P01-P12_070_TAS_Contracts_AccountBreakdownByAward_2026-09-16_H02M56S53_01.csv,296796,25.4,070-0540,FY2025P10,-16795.97,70CTD023FC0000024,70CTD022A00000002,7012,CONT_AWD_70CTD023FC0000024_7012_70CTD022A00000002_7012,,,Contracts,-16795.97,False,outside_pilot
DHS_FY2025P12_c:FY2025P01-P12_070_TAS_Contracts_AccountBreakdownByAward_2026-09-16_H02M56S53_01.csv:row:296797,DHS_FY2025P12_c/extracted/FY2025P01-P12_070_TAS_Contracts_AccountBreakdownByAward_2026-09-16_H02M56S53_01.csv,296797,25.4,070-0540,FY2025P10,-249749.65,70CTD023FC0000024,70CTD022A00000002,7012,CONT_AWD_70CTD023FC0000024_7012_70CTD022A00000002_7012,,,Contracts,-249749.65,False,outside_pilot
DHS_FY2025P12_c:FY2025P01-P12_070_TAS_Contracts_AccountBreakdownByAward_2026-09-16_H02M56S53_01.csv:row:296799,DHS_FY2025P12_c/extracted/FY2025P01-P12_070_TAS_Contracts_AccountBreakdownByAward_2026-09-16_H02M56S53_01.csv,296799,25.4,070-0540,FY2025P10,,70CTD023FC0000024,70CTD022A00000002,7012,CONT_AWD_70CTD023FC0000024_7012_70CTD022A00000002_7012,,,Contracts,,True,outside_pilot
DHS_FY2025P12_c:FY2025P01-P12_070_TAS_Contracts_AccountBreakdownByAward_2026-09-16_H02M56S53_01.csv:row:296801,DHS_FY2025P12_c/extracted/FY2025P01-P12_070_TAS_Contracts_AccountBreakdownByAward_2026-09-16_H02M56S53_01.csv,296801,25.4,070-0540,FY2025P07,,70CTD023FC0000024,70CTD022A00000002,7012,CONT_AWD_70CTD023FC0000024_7012_70CTD022A00000002_7012,,,Contracts,,True,outside_pilot
DHS_FY2025P12_c:FY2025P01-P12_070_TAS_Contracts_AccountBreakdownByAward_2026-09-16_H02M56S53_01.csv:row:296803,DHS_FY2025P12_c/extracted/FY2025P01-P12_070_TAS_Contracts_AccountBreakdownByAward_2026-09-16_H02M56S53_01.csv,296803,25.4,070-0540,FY2025P11,,70CTD023FC0000024,70CTD022A00000002,7012,CONT_AWD_70CTD023FC0000024_7012_70CTD022A00000002_7012,,,Contracts,,True,outside_pilot
DHS_FY2025P12_c:FY2025P01-P12_070_TAS_Contracts_AccountBreakdownByAward_2026-09-16_H02M56S53_01.csv:row:297795,DHS_FY2025P12_c/extracted/FY2025P01-P12_070_TAS_Contracts_AccountBreakdownByAward_2026-09-16_H02M56S53_01.csv,297795,25.4,070-0540,FY2025P06,,70CDCR25FR0000013,70CDCR20D00000008,7012,CONT_AWD_70CDCR25FR0000013_7012_70CDCR20D00000008_7012,8,AWARD:3df10b1538d7d3021f593379,Contracts,,True,confirmed
DHS_FY2025P12_c:FY2025P01-P12_070_TAS_Contracts_AccountBreakdownByAward_2026-09-16_H02M56S53_01.csv:row:297797,DHS_FY2025P12_c/extracted/FY2025P01-P12_070_TAS_Contracts_AccountBreakdownByAward_2026-09-16_H02M56S53_01.csv,297797,25.4,070-0540,FY2025P08,8370636.25,70CDCR25FR0000013,70CDCR20D00000008,7012,CONT_AWD_70CDCR25FR0000013_7012_70CDCR20D00000008_7012,8,AWARD:b3165cb683614a9c3eb50beb,Contracts,8370636.25,False,confirmed
DHS_FY2025P12_c:FY2025P01-P12_070_TAS_Contracts_AccountBreakdownByAward_2026-09-16_H02M56S53_01.csv:row:297801,DHS_FY2025P12_c/extracted/FY2025P01-P12_070_TAS_Contracts_AccountBreakdownByAward_2026-09-16_H02M56S53_01.csv,297801,25.4,070-0540,FY2025P07,,70CDCR25FR0000013,70CDCR20D00000008,7012,CONT_AWD_70CDCR25FR0000013_7012_70CDCR20D00000008_7012,8,AWARD:db6dda61d7de08d8d38ad210,Contracts,,True,confirmed
DHS_FY2025P12_c:FY2025P01-P12_070_TAS_Contracts_AccountBreakdownByAward_2026-09-16_H02M56S53_01.csv:row:297808,DHS_FY2025P12_c/extracted/FY2025P01-P12_070_TAS_Contracts_AccountBreakdownByAward_2026-09-16_H02M56S53_01.csv,297808,25.4,070-0540,FY2025P05,4870794.14,70CDCR25FR0000013,70CDCR20D00000008,7012,CONT_AWD_70CDCR25FR0000013_7012_70CDCR20D00000008_7012,8,AWARD:35545080a098eef6e66584f6,Contracts,4870794.14,False,confirmed
DHS_FY2025P12_c:FY2025P01-P12_070_TAS_Contracts_AccountBreakdownByAward_2026-09-16_H02M56S53_01.csv:row:297816,DHS_FY2025P12_c/extracted/FY2025P01-P12_070_TAS_Contracts_AccountBreakdownByAward_2026-09-16_H02M56S53_01.csv,297816,25.4,070-0540,FY2025P07,5025324.00,70CDCR25FR0000013,70CDCR20D00000008,7012,CONT_AWD_70CDCR25FR0000013_7012_70CDCR20D00000008_7012,8,AWARD:db6dda61d7de08d8d38ad210,Contracts,5025324.00,False,confirmed
DHS_FY2025P12_c:FY2025P01-P12_070_TAS_Contracts_AccountBreakdownByAward_2026-09-16_H02M56S53_01.csv:row:297824,DHS_FY2025P12_c/extracted/FY2025P01-P12_070_TAS_Contracts_AccountBreakdownByAward_2026-09-16_H02M56S53_01.csv,297824,25.4,070-0540,FY2025P06,15119685.60,70CDCR25FR0000013,70CDCR20D00000008,7012,CONT_AWD_70CDCR25FR0000013_7012_70CDCR20D00000008_7012,8,AWARD:3df10b1538d7d3021f593379,Contracts,15119685.60,False,confirmed
DHS_FY2025P12_c:FY2025P01-P12_070_TAS_Contracts_AccountBreakdownByAward_2026-09-16_H02M56S53_01.csv:row:297828,DHS_FY2025P12_c/extracted/FY2025P01-P12_070_TAS_Contracts_AccountBreakdownByAward_2026-09-16_H02M56S53_01.csv,297828,25.4,070-0540,FY2025P10,,70CDCR25FR0000013,70CDCR20D00000008,7012,CONT_AWD_70CDCR25FR0000013_7012_70CDCR20D00000008_7012,8,AWARD:443a52e6d83f1ea2e0b376dc,Contracts,,True,confirmed
DHS_FY2025P12_c:FY2025P01-P12_070_TAS_Contracts_AccountBreakdownByAward_2026-09-16_H02M56S53_01.csv:row:297831,DHS_FY2025P12_c/extracted/FY2025P01-P12_070_TAS_Contracts_AccountBreakdownByAward_2026-09-16_H02M56S53_01.csv,297831,25.4,070-0540,FY2025P05,,70CDCR25FR0000013,70CDCR20D00000008,7012,CONT_AWD_70CDCR25FR0000013_7012_70CDCR20D00000008_7012,8,AWARD:35545080a098eef6e66584f6,Contracts,,True,confirmed
DHS_FY2025P12_c:FY2025P01-P12_070_TAS_Contracts_AccountBreakdownByAward_2026-09-16_H02M56S53_01.csv:row:297832,DHS_FY2025P12_c/extracted/FY2025P01-P12_070_TAS_Contracts_AccountBreakdownByAward_2026-09-16_H02M56S53_01.csv,297832,25.4,070-0540,FY2025P08,,70CDCR25FR0000013,70CDCR20D00000008,7012,CONT_AWD_70CDCR25FR0000013_7012_70CDCR20D00000008_7012,8,AWARD:b3165cb683614a9c3eb50beb,Contracts,,True,confirmed
DHS_FY2025P12_c:FY2025P01-P12_070_TAS_Contracts_AccountBreakdownByAward_2026-09-16_H02M56S53_01.csv:row:297833,DHS_FY2025P12_c/extracted/FY2025P01-P12_070_TAS_Contracts_AccountBreakdownByAward_2026-09-16_H02M56S53_01.csv,297833,25.4,070-0540,FY2025P12,,70CDCR25FR0000013,70CDCR20D00000008,7012,CONT_AWD_70CDCR25FR0000013_7012_70CDCR20D00000008_7012,8,AWARD:f757720aa62df07012119c6c,Contracts,,True,confirmed
DHS_FY2025P12_c:FY2025P01-P12_070_TAS_Contracts_AccountBreakdownByAward_2026-09-16_H02M56S53_01.csv:row:297835,DHS_FY2025P12_c/extracted/FY2025P01-P12_070_TAS_Contracts_AccountBreakdownByAward_2026-09-16_H02M56S53_01.csv,297835,25.4,070-0540,FY2025P12,10320516.81,70CDCR25FR0000013,70CDCR20D00000008,7012,CONT_AWD_70CDCR25FR0000013_7012_70CDCR20D00000008_7012,8,AWARD:f757720aa62df07012119c6c,Contracts,10320516.81,False,confirmed
DHS_FY2025P12_c:FY2025P01-P12_070_TAS_Contracts_AccountBreakdownByAward_2026-09-16_H02M56S53_01.csv:row:297836,DHS_FY2025P12_c/extracted/FY2025P01-P12_070_TAS_Contracts_AccountBreakdownByAward_2026-09-16_H02M56S53_01.csv,297836,25.4,070-0540,FY2025P09,,70CDCR25FR0000013,70CDCR20D00000008,7012,CONT_AWD_70CDCR25FR0000013_7012_70CDCR20D00000008_7012,8,AWARD:1d1ba965025b2207c5cd0916,Contracts,,True,confirmed
DHS_FY2025P12_c:FY2025P01-P12_070_TAS_Contracts_AccountBreakdownByAward_2026-09-16_H02M56S53_01.csv:row:297844,DHS_FY2025P12_c/extracted/FY2025P01-P12_070_TAS_Contracts_AccountBreakdownByAward_2026-09-16_H02M56S53_01.csv,297844,25.4,070-0540,FY2025P11,,70CDCR25FR0000013,70CDCR20D00000008,7012,CONT_AWD_70CDCR25FR0000013_7012_70CDCR20D00000008_7012,8,AWARD:c7b13a0fec2e422cbc43a272,Contracts,,True,confirmed
DHS_FY2025P12_c:FY2025P01-P12_070_TAS_Contracts_AccountBreakdownByAward_2026-09-16_H02M56S53_01.csv:row:297848,DHS_FY2025P12_c/extracted/FY2025P01-P12_070_TAS_Contracts_AccountBreakdownByAward_2026-09-16_H02M56S53_01.csv,297848,25.4,070-0540,FY2025P07,,70CDCR24FR0000037,DJJODT9C0001,7012,CONT_AWD_70CDCR24FR0000037_7012_DJJODT9C0001_1501,,,Contracts,,True,outside_pilot
DHS_FY2025P12_c:FY2025P01-P12_070_TAS_Contracts_AccountBreakdownByAward_2026-09-16_H02M56S53_01.csv:row:297849,DHS_FY2025P12_c/extracted/FY2025P01-P12_070_TAS_Contracts_AccountBreakdownByAward_2026-09-16_H02M56S53_01.csv,297849,25.4,070-0540,FY2025P09,,70CDCR24FR0000037,DJJODT9C0001,7012,CONT_AWD_70CDCR24FR0000037_7012_DJJODT9C0001_1501,,,Contracts,,True,outside_pilot
DHS_FY2025P12_c:FY2025P01-P12_070_TAS_Contracts_AccountBreakdownByAward_2026-09-16_H02M56S53_01.csv:row:297851,DHS_FY2025P12_c/extracted/FY2025P01-P12_070_TAS_Contracts_AccountBreakdownByAward_2026-09-16_H02M56S53_01.csv,297851,25.4,070-0540,FY2025P06,1620000.00,70CDCR24FR0000037,DJJODT9C0001,7012,CONT_AWD_70CDCR24FR0000037_7012_DJJODT9C0001_1501,,,Contracts,1620000.00,False,outside_pilot
DHS_FY2025P12_c:FY2025P01-P12_070_TAS_Contracts_AccountBreakdownByAward_2026-09-16_H02M56S53_01.csv:row:297854,DHS_FY2025P12_c/extracted/FY2025P01-P12_070_TAS_Contracts_AccountBreakdownByAward_2026-09-16_H02M56S53_01.csv,297854,25.4,070-0540,FY2025P05,,70CDCR24FR0000037,DJJODT9C0001,7012,CONT_AWD_70CDCR24FR0000037_7012_DJJODT9C0001_1501,,,Contracts,,True,outside_pilot
DHS_FY2025P12_c:FY2025P01-P12_070_TAS_Contracts_AccountBreakdownByAward_2026-09-16_H02M56S53_01.csv:row:297855,DHS_FY2025P12_c/extracted/FY2025P01-P12_070_TAS_Contracts_AccountBreakdownByAward_2026-09-16_H02M56S53_01.csv,297855,25.4,070-0540,FY2025P09,,70CDCR24FR0000037,DJJODT9C0001,7012,CONT_AWD_70CDCR24FR0000037_7012_DJJODT9C0001_1501,,,Contracts,,True,outside_pilot
DHS_FY2025P12_c:FY2025P01-P12_070_TAS_Contracts_AccountBreakdownByAward_2026-09-16_H02M56S53_01.csv:row:297856,DHS_FY2025P12_c/extracted/FY2025P01-P12_070_TAS_Contracts_AccountBreakdownByAward_2026-09-16_H02M56S53_01.csv,297856,25.4,070-0540,FY2025P08,,70CDCR24FR0000037,DJJODT9C0001,7012,CONT_AWD_70CDCR24FR0000037_7012_DJJODT9C0001_1501,,,Contracts,,True,outside_pilot
DHS_FY2025P12_c:FY2025P01-P12_070_TAS_Contracts_AccountBreakdownByAward_2026-09-16_H02M56S53_01.csv:row:297858,DHS_FY2025P12_c/extracted/FY2025P01-P12_070_TAS_Contracts_AccountBreakdownByAward_2026-09-16_H02M56S53_01.csv,297858,25.4,070-0540,FY2025P08,,70CDCR24FR0000037,DJJODT9C0001,7012,CONT_AWD_70CDCR24FR0000037_7012_DJJODT9C0001_1501,,,Contracts,,True,outside_pilot
DHS_FY2025P12_c:FY2025P01-P12_070_TAS_Contracts_AccountBreakdownByAward_2026-09-16_H02M56S53_01.csv:row:297861,DHS_FY2025P12_c/extracted/FY2025P01-P12_070_TAS_Contracts_AccountBreakdownByAward_2026-09-16_H02M56S53_01.csv,297861,25.4,070-0540,FY2025P12,,70CDCR24FR0000037,DJJODT9C0001,7012,CONT_AWD_70CDCR24FR0000037_7012_DJJODT9C0001_1501,,,Contracts,,True,outside_pilot
DHS_FY2025P12_c:FY2025P01-P12_070_TAS_Contracts_AccountBreakdownByAward_2026-09-16_H02M56S53_01.csv:row:297862,DHS_FY2025P12_c/extracted/FY2025P01-P12_070_TAS_Contracts_AccountBreakdownByAward_2026-09-16_H02M56S53_01.csv,297862,25.4,070-0540,FY2025P12,403454.00,70CDCR24FR0000037,DJJODT9C0001,7012,CONT_AWD_70CDCR24FR0000037_7012_DJJODT9C0001_1501,,,Contracts,403454.00,False,outside_pilot
DHS_FY2025P12_c:FY2025P01-P12_070_TAS_Contracts_AccountBreakdownByAward_2026-09-16_H02M56S53_01.csv:row:297864,DHS_FY2025P12_c/extracted/FY2025P01-P12_070_TAS_Contracts_AccountBreakdownByAward_2026-09-16_H02M56S53_01.csv,297864,25.4,070-0540,FY2025P10,,70CDCR24FR0000037,DJJODT9C0001,7012,CONT_AWD_70CDCR24FR0000037_7012_DJJODT9C0001_1501,,,Contracts,,True,outside_pilot
DHS_FY2025P12_c:FY2025P01-P12_070_TAS_Contracts_AccountBreakdownByAward_2026-09-16_H02M56S53_01.csv:row:297865,DHS_FY2025P12_c/extracted/FY2025P01-P12_070_TAS_Contracts_AccountBreakdownByAward_2026-09-16_H02M56S53_01.csv,297865,25.4,070-0540,FY2025P10,,70CDCR24FR0000037,DJJODT9C0001,7012,CONT_AWD_70CDCR24FR0000037_7012_DJJODT9C0001_1501,,,Contracts,,True,outside_pilot
DHS_FY2025P12_c:FY2025P01-P12_070_TAS_Contracts_AccountBreakdownByAward_2026-09-16_H02M56S53_01.csv:row:297869,DHS_FY2025P12_c/extracted/FY2025P01-P12_070_TAS_Contracts_AccountBreakdownByAward_2026-09-16_H02M56S53_01.csv,297869,25.4,070-0540,FY2025P06,,70CDCR24FR0000037,DJJODT9C0001,7012,CONT_AWD_70CDCR24FR0000037_7012_DJJODT9C0001_1501,,,Contracts,,True,outside_pilot
DHS_FY2025P12_c:FY2025P01-P12_070_TAS_Contracts_AccountBreakdownByAward_2026-09-16_H02M56S53_01.csv:row:297870,DHS_FY2025P12_c/extracted/FY2025P01-P12_070_TAS_Contracts_AccountBreakdownByAward_2026-09-16_H02M56S53_01.csv,297870,25.4,070-0540,FY2025P06,,70CDCR24FR0000037,DJJODT9C0001,7012,CONT_AWD_70CDCR24FR0000037_7012_DJJODT9C0001_1501,,,Contracts,,True,outside_pilot
DHS_FY2025P12_c:FY2025P01-P12_070_TAS_Contracts_AccountBreakdownByAward_2026-09-16_H02M56S53_01.csv:row:297871,DHS_FY2025P12_c/extracted/FY2025P01-P12_070_TAS_Contracts_AccountBreakdownByAward_2026-09-16_H02M56S53_01.csv,297871,25.4,070-0540,FY2025P07,,70CDCR24FR0000037,DJJODT9C0001,7012,CONT_AWD_70CDCR24FR0000037_7012_DJJODT9C0001_1501,,,Contracts,,True,outside_pilot
DHS_FY2025P12_c:FY2025P01-P12_070_TAS_Contracts_AccountBreakdownByAward_2026-09-16_H02M56S53_01.csv:row:297872,DHS_FY2025P12_c/extracted/FY2025P01-P12_070_TAS_Contracts_AccountBreakdownByAward_2026-09-16_H02M56S53_01.csv,297872,25.4,070-0540,FY2025P07,2706600.00,70CDCR24FR0000037,DJJODT9C0001,7012,CONT_AWD_70CDCR24FR0000037_7012_DJJODT9C0001_1501,,,Contracts,2706600.00,False,outside_pilot
DHS_FY2025P12_c:FY2025P01-P12_070_TAS_Contracts_AccountBreakdownByAward_2026-09-16_H02M56S53_01.csv:row:297873,DHS_FY2025P12_c/extracted/FY2025P01-P12_070_TAS_Contracts_AccountBreakdownByAward_2026-09-16_H02M56S53_01.csv,297873,25.4,070-0540,FY2025P07,1353400.00,70CDCR24FR0000037,DJJODT9C0001,7012,CONT_AWD_70CDCR24FR0000037_7012_DJJODT9C0001_1501,,,Contracts,1353400.00,False,outside_pilot
DHS_FY2025P12_c:FY2025P01-P12_070_TAS_Contracts_AccountBreakdownByAward_2026-09-16_H02M56S53_01.csv:row:297874,DHS_FY2025P12_c/extracted/FY2025P01-P12_070_TAS_Contracts_AccountBreakdownByAward_2026-09-16_H02M56S53_01.csv,297874,25.4,070-0540,FY2025P05,,70CDCR24FR0000037,DJJODT9C0001,7012,CONT_AWD_70CDCR24FR0000037_7012_DJJODT9C0001_1501,,,Contracts,,True,outside_pilot
DHS_FY2025P12_c:FY2025P01-P12_070_TAS_Contracts_AccountBreakdownByAward_2026-09-16_H02M56S53_01.csv:row:297876,DHS_FY2025P12_c/extracted/FY2025P01-P12_070_TAS_Contracts_AccountBreakdownByAward_2026-09-16_H02M56S53_01.csv,297876,25.4,070-0540,FY2025P05,2841267.00,70CDCR24FR0000037,DJJODT9C0001,7012,CONT_AWD_70CDCR24FR0000037_7012_DJJODT9C0001_1501,,,Contracts,2841267.00,False,outside_pilot
DHS_FY2025P12_c:FY2025P01-P12_070_TAS_Contracts_AccountBreakdownByAward_2026-09-16_H02M56S53_01.csv:row:297878,DHS_FY2025P12_c/extracted/FY2025P01-P12_070_TAS_Contracts_AccountBreakdownByAward_2026-09-16_H02M56S53_01.csv,297878,25.4,070-0540,FY2025P11,,70CDCR24FR0000037,DJJODT9C0001,7012,CONT_AWD_70CDCR24FR0000037_7012_DJJODT9C0001_1501,,,Contracts,,True,outside_pilot
DHS_FY2025P12_c:FY2025P01-P12_070_TAS_Contracts_AccountBreakdownByAward_2026-09-16_H02M56S53_01.csv:row:297879,DHS_FY2025P12_c/extracted/FY2025P01-P12_070_TAS_Contracts_AccountBreakdownByAward_2026-09-16_H02M56S53_01.csv,297879,25.4,070-0540,FY2025P11,1337400.00,70CDCR24FR0000037,DJJODT9C0001,7012,CONT_AWD_70CDCR24FR0000037_7012_DJJODT9C0001_1501,,,Contracts,1337400.00,False,outside_pilot
DHS_FY2025P12_c:FY2025P01-P12_070_TAS_Contracts_AccountBreakdownByAward_2026-09-16_H02M56S53_01.csv:row:297880,DHS_FY2025P12_c/extracted/FY2025P01-P12_070_TAS_Contracts_AccountBreakdownByAward_2026-09-16_H02M56S53_01.csv,297880,25.4,070-0540,FY2025P11,,70CDCR24FR0000037,DJJODT9C0001,7012,CONT_AWD_70CDCR24FR0000037_7012_DJJODT9C0001_1501,,,Contracts,,True,outside_pilot
DHS_FY2025P12_c:FY2025P01-P12_070_TAS_Contracts_AccountBreakdownByAward_2026-09-16_H02M56S53_01.csv:row:297881,DHS_FY2025P12_c/extracted/FY2025P01-P12_070_TAS_Contracts_AccountBreakdownByAward_2026-09-16_H02M56S53_01.csv,297881,25.4,070-0540,FY2025P12,,70CDCR24FR0000037,DJJODT9C0001,7012,CONT_AWD_70CDCR24FR0000037_7012_DJJODT9C0001_1501,,,Contracts,,True,outside_pilot
DHS_FY2025P12_c:FY2025P01-P12_070_TAS_Contracts_AccountBreakdownByAward_2026-09-16_H02M56S53_01.csv:row:299684,DHS_FY2025P12_c/extracted/FY2025P01-P12_070_TAS_Contracts_AccountBreakdownByAward_2026-09-16_H02M56S53_01.csv,299684,25.4,070-0540,FY2025P10,-2219.44,70CDCR23FC0000014,70CDCR18A00000007,7012,CONT_AWD_70CDCR23FC0000014_7012_70CDCR18A00000007_7012,,,Contracts,-2219.44,False,outside_pilot
DHS_FY2025P12_c:FY2025P01-P12_070_TAS_Contracts_AccountBreakdownByAward_2026-09-16_H02M56S53_01.csv:row:30176,DHS_FY2025P12_c/extracted/FY2025P01-P12_070_TAS_Contracts_AccountBreakdownByAward_2026-09-16_H02M56S53_01.csv,30176,25.4,070-0540,FY2025P08,250.00,70CDCR25FR0000054,70CDCR25D00000033,7012,CONT_AWD_70CDCR25FR0000054_7012_70CDCR25D00000033_7012,,,Contracts,250.00,False,outside_pilot
DHS_FY2025P12_c:FY2025P01-P12_070_TAS_Contracts_AccountBreakdownByAward_2026-09-16_H02M56S53_01.csv:row:31593,DHS_FY2025P12_c/extracted/FY2025P01-P12_070_TAS_Contracts_AccountBreakdownByAward_2026-09-16_H02M56S53_01.csv,31593,25.4,070-0540,FY2025P10,-105759.58,70CTD023FC0000025,70CTD022A00000003,7012,CONT_AWD_70CTD023FC0000025_7012_70CTD022A00000003_7012,,,Contracts,-105759.58,False,outside_pilot
DHS_FY2025P12_c:FY2025P01-P12_070_TAS_Contracts_AccountBreakdownByAward_2026-09-16_H02M56S53_01.csv:row:31594,DHS_FY2025P12_c/extracted/FY2025P01-P12_070_TAS_Contracts_AccountBreakdownByAward_2026-09-16_H02M56S53_01.csv,31594,25.4,070-0540,FY2025P10,,70CTD023FC0000025,70CTD022A00000003,7012,CONT_AWD_70CTD023FC0000025_7012_70CTD022A00000003_7012,,,Contracts,,True,outside_pilot
DHS_FY2025P12_c:FY2025P01-P12_070_TAS_Contracts_AccountBreakdownByAward_2026-09-16_H02M56S53_01.csv:row:31596,DHS_FY2025P12_c/extracted/FY2025P01-P12_070_TAS_Contracts_AccountBreakdownByAward_2026-09-16_H02M56S53_01.csv,31596,25.4,070-0540,FY2025P06,,70CTD023FC0000025,70CTD022A00000003,7012,CONT_AWD_70CTD023FC0000025_7012_70CTD022A00000003_7012,,,Contracts,,True,outside_pilot
DHS_FY2025P12_c:FY2025P01-P12_070_TAS_Contracts_AccountBreakdownByAward_2026-09-16_H02M56S53_01.csv:row:31597,DHS_FY2025P12_c/extracted/FY2025P01-P12_070_TAS_Contracts_AccountBreakdownByAward_2026-09-16_H02M56S53_01.csv,31597,25.4,070-0540,FY2025P07,,70CTD023FC0000025,70CTD022A00000003,7012,CONT_AWD_70CTD023FC0000025_7012_70CTD022A00000003_7012,,,Contracts,,True,outside_pilot
DHS_FY2025P12_c:FY2025P01-P12_070_TAS_Contracts_AccountBreakdownByAward_2026-09-16_H02M56S53_01.csv:row:31598,DHS_FY2025P12_c/extracted/FY2025P01-P12_070_TAS_Contracts_AccountBreakdownByAward_2026-09-16_H02M56S53_01.csv,31598,25.4,070-0540,FY2025P12,,70CTD023FC0000025,70CTD022A00000003,7012,CONT_AWD_70CTD023FC0000025_7012_70CTD022A00000003_7012,,,Contracts,,True,outside_pilot
DHS_FY2025P12_c:FY2025P01-P12_070_TAS_Contracts_AccountBreakdownByAward_2026-09-16_H02M56S53_01.csv:row:31599,DHS_FY2025P12_c/extracted/FY2025P01-P12_070_TAS_Contracts_AccountBreakdownByAward_2026-09-16_H02M56S53_01.csv,31599,25.4,070-0540,FY2025P09,,70CTD023FC0000025,70CTD022A00000003,7012,CONT_AWD_70CTD023FC0000025_7012_70CTD022A00000003_7012,,,Contracts,,True,outside_pilot
DHS_FY2025P12_c:FY2025P01-P12_070_TAS_Contracts_AccountBreakdownByAward_2026-09-16_H02M56S53_01.csv:row:31601,DHS_FY2025P12_c/extracted/FY2025P01-P12_070_TAS_Contracts_AccountBreakdownByAward_2026-09-16_H02M56S53_01.csv,31601,25.4,070-0540,FY2025P05,,70CTD023FC0000025,70CTD022A00000003,7012,CONT_AWD_70CTD023FC0000025_7012_70CTD022A00000003_7012,,,Contracts,,True,outside_pilot
DHS_FY2025P12_c:FY2025P01-P12_070_TAS_Contracts_AccountBreakdownByAward_2026-09-16_H02M56S53_01.csv:row:31602,DHS_FY2025P12_c/extracted/FY2025P01-P12_070_TAS_Contracts_AccountBreakdownByAward_2026-09-16_H02M56S53_01.csv,31602,25.4,070-0540,FY2025P08,,70CTD023FC0000025,70CTD022A00000003,7012,CONT_AWD_70CTD023FC0000025_7012_70CTD022A00000003_7012,,,Contracts,,True,outside_pilot
DHS_FY2025P12_c:FY2025P01-P12_070_TAS_Contracts_AccountBreakdownByAward_2026-09-16_H02M56S53_01.csv:row:31603,DHS_FY2025P12_c/extracted/FY2025P01-P12_070_TAS_Contracts_AccountBreakdownByAward_2026-09-16_H02M56S53_01.csv,31603,25.4,070-0540,FY2025P11,,70CTD023FC0000025,70CTD022A00000003,7012,CONT_AWD_70CTD023FC0000025_7012_70CTD022A00000003_7012,,,Contracts,,True,outside_pilot
DHS_FY2025P12_c:FY2025P01-P12_070_TAS_Contracts_AccountBreakdownByAward_2026-09-16_H02M56S53_01.csv:row:36258,DHS_FY2025P12_c/extracted/FY2025P01-P12_070_TAS_Contracts_AccountBreakdownByAward_2026-09-16_H02M56S53_01.csv,36258,25.4,070-0540,FY2025P08,-9.83,70CMSW18C00000006,,7012,CONT_AWD_70CMSW18C00000006_7012_-NONE-_-NONE-,,,Contracts,-9.83,False,outside_pilot
DHS_FY2025P12_c:FY2025P01-P12_070_TAS_Contracts_AccountBreakdownByAward_2026-09-16_H02M56S53_01.csv:row:36443,DHS_FY2025P12_c/extracted/FY2025P01-P12_070_TAS_Contracts_AccountBreakdownByAward_2026-09-16_H02M56S53_01.csv,36443,25.4,070-0540,FY2025P11,910000.00,70CDCR25FR0000044,70CDCR23D00000004,7012,CONT_AWD_70CDCR25FR0000044_7012_70CDCR23D00000004_7012,,,Contracts,910000.00,False,outside_pilot
DHS_FY2025P12_c:FY2025P01-P12_070_TAS_Contracts_AccountBreakdownByAward_2026-09-16_H02M56S53_01.csv:row:36444,DHS_FY2025P12_c/extracted/FY2025P01-P12_070_TAS_Contracts_AccountBreakdownByAward_2026-09-16_H02M56S53_01.csv,36444,25.4,070-0540,FY2025P12,960000.00,70CDCR25FR0000044,70CDCR23D00000004,7012,CONT_AWD_70CDCR25FR0000044_7012_70CDCR23D00000004_7012,,,Contracts,960000.00,False,outside_pilot
DHS_FY2025P12_c:FY2025P01-P12_070_TAS_Contracts_AccountBreakdownByAward_2026-09-16_H02M56S53_01.csv:row:36445,DHS_FY2025P12_c/extracted/FY2025P01-P12_070_TAS_Contracts_AccountBreakdownByAward_2026-09-16_H02M56S53_01.csv,36445,25.4,070-0540,FY2025P09,440400.00,70CDCR25FR0000044,70CDCR23D00000004,7012,CONT_AWD_70CDCR25FR0000044_7012_70CDCR23D00000004_7012,,,Contracts,440400.00,False,outside_pilot
DHS_FY2025P12_c:FY2025P01-P12_070_TAS_Contracts_AccountBreakdownByAward_2026-09-16_H02M56S53_01.csv:row:3923,DHS_FY2025P12_c/extracted/FY2025P01-P12_070_TAS_Contracts_AccountBreakdownByAward_2026-09-16_H02M56S53_01.csv,3923,25.4,070-0540,FY2025P07,,70CDCR24FR0000053,70CDCR21D00000004,7012,CONT_AWD_70CDCR24FR0000053_7012_70CDCR21D00000004_7012,,,Contracts,,True,outside_pilot
DHS_FY2025P12_c:FY2025P01-P12_070_TAS_Contracts_AccountBreakdownByAward_2026-09-16_H02M56S53_01.csv:row:3925,DHS_FY2025P12_c/extracted/FY2025P01-P12_070_TAS_Contracts_AccountBreakdownByAward_2026-09-16_H02M56S53_01.csv,3925,25.4,070-0540,FY2025P06,,70CDCR24FR0000053,70CDCR21D00000004,7012,CONT_AWD_70CDCR24FR0000053_7012_70CDCR21D00000004_7012,,,Contracts,,True,outside_pilot
DHS_FY2025P12_c:FY2025P01-P12_070_TAS_Contracts_AccountBreakdownByAward_2026-09-16_H02M56S53_01.csv:row:3926,DHS_FY2025P12_c/extracted/FY2025P01-P12_070_TAS_Contracts_AccountBreakdownByAward_2026-09-16_H02M56S53_01.csv,3926,25.4,070-0540,FY2025P06,,70CDCR24FR0000053,70CDCR21D00000004,7012,CONT_AWD_70CDCR24FR0000053_7012_70CDCR21D00000004_7012,,,Contracts,,True,outside_pilot
DHS_FY2025P12_c:FY2025P01-P12_070_TAS_Contracts_AccountBreakdownByAward_2026-09-16_H02M56S53_01.csv:row:3927,DHS_FY2025P12_c/extracted/FY2025P01-P12_070_TAS_Contracts_AccountBreakdownByAward_2026-09-16_H02M56S53_01.csv,3927,25.4,070-0540,FY2025P05,,70CDCR24FR0000053,70CDCR21D00000004,7012,CONT_AWD_70CDCR24FR0000053_7012_70CDCR21D00000004_7012,,,Contracts,,True,outside_pilot
DHS_FY2025P12_c:FY2025P01-P12_070_TAS_Contracts_AccountBreakdownByAward_2026-09-16_H02M56S53_01.csv:row:3929,DHS_FY2025P12_c/extracted/FY2025P01-P12_070_TAS_Contracts_AccountBreakdownByAward_2026-09-16_H02M56S53_01.csv,3929,25.4,070-0540,FY2025P07,2578700.00,70CDCR24FR0000053,70CDCR21D00000004,7012,CONT_AWD_70CDCR24FR0000053_7012_70CDCR21D00000004_7012,,,Contracts,2578700.00,False,outside_pilot
DHS_FY2025P12_c:FY2025P01-P12_070_TAS_Contracts_AccountBreakdownByAward_2026-09-16_H02M56S53_01.csv:row:3931,DHS_FY2025P12_c/extracted/FY2025P01-P12_070_TAS_Contracts_AccountBreakdownByAward_2026-09-16_H02M56S53_01.csv,3931,25.4,070-0540,FY2025P07,160000.00,70CDCR24FR0000053,70CDCR21D00000004,7012,CONT_AWD_70CDCR24FR0000053_7012_70CDCR21D00000004_7012,,,Contracts,160000.00,False,outside_pilot
DHS_FY2025P12_c:FY2025P01-P12_070_TAS_Contracts_AccountBreakdownByAward_2026-09-16_H02M56S53_01.csv:row:3933,DHS_FY2025P12_c/extracted/FY2025P01-P12_070_TAS_Contracts_AccountBreakdownByAward_2026-09-16_H02M56S53_01.csv,3933,25.4,070-0540,FY2025P07,,70CDCR24FR0000053,70CDCR21D00000004,7012,CONT_AWD_70CDCR24FR0000053_7012_70CDCR21D00000004_7012,,,Contracts,,True,outside_pilot
DHS_FY2025P12_c:FY2025P01-P12_070_TAS_Contracts_AccountBreakdownByAward_2026-09-16_H02M56S53_01.csv:row:3934,DHS_FY2025P12_c/extracted/FY2025P01-P12_070_TAS_Contracts_AccountBreakdownByAward_2026-09-16_H02M56S53_01.csv,3934,25.4,070-0540,FY2025P09,,70CDCR24FR0000053,70CDCR21D00000004,7012,CONT_AWD_70CDCR24FR0000053_7012_70CDCR21D00000004_7012,,,Contracts,,True,outside_pilot
DHS_FY2025P12_c:FY2025P01-P12_070_TAS_Contracts_AccountBreakdownByAward_2026-09-16_H02M56S53_01.csv:row:3935,DHS_FY2025P12_c/extracted/FY2025P01-P12_070_TAS_Contracts_AccountBreakdownByAward_2026-09-16_H02M56S53_01.csv,3935,25.4,070-0540,FY2025P09,,70CDCR24FR0000053,70CDCR21D00000004,7012,CONT_AWD_70CDCR24FR0000053_7012_70CDCR21D00000004_7012,,,Contracts,,True,outside_pilot
DHS_FY2025P12_c:FY2025P01-P12_070_TAS_Contracts_AccountBreakdownByAward_2026-09-16_H02M56S53_01.csv:row:3942,DHS_FY2025P12_c/extracted/FY2025P01-P12_070_TAS_Contracts_AccountBreakdownByAward_2026-09-16_H02M56S53_01.csv,3942,25.4,070-0540,FY2025P10,,70CDCR24FR0000053,70CDCR21D00000004,7012,CONT_AWD_70CDCR24FR0000053_7012_70CDCR21D00000004_7012,,,Contracts,,True,outside_pilot
DHS_FY2025P12_c:FY2025P01-P12_070_TAS_Contracts_AccountBreakdownByAward_2026-09-16_H02M56S53_01.csv:row:3945,DHS_FY2025P12_c/extracted/FY2025P01-P12_070_TAS_Contracts_AccountBreakdownByAward_2026-09-16_H02M56S53_01.csv,3945,25.4,070-0540,FY2025P10,,70CDCR24FR0000053,70CDCR21D00000004,7012,CONT_AWD_70CDCR24FR0000053_7012_70CDCR21D00000004_7012,,,Contracts,,True,outside_pilot
DHS_FY2025P12_c:FY2025P01-P12_070_TAS_Contracts_AccountBreakdownByAward_2026-09-16_H02M56S53_01.csv:row:3948,DHS_FY2025P12_c/extracted/FY2025P01-P12_070_TAS_Contracts_AccountBreakdownByAward_2026-09-16_H02M56S53_01.csv,3948,25.4,070-0540,FY2025P11,,70CDCR24FR0000053,70CDCR21D00000004,7012,CONT_AWD_70CDCR24FR0000053_7012_70CDCR21D00000004_7012,,,Contracts,,True,outside_pilot
DHS_FY2025P12_c:FY2025P01-P12_070_TAS_Contracts_AccountBreakdownByAward_2026-09-16_H02M56S53_01.csv:row:3949,DHS_FY2025P12_c/extracted/FY2025P01-P12_070_TAS_Contracts_AccountBreakdownByAward_2026-09-16_H02M56S53_01.csv,3949,25.4,070-0540,FY2025P12,,70CDCR24FR0000053,70CDCR21D00000004,7012,CONT_AWD_70CDCR24FR0000053_7012_70CDCR21D00000004_7012,,,Contracts,,True,outside_pilot
DHS_FY2025P12_c:FY2025P01-P12_070_TAS_Contracts_AccountBreakdownByAward_2026-09-16_H02M56S53_01.csv:row:3952,DHS_FY2025P12_c/extracted/FY2025P01-P12_070_TAS_Contracts_AccountBreakdownByAward_2026-09-16_H02M56S53_01.csv,3952,25.4,070-0540,FY2025P06,2496604.00,70CDCR24FR0000053,70CDCR21D00000004,7012,CONT_AWD_70CDCR24FR0000053_7012_70CDCR21D00000004_7012,,,Contracts,2496604.00,False,outside_pilot
DHS_FY2025P12_c:FY2025P01-P12_070_TAS_Contracts_AccountBreakdownByAward_2026-09-16_H02M56S53_01.csv:row:3965,DHS_FY2025P12_c/extracted/FY2025P01-P12_070_TAS_Contracts_AccountBreakdownByAward_2026-09-16_H02M56S53_01.csv,3965,25.4,070-0540,FY2025P08,,70CDCR24FR0000053,70CDCR21D00000004,7012,CONT_AWD_70CDCR24FR0000053_7012_70CDCR21D00000004_7012,,,Contracts,,True,outside_pilot
DHS_FY2025P12_c:FY2025P01-P12_070_TAS_Contracts_AccountBreakdownByAward_2026-09-16_H02M56S53_01.csv:row:3966,DHS_FY2025P12_c/extracted/FY2025P01-P12_070_TAS_Contracts_AccountBreakdownByAward_2026-09-16_H02M56S53_01.csv,3966,25.4,070-0540,FY2025P08,,70CDCR24FR0000053,70CDCR21D00000004,7012,CONT_AWD_70CDCR24FR0000053_7012_70CDCR21D00000004_7012,,,Contracts,,True,outside_pilot
DHS_FY2025P12_c:FY2025P01-P12_070_TAS_Contracts_AccountBreakdownByAward_2026-09-16_H02M56S53_01.csv:row:3968,DHS_FY2025P12_c/extracted/FY2025P01-P12_070_TAS_Contracts_AccountBreakdownByAward_2026-09-16_H02M56S53_01.csv,3968,25.4,070-0540,FY2025P08,5157400.00,70CDCR24FR0000053,70CDCR21D00000004,7012,CONT_AWD_70CDCR24FR0000053_7012_70CDCR21D00000004_7012,,,Contracts,5157400.00,False,outside_pilot
DHS_FY2025P12_c:FY2025P01-P12_070_TAS_Contracts_AccountBreakdownByAward_2026-09-16_H02M56S53_01.csv:row:3969,DHS_FY2025P12_c/extracted/FY2025P01-P12_070_TAS_Contracts_AccountBreakdownByAward_2026-09-16_H02M56S53_01.csv,3969,25.4,070-0540,FY2025P11,4770400.00,70CDCR24FR0000053,70CDCR21D00000004,7012,CONT_AWD_70CDCR24FR0000053_7012_70CDCR21D00000004_7012,,,Contracts,4770400.00,False,outside_pilot
DHS_FY2025P12_c:FY2025P01-P12_070_TAS_Contracts_AccountBreakdownByAward_2026-09-16_H02M56S53_01.csv:row:3971,DHS_FY2025P12_c/extracted/FY2025P01-P12_070_TAS_Contracts_AccountBreakdownByAward_2026-09-16_H02M56S53_01.csv,3971,25.4,070-0540,FY2025P11,,70CDCR24FR0000053,70CDCR21D00000004,7012,CONT_AWD_70CDCR24FR0000053_7012_70CDCR21D00000004_7012,,,Contracts,,True,outside_pilot
DHS_FY2025P12_c:FY2025P01-P12_070_TAS_Contracts_AccountBreakdownByAward_2026-09-16_H02M56S53_01.csv:row:3974,DHS_FY2025P12_c/extracted/FY2025P01-P12_070_TAS_Contracts_AccountBreakdownByAward_2026-09-16_H02M56S53_01.csv,3974,25.4,070-0540,FY2025P05,,70CDCR24FR0000053,70CDCR21D00000004,7012,CONT_AWD_70CDCR24FR0000053_7012_70CDCR21D00000004_7012,,,Contracts,,True,outside_pilot
DHS_FY2025P12_c:FY2025P01-P12_070_TAS_Contracts_AccountBreakdownByAward_2026-09-16_H02M56S53_01.csv:row:3976,DHS_FY2025P12_c/extracted/FY2025P01-P12_070_TAS_Contracts_AccountBreakdownByAward_2026-09-16_H02M56S53_01.csv,3976,25.4,070-0540,FY2025P12,,70CDCR24FR0000053,70CDCR21D00000004,7012,CONT_AWD_70CDCR24FR0000053_7012_70CDCR21D00000004_7012,,,Contracts,,True,outside_pilot
DHS_FY2025P12_c:FY2025P01-P12_070_TAS_Contracts_AccountBreakdownByAward_2026-09-16_H02M56S53_01.csv:row:3977,DHS_FY2025P12_c/extracted/FY2025P01-P12_070_TAS_Contracts_AccountBreakdownByAward_2026-09-16_H02M56S53_01.csv,3977,25.4,070-0540,FY2025P12,81518.99,70CDCR24FR0000053,70CDCR21D00000004,7012,CONT_AWD_70CDCR24FR0000053_7012_70CDCR21D00000004_7012,,,Contracts,81518.99,False,outside_pilot
DHS_FY2025P12_c:FY2025P01-P12_070_TAS_Contracts_AccountBreakdownByAward_2026-09-16_H02M56S53_01.csv:row:40445,DHS_FY2025P12_c/extracted/FY2025P01-P12_070_TAS_Contracts_AccountBreakdownByAward_2026-09-16_H02M56S53_01.csv,40445,25.4,070-0540,FY2025P12,10204800.00,70CDCR25FR0000097,HSCEDM17D00009,7012,CONT_AWD_70CDCR25FR0000097_7012_HSCEDM17D00009_7012,,,Contracts,10204800.00,False,outside_pilot
DHS_FY2025P12_c:FY2025P01-P12_070_TAS_Contracts_AccountBreakdownByAward_2026-09-16_H02M56S53_01.csv:row:40446,DHS_FY2025P12_c/extracted/FY2025P01-P12_070_TAS_Contracts_AccountBreakdownByAward_2026-09-16_H02M56S53_01.csv,40446,25.4,070-0540,FY2025P12,10038100.00,70CDCR25FR0000097,HSCEDM17D00009,7012,CONT_AWD_70CDCR25FR0000097_7012_HSCEDM17D00009_7012,,,Contracts,10038100.00,False,outside_pilot
DHS_FY2025P12_c:FY2025P01-P12_070_TAS_Contracts_AccountBreakdownByAward_2026-09-16_H02M56S53_01.csv:row:42366,DHS_FY2025P12_c/extracted/FY2025P01-P12_070_TAS_Contracts_AccountBreakdownByAward_2026-09-16_H02M56S53_01.csv,42366,25.4,070-0540,FY2025P09,,70CMSD23P00000069,,7012,CONT_AWD_70CMSD23P00000069_7012_-NONE-_-NONE-,,,Contracts,,True,outside_pilot
DHS_FY2025P12_c:FY2025P01-P12_070_TAS_Contracts_AccountBreakdownByAward_2026-09-16_H02M56S53_01.csv:row:42367,DHS_FY2025P12_c/extracted/FY2025P01-P12_070_TAS_Contracts_AccountBreakdownByAward_2026-09-16_H02M56S53_01.csv,42367,25.4,070-0540,FY2025P06,,70CMSD23P00000069,,7012,CONT_AWD_70CMSD23P00000069_7012_-NONE-_-NONE-,,,Contracts,,True,outside_pilot
DHS_FY2025P12_c:FY2025P01-P12_070_TAS_Contracts_AccountBreakdownByAward_2026-09-16_H02M56S53_01.csv:row:42368,DHS_FY2025P12_c/extracted/FY2025P01-P12_070_TAS_Contracts_AccountBreakdownByAward_2026-09-16_H02M56S53_01.csv,42368,25.4,070-0540,FY2025P05,,70CMSD23P00000069,,7012,CONT_AWD_70CMSD23P00000069_7012_-NONE-_-NONE-,,,Contracts,,True,outside_pilot
DHS_FY2025P12_c:FY2025P01-P12_070_TAS_Contracts_AccountBreakdownByAward_2026-09-16_H02M56S53_01.csv:row:42370,DHS_FY2025P12_c/extracted/FY2025P01-P12_070_TAS_Contracts_AccountBreakdownByAward_2026-09-16_H02M56S53_01.csv,42370,25.4,070-0540,FY2025P09,,70CMSD23P00000069,,7012,CONT_AWD_70CMSD23P00000069_7012_-NONE-_-NONE-,,,Contracts,,True,outside_pilot
DHS_FY2025P12_c:FY2025P01-P12_070_TAS_Contracts_AccountBreakdownByAward_2026-09-16_H02M56S53_01.csv:row:42372,DHS_FY2025P12_c/extracted/FY2025P01-P12_070_TAS_Contracts_AccountBreakdownByAward_2026-09-16_H02M56S53_01.csv,42372,25.4,070-0540,FY2025P07,,70CMSD23P00000069,,7012,CONT_AWD_70CMSD23P00000069_7012_-NONE-_-NONE-,,,Contracts,,True,outside_pilot
DHS_FY2025P12_c:FY2025P01-P12_070_TAS_Contracts_AccountBreakdownByAward_2026-09-16_H02M56S53_01.csv:row:42373,DHS_FY2025P12_c/extracted/FY2025P01-P12_070_TAS_Contracts_AccountBreakdownByAward_2026-09-16_H02M56S53_01.csv,42373,25.4,070-0540,FY2025P06,,70CMSD23P00000069,,7012,CONT_AWD_70CMSD23P00000069_7012_-NONE-_-NONE-,,,Contracts,,True,outside_pilot
DHS_FY2025P12_c:FY2025P01-P12_070_TAS_Contracts_AccountBreakdownByAward_2026-09-16_H02M56S53_01.csv:row:42375,DHS_FY2025P12_c/extracted/FY2025P01-P12_070_TAS_Contracts_AccountBreakdownByAward_2026-09-16_H02M56S53_01.csv,42375,25.4,070-0540,FY2025P12,,70CMSD23P00000069,,7012,CONT_AWD_70CMSD23P00000069_7012_-NONE-_-NONE-,,,Contracts,,True,outside_pilot
DHS_FY2025P12_c:FY2025P01-P12_070_TAS_Contracts_AccountBreakdownByAward_2026-09-16_H02M56S53_01.csv:row:42376,DHS_FY2025P12_c/extracted/FY2025P01-P12_070_TAS_Contracts_AccountBreakdownByAward_2026-09-16_H02M56S53_01.csv,42376,25.4,070-0540,FY2025P12,,70CMSD23P00000069,,7012,CONT_AWD_70CMSD23P00000069_7012_-NONE-_-NONE-,,,Contracts,,True,outside_pilot
DHS_FY2025P12_c:FY2025P01-P12_070_TAS_Contracts_AccountBreakdownByAward_2026-09-16_H02M56S53_01.csv:row:42378,DHS_FY2025P12_c/extracted/FY2025P01-P12_070_TAS_Contracts_AccountBreakdownByAward_2026-09-16_H02M56S53_01.csv,42378,25.4,070-0540,FY2025P10,,70CMSD23P00000069,,7012,CONT_AWD_70CMSD23P00000069_7012_-NONE-_-NONE-,,,Contracts,,True,outside_pilot
DHS_FY2025P12_c:FY2025P01-P12_070_TAS_Contracts_AccountBreakdownByAward_2026-09-16_H02M56S53_01.csv:row:42379,DHS_FY2025P12_c/extracted/FY2025P01-P12_070_TAS_Contracts_AccountBreakdownByAward_2026-09-16_H02M56S53_01.csv,42379,25.4,070-0540,FY2025P10,,70CMSD23P00000069,,7012,CONT_AWD_70CMSD23P00000069_7012_-NONE-_-NONE-,,,Contracts,,True,outside_pilot
DHS_FY2025P12_c:FY2025P01-P12_070_TAS_Contracts_AccountBreakdownByAward_2026-09-16_H02M56S53_01.csv:row:42380,DHS_FY2025P12_c/extracted/FY2025P01-P12_070_TAS_Contracts_AccountBreakdownByAward_2026-09-16_H02M56S53_01.csv,42380,25.4,070-0540,FY2025P07,,70CMSD23P00000069,,7012,CONT_AWD_70CMSD23P00000069_7012_-NONE-_-NONE-,,,Contracts,,True,outside_pilot
DHS_FY2025P12_c:FY2025P01-P12_070_TAS_Contracts_AccountBreakdownByAward_2026-09-16_H02M56S53_01.csv:row:42381,DHS_FY2025P12_c/extracted/FY2025P01-P12_070_TAS_Contracts_AccountBreakdownByAward_2026-09-16_H02M56S53_01.csv,42381,25.4,070-0540,FY2025P08,,70CMSD23P00000069,,7012,CONT_AWD_70CMSD23P00000069_7012_-NONE-_-NONE-,,,Contracts,,True,outside_pilot
DHS_FY2025P12_c:FY2025P01-P12_070_TAS_Contracts_AccountBreakdownByAward_2026-09-16_H02M56S53_01.csv:row:42382,DHS_FY2025P12_c/extracted/FY2025P01-P12_070_TAS_Contracts_AccountBreakdownByAward_2026-09-16_H02M56S53_01.csv,42382,25.4,070-0540,FY2025P08,,70CMSD23P00000069,,7012,CONT_AWD_70CMSD23P00000069_7012_-NONE-_-NONE-,,,Contracts,,True,outside_pilot
DHS_FY2025P12_c:FY2025P01-P12_070_TAS_Contracts_AccountBreakdownByAward_2026-09-16_H02M56S53_01.csv:row:42383,DHS_FY2025P12_c/extracted/FY2025P01-P12_070_TAS_Contracts_AccountBreakdownByAward_2026-09-16_H02M56S53_01.csv,42383,25.4,070-0540,FY2025P05,,70CMSD23P00000069,,7012,CONT_AWD_70CMSD23P00000069_7012_-NONE-_-NONE-,,,Contracts,,True,outside_pilot
DHS_FY2025P12_c:FY2025P01-P12_070_TAS_Contracts_AccountBreakdownByAward_2026-09-16_H02M56S53_01.csv:row:42386,DHS_FY2025P12_c/extracted/FY2025P01-P12_070_TAS_Contracts_AccountBreakdownByAward_2026-09-16_H02M56S53_01.csv,42386,25.4,070-0540,FY2025P11,,70CMSD23P00000069,,7012,CONT_AWD_70CMSD23P00000069_7012_-NONE-_-NONE-,,,Contracts,,True,outside_pilot
DHS_FY2025P12_c:FY2025P01-P12_070_TAS_Contracts_AccountBreakdownByAward_2026-09-16_H02M56S53_01.csv:row:42387,DHS_FY2025P12_c/extracted/FY2025P01-P12_070_TAS_Contracts_AccountBreakdownByAward_2026-09-16_H02M56S53_01.csv,42387,25.4,070-0540,FY2025P11,,70CMSD23P00000069,,7012,CONT_AWD_70CMSD23P00000069_7012_-NONE-_-NONE-,,,Contracts,,True,outside_pilot
DHS_FY2025P12_c:FY2025P01-P12_070_TAS_Contracts_AccountBreakdownByAward_2026-09-16_H02M56S53_01.csv:row:42987,DHS_FY2025P12_c/extracted/FY2025P01-P12_070_TAS_Contracts_AccountBreakdownByAward_2026-09-16_H02M56S53_01.csv,42987,25.4,070-0540,FY2025P09,,70CDCR25P00000010,,7012,CONT_AWD_70CDCR25P00000010_7012_-NONE-_-NONE-,,,Contracts,,True,outside_pilot
DHS_FY2025P12_c:FY2025P01-P12_070_TAS_Contracts_AccountBreakdownByAward_2026-09-16_H02M56S53_01.csv:row:42988,DHS_FY2025P12_c/extracted/FY2025P01-P12_070_TAS_Contracts_AccountBreakdownByAward_2026-09-16_H02M56S53_01.csv,42988,25.4,070-0540,FY2025P08,2488860.00,70CDCR25P00000010,,7012,CONT_AWD_70CDCR25P00000010_7012_-NONE-_-NONE-,,,Contracts,2488860.00,False,outside_pilot
DHS_FY2025P12_c:FY2025P01-P12_070_TAS_Contracts_AccountBreakdownByAward_2026-09-16_H02M56S53_01.csv:row:42989,DHS_FY2025P12_c/extracted/FY2025P01-P12_070_TAS_Contracts_AccountBreakdownByAward_2026-09-16_H02M56S53_01.csv,42989,25.4,070-0540,FY2025P08,,70CDCR25P00000010,,7012,CONT_AWD_70CDCR25P00000010_7012_-NONE-_-NONE-,,,Contracts,,True,outside_pilot
DHS_FY2025P12_c:FY2025P01-P12_070_TAS_Contracts_AccountBreakdownByAward_2026-09-16_H02M56S53_01.csv:row:42990,DHS_FY2025P12_c/extracted/FY2025P01-P12_070_TAS_Contracts_AccountBreakdownByAward_2026-09-16_H02M56S53_01.csv,42990,25.4,070-0540,FY2025P12,,70CDCR25P00000010,,7012,CONT_AWD_70CDCR25P00000010_7012_-NONE-_-NONE-,,,Contracts,,True,outside_pilot
DHS_FY2025P12_c:FY2025P01-P12_070_TAS_Contracts_AccountBreakdownByAward_2026-09-16_H02M56S53_01.csv:row:42991,DHS_FY2025P12_c/extracted/FY2025P01-P12_070_TAS_Contracts_AccountBreakdownByAward_2026-09-16_H02M56S53_01.csv,42991,25.4,070-0540,FY2025P10,,70CDCR25P00000010,,7012,CONT_AWD_70CDCR25P00000010_7012_-NONE-_-NONE-,,,Contracts,,True,outside_pilot
DHS_FY2025P12_c:FY2025P01-P12_070_TAS_Contracts_AccountBreakdownByAward_2026-09-16_H02M56S53_01.csv:row:42992,DHS_FY2025P12_c/extracted/FY2025P01-P12_070_TAS_Contracts_AccountBreakdownByAward_2026-09-16_H02M56S53_01.csv,42992,25.4,070-0540,FY2025P06,2488860.00,70CDCR25P00000010,,7012,CONT_AWD_70CDCR25P00000010_7012_-NONE-_-NONE-,,,Contracts,2488860.00,False,outside_pilot
DHS_FY2025P12_c:FY2025P01-P12_070_TAS_Contracts_AccountBreakdownByAward_2026-09-16_H02M56S53_01.csv:row:42993,DHS_FY2025P12_c/extracted/FY2025P01-P12_070_TAS_Contracts_AccountBreakdownByAward_2026-09-16_H02M56S53_01.csv,42993,25.4,070-0540,FY2025P11,,70CDCR25P00000010,,7012,CONT_AWD_70CDCR25P00000010_7012_-NONE-_-NONE-,,,Contracts,,True,outside_pilot
DHS_FY2025P12_c:FY2025P01-P12_070_TAS_Contracts_AccountBreakdownByAward_2026-09-16_H02M56S53_01.csv:row:42994,DHS_FY2025P12_c/extracted/FY2025P01-P12_070_TAS_Contracts_AccountBreakdownByAward_2026-09-16_H02M56S53_01.csv,42994,25.4,070-0540,FY2025P07,2488860.00,70CDCR25P00000010,,7012,CONT_AWD_70CDCR25P00000010_7012_-NONE-_-NONE-,,,Contracts,2488860.00,False,outside_pilot
DHS_FY2025P12_c:FY2025P01-P12_070_TAS_Contracts_AccountBreakdownByAward_2026-09-16_H02M56S53_01.csv:row:43843,DHS_FY2025P12_c/extracted/FY2025P01-P12_070_TAS_Contracts_AccountBreakdownByAward_2026-09-16_H02M56S53_01.csv,43843,25.4,070-0540,FY2025P07,,70CDCR23FR0000036,70CDCR23D00000004,7012,CONT_AWD_70CDCR23FR0000036_7012_70CDCR23D00000004_7012,,,Contracts,,True,outside_pilot
DHS_FY2025P12_c:FY2025P01-P12_070_TAS_Contracts_AccountBreakdownByAward_2026-09-16_H02M56S53_01.csv:row:43844,DHS_FY2025P12_c/extracted/FY2025P01-P12_070_TAS_Contracts_AccountBreakdownByAward_2026-09-16_H02M56S53_01.csv,43844,25.4,070-0540,FY2025P06,,70CDCR23FR0000036,70CDCR23D00000004,7012,CONT_AWD_70CDCR23FR0000036_7012_70CDCR23D00000004_7012,,,Contracts,,True,outside_pilot
DHS_FY2025P12_c:FY2025P01-P12_070_TAS_Contracts_AccountBreakdownByAward_2026-09-16_H02M56S53_01.csv:row:43845,DHS_FY2025P12_c/extracted/FY2025P01-P12_070_TAS_Contracts_AccountBreakdownByAward_2026-09-16_H02M56S53_01.csv,43845,25.4,070-0540,FY2025P09,,70CDCR23FR0000036,70CDCR23D00000004,7012,CONT_AWD_70CDCR23FR0000036_7012_70CDCR23D00000004_7012,,,Contracts,,True,outside_pilot
DHS_FY2025P12_c:FY2025P01-P12_070_TAS_Contracts_AccountBreakdownByAward_2026-09-16_H02M56S53_01.csv:row:43847,DHS_FY2025P12_c/extracted/FY2025P01-P12_070_TAS_Contracts_AccountBreakdownByAward_2026-09-16_H02M56S53_01.csv,43847,25.4,070-0540,FY2025P05,,70CDCR23FR0000036,70CDCR23D00000004,7012,CONT_AWD_70CDCR23FR0000036_7012_70CDCR23D00000004_7012,,,Contracts,,True,outside_pilot
DHS_FY2025P12_c:FY2025P01-P12_070_TAS_Contracts_AccountBreakdownByAward_2026-09-16_H02M56S53_01.csv:row:43848,DHS_FY2025P12_c/extracted/FY2025P01-P12_070_TAS_Contracts_AccountBreakdownByAward_2026-09-16_H02M56S53_01.csv,43848,25.4,070-0540,FY2025P11,,70CDCR23FR0000036,70CDCR23D00000004,7012,CONT_AWD_70CDCR23FR0000036_7012_70CDCR23D00000004_7012,,,Contracts,,True,outside_pilot
DHS_FY2025P12_c:FY2025P01-P12_070_TAS_Contracts_AccountBreakdownByAward_2026-09-16_H02M56S53_01.csv:row:43849,DHS_FY2025P12_c/extracted/FY2025P01-P12_070_TAS_Contracts_AccountBreakdownByAward_2026-09-16_H02M56S53_01.csv,43849,25.4,070-0540,FY2025P12,,70CDCR23FR0000036,70CDCR23D00000004,7012,CONT_AWD_70CDCR23FR0000036_7012_70CDCR23D00000004_7012,,,Contracts,,True,outside_pilot
DHS_FY2025P12_c:FY2025P01-P12_070_TAS_Contracts_AccountBreakdownByAward_2026-09-16_H02M56S53_01.csv:row:43851,DHS_FY2025P12_c/extracted/FY2025P01-P12_070_TAS_Contracts_AccountBreakdownByAward_2026-09-16_H02M56S53_01.csv,43851,25.4,070-0540,FY2025P08,,70CDCR23FR0000036,70CDCR23D00000004,7012,CONT_AWD_70CDCR23FR0000036_7012_70CDCR23D00000004_7012,,,Contracts,,True,outside_pilot
DHS_FY2025P12_c:FY2025P01-P12_070_TAS_Contracts_AccountBreakdownByAward_2026-09-16_H02M56S53_01.csv:row:43852,DHS_FY2025P12_c/extracted/FY2025P01-P12_070_TAS_Contracts_AccountBreakdownByAward_2026-09-16_H02M56S53_01.csv,43852,25.4,070-0540,FY2025P10,,70CDCR23FR0000036,70CDCR23D00000004,7012,CONT_AWD_70CDCR23FR0000036_7012_70CDCR23D00000004_7012,,,Contracts,,True,outside_pilot
DHS_FY2025P12_c:FY2025P01-P12_070_TAS_Contracts_AccountBreakdownByAward_2026-09-16_H02M56S53_01.csv:row:46056,DHS_FY2025P12_c/extracted/FY2025P01-P12_070_TAS_Contracts_AccountBreakdownByAward_2026-09-16_H02M56S53_01.csv,46056,25.4,070-0540,FY2025P12,-20000.00,70CTD025FC0000026,70CTD022A00000003,7012,CONT_AWD_70CTD025FC0000026_7012_70CTD022A00000003_7012,,,Contracts,-20000.00,False,outside_pilot
DHS_FY2025P12_c:FY2025P01-P12_070_TAS_Contracts_AccountBreakdownByAward_2026-09-16_H02M56S53_01.csv:row:46057,DHS_FY2025P12_c/extracted/FY2025P01-P12_070_TAS_Contracts_AccountBreakdownByAward_2026-09-16_H02M56S53_01.csv,46057,25.4,070-0540,FY2025P12,40000.00,70CTD025FC0000026,70CTD022A00000003,7012,CONT_AWD_70CTD025FC0000026_7012_70CTD022A00000003_7012,,,Contracts,40000.00,False,outside_pilot
DHS_FY2025P12_c:FY2025P01-P12_070_TAS_Contracts_AccountBreakdownByAward_2026-09-16_H02M56S53_01.csv:row:46058,DHS_FY2025P12_c/extracted/FY2025P01-P12_070_TAS_Contracts_AccountBreakdownByAward_2026-09-16_H02M56S53_01.csv,46058,25.4,070-0540,FY2025P12,1015446.84,70CTD025FC0000026,70CTD022A00000003,7012,CONT_AWD_70CTD025FC0000026_7012_70CTD022A00000003_7012,,,Contracts,1015446.84,False,outside_pilot
DHS_FY2025P12_c:FY2025P01-P12_070_TAS_Contracts_AccountBreakdownByAward_2026-09-16_H02M56S53_01.csv:row:46059,DHS_FY2025P12_c/extracted/FY2025P01-P12_070_TAS_Contracts_AccountBreakdownByAward_2026-09-16_H02M56S53_01.csv,46059,25.4,070-0540,FY2025P12,-507723.42,70CTD025FC0000026,70CTD022A00000003,7012,CONT_AWD_70CTD025FC0000026_7012_70CTD022A00000003_7012,,,Contracts,-507723.42,False,outside_pilot
DHS_FY2025P12_c:FY2025P01-P12_070_TAS_Contracts_AccountBreakdownByAward_2026-09-16_H02M56S53_01.csv:row:48735,DHS_FY2025P12_c/extracted/FY2025P01-P12_070_TAS_Contracts_AccountBreakdownByAward_2026-09-16_H02M56S53_01.csv,48735,25.4,070-0540,FY2025P07,,70CDCR23FR0000051,70CDCR20D00000014,7012,CONT_AWD_70CDCR23FR0000051_7012_70CDCR20D00000014_7012,,,Contracts,,True,outside_pilot
DHS_FY2025P12_c:FY2025P01-P12_070_TAS_Contracts_AccountBreakdownByAward_2026-09-16_H02M56S53_01.csv:row:48737,DHS_FY2025P12_c/extracted/FY2025P01-P12_070_TAS_Contracts_AccountBreakdownByAward_2026-09-16_H02M56S53_01.csv,48737,25.4,070-0540,FY2025P11,,70CDCR23FR0000051,70CDCR20D00000014,7012,CONT_AWD_70CDCR23FR0000051_7012_70CDCR20D00000014_7012,,,Contracts,,True,outside_pilot
DHS_FY2025P12_c:FY2025P01-P12_070_TAS_Contracts_AccountBreakdownByAward_2026-09-16_H02M56S53_01.csv:row:48742,DHS_FY2025P12_c/extracted/FY2025P01-P12_070_TAS_Contracts_AccountBreakdownByAward_2026-09-16_H02M56S53_01.csv,48742,25.4,070-0540,FY2025P11,,70CDCR23FR0000051,70CDCR20D00000014,7012,CONT_AWD_70CDCR23FR0000051_7012_70CDCR20D00000014_7012,,,Contracts,,True,outside_pilot
DHS_FY2025P12_c:FY2025P01-P12_070_TAS_Contracts_AccountBreakdownByAward_2026-09-16_H02M56S53_01.csv:row:48743,DHS_FY2025P12_c/extracted/FY2025P01-P12_070_TAS_Contracts_AccountBreakdownByAward_2026-09-16_H02M56S53_01.csv,48743,25.4,070-0540,FY2025P12,,70CDCR23FR0000051,70CDCR20D00000014,7012,CONT_AWD_70CDCR23FR0000051_7012_70CDCR20D00000014_7012,,,Contracts,,True,outside_pilot
DHS_FY2025P12_c:FY2025P01-P12_070_TAS_Contracts_AccountBreakdownByAward_2026-09-16_H02M56S53_01.csv:row:48746,DHS_FY2025P12_c/extracted/FY2025P01-P12_070_TAS_Contracts_AccountBreakdownByAward_2026-09-16_H02M56S53_01.csv,48746,25.4,070-0540,FY2025P08,,70CDCR23FR0000051,70CDCR20D00000014,7012,CONT_AWD_70CDCR23FR0000051_7012_70CDCR20D00000014_7012,,,Contracts,,True,outside_pilot
DHS_FY2025P12_c:FY2025P01-P12_070_TAS_Contracts_AccountBreakdownByAward_2026-09-16_H02M56S53_01.csv:row:48747,DHS_FY2025P12_c/extracted/FY2025P01-P12_070_TAS_Contracts_AccountBreakdownByAward_2026-09-16_H02M56S53_01.csv,48747,25.4,070-0540,FY2025P05,,70CDCR23FR0000051,70CDCR20D00000014,7012,CONT_AWD_70CDCR23FR0000051_7012_70CDCR20D00000014_7012,,,Contracts,,True,outside_pilot
DHS_FY2025P12_c:FY2025P01-P12_070_TAS_Contracts_AccountBreakdownByAward_2026-09-16_H02M56S53_01.csv:row:48748,DHS_FY2025P12_c/extracted/FY2025P01-P12_070_TAS_Contracts_AccountBreakdownByAward_2026-09-16_H02M56S53_01.csv,48748,25.4,070-0540,FY2025P05,,70CDCR23FR0000051,70CDCR20D00000014,7012,CONT_AWD_70CDCR23FR0000051_7012_70CDCR20D00000014_7012,,,Contracts,,True,outside_pilot
DHS_FY2025P12_c:FY2025P01-P12_070_TAS_Contracts_AccountBreakdownByAward_2026-09-16_H02M56S53_01.csv:row:48749,DHS_FY2025P12_c/extracted/FY2025P01-P12_070_TAS_Contracts_AccountBreakdownByAward_2026-09-16_H02M56S53_01.csv,48749,25.4,070-0540,FY2025P05,,70CDCR23FR0000051,70CDCR20D00000014,7012,CONT_AWD_70CDCR23FR0000051_7012_70CDCR20D00000014_7012,,,Contracts,,True,outside_pilot
DHS_FY2025P12_c:FY2025P01-P12_070_TAS_Contracts_AccountBreakdownByAward_2026-09-16_H02M56S53_01.csv:row:48750,DHS_FY2025P12_c/extracted/FY2025P01-P12_070_TAS_Contracts_AccountBreakdownByAward_2026-09-16_H02M56S53_01.csv,48750,25.4,070-0540,FY2025P09,,70CDCR23FR0000051,70CDCR20D00000014,7012,CONT_AWD_70CDCR23FR0000051_7012_70CDCR20D00000014_7012,,,Contracts,,True,outside_pilot
DHS_FY2025P12_c:FY2025P01-P12_070_TAS_Contracts_AccountBreakdownByAward_2026-09-16_H02M56S53_01.csv:row:48751,DHS_FY2025P12_c/extracted/FY2025P01-P12_070_TAS_Contracts_AccountBreakdownByAward_2026-09-16_H02M56S53_01.csv,48751,25.4,070-0540,FY2025P09,,70CDCR23FR0000051,70CDCR20D00000014,7012,CONT_AWD_70CDCR23FR0000051_7012_70CDCR20D00000014_7012,,,Contracts,,True,outside_pilot
DHS_FY2025P12_c:FY2025P01-P12_070_TAS_Contracts_AccountBreakdownByAward_2026-09-16_H02M56S53_01.csv:row:48752,DHS_FY2025P12_c/extracted/FY2025P01-P12_070_TAS_Contracts_AccountBreakdownByAward_2026-09-16_H02M56S53_01.csv,48752,25.4,070-0540,FY2025P09,,70CDCR23FR0000051,70CDCR20D00000014,7012,CONT_AWD_70CDCR23FR0000051_7012_70CDCR20D00000014_7012,,,Contracts,,True,outside_pilot
DHS_FY2025P12_c:FY2025P01-P12_070_TAS_Contracts_AccountBreakdownByAward_2026-09-16_H02M56S53_01.csv:row:48753,DHS_FY2025P12_c/extracted/FY2025P01-P12_070_TAS_Contracts_AccountBreakdownByAward_2026-09-16_H02M56S53_01.csv,48753,25.4,070-0540,FY2025P07,,70CDCR23FR0000051,70CDCR20D00000014,7012,CONT_AWD_70CDCR23FR0000051_7012_70CDCR20D00000014_7012,,,Contracts,,True,outside_pilot
DHS_FY2025P12_c:FY2025P01-P12_070_TAS_Contracts_AccountBreakdownByAward_2026-09-16_H02M56S53_01.csv:row:48754,DHS_FY2025P12_c/extracted/FY2025P01-P12_070_TAS_Contracts_AccountBreakdownByAward_2026-09-16_H02M56S53_01.csv,48754,25.4,070-0540,FY2025P06,,70CDCR23FR0000051,70CDCR20D00000014,7012,CONT_AWD_70CDCR23FR0000051_7012_70CDCR20D00000014_7012,,,Contracts,,True,outside_pilot
DHS_FY2025P12_c:FY2025P01-P12_070_TAS_Contracts_AccountBreakdownByAward_2026-09-16_H02M56S53_01.csv:row:48758,DHS_FY2025P12_c/extracted/FY2025P01-P12_070_TAS_Contracts_AccountBreakdownByAward_2026-09-16_H02M56S53_01.csv,48758,25.4,070-0540,FY2025P06,,70CDCR23FR0000051,70CDCR20D00000014,7012,CONT_AWD_70CDCR23FR0000051_7012_70CDCR20D00000014_7012,,,Contracts,,True,outside_pilot
DHS_FY2025P12_c:FY2025P01-P12_070_TAS_Contracts_AccountBreakdownByAward_2026-09-16_H02M56S53_01.csv:row:48760,DHS_FY2025P12_c/extracted/FY2025P01-P12_070_TAS_Contracts_AccountBreakdownByAward_2026-09-16_H02M56S53_01.csv,48760,25.4,070-0540,FY2025P10,,70CDCR23FR0000051,70CDCR20D00000014,7012,CONT_AWD_70CDCR23FR0000051_7012_70CDCR20D00000014_7012,,,Contracts,,True,outside_pilot
DHS_FY2025P12_c:FY2025P01-P12_070_TAS_Contracts_AccountBreakdownByAward_2026-09-16_H02M56S53_01.csv:row:48761,DHS_FY2025P12_c/extracted/FY2025P01-P12_070_TAS_Contracts_AccountBreakdownByAward_2026-09-16_H02M56S53_01.csv,48761,25.4,070-0540,FY2025P10,,70CDCR23FR0000051,70CDCR20D00000014,7012,CONT_AWD_70CDCR23FR0000051_7012_70CDCR20D00000014_7012,,,Contracts,,True,outside_pilot
DHS_FY2025P12_c:FY2025P01-P12_070_TAS_Contracts_AccountBreakdownByAward_2026-09-16_H02M56S53_01.csv:row:48762,DHS_FY2025P12_c/extracted/FY2025P01-P12_070_TAS_Contracts_AccountBreakdownByAward_2026-09-16_H02M56S53_01.csv,48762,25.4,070-0540,FY2025P10,,70CDCR23FR0000051,70CDCR20D00000014,7012,CONT_AWD_70CDCR23FR0000051_7012_70CDCR20D00000014_7012,,,Contracts,,True,outside_pilot
DHS_FY2025P12_c:FY2025P01-P12_070_TAS_Contracts_AccountBreakdownByAward_2026-09-16_H02M56S53_01.csv:row:48763,DHS_FY2025P12_c/extracted/FY2025P01-P12_070_TAS_Contracts_AccountBreakdownByAward_2026-09-16_H02M56S53_01.csv,48763,25.4,070-0540,FY2025P06,,70CDCR23FR0000051,70CDCR20D00000014,7012,CONT_AWD_70CDCR23FR0000051_7012_70CDCR20D00000014_7012,,,Contracts,,True,outside_pilot
DHS_FY2025P12_c:FY2025P01-P12_070_TAS_Contracts_AccountBreakdownByAward_2026-09-16_H02M56S53_01.csv:row:48764,DHS_FY2025P12_c/extracted/FY2025P01-P12_070_TAS_Contracts_AccountBreakdownByAward_2026-09-16_H02M56S53_01.csv,48764,25.4,070-0540,FY2025P08,,70CDCR23FR0000051,70CDCR20D00000014,7012,CONT_AWD_70CDCR23FR0000051_7012_70CDCR20D00000014_7012,,,Contracts,,True,outside_pilot
DHS_FY2025P12_c:FY2025P01-P12_070_TAS_Contracts_AccountBreakdownByAward_2026-09-16_H02M56S53_01.csv:row:48766,DHS_FY2025P12_c/extracted/FY2025P01-P12_070_TAS_Contracts_AccountBreakdownByAward_2026-09-16_H02M56S53_01.csv,48766,25.4,070-0540,FY2025P11,,70CDCR23FR0000051,70CDCR20D00000014,7012,CONT_AWD_70CDCR23FR0000051_7012_70CDCR20D00000014_7012,,,Contracts,,True,outside_pilot
DHS_FY2025P12_c:FY2025P01-P12_070_TAS_Contracts_AccountBreakdownByAward_2026-09-16_H02M56S53_01.csv:row:48767,DHS_FY2025P12_c/extracted/FY2025P01-P12_070_TAS_Contracts_AccountBreakdownByAward_2026-09-16_H02M56S53_01.csv,48767,25.4,070-0540,FY2025P12,,70CDCR23FR0000051,70CDCR20D00000014,7012,CONT_AWD_70CDCR23FR0000051_7012_70CDCR20D00000014_7012,,,Contracts,,True,outside_pilot
DHS_FY2025P12_c:FY2025P01-P12_070_TAS_Contracts_AccountBreakdownByAward_2026-09-16_H02M56S53_01.csv:row:48769,DHS_FY2025P12_c/extracted/FY2025P01-P12_070_TAS_Contracts_AccountBreakdownByAward_2026-09-16_H02M56S53_01.csv,48769,25.4,070-0540,FY2025P12,,70CDCR23FR0000051,70CDCR20D00000014,7012,CONT_AWD_70CDCR23FR0000051_7012_70CDCR20D00000014_7012,,,Contracts,,True,outside_pilot
DHS_FY2025P12_c:FY2025P01-P12_070_TAS_Contracts_AccountBreakdownByAward_2026-09-16_H02M56S53_01.csv:row:48771,DHS_FY2025P12_c/extracted/FY2025P01-P12_070_TAS_Contracts_AccountBreakdownByAward_2026-09-16_H02M56S53_01.csv,48771,25.4,070-0540,FY2025P08,,70CDCR23FR0000051,70CDCR20D00000014,7012,CONT_AWD_70CDCR23FR0000051_7012_70CDCR20D00000014_7012,,,Contracts,,True,outside_pilot
DHS_FY2025P12_c:FY2025P01-P12_070_TAS_Contracts_AccountBreakdownByAward_2026-09-16_H02M56S53_01.csv:row:48774,DHS_FY2025P12_c/extracted/FY2025P01-P12_070_TAS_Contracts_AccountBreakdownByAward_2026-09-16_H02M56S53_01.csv,48774,25.4,070-0540,FY2025P07,,70CDCR23FR0000051,70CDCR20D00000014,7012,CONT_AWD_70CDCR23FR0000051_7012_70CDCR20D00000014_7012,,,Contracts,,True,outside_pilot
DHS_FY2025P12_c:FY2025P01-P12_070_TAS_Contracts_AccountBreakdownByAward_2026-09-16_H02M56S53_01.csv:row:48860,DHS_FY2025P12_c/extracted/FY2025P01-P12_070_TAS_Contracts_AccountBreakdownByAward_2026-09-16_H02M56S53_01.csv,48860,25.4,070-0540,FY2025P05,,70CDCR23C00000001,,7012,CONT_AWD_70CDCR23C00000001_7012_-NONE-_-NONE-,,,Contracts,,True,outside_pilot
DHS_FY2025P12_c:FY2025P01-P12_070_TAS_Contracts_AccountBreakdownByAward_2026-09-16_H02M56S53_01.csv:row:48861,DHS_FY2025P12_c/extracted/FY2025P01-P12_070_TAS_Contracts_AccountBreakdownByAward_2026-09-16_H02M56S53_01.csv,48861,25.4,070-0540,FY2025P07,,70CDCR23C00000001,,7012,CONT_AWD_70CDCR23C00000001_7012_-NONE-_-NONE-,,,Contracts,,True,outside_pilot
DHS_FY2025P12_c:FY2025P01-P12_070_TAS_Contracts_AccountBreakdownByAward_2026-09-16_H02M56S53_01.csv:row:48862,DHS_FY2025P12_c/extracted/FY2025P01-P12_070_TAS_Contracts_AccountBreakdownByAward_2026-09-16_H02M56S53_01.csv,48862,25.4,070-0540,FY2025P07,,70CDCR23C00000001,,7012,CONT_AWD_70CDCR23C00000001_7012_-NONE-_-NONE-,,,Contracts,,True,outside_pilot
DHS_FY2025P12_c:FY2025P01-P12_070_TAS_Contracts_AccountBreakdownByAward_2026-09-16_H02M56S53_01.csv:row:48863,DHS_FY2025P12_c/extracted/FY2025P01-P12_070_TAS_Contracts_AccountBreakdownByAward_2026-09-16_H02M56S53_01.csv,48863,25.4,070-0540,FY2025P06,,70CDCR23C00000001,,7012,CONT_AWD_70CDCR23C00000001_7012_-NONE-_-NONE-,,,Contracts,,True,outside_pilot
DHS_FY2025P12_c:FY2025P01-P12_070_TAS_Contracts_AccountBreakdownByAward_2026-09-16_H02M56S53_01.csv:row:48864,DHS_FY2025P12_c/extracted/FY2025P01-P12_070_TAS_Contracts_AccountBreakdownByAward_2026-09-16_H02M56S53_01.csv,48864,25.4,070-0540,FY2025P12,,70CDCR23C00000001,,7012,CONT_AWD_70CDCR23C00000001_7012_-NONE-_-NONE-,,,Contracts,,True,outside_pilot
DHS_FY2025P12_c:FY2025P01-P12_070_TAS_Contracts_AccountBreakdownByAward_2026-09-16_H02M56S53_01.csv:row:48865,DHS_FY2025P12_c/extracted/FY2025P01-P12_070_TAS_Contracts_AccountBreakdownByAward_2026-09-16_H02M56S53_01.csv,48865,25.4,070-0540,FY2025P09,,70CDCR23C00000001,,7012,CONT_AWD_70CDCR23C00000001_7012_-NONE-_-NONE-,,,Contracts,,True,outside_pilot
DHS_FY2025P12_c:FY2025P01-P12_070_TAS_Contracts_AccountBreakdownByAward_2026-09-16_H02M56S53_01.csv:row:48866,DHS_FY2025P12_c/extracted/FY2025P01-P12_070_TAS_Contracts_AccountBreakdownByAward_2026-09-16_H02M56S53_01.csv,48866,25.4,070-0540,FY2025P11,,70CDCR23C00000001,,7012,CONT_AWD_70CDCR23C00000001_7012_-NONE-_-NONE-,,,Contracts,,True,outside_pilot
DHS_FY2025P12_c:FY2025P01-P12_070_TAS_Contracts_AccountBreakdownByAward_2026-09-16_H02M56S53_01.csv:row:48867,DHS_FY2025P12_c/extracted/FY2025P01-P12_070_TAS_Contracts_AccountBreakdownByAward_2026-09-16_H02M56S53_01.csv,48867,25.4,070-0540,FY2025P11,,70CDCR23C00000001,,7012,CONT_AWD_70CDCR23C00000001_7012_-NONE-_-NONE-,,,Contracts,,True,outside_pilot
DHS_FY2025P12_c:FY2025P01-P12_070_TAS_Contracts_AccountBreakdownByAward_2026-09-16_H02M56S53_01.csv:row:48868,DHS_FY2025P12_c/extracted/FY2025P01-P12_070_TAS_Contracts_AccountBreakdownByAward_2026-09-16_H02M56S53_01.csv,48868,25.4,070-0540,FY2025P12,,70CDCR23C00000001,,7012,CONT_AWD_70CDCR23C00000001_7012_-NONE-_-NONE-,,,Contracts,,True,outside_pilot
DHS_FY2025P12_c:FY2025P01-P12_070_TAS_Contracts_AccountBreakdownByAward_2026-09-16_H02M56S53_01.csv:row:48869,DHS_FY2025P12_c/extracted/FY2025P01-P12_070_TAS_Contracts_AccountBreakdownByAward_2026-09-16_H02M56S53_01.csv,48869,25.4,070-0540,FY2025P08,,70CDCR23C00000001,,7012,CONT_AWD_70CDCR23C00000001_7012_-NONE-_-NONE-,,,Contracts,,True,outside_pilot
DHS_FY2025P12_c:FY2025P01-P12_070_TAS_Contracts_AccountBreakdownByAward_2026-09-16_H02M56S53_01.csv:row:48870,DHS_FY2025P12_c/extracted/FY2025P01-P12_070_TAS_Contracts_AccountBreakdownByAward_2026-09-16_H02M56S53_01.csv,48870,25.4,070-0540,FY2025P08,,70CDCR23C00000001,,7012,CONT_AWD_70CDCR23C00000001_7012_-NONE-_-NONE-,,,Contracts,,True,outside_pilot
DHS_FY2025P12_c:FY2025P01-P12_070_TAS_Contracts_AccountBreakdownByAward_2026-09-16_H02M56S53_01.csv:row:48874,DHS_FY2025P12_c/extracted/FY2025P01-P12_070_TAS_Contracts_AccountBreakdownByAward_2026-09-16_H02M56S53_01.csv,48874,25.4,070-0540,FY2025P06,,70CDCR23C00000001,,7012,CONT_AWD_70CDCR23C00000001_7012_-NONE-_-NONE-,,,Contracts,,True,outside_pilot
DHS_FY2025P12_c:FY2025P01-P12_070_TAS_Contracts_AccountBreakdownByAward_2026-09-16_H02M56S53_01.csv:row:48876,DHS_FY2025P12_c/extracted/FY2025P01-P12_070_TAS_Contracts_AccountBreakdownByAward_2026-09-16_H02M56S53_01.csv,48876,25.4,070-0540,FY2025P07,,70CDCR23C00000001,,7012,CONT_AWD_70CDCR23C00000001_7012_-NONE-_-NONE-,,,Contracts,,True,outside_pilot
DHS_FY2025P12_c:FY2025P01-P12_070_TAS_Contracts_AccountBreakdownByAward_2026-09-16_H02M56S53_01.csv:row:48878,DHS_FY2025P12_c/extracted/FY2025P01-P12_070_TAS_Contracts_AccountBreakdownByAward_2026-09-16_H02M56S53_01.csv,48878,25.4,070-0540,FY2025P05,,70CDCR23C00000001,,7012,CONT_AWD_70CDCR23C00000001_7012_-NONE-_-NONE-,,,Contracts,,True,outside_pilot
DHS_FY2025P12_c:FY2025P01-P12_070_TAS_Contracts_AccountBreakdownByAward_2026-09-16_H02M56S53_01.csv:row:48879,DHS_FY2025P12_c/extracted/FY2025P01-P12_070_TAS_Contracts_AccountBreakdownByAward_2026-09-16_H02M56S53_01.csv,48879,25.4,070-0540,FY2025P05,,70CDCR23C00000001,,7012,CONT_AWD_70CDCR23C00000001_7012_-NONE-_-NONE-,,,Contracts,,True,outside_pilot
DHS_FY2025P12_c:FY2025P01-P12_070_TAS_Contracts_AccountBreakdownByAward_2026-09-16_H02M56S53_01.csv:row:48880,DHS_FY2025P12_c/extracted/FY2025P01-P12_070_TAS_Contracts_AccountBreakdownByAward_2026-09-16_H02M56S53_01.csv,48880,25.4,070-0540,FY2025P09,,70CDCR23C00000001,,7012,CONT_AWD_70CDCR23C00000001_7012_-NONE-_-NONE-,,,Contracts,,True,outside_pilot
DHS_FY2025P12_c:FY2025P01-P12_070_TAS_Contracts_AccountBreakdownByAward_2026-09-16_H02M56S53_01.csv:row:48881,DHS_FY2025P12_c/extracted/FY2025P01-P12_070_TAS_Contracts_AccountBreakdownByAward_2026-09-16_H02M56S53_01.csv,48881,25.4,070-0540,FY2025P08,,70CDCR23C00000001,,7012,CONT_AWD_70CDCR23C00000001_7012_-NONE-_-NONE-,,,Contracts,,True,outside_pilot
DHS_FY2025P12_c:FY2025P01-P12_070_TAS_Contracts_AccountBreakdownByAward_2026-09-16_H02M56S53_01.csv:row:48882,DHS_FY2025P12_c/extracted/FY2025P01-P12_070_TAS_Contracts_AccountBreakdownByAward_2026-09-16_H02M56S53_01.csv,48882,25.4,070-0540,FY2025P11,,70CDCR23C00000001,,7012,CONT_AWD_70CDCR23C00000001_7012_-NONE-_-NONE-,,,Contracts,,True,outside_pilot
DHS_FY2025P12_c:FY2025P01-P12_070_TAS_Contracts_AccountBreakdownByAward_2026-09-16_H02M56S53_01.csv:row:48883,DHS_FY2025P12_c/extracted/FY2025P01-P12_070_TAS_Contracts_AccountBreakdownByAward_2026-09-16_H02M56S53_01.csv,48883,25.4,070-0540,FY2025P12,,70CDCR23C00000001,,7012,CONT_AWD_70CDCR23C00000001_7012_-NONE-_-NONE-,,,Contracts,,True,outside_pilot
DHS_FY2025P12_c:FY2025P01-P12_070_TAS_Contracts_AccountBreakdownByAward_2026-09-16_H02M56S53_01.csv:row:48884,DHS_FY2025P12_c/extracted/FY2025P01-P12_070_TAS_Contracts_AccountBreakdownByAward_2026-09-16_H02M56S53_01.csv,48884,25.4,070-0540,FY2025P12,-1811718.14,70CDCR23C00000001,,7012,CONT_AWD_70CDCR23C00000001_7012_-NONE-_-NONE-,,,Contracts,-1811718.14,False,outside_pilot
DHS_FY2025P12_c:FY2025P01-P12_070_TAS_Contracts_AccountBreakdownByAward_2026-09-16_H02M56S53_01.csv:row:48885,DHS_FY2025P12_c/extracted/FY2025P01-P12_070_TAS_Contracts_AccountBreakdownByAward_2026-09-16_H02M56S53_01.csv,48885,25.4,070-0540,FY2025P10,,70CDCR23C00000001,,7012,CONT_AWD_70CDCR23C00000001_7012_-NONE-_-NONE-,,,Contracts,,True,outside_pilot
DHS_FY2025P12_c:FY2025P01-P12_070_TAS_Contracts_AccountBreakdownByAward_2026-09-16_H02M56S53_01.csv:row:48886,DHS_FY2025P12_c/extracted/FY2025P01-P12_070_TAS_Contracts_AccountBreakdownByAward_2026-09-16_H02M56S53_01.csv,48886,25.4,070-0540,FY2025P10,,70CDCR23C00000001,,7012,CONT_AWD_70CDCR23C00000001_7012_-NONE-_-NONE-,,,Contracts,,True,outside_pilot
DHS_FY2025P12_c:FY2025P01-P12_070_TAS_Contracts_AccountBreakdownByAward_2026-09-16_H02M56S53_01.csv:row:48887,DHS_FY2025P12_c/extracted/FY2025P01-P12_070_TAS_Contracts_AccountBreakdownByAward_2026-09-16_H02M56S53_01.csv,48887,25.4,070-0540,FY2025P10,,70CDCR23C00000001,,7012,CONT_AWD_70CDCR23C00000001_7012_-NONE-_-NONE-,,,Contracts,,True,outside_pilot
DHS_FY2025P12_c:FY2025P01-P12_070_TAS_Contracts_AccountBreakdownByAward_2026-09-16_H02M56S53_01.csv:row:48888,DHS_FY2025P12_c/extracted/FY2025P01-P12_070_TAS_Contracts_AccountBreakdownByAward_2026-09-16_H02M56S53_01.csv,48888,25.4,070-0540,FY2025P06,,70CDCR23C00000001,,7012,CONT_AWD_70CDCR23C00000001_7012_-NONE-_-NONE-,,,Contracts,,True,outside_pilot
DHS_FY2025P12_c:FY2025P01-P12_070_TAS_Contracts_AccountBreakdownByAward_2026-09-16_H02M56S53_01.csv:row:48889,DHS_FY2025P12_c/extracted/FY2025P01-P12_070_TAS_Contracts_AccountBreakdownByAward_2026-09-16_H02M56S53_01.csv,48889,25.4,070-0540,FY2025P09,,70CDCR23C00000001,,7012,CONT_AWD_70CDCR23C00000001_7012_-NONE-_-NONE-,,,Contracts,,True,outside_pilot
DHS_FY2025P12_c:FY2025P01-P12_070_TAS_Contracts_AccountBreakdownByAward_2026-09-16_H02M56S53_01.csv:row:51048,DHS_FY2025P12_c/extracted/FY2025P01-P12_070_TAS_Contracts_AccountBreakdownByAward_2026-09-16_H02M56S53_01.csv,51048,25.4,070-0540,FY2025P08,2853167.00,70CDCR25FR0000010,70CDCR20D00000009,7012,CONT_AWD_70CDCR25FR0000010_7012_70CDCR20D00000009_7012,,,Contracts,2853167.00,False,outside_pilot
DHS_FY2025P12_c:FY2025P01-P12_070_TAS_Contracts_AccountBreakdownByAward_2026-09-16_H02M56S53_01.csv:row:51049,DHS_FY2025P12_c/extracted/FY2025P01-P12_070_TAS_Contracts_AccountBreakdownByAward_2026-09-16_H02M56S53_01.csv,51049,25.4,070-0540,FY2025P08,5706400.00,70CDCR25FR0000010,70CDCR20D00000009,7012,CONT_AWD_70CDCR25FR0000010_7012_70CDCR20D00000009_7012,,,Contracts,5706400.00,False,outside_pilot
DHS_FY2025P12_c:FY2025P01-P12_070_TAS_Contracts_AccountBreakdownByAward_2026-09-16_H02M56S53_01.csv:row:51050,DHS_FY2025P12_c/extracted/FY2025P01-P12_070_TAS_Contracts_AccountBreakdownByAward_2026-09-16_H02M56S53_01.csv,51050,25.4,070-0540,FY2025P08,,70CDCR25FR0000010,70CDCR20D00000009,7012,CONT_AWD_70CDCR25FR0000010_7012_70CDCR20D00000009_7012,,,Contracts,,True,outside_pilot
DHS_FY2025P12_c:FY2025P01-P12_070_TAS_Contracts_AccountBreakdownByAward_2026-09-16_H02M56S53_01.csv:row:51052,DHS_FY2025P12_c/extracted/FY2025P01-P12_070_TAS_Contracts_AccountBreakdownByAward_2026-09-16_H02M56S53_01.csv,51052,25.4,070-0540,FY2025P11,4633800.00,70CDCR25FR0000010,70CDCR20D00000009,7012,CONT_AWD_70CDCR25FR0000010_7012_70CDCR20D00000009_7012,,,Contracts,4633800.00,False,outside_pilot
DHS_FY2025P12_c:FY2025P01-P12_070_TAS_Contracts_AccountBreakdownByAward_2026-09-16_H02M56S53_01.csv:row:51053,DHS_FY2025P12_c/extracted/FY2025P01-P12_070_TAS_Contracts_AccountBreakdownByAward_2026-09-16_H02M56S53_01.csv,51053,25.4,070-0540,FY2025P07,,70CDCR25FR0000010,70CDCR20D00000009,7012,CONT_AWD_70CDCR25FR0000010_7012_70CDCR20D00000009_7012,,,Contracts,,True,outside_pilot
DHS_FY2025P12_c:FY2025P01-P12_070_TAS_Contracts_AccountBreakdownByAward_2026-09-16_H02M56S53_01.csv:row:51054,DHS_FY2025P12_c/extracted/FY2025P01-P12_070_TAS_Contracts_AccountBreakdownByAward_2026-09-16_H02M56S53_01.csv,51054,25.4,070-0540,FY2025P05,2811134.00,70CDCR25FR0000010,70CDCR20D00000009,7012,CONT_AWD_70CDCR25FR0000010_7012_70CDCR20D00000009_7012,,,Contracts,2811134.00,False,outside_pilot
DHS_FY2025P12_c:FY2025P01-P12_070_TAS_Contracts_AccountBreakdownByAward_2026-09-16_H02M56S53_01.csv:row:51055,DHS_FY2025P12_c/extracted/FY2025P01-P12_070_TAS_Contracts_AccountBreakdownByAward_2026-09-16_H02M56S53_01.csv,51055,25.4,070-0540,FY2025P06,,70CDCR25FR0000010,70CDCR20D00000009,7012,CONT_AWD_70CDCR25FR0000010_7012_70CDCR20D00000009_7012,,,Contracts,,True,outside_pilot
DHS_FY2025P12_c:FY2025P01-P12_070_TAS_Contracts_AccountBreakdownByAward_2026-09-16_H02M56S53_01.csv:row:51056,DHS_FY2025P12_c/extracted/FY2025P01-P12_070_TAS_Contracts_AccountBreakdownByAward_2026-09-16_H02M56S53_01.csv,51056,25.4,070-0540,FY2025P12,,70CDCR25FR0000010,70CDCR20D00000009,7012,CONT_AWD_70CDCR25FR0000010_7012_70CDCR20D00000009_7012,,,Contracts,,True,outside_pilot
DHS_FY2025P12_c:FY2025P01-P12_070_TAS_Contracts_AccountBreakdownByAward_2026-09-16_H02M56S53_01.csv:row:51057,DHS_FY2025P12_c/extracted/FY2025P01-P12_070_TAS_Contracts_AccountBreakdownByAward_2026-09-16_H02M56S53_01.csv,51057,25.4,070-0540,FY2025P11,,70CDCR25FR0000010,70CDCR20D00000009,7012,CONT_AWD_70CDCR25FR0000010_7012_70CDCR20D00000009_7012,,,Contracts,,True,outside_pilot
DHS_FY2025P12_c:FY2025P01-P12_070_TAS_Contracts_AccountBreakdownByAward_2026-09-16_H02M56S53_01.csv:row:51058,DHS_FY2025P12_c/extracted/FY2025P01-P12_070_TAS_Contracts_AccountBreakdownByAward_2026-09-16_H02M56S53_01.csv,51058,25.4,070-0540,FY2025P12,5174000.00,70CDCR25FR0000010,70CDCR20D00000009,7012,CONT_AWD_70CDCR25FR0000010_7012_70CDCR20D00000009_7012,,,Contracts,5174000.00,False,outside_pilot
DHS_FY2025P12_c:FY2025P01-P12_070_TAS_Contracts_AccountBreakdownByAward_2026-09-16_H02M56S53_01.csv:row:51059,DHS_FY2025P12_c/extracted/FY2025P01-P12_070_TAS_Contracts_AccountBreakdownByAward_2026-09-16_H02M56S53_01.csv,51059,25.4,070-0540,FY2025P10,,70CDCR25FR0000010,70CDCR20D00000009,7012,CONT_AWD_70CDCR25FR0000010_7012_70CDCR20D00000009_7012,,,Contracts,,True,outside_pilot
DHS_FY2025P12_c:FY2025P01-P12_070_TAS_Contracts_AccountBreakdownByAward_2026-09-16_H02M56S53_01.csv:row:51060,DHS_FY2025P12_c/extracted/FY2025P01-P12_070_TAS_Contracts_AccountBreakdownByAward_2026-09-16_H02M56S53_01.csv,51060,25.4,070-0540,FY2025P09,,70CDCR25FR0000010,70CDCR20D00000009,7012,CONT_AWD_70CDCR25FR0000010_7012_70CDCR20D00000009_7012,,,Contracts,,True,outside_pilot
DHS_FY2025P12_c:FY2025P01-P12_070_TAS_Contracts_AccountBreakdownByAward_2026-09-16_H02M56S53_01.csv:row:51061,DHS_FY2025P12_c/extracted/FY2025P01-P12_070_TAS_Contracts_AccountBreakdownByAward_2026-09-16_H02M56S53_01.csv,51061,25.4,070-0540,FY2025P06,5622400.00,70CDCR25FR0000010,70CDCR20D00000009,7012,CONT_AWD_70CDCR25FR0000010_7012_70CDCR20D00000009_7012,,,Contracts,5622400.00,False,outside_pilot
DHS_FY2025P12_c:FY2025P01-P12_070_TAS_Contracts_AccountBreakdownByAward_2026-09-16_H02M56S53_01.csv:row:52127,DHS_FY2025P12_c/extracted/FY2025P01-P12_070_TAS_Contracts_AccountBreakdownByAward_2026-09-16_H02M56S53_01.csv,52127,25.4,070-0540,FY2025P07,,70CTD022FR0000018,75N98120D00162,7012,CONT_AWD_70CTD022FR0000018_7012_75N98120D00162_7529,,,Contracts,,True,outside_pilot
DHS_FY2025P12_c:FY2025P01-P12_070_TAS_Contracts_AccountBreakdownByAward_2026-09-16_H02M56S53_01.csv:row:52150,DHS_FY2025P12_c/extracted/FY2025P01-P12_070_TAS_Contracts_AccountBreakdownByAward_2026-09-16_H02M56S53_01.csv,52150,25.4,070-0540,FY2025P10,,70CTD022FR0000018,75N98120D00162,7012,CONT_AWD_70CTD022FR0000018_7012_75N98120D00162_7529,,,Contracts,,True,outside_pilot
DHS_FY2025P12_c:FY2025P01-P12_070_TAS_Contracts_AccountBreakdownByAward_2026-09-16_H02M56S53_01.csv:row:52163,DHS_FY2025P12_c/extracted/FY2025P01-P12_070_TAS_Contracts_AccountBreakdownByAward_2026-09-16_H02M56S53_01.csv,52163,25.4,070-0540,FY2025P05,,70CTD022FR0000018,75N98120D00162,7012,CONT_AWD_70CTD022FR0000018_7012_75N98120D00162_7529,,,Contracts,,True,outside_pilot
DHS_FY2025P12_c:FY2025P01-P12_070_TAS_Contracts_AccountBreakdownByAward_2026-09-16_H02M56S53_01.csv:row:52171,DHS_FY2025P12_c/extracted/FY2025P01-P12_070_TAS_Contracts_AccountBreakdownByAward_2026-09-16_H02M56S53_01.csv,52171,25.4,070-0540,FY2025P08,,70CTD022FR0000018,75N98120D00162,7012,CONT_AWD_70CTD022FR0000018_7012_75N98120D00162_7529,,,Contracts,,True,outside_pilot
DHS_FY2025P12_c:FY2025P01-P12_070_TAS_Contracts_AccountBreakdownByAward_2026-09-16_H02M56S53_01.csv:row:52199,DHS_FY2025P12_c/extracted/FY2025P01-P12_070_TAS_Contracts_AccountBreakdownByAward_2026-09-16_H02M56S53_01.csv,52199,25.4,070-0540,FY2025P11,,70CTD022FR0000018,75N98120D00162,7012,CONT_AWD_70CTD022FR0000018_7012_75N98120D00162_7529,,,Contracts,,True,outside_pilot
DHS_FY2025P12_c:FY2025P01-P12_070_TAS_Contracts_AccountBreakdownByAward_2026-09-16_H02M56S53_01.csv:row:52200,DHS_FY2025P12_c/extracted/FY2025P01-P12_070_TAS_Contracts_AccountBreakdownByAward_2026-09-16_H02M56S53_01.csv,52200,25.4,070-0540,FY2025P12,,70CTD022FR0000018,75N98120D00162,7012,CONT_AWD_70CTD022FR0000018_7012_75N98120D00162_7529,,,Contracts,,True,outside_pilot
DHS_FY2025P12_c:FY2025P01-P12_070_TAS_Contracts_AccountBreakdownByAward_2026-09-16_H02M56S53_01.csv:row:52207,DHS_FY2025P12_c/extracted/FY2025P01-P12_070_TAS_Contracts_AccountBreakdownByAward_2026-09-16_H02M56S53_01.csv,52207,25.4,070-0540,FY2025P09,,70CTD022FR0000018,75N98120D00162,7012,CONT_AWD_70CTD022FR0000018_7012_75N98120D00162_7529,,,Contracts,,True,outside_pilot
DHS_FY2025P12_c:FY2025P01-P12_070_TAS_Contracts_AccountBreakdownByAward_2026-09-16_H02M56S53_01.csv:row:52215,DHS_FY2025P12_c/extracted/FY2025P01-P12_070_TAS_Contracts_AccountBreakdownByAward_2026-09-16_H02M56S53_01.csv,52215,25.4,070-0540,FY2025P06,,70CTD022FR0000018,75N98120D00162,7012,CONT_AWD_70CTD022FR0000018_7012_75N98120D00162_7529,,,Contracts,,True,outside_pilot
DHS_FY2025P12_c:FY2025P01-P12_070_TAS_Contracts_AccountBreakdownByAward_2026-09-16_H02M56S53_01.csv:row:54735,DHS_FY2025P12_c/extracted/FY2025P01-P12_070_TAS_Contracts_AccountBreakdownByAward_2026-09-16_H02M56S53_01.csv,54735,25.4,070-0540,FY2025P07,,70CDCR24FR0000011,70CDCR20D00000009,7012,CONT_AWD_70CDCR24FR0000011_7012_70CDCR20D00000009_7012,,,Contracts,,True,outside_pilot
DHS_FY2025P12_c:FY2025P01-P12_070_TAS_Contracts_AccountBreakdownByAward_2026-09-16_H02M56S53_01.csv:row:54736,DHS_FY2025P12_c/extracted/FY2025P01-P12_070_TAS_Contracts_AccountBreakdownByAward_2026-09-16_H02M56S53_01.csv,54736,25.4,070-0540,FY2025P06,,70CDCR24FR0000011,70CDCR20D00000009,7012,CONT_AWD_70CDCR24FR0000011_7012_70CDCR20D00000009_7012,,,Contracts,,True,outside_pilot
DHS_FY2025P12_c:FY2025P01-P12_070_TAS_Contracts_AccountBreakdownByAward_2026-09-16_H02M56S53_01.csv:row:54744,DHS_FY2025P12_c/extracted/FY2025P01-P12_070_TAS_Contracts_AccountBreakdownByAward_2026-09-16_H02M56S53_01.csv,54744,25.4,070-0540,FY2025P11,,70CDCR24FR0000011,70CDCR20D00000009,7012,CONT_AWD_70CDCR24FR0000011_7012_70CDCR20D00000009_7012,,,Contracts,,True,outside_pilot
DHS_FY2025P12_c:FY2025P01-P12_070_TAS_Contracts_AccountBreakdownByAward_2026-09-16_H02M56S53_01.csv:row:54745,DHS_FY2025P12_c/extracted/FY2025P01-P12_070_TAS_Contracts_AccountBreakdownByAward_2026-09-16_H02M56S53_01.csv,54745,25.4,070-0540,FY2025P12,,70CDCR24FR0000011,70CDCR20D00000009,7012,CONT_AWD_70CDCR24FR0000011_7012_70CDCR20D00000009_7012,,,Contracts,,True,outside_pilot
DHS_FY2025P12_c:FY2025P01-P12_070_TAS_Contracts_AccountBreakdownByAward_2026-09-16_H02M56S53_01.csv:row:54746,DHS_FY2025P12_c/extracted/FY2025P01-P12_070_TAS_Contracts_AccountBreakdownByAward_2026-09-16_H02M56S53_01.csv,54746,25.4,070-0540,FY2025P05,,70CDCR24FR0000011,70CDCR20D00000009,7012,CONT_AWD_70CDCR24FR0000011_7012_70CDCR20D00000009_7012,,,Contracts,,True,outside_pilot
DHS_FY2025P12_c:FY2025P01-P12_070_TAS_Contracts_AccountBreakdownByAward_2026-09-16_H02M56S53_01.csv:row:54751,DHS_FY2025P12_c/extracted/FY2025P01-P12_070_TAS_Contracts_AccountBreakdownByAward_2026-09-16_H02M56S53_01.csv,54751,25.4,070-0540,FY2025P09,-47612.44,70CDCR24FR0000011,70CDCR20D00000009,7012,CONT_AWD_70CDCR24FR0000011_7012_70CDCR20D00000009_7012,,,Contracts,-47612.44,False,outside_pilot
DHS_FY2025P12_c:FY2025P01-P12_070_TAS_Contracts_AccountBreakdownByAward_2026-09-16_H02M56S53_01.csv:row:54757,DHS_FY2025P12_c/extracted/FY2025P01-P12_070_TAS_Contracts_AccountBreakdownByAward_2026-09-16_H02M56S53_01.csv,54757,25.4,070-0540,FY2025P09,,70CDCR24FR0000011,70CDCR20D00000009,7012,CONT_AWD_70CDCR24FR0000011_7012_70CDCR20D00000009_7012,,,Contracts,,True,outside_pilot
DHS_FY2025P12_c:FY2025P01-P12_070_TAS_Contracts_AccountBreakdownByAward_2026-09-16_H02M56S53_01.csv:row:54758,DHS_FY2025P12_c/extracted/FY2025P01-P12_070_TAS_Contracts_AccountBreakdownByAward_2026-09-16_H02M56S53_01.csv,54758,25.4,070-0540,FY2025P06,,70CDCR24FR0000011,70CDCR20D00000009,7012,CONT_AWD_70CDCR24FR0000011_7012_70CDCR20D00000009_7012,,,Contracts,,True,outside_pilot
DHS_FY2025P12_c:FY2025P01-P12_070_TAS_Contracts_AccountBreakdownByAward_2026-09-16_H02M56S53_01.csv:row:54760,DHS_FY2025P12_c/extracted/FY2025P01-P12_070_TAS_Contracts_AccountBreakdownByAward_2026-09-16_H02M56S53_01.csv,54760,25.4,070-0540,FY2025P10,,70CDCR24FR0000011,70CDCR20D00000009,7012,CONT_AWD_70CDCR24FR0000011_7012_70CDCR20D00000009_7012,,,Contracts,,True,outside_pilot
DHS_FY2025P12_c:FY2025P01-P12_070_TAS_Contracts_AccountBreakdownByAward_2026-09-16_H02M56S53_01.csv:row:54762,DHS_FY2025P12_c/extracted/FY2025P01-P12_070_TAS_Contracts_AccountBreakdownByAward_2026-09-16_H02M56S53_01.csv,54762,25.4,070-0540,FY2025P10,,70CDCR24FR0000011,70CDCR20D00000009,7012,CONT_AWD_70CDCR24FR0000011_7012_70CDCR20D00000009_7012,,,Contracts,,True,outside_pilot
DHS_FY2025P12_c:FY2025P01-P12_070_TAS_Contracts_AccountBreakdownByAward_2026-09-16_H02M56S53_01.csv:row:54765,DHS_FY2025P12_c/extracted/FY2025P01-P12_070_TAS_Contracts_AccountBreakdownByAward_2026-09-16_H02M56S53_01.csv,54765,25.4,070-0540,FY2025P05,,70CDCR24FR0000011,70CDCR20D00000009,7012,CONT_AWD_70CDCR24FR0000011_7012_70CDCR20D00000009_7012,,,Contracts,,True,outside_pilot
DHS_FY2025P12_c:FY2025P01-P12_070_TAS_Contracts_AccountBreakdownByAward_2026-09-16_H02M56S53_01.csv:row:54769,DHS_FY2025P12_c/extracted/FY2025P01-P12_070_TAS_Contracts_AccountBreakdownByAward_2026-09-16_H02M56S53_01.csv,54769,25.4,070-0540,FY2025P09,,70CDCR24FR0000011,70CDCR20D00000009,7012,CONT_AWD_70CDCR24FR0000011_7012_70CDCR20D00000009_7012,,,Contracts,,True,outside_pilot
DHS_FY2025P12_c:FY2025P01-P12_070_TAS_Contracts_AccountBreakdownByAward_2026-09-16_H02M56S53_01.csv:row:54770,DHS_FY2025P12_c/extracted/FY2025P01-P12_070_TAS_Contracts_AccountBreakdownByAward_2026-09-16_H02M56S53_01.csv,54770,25.4,070-0540,FY2025P08,,70CDCR24FR0000011,70CDCR20D00000009,7012,CONT_AWD_70CDCR24FR0000011_7012_70CDCR20D00000009_7012,,,Contracts,,True,outside_pilot
DHS_FY2025P12_c:FY2025P01-P12_070_TAS_Contracts_AccountBreakdownByAward_2026-09-16_H02M56S53_01.csv:row:54772,DHS_FY2025P12_c/extracted/FY2025P01-P12_070_TAS_Contracts_AccountBreakdownByAward_2026-09-16_H02M56S53_01.csv,54772,25.4,070-0540,FY2025P08,,70CDCR24FR0000011,70CDCR20D00000009,7012,CONT_AWD_70CDCR24FR0000011_7012_70CDCR20D00000009_7012,,,Contracts,,True,outside_pilot
DHS_FY2025P12_c:FY2025P01-P12_070_TAS_Contracts_AccountBreakdownByAward_2026-09-16_H02M56S53_01.csv:row:54774,DHS_FY2025P12_c/extracted/FY2025P01-P12_070_TAS_Contracts_AccountBreakdownByAward_2026-09-16_H02M56S53_01.csv,54774,25.4,070-0540,FY2025P11,,70CDCR24FR0000011,70CDCR20D00000009,7012,CONT_AWD_70CDCR24FR0000011_7012_70CDCR20D00000009_7012,,,Contracts,,True,outside_pilot
DHS_FY2025P12_c:FY2025P01-P12_070_TAS_Contracts_AccountBreakdownByAward_2026-09-16_H02M56S53_01.csv:row:54776,DHS_FY2025P12_c/extracted/FY2025P01-P12_070_TAS_Contracts_AccountBreakdownByAward_2026-09-16_H02M56S53_01.csv,54776,25.4,070-0540,FY2025P12,,70CDCR24FR0000011,70CDCR20D00000009,7012,CONT_AWD_70CDCR24FR0000011_7012_70CDCR20D00000009_7012,,,Contracts,,True,outside_pilot
DHS_FY2025P12_c:FY2025P01-P12_070_TAS_Contracts_AccountBreakdownByAward_2026-09-16_H02M56S53_01.csv:row:54781,DHS_FY2025P12_c/extracted/FY2025P01-P12_070_TAS_Contracts_AccountBreakdownByAward_2026-09-16_H02M56S53_01.csv,54781,25.4,070-0540,FY2025P07,,70CDCR24FR0000011,70CDCR20D00000009,7012,CONT_AWD_70CDCR24FR0000011_7012_70CDCR20D00000009_7012,,,Contracts,,True,outside_pilot
DHS_FY2025P12_c:FY2025P01-P12_070_TAS_Contracts_AccountBreakdownByAward_2026-09-16_H02M56S53_01.csv:row:63074,DHS_FY2025P12_c/extracted/FY2025P01-P12_070_TAS_Contracts_AccountBreakdownByAward_2026-09-16_H02M56S53_01.csv,63074,25.4,070-0540,FY2025P09,,70CDCR23FR0000048,70CDCR21D00000004,7012,CONT_AWD_70CDCR23FR0000048_7012_70CDCR21D00000004_7012,,,Contracts,,True,outside_pilot
DHS_FY2025P12_c:FY2025P01-P12_070_TAS_Contracts_AccountBreakdownByAward_2026-09-16_H02M56S53_01.csv:row:63077,DHS_FY2025P12_c/extracted/FY2025P01-P12_070_TAS_Contracts_AccountBreakdownByAward_2026-09-16_H02M56S53_01.csv,63077,25.4,070-0540,FY2025P12,,70CDCR23FR0000048,70CDCR21D00000004,7012,CONT_AWD_70CDCR23FR0000048_7012_70CDCR21D00000004_7012,,,Contracts,,True,outside_pilot
DHS_FY2025P12_c:FY2025P01-P12_070_TAS_Contracts_AccountBreakdownByAward_2026-09-16_H02M56S53_01.csv:row:63082,DHS_FY2025P12_c/extracted/FY2025P01-P12_070_TAS_Contracts_AccountBreakdownByAward_2026-09-16_H02M56S53_01.csv,63082,25.4,070-0540,FY2025P12,-59675.37,70CDCR23FR0000048,70CDCR21D00000004,7012,CONT_AWD_70CDCR23FR0000048_7012_70CDCR21D00000004_7012,,,Contracts,-59675.37,False,outside_pilot
DHS_FY2025P12_c:FY2025P01-P12_070_TAS_Contracts_AccountBreakdownByAward_2026-09-16_H02M56S53_01.csv:row:63083,DHS_FY2025P12_c/extracted/FY2025P01-P12_070_TAS_Contracts_AccountBreakdownByAward_2026-09-16_H02M56S53_01.csv,63083,25.4,070-0540,FY2025P08,,70CDCR23FR0000048,70CDCR21D00000004,7012,CONT_AWD_70CDCR23FR0000048_7012_70CDCR21D00000004_7012,,,Contracts,,True,outside_pilot
DHS_FY2025P12_c:FY2025P01-P12_070_TAS_Contracts_AccountBreakdownByAward_2026-09-16_H02M56S53_01.csv:row:63085,DHS_FY2025P12_c/extracted/FY2025P01-P12_070_TAS_Contracts_AccountBreakdownByAward_2026-09-16_H02M56S53_01.csv,63085,25.4,070-0540,FY2025P05,,70CDCR23FR0000048,70CDCR21D00000004,7012,CONT_AWD_70CDCR23FR0000048_7012_70CDCR21D00000004_7012,,,Contracts,,True,outside_pilot
DHS_FY2025P12_c:FY2025P01-P12_070_TAS_Contracts_AccountBreakdownByAward_2026-09-16_H02M56S53_01.csv:row:63088,DHS_FY2025P12_c/extracted/FY2025P01-P12_070_TAS_Contracts_AccountBreakdownByAward_2026-09-16_H02M56S53_01.csv,63088,25.4,070-0540,FY2025P10,,70CDCR23FR0000048,70CDCR21D00000004,7012,CONT_AWD_70CDCR23FR0000048_7012_70CDCR21D00000004_7012,,,Contracts,,True,outside_pilot
DHS_FY2025P12_c:FY2025P01-P12_070_TAS_Contracts_AccountBreakdownByAward_2026-09-16_H02M56S53_01.csv:row:63091,DHS_FY2025P12_c/extracted/FY2025P01-P12_070_TAS_Contracts_AccountBreakdownByAward_2026-09-16_H02M56S53_01.csv,63091,25.4,070-0540,FY2025P11,,70CDCR23FR0000048,70CDCR21D00000004,7012,CONT_AWD_70CDCR23FR0000048_7012_70CDCR21D00000004_7012,,,Contracts,,True,outside_pilot
DHS_FY2025P12_c:FY2025P01-P12_070_TAS_Contracts_AccountBreakdownByAward_2026-09-16_H02M56S53_01.csv:row:63093,DHS_FY2025P12_c/extracted/FY2025P01-P12_070_TAS_Contracts_AccountBreakdownByAward_2026-09-16_H02M56S53_01.csv,63093,25.4,070-0540,FY2025P07,,70CDCR23FR0000048,70CDCR21D00000004,7012,CONT_AWD_70CDCR23FR0000048_7012_70CDCR21D00000004_7012,,,Contracts,,True,outside_pilot
DHS_FY2025P12_c:FY2025P01-P12_070_TAS_Contracts_AccountBreakdownByAward_2026-09-16_H02M56S53_01.csv:row:63100,DHS_FY2025P12_c/extracted/FY2025P01-P12_070_TAS_Contracts_AccountBreakdownByAward_2026-09-16_H02M56S53_01.csv,63100,25.4,070-0540,FY2025P06,,70CDCR23FR0000048,70CDCR21D00000004,7012,CONT_AWD_70CDCR23FR0000048_7012_70CDCR21D00000004_7012,,,Contracts,,True,outside_pilot
DHS_FY2025P12_c:FY2025P01-P12_070_TAS_Contracts_AccountBreakdownByAward_2026-09-16_H02M56S53_01.csv:row:64445,DHS_FY2025P12_c/extracted/FY2025P01-P12_070_TAS_Contracts_AccountBreakdownByAward_2026-09-16_H02M56S53_01.csv,64445,25.4,070-0540,FY2025P12,5088801.92,70CDCR25FR0000091,70CDCR20D00000012,7012,CONT_AWD_70CDCR25FR0000091_7012_70CDCR20D00000012_7012,,,Contracts,5088801.92,False,outside_pilot
DHS_FY2025P12_c:FY2025P01-P12_070_TAS_Contracts_AccountBreakdownByAward_2026-09-16_H02M56S53_01.csv:row:64449,DHS_FY2025P12_c/extracted/FY2025P01-P12_070_TAS_Contracts_AccountBreakdownByAward_2026-09-16_H02M56S53_01.csv,64449,25.4,070-0540,FY2025P12,,70CDCR25FR0000091,70CDCR20D00000012,7012,CONT_AWD_70CDCR25FR0000091_7012_70CDCR20D00000012_7012,,,Contracts,,True,outside_pilot
DHS_FY2025P12_c:FY2025P01-P12_070_TAS_Contracts_AccountBreakdownByAward_2026-09-16_H02M56S53_01.csv:row:64451,DHS_FY2025P12_c/extracted/FY2025P01-P12_070_TAS_Contracts_AccountBreakdownByAward_2026-09-16_H02M56S53_01.csv,64451,25.4,070-0540,FY2025P11,10053000.00,70CDCR25FR0000091,70CDCR20D00000012,7012,CONT_AWD_70CDCR25FR0000091_7012_70CDCR20D00000012_7012,,,Contracts,10053000.00,False,outside_pilot
DHS_FY2025P12_c:FY2025P01-P12_070_TAS_Contracts_AccountBreakdownByAward_2026-09-16_H02M56S53_01.csv:row:65414,DHS_FY2025P12_c/extracted/FY2025P01-P12_070_TAS_Contracts_AccountBreakdownByAward_2026-09-16_H02M56S53_01.csv,65414,25.4,070-0540,FY2025P10,,70CDCR25FR0000033,70CDCR25D00000008,7012,CONT_AWD_70CDCR25FR0000033_7012_70CDCR25D00000008_7012,,,Contracts,,True,outside_pilot
DHS_FY2025P12_c:FY2025P01-P12_070_TAS_Contracts_AccountBreakdownByAward_2026-09-16_H02M56S53_01.csv:row:65415,DHS_FY2025P12_c/extracted/FY2025P01-P12_070_TAS_Contracts_AccountBreakdownByAward_2026-09-16_H02M56S53_01.csv,65415,25.4,070-0540,FY2025P09,,70CDCR25FR0000033,70CDCR25D00000008,7012,CONT_AWD_70CDCR25FR0000033_7012_70CDCR25D00000008_7012,,,Contracts,,True,outside_pilot
DHS_FY2025P12_c:FY2025P01-P12_070_TAS_Contracts_AccountBreakdownByAward_2026-09-16_H02M56S53_01.csv:row:65416,DHS_FY2025P12_c/extracted/FY2025P01-P12_070_TAS_Contracts_AccountBreakdownByAward_2026-09-16_H02M56S53_01.csv,65416,25.4,070-0540,FY2025P12,,70CDCR25FR0000033,70CDCR25D00000008,7012,CONT_AWD_70CDCR25FR0000033_7012_70CDCR25D00000008_7012,,,Contracts,,True,outside_pilot
DHS_FY2025P12_c:FY2025P01-P12_070_TAS_Contracts_AccountBreakdownByAward_2026-09-16_H02M56S53_01.csv:row:65417,DHS_FY2025P12_c/extracted/FY2025P01-P12_070_TAS_Contracts_AccountBreakdownByAward_2026-09-16_H02M56S53_01.csv,65417,25.4,070-0540,FY2025P11,,70CDCR25FR0000033,70CDCR25D00000008,7012,CONT_AWD_70CDCR25FR0000033_7012_70CDCR25D00000008_7012,,,Contracts,,True,outside_pilot
DHS_FY2025P12_c:FY2025P01-P12_070_TAS_Contracts_AccountBreakdownByAward_2026-09-16_H02M56S53_01.csv:row:65418,DHS_FY2025P12_c/extracted/FY2025P01-P12_070_TAS_Contracts_AccountBreakdownByAward_2026-09-16_H02M56S53_01.csv,65418,25.4,070-0540,FY2025P07,5000000.00,70CDCR25FR0000033,70CDCR25D00000008,7012,CONT_AWD_70CDCR25FR0000033_7012_70CDCR25D00000008_7012,,,Contracts,5000000.00,False,outside_pilot
DHS_FY2025P12_c:FY2025P01-P12_070_TAS_Contracts_AccountBreakdownByAward_2026-09-16_H02M56S53_01.csv:row:65420,DHS_FY2025P12_c/extracted/FY2025P01-P12_070_TAS_Contracts_AccountBreakdownByAward_2026-09-16_H02M56S53_01.csv,65420,25.4,070-0540,FY2025P08,,70CDCR25FR0000033,70CDCR25D00000008,7012,CONT_AWD_70CDCR25FR0000033_7012_70CDCR25D00000008_7012,,,Contracts,,True,outside_pilot
DHS_FY2025P12_c:FY2025P01-P12_070_TAS_Contracts_AccountBreakdownByAward_2026-09-16_H02M56S53_01.csv:row:65421,DHS_FY2025P12_c/extracted/FY2025P01-P12_070_TAS_Contracts_AccountBreakdownByAward_2026-09-16_H02M56S53_01.csv,65421,25.4,070-0540,FY2025P06,5000000.00,70CDCR25FR0000033,70CDCR25D00000008,7012,CONT_AWD_70CDCR25FR0000033_7012_70CDCR25D00000008_7012,,,Contracts,5000000.00,False,outside_pilot
DHS_FY2025P12_c:FY2025P01-P12_070_TAS_Contracts_AccountBreakdownByAward_2026-09-16_H02M56S53_01.csv:row:65439,DHS_FY2025P12_c/extracted/FY2025P01-P12_070_TAS_Contracts_AccountBreakdownByAward_2026-09-16_H02M56S53_01.csv,65439,25.4,070-0540,FY2025P08,250.00,70CDCR25FR0000050,70CDCR25D00000030,7012,CONT_AWD_70CDCR25FR0000050_7012_70CDCR25D00000030_7012,,,Contracts,250.00,False,outside_pilot
DHS_FY2025P12_c:FY2025P01-P12_070_TAS_Contracts_AccountBreakdownByAward_2026-09-16_H02M56S53_01.csv:row:65559,DHS_FY2025P12_c/extracted/FY2025P01-P12_070_TAS_Contracts_AccountBreakdownByAward_2026-09-16_H02M56S53_01.csv,65559,25.4,070-0540,FY2025P10,,70CMSW23C00000001,,7012,CONT_AWD_70CMSW23C00000001_7012_-NONE-_-NONE-,,,Contracts,,True,outside_pilot
DHS_FY2025P12_c:FY2025P01-P12_070_TAS_Contracts_AccountBreakdownByAward_2026-09-16_H02M56S53_01.csv:row:65568,DHS_FY2025P12_c/extracted/FY2025P01-P12_070_TAS_Contracts_AccountBreakdownByAward_2026-09-16_H02M56S53_01.csv,65568,25.4,070-0540,FY2025P09,,70CMSW23C00000001,,7012,CONT_AWD_70CMSW23C00000001_7012_-NONE-_-NONE-,,,Contracts,,True,outside_pilot
DHS_FY2025P12_c:FY2025P01-P12_070_TAS_Contracts_AccountBreakdownByAward_2026-09-16_H02M56S53_01.csv:row:65577,DHS_FY2025P12_c/extracted/FY2025P01-P12_070_TAS_Contracts_AccountBreakdownByAward_2026-09-16_H02M56S53_01.csv,65577,25.4,070-0540,FY2025P05,,70CMSW23C00000001,,7012,CONT_AWD_70CMSW23C00000001_7012_-NONE-_-NONE-,,,Contracts,,True,outside_pilot
DHS_FY2025P12_c:FY2025P01-P12_070_TAS_Contracts_AccountBreakdownByAward_2026-09-16_H02M56S53_01.csv:row:65583,DHS_FY2025P12_c/extracted/FY2025P01-P12_070_TAS_Contracts_AccountBreakdownByAward_2026-09-16_H02M56S53_01.csv,65583,25.4,070-0540,FY2025P08,,70CMSW23C00000001,,7012,CONT_AWD_70CMSW23C00000001_7012_-NONE-_-NONE-,,,Contracts,,True,outside_pilot
DHS_FY2025P12_c:FY2025P01-P12_070_TAS_Contracts_AccountBreakdownByAward_2026-09-16_H02M56S53_01.csv:row:65601,DHS_FY2025P12_c/extracted/FY2025P01-P12_070_TAS_Contracts_AccountBreakdownByAward_2026-09-16_H02M56S53_01.csv,65601,25.4,070-0540,FY2025P06,,70CMSW23C00000001,,7012,CONT_AWD_70CMSW23C00000001_7012_-NONE-_-NONE-,,,Contracts,,True,outside_pilot
DHS_FY2025P12_c:FY2025P01-P12_070_TAS_Contracts_AccountBreakdownByAward_2026-09-16_H02M56S53_01.csv:row:65602,DHS_FY2025P12_c/extracted/FY2025P01-P12_070_TAS_Contracts_AccountBreakdownByAward_2026-09-16_H02M56S53_01.csv,65602,25.4,070-0540,FY2025P11,,70CMSW23C00000001,,7012,CONT_AWD_70CMSW23C00000001_7012_-NONE-_-NONE-,,,Contracts,,True,outside_pilot
DHS_FY2025P12_c:FY2025P01-P12_070_TAS_Contracts_AccountBreakdownByAward_2026-09-16_H02M56S53_01.csv:row:65605,DHS_FY2025P12_c/extracted/FY2025P01-P12_070_TAS_Contracts_AccountBreakdownByAward_2026-09-16_H02M56S53_01.csv,65605,25.4,070-0540,FY2025P12,,70CMSW23C00000001,,7012,CONT_AWD_70CMSW23C00000001_7012_-NONE-_-NONE-,,,Contracts,,True,outside_pilot
DHS_FY2025P12_c:FY2025P01-P12_070_TAS_Contracts_AccountBreakdownByAward_2026-09-16_H02M56S53_01.csv:row:65614,DHS_FY2025P12_c/extracted/FY2025P01-P12_070_TAS_Contracts_AccountBreakdownByAward_2026-09-16_H02M56S53_01.csv,65614,25.4,070-0540,FY2025P07,,70CMSW23C00000001,,7012,CONT_AWD_70CMSW23C00000001_7012_-NONE-_-NONE-,,,Contracts,,True,outside_pilot
DHS_FY2025P12_c:FY2025P01-P12_070_TAS_Contracts_AccountBreakdownByAward_2026-09-16_H02M56S53_01.csv:row:68689,DHS_FY2025P12_c/extracted/FY2025P01-P12_070_TAS_Contracts_AccountBreakdownByAward_2026-09-16_H02M56S53_01.csv,68689,25.4,070-0540,FY2025P12,9114200.00,70CDCR25FR0000112,70CDCR22D00000012,7012,CONT_AWD_70CDCR25FR0000112_7012_70CDCR22D00000012_7012,,,Contracts,9114200.00,False,outside_pilot
DHS_FY2025P12_c:FY2025P01-P12_070_TAS_Contracts_AccountBreakdownByAward_2026-09-16_H02M56S53_01.csv:row:69528,DHS_FY2025P12_c/extracted/FY2025P01-P12_070_TAS_Contracts_AccountBreakdownByAward_2026-09-16_H02M56S53_01.csv,69528,25.4,070-0540,FY2025P08,250.00,70CDCR25FR0000086,70CDCR25D00000045,7012,CONT_AWD_70CDCR25FR0000086_7012_70CDCR25D00000045_7012,,,Contracts,250.00,False,outside_pilot
DHS_FY2025P12_c:FY2025P01-P12_070_TAS_Contracts_AccountBreakdownByAward_2026-09-16_H02M56S53_01.csv:row:7209,DHS_FY2025P12_c/extracted/FY2025P01-P12_070_TAS_Contracts_AccountBreakdownByAward_2026-09-16_H02M56S53_01.csv,7209,25.4,070-0540,FY2025P07,,70CMSW23P00000022,,7012,CONT_AWD_70CMSW23P00000022_7012_-NONE-_-NONE-,,,Contracts,,True,outside_pilot
DHS_FY2025P12_c:FY2025P01-P12_070_TAS_Contracts_AccountBreakdownByAward_2026-09-16_H02M56S53_01.csv:row:7210,DHS_FY2025P12_c/extracted/FY2025P01-P12_070_TAS_Contracts_AccountBreakdownByAward_2026-09-16_H02M56S53_01.csv,7210,25.4,070-0540,FY2025P05,,70CMSW23P00000022,,7012,CONT_AWD_70CMSW23P00000022_7012_-NONE-_-NONE-,,,Contracts,,True,outside_pilot
DHS_FY2025P12_c:FY2025P01-P12_070_TAS_Contracts_AccountBreakdownByAward_2026-09-16_H02M56S53_01.csv:row:7211,DHS_FY2025P12_c/extracted/FY2025P01-P12_070_TAS_Contracts_AccountBreakdownByAward_2026-09-16_H02M56S53_01.csv,7211,25.4,070-0540,FY2025P06,,70CMSW23P00000022,,7012,CONT_AWD_70CMSW23P00000022_7012_-NONE-_-NONE-,,,Contracts,,True,outside_pilot
DHS_FY2025P12_c:FY2025P01-P12_070_TAS_Contracts_AccountBreakdownByAward_2026-09-16_H02M56S53_01.csv:row:7213,DHS_FY2025P12_c/extracted/FY2025P01-P12_070_TAS_Contracts_AccountBreakdownByAward_2026-09-16_H02M56S53_01.csv,7213,25.4,070-0540,FY2025P11,,70CMSW23P00000022,,7012,CONT_AWD_70CMSW23P00000022_7012_-NONE-_-NONE-,,,Contracts,,True,outside_pilot
DHS_FY2025P12_c:FY2025P01-P12_070_TAS_Contracts_AccountBreakdownByAward_2026-09-16_H02M56S53_01.csv:row:7214,DHS_FY2025P12_c/extracted/FY2025P01-P12_070_TAS_Contracts_AccountBreakdownByAward_2026-09-16_H02M56S53_01.csv,7214,25.4,070-0540,FY2025P12,,70CMSW23P00000022,,7012,CONT_AWD_70CMSW23P00000022_7012_-NONE-_-NONE-,,,Contracts,,True,outside_pilot
DHS_FY2025P12_c:FY2025P01-P12_070_TAS_Contracts_AccountBreakdownByAward_2026-09-16_H02M56S53_01.csv:row:7215,DHS_FY2025P12_c/extracted/FY2025P01-P12_070_TAS_Contracts_AccountBreakdownByAward_2026-09-16_H02M56S53_01.csv,7215,25.4,070-0540,FY2025P09,,70CMSW23P00000022,,7012,CONT_AWD_70CMSW23P00000022_7012_-NONE-_-NONE-,,,Contracts,,True,outside_pilot
DHS_FY2025P12_c:FY2025P01-P12_070_TAS_Contracts_AccountBreakdownByAward_2026-09-16_H02M56S53_01.csv:row:7216,DHS_FY2025P12_c/extracted/FY2025P01-P12_070_TAS_Contracts_AccountBreakdownByAward_2026-09-16_H02M56S53_01.csv,7216,25.4,070-0540,FY2025P08,,70CMSW23P00000022,,7012,CONT_AWD_70CMSW23P00000022_7012_-NONE-_-NONE-,,,Contracts,,True,outside_pilot
DHS_FY2025P12_c:FY2025P01-P12_070_TAS_Contracts_AccountBreakdownByAward_2026-09-16_H02M56S53_01.csv:row:7217,DHS_FY2025P12_c/extracted/FY2025P01-P12_070_TAS_Contracts_AccountBreakdownByAward_2026-09-16_H02M56S53_01.csv,7217,25.4,070-0540,FY2025P10,,70CMSW23P00000022,,7012,CONT_AWD_70CMSW23P00000022_7012_-NONE-_-NONE-,,,Contracts,,True,outside_pilot
DHS_FY2025P12_c:FY2025P01-P12_070_TAS_Contracts_AccountBreakdownByAward_2026-09-16_H02M56S53_01.csv:row:72647,DHS_FY2025P12_c/extracted/FY2025P01-P12_070_TAS_Contracts_AccountBreakdownByAward_2026-09-16_H02M56S53_01.csv,72647,25.4,070-0540,FY2025P12,102038.40,70CTD025FC0000024,70CTD022A00000004,7012,CONT_AWD_70CTD025FC0000024_7012_70CTD022A00000004_7012,,,Contracts,102038.40,False,outside_pilot
DHS_FY2025P12_c:FY2025P01-P12_070_TAS_Contracts_AccountBreakdownByAward_2026-09-16_H02M56S53_01.csv:row:72649,DHS_FY2025P12_c/extracted/FY2025P01-P12_070_TAS_Contracts_AccountBreakdownByAward_2026-09-16_H02M56S53_01.csv,72649,25.4,070-0540,FY2025P12,4977785.76,70CTD025FC0000024,70CTD022A00000004,7012,CONT_AWD_70CTD025FC0000024_7012_70CTD022A00000004_7012,,,Contracts,4977785.76,False,outside_pilot
DHS_FY2025P12_c:FY2025P01-P12_070_TAS_Contracts_AccountBreakdownByAward_2026-09-16_H02M56S53_01.csv:row:72650,DHS_FY2025P12_c/extracted/FY2025P01-P12_070_TAS_Contracts_AccountBreakdownByAward_2026-09-16_H02M56S53_01.csv,72650,25.4,070-0540,FY2025P12,12300476.14,70CTD025FC0000024,70CTD022A00000004,7012,CONT_AWD_70CTD025FC0000024_7012_70CTD022A00000004_7012,,,Contracts,12300476.14,False,outside_pilot
DHS_FY2025P12_c:FY2025P01-P12_070_TAS_Contracts_AccountBreakdownByAward_2026-09-16_H02M56S53_01.csv:row:72652,DHS_FY2025P12_c/extracted/FY2025P01-P12_070_TAS_Contracts_AccountBreakdownByAward_2026-09-16_H02M56S53_01.csv,72652,25.4,070-0540,FY2025P12,612825.20,70CTD025FC0000024,70CTD022A00000004,7012,CONT_AWD_70CTD025FC0000024_7012_70CTD022A00000004_7012,,,Contracts,612825.20,False,outside_pilot
DHS_FY2025P12_c:FY2025P01-P12_070_TAS_Contracts_AccountBreakdownByAward_2026-09-16_H02M56S53_01.csv:row:72653,DHS_FY2025P12_c/extracted/FY2025P01-P12_070_TAS_Contracts_AccountBreakdownByAward_2026-09-16_H02M56S53_01.csv,72653,25.4,070-0545,FY2025P12,150000.00,70CTD025FC0000024,70CTD022A00000004,7012,CONT_AWD_70CTD025FC0000024_7012_70CTD022A00000004_7012,,,Contracts,150000.00,False,outside_pilot
DHS_FY2025P12_c:FY2025P01-P12_070_TAS_Contracts_AccountBreakdownByAward_2026-09-16_H02M56S53_01.csv:row:72655,DHS_FY2025P12_c/extracted/FY2025P01-P12_070_TAS_Contracts_AccountBreakdownByAward_2026-09-16_H02M56S53_01.csv,72655,25.4,070-0540,FY2025P12,2074832.62,70CTD025FC0000024,70CTD022A00000004,7012,CONT_AWD_70CTD025FC0000024_7012_70CTD022A00000004_7012,,,Contracts,2074832.62,False,outside_pilot
DHS_FY2025P12_c:FY2025P01-P12_070_TAS_Contracts_AccountBreakdownByAward_2026-09-16_H02M56S53_01.csv:row:72656,DHS_FY2025P12_c/extracted/FY2025P01-P12_070_TAS_Contracts_AccountBreakdownByAward_2026-09-16_H02M56S53_01.csv,72656,25.4,070-0545,FY2025P12,709934.72,70CTD025FC0000024,70CTD022A00000004,7012,CONT_AWD_70CTD025FC0000024_7012_70CTD022A00000004_7012,,,Contracts,709934.72,False,outside_pilot
DHS_FY2025P12_c:FY2025P01-P12_070_TAS_Contracts_AccountBreakdownByAward_2026-09-16_H02M56S53_01.csv:row:72657,DHS_FY2025P12_c/extracted/FY2025P01-P12_070_TAS_Contracts_AccountBreakdownByAward_2026-09-16_H02M56S53_01.csv,72657,25.4,070-0540,FY2025P12,657274.00,70CTD025FC0000024,70CTD022A00000004,7012,CONT_AWD_70CTD025FC0000024_7012_70CTD022A00000004_7012,,,Contracts,657274.00,False,outside_pilot
DHS_FY2025P12_c:FY2025P01-P12_070_TAS_Contracts_AccountBreakdownByAward_2026-09-16_H02M56S53_01.csv:row:72658,DHS_FY2025P12_c/extracted/FY2025P01-P12_070_TAS_Contracts_AccountBreakdownByAward_2026-09-16_H02M56S53_01.csv,72658,25.4,070-0540,FY2025P12,15389.88,70CTD025FC0000024,70CTD022A00000004,7012,CONT_AWD_70CTD025FC0000024_7012_70CTD022A00000004_7012,,,Contracts,15389.88,False,outside_pilot
DHS_FY2025P12_c:FY2025P01-P12_070_TAS_Contracts_AccountBreakdownByAward_2026-09-16_H02M56S53_01.csv:row:74583,DHS_FY2025P12_c/extracted/FY2025P01-P12_070_TAS_Contracts_AccountBreakdownByAward_2026-09-16_H02M56S53_01.csv,74583,25.4,070-0540,FY2025P07,709000.00,70CDCR25FC0000002,HSCEDM14A00001,7012,CONT_AWD_70CDCR25FC0000002_7012_HSCEDM14A00001_7012,,,Contracts,709000.00,False,outside_pilot
DHS_FY2025P12_c:FY2025P01-P12_070_TAS_Contracts_AccountBreakdownByAward_2026-09-16_H02M56S53_01.csv:row:74587,DHS_FY2025P12_c/extracted/FY2025P01-P12_070_TAS_Contracts_AccountBreakdownByAward_2026-09-16_H02M56S53_01.csv,74587,25.4,070-0540,FY2025P06,654200.00,70CDCR25FC0000002,HSCEDM14A00001,7012,CONT_AWD_70CDCR25FC0000002_7012_HSCEDM14A00001_7012,,,Contracts,654200.00,False,outside_pilot
DHS_FY2025P12_c:FY2025P01-P12_070_TAS_Contracts_AccountBreakdownByAward_2026-09-16_H02M56S53_01.csv:row:74588,DHS_FY2025P12_c/extracted/FY2025P01-P12_070_TAS_Contracts_AccountBreakdownByAward_2026-09-16_H02M56S53_01.csv,74588,25.4,070-0540,FY2025P12,,70CDCR25FC0000002,HSCEDM14A00001,7012,CONT_AWD_70CDCR25FC0000002_7012_HSCEDM14A00001_7012,,,Contracts,,True,outside_pilot
DHS_FY2025P12_c:FY2025P01-P12_070_TAS_Contracts_AccountBreakdownByAward_2026-09-16_H02M56S53_01.csv:row:74591,DHS_FY2025P12_c/extracted/FY2025P01-P12_070_TAS_Contracts_AccountBreakdownByAward_2026-09-16_H02M56S53_01.csv,74591,25.4,070-0540,FY2025P08,709000.00,70CDCR25FC0000002,HSCEDM14A00001,7012,CONT_AWD_70CDCR25FC0000002_7012_HSCEDM14A00001_7012,,,Contracts,709000.00,False,outside_pilot
DHS_FY2025P12_c:FY2025P01-P12_070_TAS_Contracts_AccountBreakdownByAward_2026-09-16_H02M56S53_01.csv:row:74593,DHS_FY2025P12_c/extracted/FY2025P01-P12_070_TAS_Contracts_AccountBreakdownByAward_2026-09-16_H02M56S53_01.csv,74593,25.4,070-0540,FY2025P10,1941188.00,70CDCR25FC0000002,HSCEDM14A00001,7012,CONT_AWD_70CDCR25FC0000002_7012_HSCEDM14A00001_7012,,,Contracts,1941188.00,False,outside_pilot
DHS_FY2025P12_c:FY2025P01-P12_070_TAS_Contracts_AccountBreakdownByAward_2026-09-16_H02M56S53_01.csv:row:74595,DHS_FY2025P12_c/extracted/FY2025P01-P12_070_TAS_Contracts_AccountBreakdownByAward_2026-09-16_H02M56S53_01.csv,74595,25.4,070-0540,FY2025P10,,70CDCR25FC0000002,HSCEDM14A00001,7012,CONT_AWD_70CDCR25FC0000002_7012_HSCEDM14A00001_7012,,,Contracts,,True,outside_pilot
DHS_FY2025P12_c:FY2025P01-P12_070_TAS_Contracts_AccountBreakdownByAward_2026-09-16_H02M56S53_01.csv:row:74597,DHS_FY2025P12_c/extracted/FY2025P01-P12_070_TAS_Contracts_AccountBreakdownByAward_2026-09-16_H02M56S53_01.csv,74597,25.4,070-0540,FY2025P09,,70CDCR25FC0000002,HSCEDM14A00001,7012,CONT_AWD_70CDCR25FC0000002_7012_HSCEDM14A00001_7012,,,Contracts,,True,outside_pilot
DHS_FY2025P12_c:FY2025P01-P12_070_TAS_Contracts_AccountBreakdownByAward_2026-09-16_H02M56S53_01.csv:row:74598,DHS_FY2025P12_c/extracted/FY2025P01-P12_070_TAS_Contracts_AccountBreakdownByAward_2026-09-16_H02M56S53_01.csv,74598,25.4,070-0540,FY2025P11,,70CDCR25FC0000002,HSCEDM14A00001,7012,CONT_AWD_70CDCR25FC0000002_7012_HSCEDM14A00001_7012,,,Contracts,,True,outside_pilot
DHS_FY2025P12_c:FY2025P01-P12_070_TAS_Contracts_AccountBreakdownByAward_2026-09-16_H02M56S53_01.csv:row:76196,DHS_FY2025P12_c/extracted/FY2025P01-P12_070_TAS_Contracts_AccountBreakdownByAward_2026-09-16_H02M56S53_01.csv,76196,25.4,070-0540,FY2025P07,-56177.33,70CDCR22FR0000046,70CDCR20D00000014,7012,CONT_AWD_70CDCR22FR0000046_7012_70CDCR20D00000014_7012,,,Contracts,-56177.33,False,outside_pilot
DHS_FY2025P12_c:FY2025P01-P12_070_TAS_Contracts_AccountBreakdownByAward_2026-09-16_H02M56S53_01.csv:row:78603,DHS_FY2025P12_c/extracted/FY2025P01-P12_070_TAS_Contracts_AccountBreakdownByAward_2026-09-16_H02M56S53_01.csv,78603,25.4,070-0540,FY2025P10,,70CDCR25FR0000019,HSCEDM15D00002,7012,CONT_AWD_70CDCR25FR0000019_7012_HSCEDM15D00002_7012,,,Contracts,,True,outside_pilot
DHS_FY2025P12_c:FY2025P01-P12_070_TAS_Contracts_AccountBreakdownByAward_2026-09-16_H02M56S53_01.csv:row:78606,DHS_FY2025P12_c/extracted/FY2025P01-P12_070_TAS_Contracts_AccountBreakdownByAward_2026-09-16_H02M56S53_01.csv,78606,25.4,070-0540,FY2025P05,2233101.19,70CDCR25FR0000019,HSCEDM15D00002,7012,CONT_AWD_70CDCR25FR0000019_7012_HSCEDM15D00002_7012,,,Contracts,2233101.19,False,outside_pilot
DHS_FY2025P12_c:FY2025P01-P12_070_TAS_Contracts_AccountBreakdownByAward_2026-09-16_H02M56S53_01.csv:row:78607,DHS_FY2025P12_c/extracted/FY2025P01-P12_070_TAS_Contracts_AccountBreakdownByAward_2026-09-16_H02M56S53_01.csv,78607,25.4,070-0540,FY2025P05,-2233101.19,70CDCR25FR0000019,HSCEDM15D00002,7012,CONT_AWD_70CDCR25FR0000019_7012_HSCEDM15D00002_7012,,,Contracts,-2233101.19,False,outside_pilot
DHS_FY2025P12_c:FY2025P01-P12_070_TAS_Contracts_AccountBreakdownByAward_2026-09-16_H02M56S53_01.csv:row:78610,DHS_FY2025P12_c/extracted/FY2025P01-P12_070_TAS_Contracts_AccountBreakdownByAward_2026-09-16_H02M56S53_01.csv,78610,25.4,070-0540,FY2025P07,1880565.92,70CDCR25FR0000019,HSCEDM15D00002,7012,CONT_AWD_70CDCR25FR0000019_7012_HSCEDM15D00002_7012,,,Contracts,1880565.92,False,outside_pilot
DHS_FY2025P12_c:FY2025P01-P12_070_TAS_Contracts_AccountBreakdownByAward_2026-09-16_H02M56S53_01.csv:row:78612,DHS_FY2025P12_c/extracted/FY2025P01-P12_070_TAS_Contracts_AccountBreakdownByAward_2026-09-16_H02M56S53_01.csv,78612,25.4,070-0540,FY2025P06,5641731.16,70CDCR25FR0000019,HSCEDM15D00002,7012,CONT_AWD_70CDCR25FR0000019_7012_HSCEDM15D00002_7012,,,Contracts,5641731.16,False,outside_pilot
DHS_FY2025P12_c:FY2025P01-P12_070_TAS_Contracts_AccountBreakdownByAward_2026-09-16_H02M56S53_01.csv:row:78613,DHS_FY2025P12_c/extracted/FY2025P01-P12_070_TAS_Contracts_AccountBreakdownByAward_2026-09-16_H02M56S53_01.csv,78613,25.4,070-0540,FY2025P08,3761199.62,70CDCR25FR0000019,HSCEDM15D00002,7012,CONT_AWD_70CDCR25FR0000019_7012_HSCEDM15D00002_7012,,,Contracts,3761199.62,False,outside_pilot
DHS_FY2025P12_c:FY2025P01-P12_070_TAS_Contracts_AccountBreakdownByAward_2026-09-16_H02M56S53_01.csv:row:78614,DHS_FY2025P12_c/extracted/FY2025P01-P12_070_TAS_Contracts_AccountBreakdownByAward_2026-09-16_H02M56S53_01.csv,78614,25.4,070-0540,FY2025P07,,70CDCR25FR0000019,HSCEDM15D00002,7012,CONT_AWD_70CDCR25FR0000019_7012_HSCEDM15D00002_7012,,,Contracts,,True,outside_pilot
DHS_FY2025P12_c:FY2025P01-P12_070_TAS_Contracts_AccountBreakdownByAward_2026-09-16_H02M56S53_01.csv:row:78617,DHS_FY2025P12_c/extracted/FY2025P01-P12_070_TAS_Contracts_AccountBreakdownByAward_2026-09-16_H02M56S53_01.csv,78617,25.4,070-0540,FY2025P11,5373844.22,70CDCR25FR0000019,HSCEDM15D00002,7012,CONT_AWD_70CDCR25FR0000019_7012_HSCEDM15D00002_7012,,,Contracts,5373844.22,False,outside_pilot
DHS_FY2025P12_c:FY2025P01-P12_070_TAS_Contracts_AccountBreakdownByAward_2026-09-16_H02M56S53_01.csv:row:78619,DHS_FY2025P12_c/extracted/FY2025P01-P12_070_TAS_Contracts_AccountBreakdownByAward_2026-09-16_H02M56S53_01.csv,78619,25.4,070-0540,FY2025P09,,70CDCR25FR0000019,HSCEDM15D00002,7012,CONT_AWD_70CDCR25FR0000019_7012_HSCEDM15D00002_7012,,,Contracts,,True,outside_pilot
DHS_FY2025P12_c:FY2025P01-P12_070_TAS_Contracts_AccountBreakdownByAward_2026-09-16_H02M56S53_01.csv:row:78620,DHS_FY2025P12_c/extracted/FY2025P01-P12_070_TAS_Contracts_AccountBreakdownByAward_2026-09-16_H02M56S53_01.csv,78620,25.4,070-0540,FY2025P08,,70CDCR25FR0000019,HSCEDM15D00002,7012,CONT_AWD_70CDCR25FR0000019_7012_HSCEDM15D00002_7012,,,Contracts,,True,outside_pilot
DHS_FY2025P12_c:FY2025P01-P12_070_TAS_Contracts_AccountBreakdownByAward_2026-09-16_H02M56S53_01.csv:row:78623,DHS_FY2025P12_c/extracted/FY2025P01-P12_070_TAS_Contracts_AccountBreakdownByAward_2026-09-16_H02M56S53_01.csv,78623,25.4,070-0540,FY2025P12,5373843.82,70CDCR25FR0000019,HSCEDM15D00002,7012,CONT_AWD_70CDCR25FR0000019_7012_HSCEDM15D00002_7012,,,Contracts,5373843.82,False,outside_pilot
DHS_FY2025P12_c:FY2025P01-P12_070_TAS_Contracts_AccountBreakdownByAward_2026-09-16_H02M56S53_01.csv:row:78624,DHS_FY2025P12_c/extracted/FY2025P01-P12_070_TAS_Contracts_AccountBreakdownByAward_2026-09-16_H02M56S53_01.csv,78624,25.4,070-0540,FY2025P12,2540998.59,70CDCR25FR0000019,HSCEDM15D00002,7012,CONT_AWD_70CDCR25FR0000019_7012_HSCEDM15D00002_7012,,,Contracts,2540998.59,False,outside_pilot
DHS_FY2025P12_c:FY2025P01-P12_070_TAS_Contracts_AccountBreakdownByAward_2026-09-16_H02M56S53_01.csv:row:78626,DHS_FY2025P12_c/extracted/FY2025P01-P12_070_TAS_Contracts_AccountBreakdownByAward_2026-09-16_H02M56S53_01.csv,78626,25.4,070-0540,FY2025P06,,70CDCR25FR0000019,HSCEDM15D00002,7012,CONT_AWD_70CDCR25FR0000019_7012_HSCEDM15D00002_7012,,,Contracts,,True,outside_pilot
DHS_FY2025P12_c:FY2025P01-P12_070_TAS_Contracts_AccountBreakdownByAward_2026-09-16_H02M56S53_01.csv:row:78627,DHS_FY2025P12_c/extracted/FY2025P01-P12_070_TAS_Contracts_AccountBreakdownByAward_2026-09-16_H02M56S53_01.csv,78627,25.4,070-0540,FY2025P11,,70CDCR25FR0000019,HSCEDM15D00002,7012,CONT_AWD_70CDCR25FR0000019_7012_HSCEDM15D00002_7012,,,Contracts,,True,outside_pilot
DHS_FY2025P12_c:FY2025P01-P12_070_TAS_Contracts_AccountBreakdownByAward_2026-09-16_H02M56S53_01.csv:row:78628,DHS_FY2025P12_c/extracted/FY2025P01-P12_070_TAS_Contracts_AccountBreakdownByAward_2026-09-16_H02M56S53_01.csv,78628,25.4,070-0540,FY2025P12,,70CDCR25FR0000019,HSCEDM15D00002,7012,CONT_AWD_70CDCR25FR0000019_7012_HSCEDM15D00002_7012,,,Contracts,,True,outside_pilot
DHS_FY2025P12_c:FY2025P01-P12_070_TAS_Contracts_AccountBreakdownByAward_2026-09-16_H02M56S53_01.csv:row:78871,DHS_FY2025P12_c/extracted/FY2025P01-P12_070_TAS_Contracts_AccountBreakdownByAward_2026-09-16_H02M56S53_01.csv,78871,25.4,070-0540,FY2025P12,4960400.00,70CDCR25FR0000099,70CDCR24D00000008,7012,CONT_AWD_70CDCR25FR0000099_7012_70CDCR24D00000008_7012,,,Contracts,4960400.00,False,outside_pilot
DHS_FY2025P12_c:FY2025P01-P12_070_TAS_Contracts_AccountBreakdownByAward_2026-09-16_H02M56S53_01.csv:row:82825,DHS_FY2025P12_c/extracted/FY2025P01-P12_070_TAS_Contracts_AccountBreakdownByAward_2026-09-16_H02M56S53_01.csv,82825,25.4,070-0540,FY2025P08,250.00,70CDCR25FR0000080,70CDCR25D00000047,7012,CONT_AWD_70CDCR25FR0000080_7012_70CDCR25D00000047_7012,,,Contracts,250.00,False,outside_pilot
DHS_FY2025P12_c:FY2025P01-P12_070_TAS_Contracts_AccountBreakdownByAward_2026-09-16_H02M56S53_01.csv:row:8504,DHS_FY2025P12_c/extracted/FY2025P01-P12_070_TAS_Contracts_AccountBreakdownByAward_2026-09-16_H02M56S53_01.csv,8504,25.4,070-0540,FY2025P08,250.00,70CDCR25FR0000049,70CDCR25D00000040,7012,CONT_AWD_70CDCR25FR0000049_7012_70CDCR25D00000040_7012,,,Contracts,250.00,False,outside_pilot
DHS_FY2025P12_c:FY2025P01-P12_070_TAS_Contracts_AccountBreakdownByAward_2026-09-16_H02M56S53_01.csv:row:851,DHS_FY2025P12_c/extracted/FY2025P01-P12_070_TAS_Contracts_AccountBreakdownByAward_2026-09-16_H02M56S53_01.csv,851,25.4,070-0540,FY2025P12,6069800.00,70CDCR25FR0000110,70CDCR20D00000004,7012,CONT_AWD_70CDCR25FR0000110_7012_70CDCR20D00000004_7012,,,Contracts,6069800.00,False,outside_pilot
DHS_FY2025P12_c:FY2025P01-P12_070_TAS_Contracts_AccountBreakdownByAward_2026-09-16_H02M56S53_01.csv:row:85603,DHS_FY2025P12_c/extracted/FY2025P01-P12_070_TAS_Contracts_AccountBreakdownByAward_2026-09-16_H02M56S53_01.csv,85603,25.4,070-0540,FY2025P08,250.00,70CDCR25FR0000058,70CDCR25D00000055,7012,CONT_AWD_70CDCR25FR0000058_7012_70CDCR25D00000055_7012,,,Contracts,250.00,False,outside_pilot
DHS_FY2025P12_c:FY2025P01-P12_070_TAS_Contracts_AccountBreakdownByAward_2026-09-16_H02M56S53_01.csv:row:91093,DHS_FY2025P12_c/extracted/FY2025P01-P12_070_TAS_Contracts_AccountBreakdownByAward_2026-09-16_H02M56S53_01.csv,91093,25.4,070-0540,FY2025P08,250.00,70CDCR25FR0000061,70CDCR25D00000028,7012,CONT_AWD_70CDCR25FR0000061_7012_70CDCR25D00000028_7012,,,Contracts,250.00,False,outside_pilot
DHS_FY2025P12_c:FY2025P01-P12_070_TAS_Contracts_AccountBreakdownByAward_2026-09-16_H02M56S53_01.csv:row:9127,DHS_FY2025P12_c/extracted/FY2025P01-P12_070_TAS_Contracts_AccountBreakdownByAward_2026-09-16_H02M56S53_01.csv,9127,25.4,070-0540,FY2025P06,-0.04,70CMSW19P00000022,,7012,CONT_AWD_70CMSW19P00000022_7012_-NONE-_-NONE-,,,Contracts,-0.04,False,outside_pilot
DHS_FY2025P12_c:FY2025P01-P12_070_TAS_Contracts_AccountBreakdownByAward_2026-09-16_H02M56S53_01.csv:row:9128,DHS_FY2025P12_c/extracted/FY2025P01-P12_070_TAS_Contracts_AccountBreakdownByAward_2026-09-16_H02M56S53_01.csv,9128,25.4,070-0540,FY2025P06,-0.04,70CMSW19P00000022,,7012,CONT_AWD_70CMSW19P00000022_7012_-NONE-_-NONE-,,,Contracts,-0.04,False,outside_pilot
DHS_FY2025P12_c:FY2025P01-P12_070_TAS_Contracts_AccountBreakdownByAward_2026-09-16_H02M56S53_01.csv:row:9129,DHS_FY2025P12_c/extracted/FY2025P01-P12_070_TAS_Contracts_AccountBreakdownByAward_2026-09-16_H02M56S53_01.csv,9129,25.4,070-0540,FY2025P06,-0.04,70CMSW19P00000022,,7012,CONT_AWD_70CMSW19P00000022_7012_-NONE-_-NONE-,,,Contracts,-0.04,False,outside_pilot
DHS_FY2025P12_c:FY2025P01-P12_070_TAS_Contracts_AccountBreakdownByAward_2026-09-16_H02M56S53_01.csv:row:91671,DHS_FY2025P12_c/extracted/FY2025P01-P12_070_TAS_Contracts_AccountBreakdownByAward_2026-09-16_H02M56S53_01.csv,91671,25.4,070-0540,FY2025P09,,70CDCR25FR0000005,70CDCR22D00000001,7012,CONT_AWD_70CDCR25FR0000005_7012_70CDCR22D00000001_7012,,,Contracts,,True,outside_pilot
DHS_FY2025P12_c:FY2025P01-P12_070_TAS_Contracts_AccountBreakdownByAward_2026-09-16_H02M56S53_01.csv:row:91673,DHS_FY2025P12_c/extracted/FY2025P01-P12_070_TAS_Contracts_AccountBreakdownByAward_2026-09-16_H02M56S53_01.csv,91673,25.4,070-0540,FY2025P07,,70CDCR25FR0000005,70CDCR22D00000001,7012,CONT_AWD_70CDCR25FR0000005_7012_70CDCR22D00000001_7012,,,Contracts,,True,outside_pilot
DHS_FY2025P12_c:FY2025P01-P12_070_TAS_Contracts_AccountBreakdownByAward_2026-09-16_H02M56S53_01.csv:row:91674,DHS_FY2025P12_c/extracted/FY2025P01-P12_070_TAS_Contracts_AccountBreakdownByAward_2026-09-16_H02M56S53_01.csv,91674,25.4,070-0540,FY2025P09,1768206.53,70CDCR25FR0000005,70CDCR22D00000001,7012,CONT_AWD_70CDCR25FR0000005_7012_70CDCR22D00000001_7012,,,Contracts,1768206.53,False,outside_pilot
DHS_FY2025P12_c:FY2025P01-P12_070_TAS_Contracts_AccountBreakdownByAward_2026-09-16_H02M56S53_01.csv:row:91679,DHS_FY2025P12_c/extracted/FY2025P01-P12_070_TAS_Contracts_AccountBreakdownByAward_2026-09-16_H02M56S53_01.csv,91679,25.4,070-0540,FY2025P07,3328527.16,70CDCR25FR0000005,70CDCR22D00000001,7012,CONT_AWD_70CDCR25FR0000005_7012_70CDCR22D00000001_7012,,,Contracts,3328527.16,False,outside_pilot
DHS_FY2025P12_c:FY2025P01-P12_070_TAS_Contracts_AccountBreakdownByAward_2026-09-16_H02M56S53_01.csv:row:91687,DHS_FY2025P12_c/extracted/FY2025P01-P12_070_TAS_Contracts_AccountBreakdownByAward_2026-09-16_H02M56S53_01.csv,91687,25.4,070-0540,FY2025P11,,70CDCR25FR0000005,70CDCR22D00000001,7012,CONT_AWD_70CDCR25FR0000005_7012_70CDCR22D00000001_7012,,,Contracts,,True,outside_pilot
DHS_FY2025P12_c:FY2025P01-P12_070_TAS_Contracts_AccountBreakdownByAward_2026-09-16_H02M56S53_01.csv:row:91691,DHS_FY2025P12_c/extracted/FY2025P01-P12_070_TAS_Contracts_AccountBreakdownByAward_2026-09-16_H02M56S53_01.csv,91691,25.4,070-0540,FY2025P08,,70CDCR25FR0000005,70CDCR22D00000001,7012,CONT_AWD_70CDCR25FR0000005_7012_70CDCR22D00000001_7012,,,Contracts,,True,outside_pilot
DHS_FY2025P12_c:FY2025P01-P12_070_TAS_Contracts_AccountBreakdownByAward_2026-09-16_H02M56S53_01.csv:row:91695,DHS_FY2025P12_c/extracted/FY2025P01-P12_070_TAS_Contracts_AccountBreakdownByAward_2026-09-16_H02M56S53_01.csv,91695,25.4,070-0540,FY2025P12,5881194.70,70CDCR25FR0000005,70CDCR22D00000001,7012,CONT_AWD_70CDCR25FR0000005_7012_70CDCR22D00000001_7012,,,Contracts,5881194.70,False,outside_pilot
DHS_FY2025P12_c:FY2025P01-P12_070_TAS_Contracts_AccountBreakdownByAward_2026-09-16_H02M56S53_01.csv:row:91698,DHS_FY2025P12_c/extracted/FY2025P01-P12_070_TAS_Contracts_AccountBreakdownByAward_2026-09-16_H02M56S53_01.csv,91698,25.4,070-0540,FY2025P12,,70CDCR25FR0000005,70CDCR22D00000001,7012,CONT_AWD_70CDCR25FR0000005_7012_70CDCR22D00000001_7012,,,Contracts,,True,outside_pilot
DHS_FY2025P12_c:FY2025P01-P12_070_TAS_Contracts_AccountBreakdownByAward_2026-09-16_H02M56S53_01.csv:row:91703,DHS_FY2025P12_c/extracted/FY2025P01-P12_070_TAS_Contracts_AccountBreakdownByAward_2026-09-16_H02M56S53_01.csv,91703,25.4,070-0540,FY2025P08,6657054.32,70CDCR25FR0000005,70CDCR22D00000001,7012,CONT_AWD_70CDCR25FR0000005_7012_70CDCR22D00000001_7012,,,Contracts,6657054.32,False,outside_pilot
DHS_FY2025P12_c:FY2025P01-P12_070_TAS_Contracts_AccountBreakdownByAward_2026-09-16_H02M56S53_01.csv:row:91708,DHS_FY2025P12_c/extracted/FY2025P01-P12_070_TAS_Contracts_AccountBreakdownByAward_2026-09-16_H02M56S53_01.csv,91708,25.4,070-0540,FY2025P06,,70CDCR25FR0000005,70CDCR22D00000001,7012,CONT_AWD_70CDCR25FR0000005_7012_70CDCR22D00000001_7012,,,Contracts,,True,outside_pilot
DHS_FY2025P12_c:FY2025P01-P12_070_TAS_Contracts_AccountBreakdownByAward_2026-09-16_H02M56S53_01.csv:row:91712,DHS_FY2025P12_c/extracted/FY2025P01-P12_070_TAS_Contracts_AccountBreakdownByAward_2026-09-16_H02M56S53_01.csv,91712,25.4,070-0540,FY2025P10,8467054.32,70CDCR25FR0000005,70CDCR22D00000001,7012,CONT_AWD_70CDCR25FR0000005_7012_70CDCR22D00000001_7012,,,Contracts,8467054.32,False,outside_pilot
DHS_FY2025P12_c:FY2025P01-P12_070_TAS_Contracts_AccountBreakdownByAward_2026-09-16_H02M56S53_01.csv:row:91715,DHS_FY2025P12_c/extracted/FY2025P01-P12_070_TAS_Contracts_AccountBreakdownByAward_2026-09-16_H02M56S53_01.csv,91715,25.4,070-0540,FY2025P10,,70CDCR25FR0000005,70CDCR22D00000001,7012,CONT_AWD_70CDCR25FR0000005_7012_70CDCR22D00000001_7012,,,Contracts,,True,outside_pilot
DHS_FY2025P12_c:FY2025P01-P12_070_TAS_Contracts_AccountBreakdownByAward_2026-09-16_H02M56S53_01.csv:row:91718,DHS_FY2025P12_c/extracted/FY2025P01-P12_070_TAS_Contracts_AccountBreakdownByAward_2026-09-16_H02M56S53_01.csv,91718,25.4,070-0540,FY2025P05,,70CDCR25FR0000005,70CDCR22D00000001,7012,CONT_AWD_70CDCR25FR0000005_7012_70CDCR22D00000001_7012,,,Contracts,,True,outside_pilot
DHS_FY2025P12_c:FY2025P01-P12_070_TAS_Contracts_AccountBreakdownByAward_2026-09-16_H02M56S53_01.csv:row:91722,DHS_FY2025P12_c/extracted/FY2025P01-P12_070_TAS_Contracts_AccountBreakdownByAward_2026-09-16_H02M56S53_01.csv,91722,25.4,070-0540,FY2025P06,3905003.16,70CDCR25FR0000005,70CDCR22D00000001,7012,CONT_AWD_70CDCR25FR0000005_7012_70CDCR22D00000001_7012,,,Contracts,3905003.16,False,outside_pilot
DHS_FY2025P12_c:FY2025P01-P12_070_TAS_Contracts_AccountBreakdownByAward_2026-09-16_H02M56S53_01.csv:row:93742,DHS_FY2025P12_c/extracted/FY2025P01-P12_070_TAS_Contracts_AccountBreakdownByAward_2026-09-16_H02M56S53_01.csv,93742,25.4,070-0540,FY2025P05,466269.30,70CDCR24FR0000036,70CDCR23D00000004,7012,CONT_AWD_70CDCR24FR0000036_7012_70CDCR23D00000004_7012,,,Contracts,466269.30,False,outside_pilot
DHS_FY2025P12_c:FY2025P01-P12_070_TAS_Contracts_AccountBreakdownByAward_2026-09-16_H02M56S53_01.csv:row:93744,DHS_FY2025P12_c/extracted/FY2025P01-P12_070_TAS_Contracts_AccountBreakdownByAward_2026-09-16_H02M56S53_01.csv,93744,25.4,070-0540,FY2025P05,938867.00,70CDCR24FR0000036,70CDCR23D00000004,7012,CONT_AWD_70CDCR24FR0000036_7012_70CDCR23D00000004_7012,,,Contracts,938867.00,False,outside_pilot
DHS_FY2025P12_c:FY2025P01-P12_070_TAS_Contracts_AccountBreakdownByAward_2026-09-16_H02M56S53_01.csv:row:93746,DHS_FY2025P12_c/extracted/FY2025P01-P12_070_TAS_Contracts_AccountBreakdownByAward_2026-09-16_H02M56S53_01.csv,93746,25.4,070-0540,FY2025P07,423700.00,70CDCR24FR0000036,70CDCR23D00000004,7012,CONT_AWD_70CDCR24FR0000036_7012_70CDCR23D00000004_7012,,,Contracts,423700.00,False,outside_pilot
DHS_FY2025P12_c:FY2025P01-P12_070_TAS_Contracts_AccountBreakdownByAward_2026-09-16_H02M56S53_01.csv:row:93747,DHS_FY2025P12_c/extracted/FY2025P01-P12_070_TAS_Contracts_AccountBreakdownByAward_2026-09-16_H02M56S53_01.csv,93747,25.4,070-0540,FY2025P09,,70CDCR24FR0000036,70CDCR23D00000004,7012,CONT_AWD_70CDCR24FR0000036_7012_70CDCR23D00000004_7012,,,Contracts,,True,outside_pilot
DHS_FY2025P12_c:FY2025P01-P12_070_TAS_Contracts_AccountBreakdownByAward_2026-09-16_H02M56S53_01.csv:row:93748,DHS_FY2025P12_c/extracted/FY2025P01-P12_070_TAS_Contracts_AccountBreakdownByAward_2026-09-16_H02M56S53_01.csv,93748,25.4,070-0540,FY2025P05,,70CDCR24FR0000036,70CDCR23D00000004,7012,CONT_AWD_70CDCR24FR0000036_7012_70CDCR23D00000004_7012,,,Contracts,,True,outside_pilot
DHS_FY2025P12_c:FY2025P01-P12_070_TAS_Contracts_AccountBreakdownByAward_2026-09-16_H02M56S53_01.csv:row:93752,DHS_FY2025P12_c/extracted/FY2025P01-P12_070_TAS_Contracts_AccountBreakdownByAward_2026-09-16_H02M56S53_01.csv,93752,25.4,070-0540,FY2025P07,,70CDCR24FR0000036,70CDCR23D00000004,7012,CONT_AWD_70CDCR24FR0000036_7012_70CDCR23D00000004_7012,,,Contracts,,True,outside_pilot
DHS_FY2025P12_c:FY2025P01-P12_070_TAS_Contracts_AccountBreakdownByAward_2026-09-16_H02M56S53_01.csv:row:93756,DHS_FY2025P12_c/extracted/FY2025P01-P12_070_TAS_Contracts_AccountBreakdownByAward_2026-09-16_H02M56S53_01.csv,93756,25.4,070-0540,FY2025P11,,70CDCR24FR0000036,70CDCR23D00000004,7012,CONT_AWD_70CDCR24FR0000036_7012_70CDCR23D00000004_7012,,,Contracts,,True,outside_pilot
DHS_FY2025P12_c:FY2025P01-P12_070_TAS_Contracts_AccountBreakdownByAward_2026-09-16_H02M56S53_01.csv:row:93761,DHS_FY2025P12_c/extracted/FY2025P01-P12_070_TAS_Contracts_AccountBreakdownByAward_2026-09-16_H02M56S53_01.csv,93761,25.4,070-0540,FY2025P09,,70CDCR24FR0000036,70CDCR23D00000004,7012,CONT_AWD_70CDCR24FR0000036_7012_70CDCR23D00000004_7012,,,Contracts,,True,outside_pilot
DHS_FY2025P12_c:FY2025P01-P12_070_TAS_Contracts_AccountBreakdownByAward_2026-09-16_H02M56S53_01.csv:row:93764,DHS_FY2025P12_c/extracted/FY2025P01-P12_070_TAS_Contracts_AccountBreakdownByAward_2026-09-16_H02M56S53_01.csv,93764,25.4,070-0540,FY2025P07,,70CDCR24FR0000036,70CDCR23D00000004,7012,CONT_AWD_70CDCR24FR0000036_7012_70CDCR23D00000004_7012,,,Contracts,,True,outside_pilot
DHS_FY2025P12_c:FY2025P01-P12_070_TAS_Contracts_AccountBreakdownByAward_2026-09-16_H02M56S53_01.csv:row:93767,DHS_FY2025P12_c/extracted/FY2025P01-P12_070_TAS_Contracts_AccountBreakdownByAward_2026-09-16_H02M56S53_01.csv,93767,25.4,070-0540,FY2025P08,,70CDCR24FR0000036,70CDCR23D00000004,7012,CONT_AWD_70CDCR24FR0000036_7012_70CDCR23D00000004_7012,,,Contracts,,True,outside_pilot
DHS_FY2025P12_c:FY2025P01-P12_070_TAS_Contracts_AccountBreakdownByAward_2026-09-16_H02M56S53_01.csv:row:93769,DHS_FY2025P12_c/extracted/FY2025P01-P12_070_TAS_Contracts_AccountBreakdownByAward_2026-09-16_H02M56S53_01.csv,93769,25.4,070-0540,FY2025P11,,70CDCR24FR0000036,70CDCR23D00000004,7012,CONT_AWD_70CDCR24FR0000036_7012_70CDCR23D00000004_7012,,,Contracts,,True,outside_pilot
DHS_FY2025P12_c:FY2025P01-P12_070_TAS_Contracts_AccountBreakdownByAward_2026-09-16_H02M56S53_01.csv:row:93771,DHS_FY2025P12_c/extracted/FY2025P01-P12_070_TAS_Contracts_AccountBreakdownByAward_2026-09-16_H02M56S53_01.csv,93771,25.4,070-0540,FY2025P12,,70CDCR24FR0000036,70CDCR23D00000004,7012,CONT_AWD_70CDCR24FR0000036_7012_70CDCR23D00000004_7012,,,Contracts,,True,outside_pilot
DHS_FY2025P12_c:FY2025P01-P12_070_TAS_Contracts_AccountBreakdownByAward_2026-09-16_H02M56S53_01.csv:row:93772,DHS_FY2025P12_c/extracted/FY2025P01-P12_070_TAS_Contracts_AccountBreakdownByAward_2026-09-16_H02M56S53_01.csv,93772,25.4,070-0540,FY2025P12,36725.84,70CDCR24FR0000036,70CDCR23D00000004,7012,CONT_AWD_70CDCR24FR0000036_7012_70CDCR23D00000004_7012,,,Contracts,36725.84,False,outside_pilot
DHS_FY2025P12_c:FY2025P01-P12_070_TAS_Contracts_AccountBreakdownByAward_2026-09-16_H02M56S53_01.csv:row:93779,DHS_FY2025P12_c/extracted/FY2025P01-P12_070_TAS_Contracts_AccountBreakdownByAward_2026-09-16_H02M56S53_01.csv,93779,25.4,070-0540,FY2025P12,,70CDCR24FR0000036,70CDCR23D00000004,7012,CONT_AWD_70CDCR24FR0000036_7012_70CDCR23D00000004_7012,,,Contracts,,True,outside_pilot
DHS_FY2025P12_c:FY2025P01-P12_070_TAS_Contracts_AccountBreakdownByAward_2026-09-16_H02M56S53_01.csv:row:93781,DHS_FY2025P12_c/extracted/FY2025P01-P12_070_TAS_Contracts_AccountBreakdownByAward_2026-09-16_H02M56S53_01.csv,93781,25.4,070-0540,FY2025P05,,70CDCR24FR0000036,70CDCR23D00000004,7012,CONT_AWD_70CDCR24FR0000036_7012_70CDCR23D00000004_7012,,,Contracts,,True,outside_pilot
DHS_FY2025P12_c:FY2025P01-P12_070_TAS_Contracts_AccountBreakdownByAward_2026-09-16_H02M56S53_01.csv:row:93782,DHS_FY2025P12_c/extracted/FY2025P01-P12_070_TAS_Contracts_AccountBreakdownByAward_2026-09-16_H02M56S53_01.csv,93782,25.4,070-0540,FY2025P06,,70CDCR24FR0000036,70CDCR23D00000004,7012,CONT_AWD_70CDCR24FR0000036_7012_70CDCR23D00000004_7012,,,Contracts,,True,outside_pilot
DHS_FY2025P12_c:FY2025P01-P12_070_TAS_Contracts_AccountBreakdownByAward_2026-09-16_H02M56S53_01.csv:row:93785,DHS_FY2025P12_c/extracted/FY2025P01-P12_070_TAS_Contracts_AccountBreakdownByAward_2026-09-16_H02M56S53_01.csv,93785,25.4,070-0540,FY2025P08,847300.00,70CDCR24FR0000036,70CDCR23D00000004,7012,CONT_AWD_70CDCR24FR0000036_7012_70CDCR23D00000004_7012,,,Contracts,847300.00,False,outside_pilot
DHS_FY2025P12_c:FY2025P01-P12_070_TAS_Contracts_AccountBreakdownByAward_2026-09-16_H02M56S53_01.csv:row:93787,DHS_FY2025P12_c/extracted/FY2025P01-P12_070_TAS_Contracts_AccountBreakdownByAward_2026-09-16_H02M56S53_01.csv,93787,25.4,070-0540,FY2025P08,,70CDCR24FR0000036,70CDCR23D00000004,7012,CONT_AWD_70CDCR24FR0000036_7012_70CDCR23D00000004_7012,,,Contracts,,True,outside_pilot
DHS_FY2025P12_c:FY2025P01-P12_070_TAS_Contracts_AccountBreakdownByAward_2026-09-16_H02M56S53_01.csv:row:93792,DHS_FY2025P12_c/extracted/FY2025P01-P12_070_TAS_Contracts_AccountBreakdownByAward_2026-09-16_H02M56S53_01.csv,93792,25.4,070-0540,FY2025P10,,70CDCR24FR0000036,70CDCR23D00000004,7012,CONT_AWD_70CDCR24FR0000036_7012_70CDCR23D00000004_7012,,,Contracts,,True,outside_pilot
DHS_FY2025P12_c:FY2025P01-P12_070_TAS_Contracts_AccountBreakdownByAward_2026-09-16_H02M56S53_01.csv:row:93793,DHS_FY2025P12_c/extracted/FY2025P01-P12_070_TAS_Contracts_AccountBreakdownByAward_2026-09-16_H02M56S53_01.csv,93793,25.4,070-0540,FY2025P10,,70CDCR24FR0000036,70CDCR23D00000004,7012,CONT_AWD_70CDCR24FR0000036_7012_70CDCR23D00000004_7012,,,Contracts,,True,outside_pilot
DHS_FY2025P12_c:FY2025P01-P12_070_TAS_Contracts_AccountBreakdownByAward_2026-09-16_H02M56S53_01.csv:row:93794,DHS_FY2025P12_c/extracted/FY2025P01-P12_070_TAS_Contracts_AccountBreakdownByAward_2026-09-16_H02M56S53_01.csv,93794,25.4,070-0540,FY2025P06,,70CDCR24FR0000036,70CDCR23D00000004,7012,CONT_AWD_70CDCR24FR0000036_7012_70CDCR23D00000004_7012,,,Contracts,,True,outside_pilot
DHS_FY2025P12_c:FY2025P01-P12_070_TAS_Contracts_AccountBreakdownByAward_2026-09-16_H02M56S53_01.csv:row:93908,DHS_FY2025P12_c/extracted/FY2025P01-P12_070_TAS_Contracts_AccountBreakdownByAward_2026-09-16_H02M56S53_01.csv,93908,25.4,070-0540,FY2025P08,250.00,70CDCR25FR0000082,70CDCR25D00000056,7012,CONT_AWD_70CDCR25FR0000082_7012_70CDCR25D00000056_7012,,,Contracts,250.00,False,outside_pilot
DHS_FY2025P12_c:FY2025P01-P12_070_TAS_Contracts_AccountBreakdownByAward_2026-09-16_H02M56S53_01.csv:row:97016,DHS_FY2025P12_c/extracted/FY2025P01-P12_070_TAS_Contracts_AccountBreakdownByAward_2026-09-16_H02M56S53_01.csv,97016,25.4,070-0540,FY2025P08,250.00,70CDCR25FR0000078,70CDCR25D00000031,7012,CONT_AWD_70CDCR25FR0000078_7012_70CDCR25D00000031_7012,,,Contracts,250.00,False,outside_pilot
DHS_FY2025P12_c:FY2025P01-P12_070_TAS_Contracts_AccountBreakdownByAward_2026-09-16_H02M56S53_01.csv:row:9742,DHS_FY2025P12_c/extracted/FY2025P01-P12_070_TAS_Contracts_AccountBreakdownByAward_2026-09-16_H02M56S53_01.csv,9742,25.4,070-0540,FY2025P05,,70CMSW23C00000021,,7012,CONT_AWD_70CMSW23C00000021_7012_-NONE-_-NONE-,,,Contracts,,True,outside_pilot
DHS_FY2025P12_c:FY2025P01-P12_070_TAS_Contracts_AccountBreakdownByAward_2026-09-16_H02M56S53_01.csv:row:9743,DHS_FY2025P12_c/extracted/FY2025P01-P12_070_TAS_Contracts_AccountBreakdownByAward_2026-09-16_H02M56S53_01.csv,9743,25.4,070-0540,FY2025P08,,70CMSW23C00000021,,7012,CONT_AWD_70CMSW23C00000021_7012_-NONE-_-NONE-,,,Contracts,,True,outside_pilot
DHS_FY2025P12_c:FY2025P01-P12_070_TAS_Contracts_AccountBreakdownByAward_2026-09-16_H02M56S53_01.csv:row:9744,DHS_FY2025P12_c/extracted/FY2025P01-P12_070_TAS_Contracts_AccountBreakdownByAward_2026-09-16_H02M56S53_01.csv,9744,25.4,070-0540,FY2025P07,,70CMSW23C00000021,,7012,CONT_AWD_70CMSW23C00000021_7012_-NONE-_-NONE-,,,Contracts,,True,outside_pilot
DHS_FY2025P12_c:FY2025P01-P12_070_TAS_Contracts_AccountBreakdownByAward_2026-09-16_H02M56S53_01.csv:row:9745,DHS_FY2025P12_c/extracted/FY2025P01-P12_070_TAS_Contracts_AccountBreakdownByAward_2026-09-16_H02M56S53_01.csv,9745,25.4,070-0540,FY2025P07,,70CMSW23C00000021,,7012,CONT_AWD_70CMSW23C00000021_7012_-NONE-_-NONE-,,,Contracts,,True,outside_pilot
DHS_FY2025P12_c:FY2025P01-P12_070_TAS_Contracts_AccountBreakdownByAward_2026-09-16_H02M56S53_01.csv:row:9746,DHS_FY2025P12_c/extracted/FY2025P01-P12_070_TAS_Contracts_AccountBreakdownByAward_2026-09-16_H02M56S53_01.csv,9746,25.4,070-0540,FY2025P06,,70CMSW23C00000021,,7012,CONT_AWD_70CMSW23C00000021_7012_-NONE-_-NONE-,,,Contracts,,True,outside_pilot
DHS_FY2025P12_c:FY2025P01-P12_070_TAS_Contracts_AccountBreakdownByAward_2026-09-16_H02M56S53_01.csv:row:9747,DHS_FY2025P12_c/extracted/FY2025P01-P12_070_TAS_Contracts_AccountBreakdownByAward_2026-09-16_H02M56S53_01.csv,9747,25.4,070-0540,FY2025P05,,70CMSW23C00000021,,7012,CONT_AWD_70CMSW23C00000021_7012_-NONE-_-NONE-,,,Contracts,,True,outside_pilot
DHS_FY2025P12_c:FY2025P01-P12_070_TAS_Contracts_AccountBreakdownByAward_2026-09-16_H02M56S53_01.csv:row:9748,DHS_FY2025P12_c/extracted/FY2025P01-P12_070_TAS_Contracts_AccountBreakdownByAward_2026-09-16_H02M56S53_01.csv,9748,25.4,070-0540,FY2025P08,,70CMSW23C00000021,,7012,CONT_AWD_70CMSW23C00000021_7012_-NONE-_-NONE-,,,Contracts,,True,outside_pilot
DHS_FY2025P12_c:FY2025P01-P12_070_TAS_Contracts_AccountBreakdownByAward_2026-09-16_H02M56S53_01.csv:row:9749,DHS_FY2025P12_c/extracted/FY2025P01-P12_070_TAS_Contracts_AccountBreakdownByAward_2026-09-16_H02M56S53_01.csv,9749,25.4,070-0540,FY2025P11,,70CMSW23C00000021,,7012,CONT_AWD_70CMSW23C00000021_7012_-NONE-_-NONE-,,,Contracts,,True,outside_pilot
DHS_FY2025P12_c:FY2025P01-P12_070_TAS_Contracts_AccountBreakdownByAward_2026-09-16_H02M56S53_01.csv:row:9750,DHS_FY2025P12_c/extracted/FY2025P01-P12_070_TAS_Contracts_AccountBreakdownByAward_2026-09-16_H02M56S53_01.csv,9750,25.4,070-0540,FY2025P11,,70CMSW23C00000021,,7012,CONT_AWD_70CMSW23C00000021_7012_-NONE-_-NONE-,,,Contracts,,True,outside_pilot
DHS_FY2025P12_c:FY2025P01-P12_070_TAS_Contracts_AccountBreakdownByAward_2026-09-16_H02M56S53_01.csv:row:9751,DHS_FY2025P12_c/extracted/FY2025P01-P12_070_TAS_Contracts_AccountBreakdownByAward_2026-09-16_H02M56S53_01.csv,9751,25.4,070-0540,FY2025P12,,70CMSW23C00000021,,7012,CONT_AWD_70CMSW23C00000021_7012_-NONE-_-NONE-,,,Contracts,,True,outside_pilot
DHS_FY2025P12_c:FY2025P01-P12_070_TAS_Contracts_AccountBreakdownByAward_2026-09-16_H02M56S53_01.csv:row:9752,DHS_FY2025P12_c/extracted/FY2025P01-P12_070_TAS_Contracts_AccountBreakdownByAward_2026-09-16_H02M56S53_01.csv,9752,25.4,070-0540,FY2025P12,,70CMSW23C00000021,,7012,CONT_AWD_70CMSW23C00000021_7012_-NONE-_-NONE-,,,Contracts,,True,outside_pilot
DHS_FY2025P12_c:FY2025P01-P12_070_TAS_Contracts_AccountBreakdownByAward_2026-09-16_H02M56S53_01.csv:row:9753,DHS_FY2025P12_c/extracted/FY2025P01-P12_070_TAS_Contracts_AccountBreakdownByAward_2026-09-16_H02M56S53_01.csv,9753,25.4,070-0540,FY2025P09,,70CMSW23C00000021,,7012,CONT_AWD_70CMSW23C00000021_7012_-NONE-_-NONE-,,,Contracts,,True,outside_pilot
DHS_FY2025P12_c:FY2025P01-P12_070_TAS_Contracts_AccountBreakdownByAward_2026-09-16_H02M56S53_01.csv:row:9754,DHS_FY2025P12_c/extracted/FY2025P01-P12_070_TAS_Contracts_AccountBreakdownByAward_2026-09-16_H02M56S53_01.csv,9754,25.4,070-0540,FY2025P09,,70CMSW23C00000021,,7012,CONT_AWD_70CMSW23C00000021_7012_-NONE-_-NONE-,,,Contracts,,True,outside_pilot
DHS_FY2025P12_c:FY2025P01-P12_070_TAS_Contracts_AccountBreakdownByAward_2026-09-16_H02M56S53_01.csv:row:9755,DHS_FY2025P12_c/extracted/FY2025P01-P12_070_TAS_Contracts_AccountBreakdownByAward_2026-09-16_H02M56S53_01.csv,9755,25.4,070-0540,FY2025P10,,70CMSW23C00000021,,7012,CONT_AWD_70CMSW23C00000021_7012_-NONE-_-NONE-,,,Contracts,,True,outside_pilot
DHS_FY2025P12_c:FY2025P01-P12_070_TAS_Contracts_AccountBreakdownByAward_2026-09-16_H02M56S53_01.csv:row:9756,DHS_FY2025P12_c/extracted/FY2025P01-P12_070_TAS_Contracts_AccountBreakdownByAward_2026-09-16_H02M56S53_01.csv,9756,25.4,070-0540,FY2025P10,,70CMSW23C00000021,,7012,CONT_AWD_70CMSW23C00000021_7012_-NONE-_-NONE-,,,Contracts,,True,outside_pilot
DHS_FY2025P12_c:FY2025P01-P12_070_TAS_Contracts_AccountBreakdownByAward_2026-09-16_H02M56S53_01.csv:row:9757,DHS_FY2025P12_c/extracted/FY2025P01-P12_070_TAS_Contracts_AccountBreakdownByAward_2026-09-16_H02M56S53_01.csv,9757,25.4,070-0540,FY2025P06,,70CMSW23C00000021,,7012,CONT_AWD_70CMSW23C00000021_7012_-NONE-_-NONE-,,,Contracts,,True,outside_pilot
DHS_FY2025P12_c:FY2025P01-P12_070_TAS_Contracts_AccountBreakdownByAward_2026-09-16_H02M56S53_01.csv:row:97733,DHS_FY2025P12_c/extracted/FY2025P01-P12_070_TAS_Contracts_AccountBreakdownByAward_2026-09-16_H02M56S53_01.csv,97733,25.4,070-0540,FY2025P07,,70CDCR25FR0000004,HSCEDM15D00015,7012,CONT_AWD_70CDCR25FR0000004_7012_HSCEDM15D00015_7012,3,AWARD:786330192f038550b1b64a66,Contracts,,True,confirmed
DHS_FY2025P12_c:FY2025P01-P12_070_TAS_Contracts_AccountBreakdownByAward_2026-09-16_H02M56S53_01.csv:row:97735,DHS_FY2025P12_c/extracted/FY2025P01-P12_070_TAS_Contracts_AccountBreakdownByAward_2026-09-16_H02M56S53_01.csv,97735,25.4,070-0540,FY2025P06,,70CDCR25FR0000004,HSCEDM15D00015,7012,CONT_AWD_70CDCR25FR0000004_7012_HSCEDM15D00015_7012,3,AWARD:4102131fd0954513f6a23e79,Contracts,,True,confirmed
DHS_FY2025P12_c:FY2025P01-P12_070_TAS_Contracts_AccountBreakdownByAward_2026-09-16_H02M56S53_01.csv:row:97741,DHS_FY2025P12_c/extracted/FY2025P01-P12_070_TAS_Contracts_AccountBreakdownByAward_2026-09-16_H02M56S53_01.csv,97741,25.4,070-0540,FY2025P09,,70CDCR25FR0000004,HSCEDM15D00015,7012,CONT_AWD_70CDCR25FR0000004_7012_HSCEDM15D00015_7012,3,AWARD:dd3fb3b8708b093a17a77e91,Contracts,,True,confirmed
DHS_FY2025P12_c:FY2025P01-P12_070_TAS_Contracts_AccountBreakdownByAward_2026-09-16_H02M56S53_01.csv:row:97745,DHS_FY2025P12_c/extracted/FY2025P01-P12_070_TAS_Contracts_AccountBreakdownByAward_2026-09-16_H02M56S53_01.csv,97745,25.4,070-0540,FY2025P10,12900600.00,70CDCR25FR0000004,HSCEDM15D00015,7012,CONT_AWD_70CDCR25FR0000004_7012_HSCEDM15D00015_7012,3,AWARD:0c9b36d83e05a35058fb6f41,Contracts,12900600.00,False,confirmed
DHS_FY2025P12_c:FY2025P01-P12_070_TAS_Contracts_AccountBreakdownByAward_2026-09-16_H02M56S53_01.csv:row:97749,DHS_FY2025P12_c/extracted/FY2025P01-P12_070_TAS_Contracts_AccountBreakdownByAward_2026-09-16_H02M56S53_01.csv,97749,25.4,070-0540,FY2025P10,,70CDCR25FR0000004,HSCEDM15D00015,7012,CONT_AWD_70CDCR25FR0000004_7012_HSCEDM15D00015_7012,3,AWARD:0c9b36d83e05a35058fb6f41,Contracts,,True,confirmed
DHS_FY2025P12_c:FY2025P01-P12_070_TAS_Contracts_AccountBreakdownByAward_2026-09-16_H02M56S53_01.csv:row:97751,DHS_FY2025P12_c/extracted/FY2025P01-P12_070_TAS_Contracts_AccountBreakdownByAward_2026-09-16_H02M56S53_01.csv,97751,25.4,070-0540,FY2025P11,,70CDCR25FR0000004,HSCEDM15D00015,7012,CONT_AWD_70CDCR25FR0000004_7012_HSCEDM15D00015_7012,3,AWARD:e98c49ee4077855693a52f56,Contracts,,True,confirmed
DHS_FY2025P12_c:FY2025P01-P12_070_TAS_Contracts_AccountBreakdownByAward_2026-09-16_H02M56S53_01.csv:row:97752,DHS_FY2025P12_c/extracted/FY2025P01-P12_070_TAS_Contracts_AccountBreakdownByAward_2026-09-16_H02M56S53_01.csv,97752,25.4,070-0540,FY2025P12,,70CDCR25FR0000004,HSCEDM15D00015,7012,CONT_AWD_70CDCR25FR0000004_7012_HSCEDM15D00015_7012,3,AWARD:e510f3f27f5f9235082fcd70,Contracts,,True,confirmed
DHS_FY2025P12_c:FY2025P01-P12_070_TAS_Contracts_AccountBreakdownByAward_2026-09-16_H02M56S53_01.csv:row:97753,DHS_FY2025P12_c/extracted/FY2025P01-P12_070_TAS_Contracts_AccountBreakdownByAward_2026-09-16_H02M56S53_01.csv,97753,25.4,070-0540,FY2025P05,,70CDCR25FR0000004,HSCEDM15D00015,7012,CONT_AWD_70CDCR25FR0000004_7012_HSCEDM15D00015_7012,3,AWARD:82f9da8d01a999e90c9c3964,Contracts,,True,confirmed
DHS_FY2025P12_c:FY2025P01-P12_070_TAS_Contracts_AccountBreakdownByAward_2026-09-16_H02M56S53_01.csv:row:97758,DHS_FY2025P12_c/extracted/FY2025P01-P12_070_TAS_Contracts_AccountBreakdownByAward_2026-09-16_H02M56S53_01.csv,97758,25.4,070-0540,FY2025P06,55477.08,70CDCR25FR0000004,HSCEDM15D00015,7012,CONT_AWD_70CDCR25FR0000004_7012_HSCEDM15D00015_7012,3,AWARD:4102131fd0954513f6a23e79,Contracts,55477.08,False,confirmed
DHS_FY2025P12_c:FY2025P01-P12_070_TAS_Contracts_AccountBreakdownByAward_2026-09-16_H02M56S53_01.csv:row:97759,DHS_FY2025P12_c/extracted/FY2025P01-P12_070_TAS_Contracts_AccountBreakdownByAward_2026-09-16_H02M56S53_01.csv,97759,25.4,070-0540,FY2025P06,5805280.72,70CDCR25FR0000004,HSCEDM15D00015,7012,CONT_AWD_70CDCR25FR0000004_7012_HSCEDM15D00015_7012,3,AWARD:4102131fd0954513f6a23e79,Contracts,5805280.72,False,confirmed
DHS_FY2025P12_c:FY2025P01-P12_070_TAS_Contracts_AccountBreakdownByAward_2026-09-16_H02M56S53_01.csv:row:97766,DHS_FY2025P12_c/extracted/FY2025P01-P12_070_TAS_Contracts_AccountBreakdownByAward_2026-09-16_H02M56S53_01.csv,97766,25.4,070-0540,FY2025P08,13305495.01,70CDCR25FR0000004,HSCEDM15D00015,7012,CONT_AWD_70CDCR25FR0000004_7012_HSCEDM15D00015_7012,3,AWARD:ee2e123fdff17133f07cf31c,Contracts,13305495.01,False,confirmed
DHS_FY2025P12_c:FY2025P01-P12_070_TAS_Contracts_AccountBreakdownByAward_2026-09-16_H02M56S53_01.csv:row:97770,DHS_FY2025P12_c/extracted/FY2025P01-P12_070_TAS_Contracts_AccountBreakdownByAward_2026-09-16_H02M56S53_01.csv,97770,25.4,070-0540,FY2025P12,9993900.00,70CDCR25FR0000004,HSCEDM15D00015,7012,CONT_AWD_70CDCR25FR0000004_7012_HSCEDM15D00015_7012,3,AWARD:e510f3f27f5f9235082fcd70,Contracts,9993900.00,False,confirmed
DHS_FY2025P12_c:FY2025P01-P12_070_TAS_Contracts_AccountBreakdownByAward_2026-09-16_H02M56S53_01.csv:row:97773,DHS_FY2025P12_c/extracted/FY2025P01-P12_070_TAS_Contracts_AccountBreakdownByAward_2026-09-16_H02M56S53_01.csv,97773,25.4,070-0540,FY2025P08,,70CDCR25FR0000004,HSCEDM15D00015,7012,CONT_AWD_70CDCR25FR0000004_7012_HSCEDM15D00015_7012,3,AWARD:ee2e123fdff17133f07cf31c,Contracts,,True,confirmed
DHS_FY2025P12_c:FY2025P01-P12_070_TAS_Contracts_AccountBreakdownByAward_2026-09-16_H02M56S53_01.csv:row:97775,DHS_FY2025P12_c/extracted/FY2025P01-P12_070_TAS_Contracts_AccountBreakdownByAward_2026-09-16_H02M56S53_01.csv,97775,25.4,070-0540,FY2025P07,6234500.00,70CDCR25FR0000004,HSCEDM15D00015,7012,CONT_AWD_70CDCR25FR0000004_7012_HSCEDM15D00015_7012,3,AWARD:786330192f038550b1b64a66,Contracts,6234500.00,False,confirmed
DHS_FY2025P12_c:FY2025P01-P12_070_TAS_Contracts_AccountBreakdownByAward_2026-09-16_H02M56S53_01.csv:row:98938,DHS_FY2025P12_c/extracted/FY2025P01-P12_070_TAS_Contracts_AccountBreakdownByAward_2026-09-16_H02M56S53_01.csv,98938,25.4,070-0540,FY2025P06,,70CMSD24P00000149,,7012,CONT_AWD_70CMSD24P00000149_7012_-NONE-_-NONE-,,,Contracts,,True,outside_pilot
DHS_FY2025P12_c:FY2025P01-P12_070_TAS_Contracts_AccountBreakdownByAward_2026-09-16_H02M56S53_01.csv:row:98939,DHS_FY2025P12_c/extracted/FY2025P01-P12_070_TAS_Contracts_AccountBreakdownByAward_2026-09-16_H02M56S53_01.csv,98939,25.4,070-0540,FY2025P06,,70CMSD24P00000149,,7012,CONT_AWD_70CMSD24P00000149_7012_-NONE-_-NONE-,,,Contracts,,True,outside_pilot
DHS_FY2025P12_c:FY2025P01-P12_070_TAS_Contracts_AccountBreakdownByAward_2026-09-16_H02M56S53_01.csv:row:98941,DHS_FY2025P12_c/extracted/FY2025P01-P12_070_TAS_Contracts_AccountBreakdownByAward_2026-09-16_H02M56S53_01.csv,98941,25.4,070-0540,FY2025P12,,70CMSD24P00000149,,7012,CONT_AWD_70CMSD24P00000149_7012_-NONE-_-NONE-,,,Contracts,,True,outside_pilot
DHS_FY2025P12_c:FY2025P01-P12_070_TAS_Contracts_AccountBreakdownByAward_2026-09-16_H02M56S53_01.csv:row:98942,DHS_FY2025P12_c/extracted/FY2025P01-P12_070_TAS_Contracts_AccountBreakdownByAward_2026-09-16_H02M56S53_01.csv,98942,25.4,070-0540,FY2025P07,,70CMSD24P00000149,,7012,CONT_AWD_70CMSD24P00000149_7012_-NONE-_-NONE-,,,Contracts,,True,outside_pilot
DHS_FY2025P12_c:FY2025P01-P12_070_TAS_Contracts_AccountBreakdownByAward_2026-09-16_H02M56S53_01.csv:row:98946,DHS_FY2025P12_c/extracted/FY2025P01-P12_070_TAS_Contracts_AccountBreakdownByAward_2026-09-16_H02M56S53_01.csv,98946,25.4,070-0540,FY2025P05,,70CMSD24P00000149,,7012,CONT_AWD_70CMSD24P00000149_7012_-NONE-_-NONE-,,,Contracts,,True,outside_pilot
DHS_FY2025P12_c:FY2025P01-P12_070_TAS_Contracts_AccountBreakdownByAward_2026-09-16_H02M56S53_01.csv:row:98947,DHS_FY2025P12_c/extracted/FY2025P01-P12_070_TAS_Contracts_AccountBreakdownByAward_2026-09-16_H02M56S53_01.csv,98947,25.4,070-0540,FY2025P11,,70CMSD24P00000149,,7012,CONT_AWD_70CMSD24P00000149_7012_-NONE-_-NONE-,,,Contracts,,True,outside_pilot
DHS_FY2025P12_c:FY2025P01-P12_070_TAS_Contracts_AccountBreakdownByAward_2026-09-16_H02M56S53_01.csv:row:98949,DHS_FY2025P12_c/extracted/FY2025P01-P12_070_TAS_Contracts_AccountBreakdownByAward_2026-09-16_H02M56S53_01.csv,98949,25.4,070-0540,FY2025P11,,70CMSD24P00000149,,7012,CONT_AWD_70CMSD24P00000149_7012_-NONE-_-NONE-,,,Contracts,,True,outside_pilot
DHS_FY2025P12_c:FY2025P01-P12_070_TAS_Contracts_AccountBreakdownByAward_2026-09-16_H02M56S53_01.csv:row:98959,DHS_FY2025P12_c/extracted/FY2025P01-P12_070_TAS_Contracts_AccountBreakdownByAward_2026-09-16_H02M56S53_01.csv,98959,25.4,070-0540,FY2025P10,,70CMSD24P00000149,,7012,CONT_AWD_70CMSD24P00000149_7012_-NONE-_-NONE-,,,Contracts,,True,outside_pilot
DHS_FY2025P12_c:FY2025P01-P12_070_TAS_Contracts_AccountBreakdownByAward_2026-09-16_H02M56S53_01.csv:row:98961,DHS_FY2025P12_c/extracted/FY2025P01-P12_070_TAS_Contracts_AccountBreakdownByAward_2026-09-16_H02M56S53_01.csv,98961,25.4,070-0540,FY2025P10,,70CMSD24P00000149,,7012,CONT_AWD_70CMSD24P00000149_7012_-NONE-_-NONE-,,,Contracts,,True,outside_pilot
DHS_FY2025P12_c:FY2025P01-P12_070_TAS_Contracts_AccountBreakdownByAward_2026-09-16_H02M56S53_01.csv:row:98967,DHS_FY2025P12_c/extracted/FY2025P01-P12_070_TAS_Contracts_AccountBreakdownByAward_2026-09-16_H02M56S53_01.csv,98967,25.4,070-0540,FY2025P05,,70CMSD24P00000149,,7012,CONT_AWD_70CMSD24P00000149_7012_-NONE-_-NONE-,,,Contracts,,True,outside_pilot
DHS_FY2025P12_c:FY2025P01-P12_070_TAS_Contracts_AccountBreakdownByAward_2026-09-16_H02M56S53_01.csv:row:98969,DHS_FY2025P12_c/extracted/FY2025P01-P12_070_TAS_Contracts_AccountBreakdownByAward_2026-09-16_H02M56S53_01.csv,98969,25.4,070-0540,FY2025P09,,70CMSD24P00000149,,7012,CONT_AWD_70CMSD24P00000149_7012_-NONE-_-NONE-,,,Contracts,,True,outside_pilot
DHS_FY2025P12_c:FY2025P01-P12_070_TAS_Contracts_AccountBreakdownByAward_2026-09-16_H02M56S53_01.csv:row:98971,DHS_FY2025P12_c/extracted/FY2025P01-P12_070_TAS_Contracts_AccountBreakdownByAward_2026-09-16_H02M56S53_01.csv,98971,25.4,070-0540,FY2025P08,,70CMSD24P00000149,,7012,CONT_AWD_70CMSD24P00000149_7012_-NONE-_-NONE-,,,Contracts,,True,outside_pilot
DHS_FY2025P12_c:FY2025P01-P12_070_TAS_Contracts_AccountBreakdownByAward_2026-09-16_H02M56S53_01.csv:row:98973,DHS_FY2025P12_c/extracted/FY2025P01-P12_070_TAS_Contracts_AccountBreakdownByAward_2026-09-16_H02M56S53_01.csv,98973,25.4,070-0540,FY2025P12,,70CMSD24P00000149,,7012,CONT_AWD_70CMSD24P00000149_7012_-NONE-_-NONE-,,,Contracts,,True,outside_pilot
DHS_FY2025P12_c:FY2025P01-P12_070_TAS_Contracts_AccountBreakdownByAward_2026-09-16_H02M56S53_01.csv:row:98975,DHS_FY2025P12_c/extracted/FY2025P01-P12_070_TAS_Contracts_AccountBreakdownByAward_2026-09-16_H02M56S53_01.csv,98975,25.4,070-0540,FY2025P07,,70CMSD24P00000149,,7012,CONT_AWD_70CMSD24P00000149_7012_-NONE-_-NONE-,,,Contracts,,True,outside_pilot
DHS_FY2025P12_c:FY2025P01-P12_070_TAS_Contracts_AccountBreakdownByAward_2026-09-16_H02M56S53_01.csv:row:98976,DHS_FY2025P12_c/extracted/FY2025P01-P12_070_TAS_Contracts_AccountBreakdownByAward_2026-09-16_H02M56S53_01.csv,98976,25.4,070-0540,FY2025P08,,70CMSD24P00000149,,7012,CONT_AWD_70CMSD24P00000149_7012_-NONE-_-NONE-,,,Contracts,,True,outside_pilot
DHS_FY2025P12_c:FY2025P01-P12_070_TAS_Contracts_AccountBreakdownByAward_2026-09-16_H02M56S53_01.csv:row:98977,DHS_FY2025P12_c/extracted/FY2025P01-P12_070_TAS_Contracts_AccountBreakdownByAward_2026-09-16_H02M56S53_01.csv,98977,25.4,070-0540,FY2025P09,,70CMSD24P00000149,,7012,CONT_AWD_70CMSD24P00000149_7012_-NONE-_-NONE-,,,Contracts,,True,outside_pilot
DHS_FY2025P12_c:FY2025P01-P12_070_TAS_Unlinked_AccountBreakdownByAward_2026-09-16_H02M56S53_01.csv:row:1669,DHS_FY2025P12_c/extracted/FY2025P01-P12_070_TAS_Unlinked_AccountBreakdownByAward_2026-09-16_H02M56S53_01.csv,1669,25.4,070-0540,FY2025P11,5802664.00,70CDCR25FR0000108,,,,9,EXCEPTION:DHS_FY2025P12_c:FY2025P01-P12_070_TAS_Unlinked_AccountBreakdownByAward_2026-09-16_H02M56S53_01.csv:row:1669,Unlinked,5802664.00,False,unresolved
DHS_FY2025P12_c:FY2025P01-P12_070_TAS_Unlinked_AccountBreakdownByAward_2026-09-16_H02M56S53_01.csv:row:242,DHS_FY2025P12_c/extracted/FY2025P01-P12_070_TAS_Unlinked_AccountBreakdownByAward_2026-09-16_H02M56S53_01.csv,242,25.4,070-0540,FY2025P11,,70CDCR24FIGR00160,,,,,,Unlinked,,True,outside_pilot
DHS_FY2025P12_c:FY2025P01-P12_070_TAS_Unlinked_AccountBreakdownByAward_2026-09-16_H02M56S53_01.csv:row:2745,DHS_FY2025P12_c/extracted/FY2025P01-P12_070_TAS_Unlinked_AccountBreakdownByAward_2026-09-16_H02M56S53_01.csv,2745,25.4,070-0540,FY2025P08,,70CDCR24FIGR00160,,,,,,Unlinked,,True,outside_pilot
DHS_FY2025P12_c:FY2025P01-P12_070_TAS_Unlinked_AccountBreakdownByAward_2026-09-16_H02M56S53_01.csv:row:3001,DHS_FY2025P12_c/extracted/FY2025P01-P12_070_TAS_Unlinked_AccountBreakdownByAward_2026-09-16_H02M56S53_01.csv,3001,25.4,070-0540,FY2025P09,,70CDCR24FIGR00160,,,,,,Unlinked,,True,outside_pilot
DHS_FY2025P12_c:FY2025P01-P12_070_TAS_Unlinked_AccountBreakdownByAward_2026-09-16_H02M56S53_01.csv:row:3944,DHS_FY2025P12_c/extracted/FY2025P01-P12_070_TAS_Unlinked_AccountBreakdownByAward_2026-09-16_H02M56S53_01.csv,3944,25.4,070-0540,FY2025P05,,70CDCR24FIGR00160,,,,,,Unlinked,,True,outside_pilot
DHS_FY2025P12_c:FY2025P01-P12_070_TAS_Unlinked_AccountBreakdownByAward_2026-09-16_H02M56S53_01.csv:row:4244,DHS_FY2025P12_c/extracted/FY2025P01-P12_070_TAS_Unlinked_AccountBreakdownByAward_2026-09-16_H02M56S53_01.csv,4244,25.4,070-0540,FY2025P10,,70CDCR24FIGR00160,,,,,,Unlinked,,True,outside_pilot
DHS_FY2025P12_c:FY2025P01-P12_070_TAS_Unlinked_AccountBreakdownByAward_2026-09-16_H02M56S53_01.csv:row:4258,DHS_FY2025P12_c/extracted/FY2025P01-P12_070_TAS_Unlinked_AccountBreakdownByAward_2026-09-16_H02M56S53_01.csv,4258,25.4,070-0540,FY2025P07,,70CDCR24FIGR00160,,,,,,Unlinked,,True,outside_pilot
DHS_FY2025P12_c:FY2025P01-P12_070_TAS_Unlinked_AccountBreakdownByAward_2026-09-16_H02M56S53_01.csv:row:4981,DHS_FY2025P12_c/extracted/FY2025P01-P12_070_TAS_Unlinked_AccountBreakdownByAward_2026-09-16_H02M56S53_01.csv,4981,25.4,070-0540,FY2025P06,,70CDCR24FIGR00160,,,,,,Unlinked,,True,outside_pilot
DHS_FY2025P12_c:FY2025P01-P12_070_TAS_Unlinked_AccountBreakdownByAward_2026-09-16_H02M56S53_01.csv:row:502,DHS_FY2025P12_c/extracted/FY2025P01-P12_070_TAS_Unlinked_AccountBreakdownByAward_2026-09-16_H02M56S53_01.csv,502,25.4,070-0540,FY2025P12,2196145.00,70CDCR25FR0000108,,,,9,EXCEPTION:DHS_FY2025P12_c:FY2025P01-P12_070_TAS_Unlinked_AccountBreakdownByAward_2026-09-16_H02M56S53_01.csv:row:502,Unlinked,2196145.00,False,unresolved
DHS_FY2025P12_c:FY2025P01-P12_070_TAS_Unlinked_AccountBreakdownByAward_2026-09-16_H02M56S53_01.csv:row:555,DHS_FY2025P12_c/extracted/FY2025P01-P12_070_TAS_Unlinked_AccountBreakdownByAward_2026-09-16_H02M56S53_01.csv,555,25.4,070-0540,FY2025P12,,70CDCR24FIGR00160,,,,,,Unlinked,,True,outside_pilot
DHS_FY2025P12_c:FY2025P01-P12_070_TAS_Unlinked_AccountBreakdownByAward_2026-09-16_H02M56S53_01.csv:row:686,DHS_FY2025P12_c/extracted/FY2025P01-P12_070_TAS_Unlinked_AccountBreakdownByAward_2026-09-16_H02M56S53_01.csv,686,25.4,070-0540,FY2025P12,,70CDCR25FR0000108,,,,9,EXCEPTION:DHS_FY2025P12_c:FY2025P01-P12_070_TAS_Unlinked_AccountBreakdownByAward_2026-09-16_H02M56S53_01.csv:row:686,Unlinked,,True,unresolved
DHS_FY2026P10_c:FY2026P01-P10_070_TAS_Contracts_AccountBreakdownByAward_2026-09-15_H22M13S36_01.csv:row:111280,DHS_FY2026P10_c/extracted/FY2026P01-P10_070_TAS_Contracts_AccountBreakdownByAward_2026-09-15_H22M13S36_01.csv,111280,25.4,070-0540,FY2026P10,,70CDCR25FR0000072,70CDCR25D00000024,7012,CONT_AWD_70CDCR25FR0000072_7012_70CDCR25D00000024_7012,,,Contracts,,True,outside_pilot
DHS_FY2026P10_c:FY2026P01-P10_070_TAS_Contracts_AccountBreakdownByAward_2026-09-15_H22M13S36_01.csv:row:111281,DHS_FY2026P10_c/extracted/FY2026P01-P10_070_TAS_Contracts_AccountBreakdownByAward_2026-09-15_H22M13S36_01.csv,111281,25.4,070-0540,FY2026P09,,70CDCR25FR0000072,70CDCR25D00000024,7012,CONT_AWD_70CDCR25FR0000072_7012_70CDCR25D00000024_7012,,,Contracts,,True,outside_pilot
DHS_FY2026P10_c:FY2026P01-P10_070_TAS_Contracts_AccountBreakdownByAward_2026-09-15_H22M13S36_01.csv:row:114018,DHS_FY2026P10_c/extracted/FY2026P01-P10_070_TAS_Contracts_AccountBreakdownByAward_2026-09-15_H22M13S36_01.csv,114018,25.4,070-0540,FY2026P10,455712.00,70CDCR26FR0000100,70CDCR23D00000004,7012,CONT_AWD_70CDCR26FR0000100_7012_70CDCR23D00000004_7012,,,Contracts,455712.00,False,outside_pilot
DHS_FY2026P10_c:FY2026P01-P10_070_TAS_Contracts_AccountBreakdownByAward_2026-09-15_H22M13S36_01.csv:row:114019,DHS_FY2026P10_c/extracted/FY2026P01-P10_070_TAS_Contracts_AccountBreakdownByAward_2026-09-15_H22M13S36_01.csv,114019,25.4,070-0540,FY2026P10,-455712.00,70CDCR26FR0000100,70CDCR23D00000004,7012,CONT_AWD_70CDCR26FR0000100_7012_70CDCR23D00000004_7012,,,Contracts,-455712.00,False,outside_pilot
DHS_FY2026P10_c:FY2026P01-P10_070_TAS_Contracts_AccountBreakdownByAward_2026-09-15_H22M13S36_01.csv:row:114020,DHS_FY2026P10_c/extracted/FY2026P01-P10_070_TAS_Contracts_AccountBreakdownByAward_2026-09-15_H22M13S36_01.csv,114020,25.4,070-0540,FY2026P09,455712.00,70CDCR26FR0000100,70CDCR23D00000004,7012,CONT_AWD_70CDCR26FR0000100_7012_70CDCR23D00000004_7012,,,Contracts,455712.00,False,outside_pilot
DHS_FY2026P10_c:FY2026P01-P10_070_TAS_Contracts_AccountBreakdownByAward_2026-09-15_H22M13S36_01.csv:row:116290,DHS_FY2026P10_c/extracted/FY2026P01-P10_070_TAS_Contracts_AccountBreakdownByAward_2026-09-15_H22M13S36_01.csv,116290,25.4,070-0540,FY2026P05,41389096.22,70CDCR25FR0000111,70CDCR22D00000001,7012,CONT_AWD_70CDCR25FR0000111_7012_70CDCR22D00000001_7012,,,Contracts,41389096.22,False,outside_pilot
DHS_FY2026P10_c:FY2026P01-P10_070_TAS_Contracts_AccountBreakdownByAward_2026-09-15_H22M13S36_01.csv:row:116294,DHS_FY2026P10_c/extracted/FY2026P01-P10_070_TAS_Contracts_AccountBreakdownByAward_2026-09-15_H22M13S36_01.csv,116294,25.4,070-0540,FY2026P07,8415928.53,70CDCR25FR0000111,70CDCR22D00000001,7012,CONT_AWD_70CDCR25FR0000111_7012_70CDCR22D00000001_7012,,,Contracts,8415928.53,False,outside_pilot
DHS_FY2026P10_c:FY2026P01-P10_070_TAS_Contracts_AccountBreakdownByAward_2026-09-15_H22M13S36_01.csv:row:116297,DHS_FY2026P10_c/extracted/FY2026P01-P10_070_TAS_Contracts_AccountBreakdownByAward_2026-09-15_H22M13S36_01.csv,116297,25.4,070-0540,FY2026P06,,70CDCR25FR0000111,70CDCR22D00000001,7012,CONT_AWD_70CDCR25FR0000111_7012_70CDCR22D00000001_7012,,,Contracts,,True,outside_pilot
DHS_FY2026P10_c:FY2026P01-P10_070_TAS_Contracts_AccountBreakdownByAward_2026-09-15_H22M13S36_01.csv:row:116300,DHS_FY2026P10_c/extracted/FY2026P01-P10_070_TAS_Contracts_AccountBreakdownByAward_2026-09-15_H22M13S36_01.csv,116300,25.4,070-0540,FY2026P09,,70CDCR25FR0000111,70CDCR22D00000001,7012,CONT_AWD_70CDCR25FR0000111_7012_70CDCR22D00000001_7012,,,Contracts,,True,outside_pilot
DHS_FY2026P10_c:FY2026P01-P10_070_TAS_Contracts_AccountBreakdownByAward_2026-09-15_H22M13S36_01.csv:row:116302,DHS_FY2026P10_c/extracted/FY2026P01-P10_070_TAS_Contracts_AccountBreakdownByAward_2026-09-15_H22M13S36_01.csv,116302,25.4,070-0540,FY2026P05,,70CDCR25FR0000111,70CDCR22D00000001,7012,CONT_AWD_70CDCR25FR0000111_7012_70CDCR22D00000001_7012,,,Contracts,,True,outside_pilot
DHS_FY2026P10_c:FY2026P01-P10_070_TAS_Contracts_AccountBreakdownByAward_2026-09-15_H22M13S36_01.csv:row:116303,DHS_FY2026P10_c/extracted/FY2026P01-P10_070_TAS_Contracts_AccountBreakdownByAward_2026-09-15_H22M13S36_01.csv,116303,25.4,070-0540,FY2026P03,,70CDCR25FR0000111,70CDCR22D00000001,7012,CONT_AWD_70CDCR25FR0000111_7012_70CDCR22D00000001_7012,,,Contracts,,True,outside_pilot
DHS_FY2026P10_c:FY2026P01-P10_070_TAS_Contracts_AccountBreakdownByAward_2026-09-15_H22M13S36_01.csv:row:116304,DHS_FY2026P10_c/extracted/FY2026P01-P10_070_TAS_Contracts_AccountBreakdownByAward_2026-09-15_H22M13S36_01.csv,116304,25.4,070-0540,FY2026P04,,70CDCR25FR0000111,70CDCR22D00000001,7012,CONT_AWD_70CDCR25FR0000111_7012_70CDCR22D00000001_7012,,,Contracts,,True,outside_pilot
DHS_FY2026P10_c:FY2026P01-P10_070_TAS_Contracts_AccountBreakdownByAward_2026-09-15_H22M13S36_01.csv:row:116305,DHS_FY2026P10_c/extracted/FY2026P01-P10_070_TAS_Contracts_AccountBreakdownByAward_2026-09-15_H22M13S36_01.csv,116305,25.4,070-0540,FY2026P07,,70CDCR25FR0000111,70CDCR22D00000001,7012,CONT_AWD_70CDCR25FR0000111_7012_70CDCR22D00000001_7012,,,Contracts,,True,outside_pilot
DHS_FY2026P10_c:FY2026P01-P10_070_TAS_Contracts_AccountBreakdownByAward_2026-09-15_H22M13S36_01.csv:row:116308,DHS_FY2026P10_c/extracted/FY2026P01-P10_070_TAS_Contracts_AccountBreakdownByAward_2026-09-15_H22M13S36_01.csv,116308,25.4,070-0540,FY2026P10,,70CDCR25FR0000111,70CDCR22D00000001,7012,CONT_AWD_70CDCR25FR0000111_7012_70CDCR22D00000001_7012,,,Contracts,,True,outside_pilot
DHS_FY2026P10_c:FY2026P01-P10_070_TAS_Contracts_AccountBreakdownByAward_2026-09-15_H22M13S36_01.csv:row:116310,DHS_FY2026P10_c/extracted/FY2026P01-P10_070_TAS_Contracts_AccountBreakdownByAward_2026-09-15_H22M13S36_01.csv,116310,25.4,070-0540,FY2026P08,,70CDCR25FR0000111,70CDCR22D00000001,7012,CONT_AWD_70CDCR25FR0000111_7012_70CDCR22D00000001_7012,,,Contracts,,True,outside_pilot
DHS_FY2026P10_c:FY2026P01-P10_070_TAS_Contracts_AccountBreakdownByAward_2026-09-15_H22M13S36_01.csv:row:121230,DHS_FY2026P10_c/extracted/FY2026P01-P10_070_TAS_Contracts_AccountBreakdownByAward_2026-09-15_H22M13S36_01.csv,121230,25.4,070-0540,FY2026P06,,70CDCR26FR0000028,70CDCR20D00000009,7012,CONT_AWD_70CDCR26FR0000028_7012_70CDCR20D00000009_7012,,,Contracts,,True,outside_pilot
DHS_FY2026P10_c:FY2026P01-P10_070_TAS_Contracts_AccountBreakdownByAward_2026-09-15_H22M13S36_01.csv:row:121233,DHS_FY2026P10_c/extracted/FY2026P01-P10_070_TAS_Contracts_AccountBreakdownByAward_2026-09-15_H22M13S36_01.csv,121233,25.4,070-0540,FY2026P09,,70CDCR26FR0000028,70CDCR20D00000009,7012,CONT_AWD_70CDCR26FR0000028_7012_70CDCR20D00000009_7012,,,Contracts,,True,outside_pilot
DHS_FY2026P10_c:FY2026P01-P10_070_TAS_Contracts_AccountBreakdownByAward_2026-09-15_H22M13S36_01.csv:row:121235,DHS_FY2026P10_c/extracted/FY2026P01-P10_070_TAS_Contracts_AccountBreakdownByAward_2026-09-15_H22M13S36_01.csv,121235,25.4,070-0540,FY2026P09,,70CDCR26FR0000028,70CDCR20D00000009,7012,CONT_AWD_70CDCR26FR0000028_7012_70CDCR20D00000009_7012,,,Contracts,,True,outside_pilot
DHS_FY2026P10_c:FY2026P01-P10_070_TAS_Contracts_AccountBreakdownByAward_2026-09-15_H22M13S36_01.csv:row:121237,DHS_FY2026P10_c/extracted/FY2026P01-P10_070_TAS_Contracts_AccountBreakdownByAward_2026-09-15_H22M13S36_01.csv,121237,25.4,070-0540,FY2026P08,,70CDCR26FR0000028,70CDCR20D00000009,7012,CONT_AWD_70CDCR26FR0000028_7012_70CDCR20D00000009_7012,,,Contracts,,True,outside_pilot
DHS_FY2026P10_c:FY2026P01-P10_070_TAS_Contracts_AccountBreakdownByAward_2026-09-15_H22M13S36_01.csv:row:121238,DHS_FY2026P10_c/extracted/FY2026P01-P10_070_TAS_Contracts_AccountBreakdownByAward_2026-09-15_H22M13S36_01.csv,121238,25.4,070-0540,FY2026P08,,70CDCR26FR0000028,70CDCR20D00000009,7012,CONT_AWD_70CDCR26FR0000028_7012_70CDCR20D00000009_7012,,,Contracts,,True,outside_pilot
DHS_FY2026P10_c:FY2026P01-P10_070_TAS_Contracts_AccountBreakdownByAward_2026-09-15_H22M13S36_01.csv:row:121241,DHS_FY2026P10_c/extracted/FY2026P01-P10_070_TAS_Contracts_AccountBreakdownByAward_2026-09-15_H22M13S36_01.csv,121241,25.4,070-0540,FY2026P08,28800000.00,70CDCR26FR0000028,70CDCR20D00000009,7012,CONT_AWD_70CDCR26FR0000028_7012_70CDCR20D00000009_7012,,,Contracts,28800000.00,False,outside_pilot
DHS_FY2026P10_c:FY2026P01-P10_070_TAS_Contracts_AccountBreakdownByAward_2026-09-15_H22M13S36_01.csv:row:121242,DHS_FY2026P10_c/extracted/FY2026P01-P10_070_TAS_Contracts_AccountBreakdownByAward_2026-09-15_H22M13S36_01.csv,121242,25.4,070-0540,FY2026P05,,70CDCR26FR0000028,70CDCR20D00000009,7012,CONT_AWD_70CDCR26FR0000028_7012_70CDCR20D00000009_7012,,,Contracts,,True,outside_pilot
DHS_FY2026P10_c:FY2026P01-P10_070_TAS_Contracts_AccountBreakdownByAward_2026-09-15_H22M13S36_01.csv:row:121246,DHS_FY2026P10_c/extracted/FY2026P01-P10_070_TAS_Contracts_AccountBreakdownByAward_2026-09-15_H22M13S36_01.csv,121246,25.4,070-0540,FY2026P07,,70CDCR26FR0000028,70CDCR20D00000009,7012,CONT_AWD_70CDCR26FR0000028_7012_70CDCR20D00000009_7012,,,Contracts,,True,outside_pilot
DHS_FY2026P10_c:FY2026P01-P10_070_TAS_Contracts_AccountBreakdownByAward_2026-09-15_H22M13S36_01.csv:row:121248,DHS_FY2026P10_c/extracted/FY2026P01-P10_070_TAS_Contracts_AccountBreakdownByAward_2026-09-15_H22M13S36_01.csv,121248,25.4,070-0540,FY2026P10,14539800.00,70CDCR26FR0000028,70CDCR20D00000009,7012,CONT_AWD_70CDCR26FR0000028_7012_70CDCR20D00000009_7012,,,Contracts,14539800.00,False,outside_pilot
DHS_FY2026P10_c:FY2026P01-P10_070_TAS_Contracts_AccountBreakdownByAward_2026-09-15_H22M13S36_01.csv:row:121250,DHS_FY2026P10_c/extracted/FY2026P01-P10_070_TAS_Contracts_AccountBreakdownByAward_2026-09-15_H22M13S36_01.csv,121250,25.4,070-0540,FY2026P10,,70CDCR26FR0000028,70CDCR20D00000009,7012,CONT_AWD_70CDCR26FR0000028_7012_70CDCR20D00000009_7012,,,Contracts,,True,outside_pilot
DHS_FY2026P10_c:FY2026P01-P10_070_TAS_Contracts_AccountBreakdownByAward_2026-09-15_H22M13S36_01.csv:row:121252,DHS_FY2026P10_c/extracted/FY2026P01-P10_070_TAS_Contracts_AccountBreakdownByAward_2026-09-15_H22M13S36_01.csv,121252,25.4,070-0540,FY2026P10,,70CDCR26FR0000028,70CDCR20D00000009,7012,CONT_AWD_70CDCR26FR0000028_7012_70CDCR20D00000009_7012,,,Contracts,,True,outside_pilot
DHS_FY2026P10_c:FY2026P01-P10_070_TAS_Contracts_AccountBreakdownByAward_2026-09-15_H22M13S36_01.csv:row:121254,DHS_FY2026P10_c/extracted/FY2026P01-P10_070_TAS_Contracts_AccountBreakdownByAward_2026-09-15_H22M13S36_01.csv,121254,25.4,070-0540,FY2026P09,28800000.00,70CDCR26FR0000028,70CDCR20D00000009,7012,CONT_AWD_70CDCR26FR0000028_7012_70CDCR20D00000009_7012,,,Contracts,28800000.00,False,outside_pilot
DHS_FY2026P10_c:FY2026P01-P10_070_TAS_Contracts_AccountBreakdownByAward_2026-09-15_H22M13S36_01.csv:row:121255,DHS_FY2026P10_c/extracted/FY2026P01-P10_070_TAS_Contracts_AccountBreakdownByAward_2026-09-15_H22M13S36_01.csv,121255,25.4,070-0540,FY2026P04,18969800.00,70CDCR26FR0000028,70CDCR20D00000009,7012,CONT_AWD_70CDCR26FR0000028_7012_70CDCR20D00000009_7012,,,Contracts,18969800.00,False,outside_pilot
DHS_FY2026P10_c:FY2026P01-P10_070_TAS_Contracts_AccountBreakdownByAward_2026-09-15_H22M13S36_01.csv:row:125483,DHS_FY2026P10_c/extracted/FY2026P01-P10_070_TAS_Contracts_AccountBreakdownByAward_2026-09-15_H22M13S36_01.csv,125483,25.4,070-0540,FY2026P04,,70CMSD23P00000110,,7012,CONT_AWD_70CMSD23P00000110_7012_-NONE-_-NONE-,,,Contracts,,True,outside_pilot
DHS_FY2026P10_c:FY2026P01-P10_070_TAS_Contracts_AccountBreakdownByAward_2026-09-15_H22M13S36_01.csv:row:125484,DHS_FY2026P10_c/extracted/FY2026P01-P10_070_TAS_Contracts_AccountBreakdownByAward_2026-09-15_H22M13S36_01.csv,125484,25.4,070-0540,FY2026P06,,70CMSD23P00000110,,7012,CONT_AWD_70CMSD23P00000110_7012_-NONE-_-NONE-,,,Contracts,,True,outside_pilot
DHS_FY2026P10_c:FY2026P01-P10_070_TAS_Contracts_AccountBreakdownByAward_2026-09-15_H22M13S36_01.csv:row:125487,DHS_FY2026P10_c/extracted/FY2026P01-P10_070_TAS_Contracts_AccountBreakdownByAward_2026-09-15_H22M13S36_01.csv,125487,25.4,070-0540,FY2026P07,,70CMSD23P00000110,,7012,CONT_AWD_70CMSD23P00000110_7012_-NONE-_-NONE-,,,Contracts,,True,outside_pilot
DHS_FY2026P10_c:FY2026P01-P10_070_TAS_Contracts_AccountBreakdownByAward_2026-09-15_H22M13S36_01.csv:row:125488,DHS_FY2026P10_c/extracted/FY2026P01-P10_070_TAS_Contracts_AccountBreakdownByAward_2026-09-15_H22M13S36_01.csv,125488,25.4,070-0540,FY2026P06,,70CMSD23P00000110,,7012,CONT_AWD_70CMSD23P00000110_7012_-NONE-_-NONE-,,,Contracts,,True,outside_pilot
DHS_FY2026P10_c:FY2026P01-P10_070_TAS_Contracts_AccountBreakdownByAward_2026-09-15_H22M13S36_01.csv:row:125490,DHS_FY2026P10_c/extracted/FY2026P01-P10_070_TAS_Contracts_AccountBreakdownByAward_2026-09-15_H22M13S36_01.csv,125490,25.4,070-0540,FY2026P09,,70CMSD23P00000110,,7012,CONT_AWD_70CMSD23P00000110_7012_-NONE-_-NONE-,,,Contracts,,True,outside_pilot
DHS_FY2026P10_c:FY2026P01-P10_070_TAS_Contracts_AccountBreakdownByAward_2026-09-15_H22M13S36_01.csv:row:125493,DHS_FY2026P10_c/extracted/FY2026P01-P10_070_TAS_Contracts_AccountBreakdownByAward_2026-09-15_H22M13S36_01.csv,125493,25.4,070-0540,FY2026P09,,70CMSD23P00000110,,7012,CONT_AWD_70CMSD23P00000110_7012_-NONE-_-NONE-,,,Contracts,,True,outside_pilot
DHS_FY2026P10_c:FY2026P01-P10_070_TAS_Contracts_AccountBreakdownByAward_2026-09-15_H22M13S36_01.csv:row:125495,DHS_FY2026P10_c/extracted/FY2026P01-P10_070_TAS_Contracts_AccountBreakdownByAward_2026-09-15_H22M13S36_01.csv,125495,25.4,070-0540,FY2026P08,,70CMSD23P00000110,,7012,CONT_AWD_70CMSD23P00000110_7012_-NONE-_-NONE-,,,Contracts,,True,outside_pilot
DHS_FY2026P10_c:FY2026P01-P10_070_TAS_Contracts_AccountBreakdownByAward_2026-09-15_H22M13S36_01.csv:row:125496,DHS_FY2026P10_c/extracted/FY2026P01-P10_070_TAS_Contracts_AccountBreakdownByAward_2026-09-15_H22M13S36_01.csv,125496,25.4,070-0540,FY2026P10,,70CMSD23P00000110,,7012,CONT_AWD_70CMSD23P00000110_7012_-NONE-_-NONE-,,,Contracts,,True,outside_pilot
DHS_FY2026P10_c:FY2026P01-P10_070_TAS_Contracts_AccountBreakdownByAward_2026-09-15_H22M13S36_01.csv:row:125499,DHS_FY2026P10_c/extracted/FY2026P01-P10_070_TAS_Contracts_AccountBreakdownByAward_2026-09-15_H22M13S36_01.csv,125499,25.4,070-0540,FY2026P10,,70CMSD23P00000110,,7012,CONT_AWD_70CMSD23P00000110_7012_-NONE-_-NONE-,,,Contracts,,True,outside_pilot
DHS_FY2026P10_c:FY2026P01-P10_070_TAS_Contracts_AccountBreakdownByAward_2026-09-15_H22M13S36_01.csv:row:125501,DHS_FY2026P10_c/extracted/FY2026P01-P10_070_TAS_Contracts_AccountBreakdownByAward_2026-09-15_H22M13S36_01.csv,125501,25.4,070-0540,FY2026P05,,70CMSD23P00000110,,7012,CONT_AWD_70CMSD23P00000110_7012_-NONE-_-NONE-,,,Contracts,,True,outside_pilot
DHS_FY2026P10_c:FY2026P01-P10_070_TAS_Contracts_AccountBreakdownByAward_2026-09-15_H22M13S36_01.csv:row:125502,DHS_FY2026P10_c/extracted/FY2026P01-P10_070_TAS_Contracts_AccountBreakdownByAward_2026-09-15_H22M13S36_01.csv,125502,25.4,070-0540,FY2026P05,,70CMSD23P00000110,,7012,CONT_AWD_70CMSD23P00000110_7012_-NONE-_-NONE-,,,Contracts,,True,outside_pilot
DHS_FY2026P10_c:FY2026P01-P10_070_TAS_Contracts_AccountBreakdownByAward_2026-09-15_H22M13S36_01.csv:row:125503,DHS_FY2026P10_c/extracted/FY2026P01-P10_070_TAS_Contracts_AccountBreakdownByAward_2026-09-15_H22M13S36_01.csv,125503,25.4,070-0540,FY2026P04,,70CMSD23P00000110,,7012,CONT_AWD_70CMSD23P00000110_7012_-NONE-_-NONE-,,,Contracts,,True,outside_pilot
DHS_FY2026P10_c:FY2026P01-P10_070_TAS_Contracts_AccountBreakdownByAward_2026-09-15_H22M13S36_01.csv:row:125504,DHS_FY2026P10_c/extracted/FY2026P01-P10_070_TAS_Contracts_AccountBreakdownByAward_2026-09-15_H22M13S36_01.csv,125504,25.4,070-0540,FY2026P07,,70CMSD23P00000110,,7012,CONT_AWD_70CMSD23P00000110_7012_-NONE-_-NONE-,,,Contracts,,True,outside_pilot
DHS_FY2026P10_c:FY2026P01-P10_070_TAS_Contracts_AccountBreakdownByAward_2026-09-15_H22M13S36_01.csv:row:125505,DHS_FY2026P10_c/extracted/FY2026P01-P10_070_TAS_Contracts_AccountBreakdownByAward_2026-09-15_H22M13S36_01.csv,125505,25.4,070-0540,FY2026P08,,70CMSD23P00000110,,7012,CONT_AWD_70CMSD23P00000110_7012_-NONE-_-NONE-,,,Contracts,,True,outside_pilot
DHS_FY2026P10_c:FY2026P01-P10_070_TAS_Contracts_AccountBreakdownByAward_2026-09-15_H22M13S36_01.csv:row:125506,DHS_FY2026P10_c/extracted/FY2026P01-P10_070_TAS_Contracts_AccountBreakdownByAward_2026-09-15_H22M13S36_01.csv,125506,25.4,070-0540,FY2026P03,,70CMSD23P00000110,,7012,CONT_AWD_70CMSD23P00000110_7012_-NONE-_-NONE-,,,Contracts,,True,outside_pilot
DHS_FY2026P10_c:FY2026P01-P10_070_TAS_Contracts_AccountBreakdownByAward_2026-09-15_H22M13S36_01.csv:row:125507,DHS_FY2026P10_c/extracted/FY2026P01-P10_070_TAS_Contracts_AccountBreakdownByAward_2026-09-15_H22M13S36_01.csv,125507,25.4,070-0540,FY2026P03,,70CMSD23P00000110,,7012,CONT_AWD_70CMSD23P00000110_7012_-NONE-_-NONE-,,,Contracts,,True,outside_pilot
DHS_FY2026P10_c:FY2026P01-P10_070_TAS_Contracts_AccountBreakdownByAward_2026-09-15_H22M13S36_01.csv:row:125737,DHS_FY2026P10_c/extracted/FY2026P01-P10_070_TAS_Contracts_AccountBreakdownByAward_2026-09-15_H22M13S36_01.csv,125737,25.4,070-0540,FY2026P06,,70CDCR25FR0000012,70CDCR20D00000006,7012,CONT_AWD_70CDCR25FR0000012_7012_70CDCR20D00000006_7012,,,Contracts,,True,outside_pilot
DHS_FY2026P10_c:FY2026P01-P10_070_TAS_Contracts_AccountBreakdownByAward_2026-09-15_H22M13S36_01.csv:row:125739,DHS_FY2026P10_c/extracted/FY2026P01-P10_070_TAS_Contracts_AccountBreakdownByAward_2026-09-15_H22M13S36_01.csv,125739,25.4,070-0540,FY2026P06,,70CDCR25FR0000012,70CDCR20D00000006,7012,CONT_AWD_70CDCR25FR0000012_7012_70CDCR20D00000006_7012,,,Contracts,,True,outside_pilot
DHS_FY2026P10_c:FY2026P01-P10_070_TAS_Contracts_AccountBreakdownByAward_2026-09-15_H22M13S36_01.csv:row:125743,DHS_FY2026P10_c/extracted/FY2026P01-P10_070_TAS_Contracts_AccountBreakdownByAward_2026-09-15_H22M13S36_01.csv,125743,25.4,070-0540,FY2026P09,,70CDCR25FR0000012,70CDCR20D00000006,7012,CONT_AWD_70CDCR25FR0000012_7012_70CDCR20D00000006_7012,,,Contracts,,True,outside_pilot
DHS_FY2026P10_c:FY2026P01-P10_070_TAS_Contracts_AccountBreakdownByAward_2026-09-15_H22M13S36_01.csv:row:125745,DHS_FY2026P10_c/extracted/FY2026P01-P10_070_TAS_Contracts_AccountBreakdownByAward_2026-09-15_H22M13S36_01.csv,125745,25.4,070-0540,FY2026P09,,70CDCR25FR0000012,70CDCR20D00000006,7012,CONT_AWD_70CDCR25FR0000012_7012_70CDCR20D00000006_7012,,,Contracts,,True,outside_pilot
DHS_FY2026P10_c:FY2026P01-P10_070_TAS_Contracts_AccountBreakdownByAward_2026-09-15_H22M13S36_01.csv:row:125747,DHS_FY2026P10_c/extracted/FY2026P01-P10_070_TAS_Contracts_AccountBreakdownByAward_2026-09-15_H22M13S36_01.csv,125747,25.4,070-0540,FY2026P09,,70CDCR25FR0000012,70CDCR20D00000006,7012,CONT_AWD_70CDCR25FR0000012_7012_70CDCR20D00000006_7012,,,Contracts,,True,outside_pilot
DHS_FY2026P10_c:FY2026P01-P10_070_TAS_Contracts_AccountBreakdownByAward_2026-09-15_H22M13S36_01.csv:row:125749,DHS_FY2026P10_c/extracted/FY2026P01-P10_070_TAS_Contracts_AccountBreakdownByAward_2026-09-15_H22M13S36_01.csv,125749,25.4,070-0540,FY2026P05,,70CDCR25FR0000012,70CDCR20D00000006,7012,CONT_AWD_70CDCR25FR0000012_7012_70CDCR20D00000006_7012,,,Contracts,,True,outside_pilot
DHS_FY2026P10_c:FY2026P01-P10_070_TAS_Contracts_AccountBreakdownByAward_2026-09-15_H22M13S36_01.csv:row:125752,DHS_FY2026P10_c/extracted/FY2026P01-P10_070_TAS_Contracts_AccountBreakdownByAward_2026-09-15_H22M13S36_01.csv,125752,25.4,070-0540,FY2026P04,5364099.73,70CDCR25FR0000012,70CDCR20D00000006,7012,CONT_AWD_70CDCR25FR0000012_7012_70CDCR20D00000006_7012,,,Contracts,5364099.73,False,outside_pilot
DHS_FY2026P10_c:FY2026P01-P10_070_TAS_Contracts_AccountBreakdownByAward_2026-09-15_H22M13S36_01.csv:row:125757,DHS_FY2026P10_c/extracted/FY2026P01-P10_070_TAS_Contracts_AccountBreakdownByAward_2026-09-15_H22M13S36_01.csv,125757,25.4,070-0540,FY2026P04,,70CDCR25FR0000012,70CDCR20D00000006,7012,CONT_AWD_70CDCR25FR0000012_7012_70CDCR20D00000006_7012,,,Contracts,,True,outside_pilot
DHS_FY2026P10_c:FY2026P01-P10_070_TAS_Contracts_AccountBreakdownByAward_2026-09-15_H22M13S36_01.csv:row:125758,DHS_FY2026P10_c/extracted/FY2026P01-P10_070_TAS_Contracts_AccountBreakdownByAward_2026-09-15_H22M13S36_01.csv,125758,25.4,070-0540,FY2026P05,400662.57,70CDCR25FR0000012,70CDCR20D00000006,7012,CONT_AWD_70CDCR25FR0000012_7012_70CDCR20D00000006_7012,,,Contracts,400662.57,False,outside_pilot
DHS_FY2026P10_c:FY2026P01-P10_070_TAS_Contracts_AccountBreakdownByAward_2026-09-15_H22M13S36_01.csv:row:125759,DHS_FY2026P10_c/extracted/FY2026P01-P10_070_TAS_Contracts_AccountBreakdownByAward_2026-09-15_H22M13S36_01.csv,125759,25.4,070-0540,FY2026P05,,70CDCR25FR0000012,70CDCR20D00000006,7012,CONT_AWD_70CDCR25FR0000012_7012_70CDCR20D00000006_7012,,,Contracts,,True,outside_pilot
DHS_FY2026P10_c:FY2026P01-P10_070_TAS_Contracts_AccountBreakdownByAward_2026-09-15_H22M13S36_01.csv:row:125762,DHS_FY2026P10_c/extracted/FY2026P01-P10_070_TAS_Contracts_AccountBreakdownByAward_2026-09-15_H22M13S36_01.csv,125762,25.4,070-0540,FY2026P08,,70CDCR25FR0000012,70CDCR20D00000006,7012,CONT_AWD_70CDCR25FR0000012_7012_70CDCR20D00000006_7012,,,Contracts,,True,outside_pilot
DHS_FY2026P10_c:FY2026P01-P10_070_TAS_Contracts_AccountBreakdownByAward_2026-09-15_H22M13S36_01.csv:row:125764,DHS_FY2026P10_c/extracted/FY2026P01-P10_070_TAS_Contracts_AccountBreakdownByAward_2026-09-15_H22M13S36_01.csv,125764,25.4,070-0540,FY2026P02,,70CDCR25FR0000012,70CDCR20D00000006,7012,CONT_AWD_70CDCR25FR0000012_7012_70CDCR20D00000006_7012,,,Contracts,,True,outside_pilot
DHS_FY2026P10_c:FY2026P01-P10_070_TAS_Contracts_AccountBreakdownByAward_2026-09-15_H22M13S36_01.csv:row:125768,DHS_FY2026P10_c/extracted/FY2026P01-P10_070_TAS_Contracts_AccountBreakdownByAward_2026-09-15_H22M13S36_01.csv,125768,25.4,070-0540,FY2026P07,,70CDCR25FR0000012,70CDCR20D00000006,7012,CONT_AWD_70CDCR25FR0000012_7012_70CDCR20D00000006_7012,,,Contracts,,True,outside_pilot
DHS_FY2026P10_c:FY2026P01-P10_070_TAS_Contracts_AccountBreakdownByAward_2026-09-15_H22M13S36_01.csv:row:125769,DHS_FY2026P10_c/extracted/FY2026P01-P10_070_TAS_Contracts_AccountBreakdownByAward_2026-09-15_H22M13S36_01.csv,125769,25.4,070-0540,FY2026P07,,70CDCR25FR0000012,70CDCR20D00000006,7012,CONT_AWD_70CDCR25FR0000012_7012_70CDCR20D00000006_7012,,,Contracts,,True,outside_pilot
DHS_FY2026P10_c:FY2026P01-P10_070_TAS_Contracts_AccountBreakdownByAward_2026-09-15_H22M13S36_01.csv:row:125770,DHS_FY2026P10_c/extracted/FY2026P01-P10_070_TAS_Contracts_AccountBreakdownByAward_2026-09-15_H22M13S36_01.csv,125770,25.4,070-0540,FY2026P08,,70CDCR25FR0000012,70CDCR20D00000006,7012,CONT_AWD_70CDCR25FR0000012_7012_70CDCR20D00000006_7012,,,Contracts,,True,outside_pilot
DHS_FY2026P10_c:FY2026P01-P10_070_TAS_Contracts_AccountBreakdownByAward_2026-09-15_H22M13S36_01.csv:row:125772,DHS_FY2026P10_c/extracted/FY2026P01-P10_070_TAS_Contracts_AccountBreakdownByAward_2026-09-15_H22M13S36_01.csv,125772,25.4,070-0540,FY2026P08,,70CDCR25FR0000012,70CDCR20D00000006,7012,CONT_AWD_70CDCR25FR0000012_7012_70CDCR20D00000006_7012,,,Contracts,,True,outside_pilot
DHS_FY2026P10_c:FY2026P01-P10_070_TAS_Contracts_AccountBreakdownByAward_2026-09-15_H22M13S36_01.csv:row:125776,DHS_FY2026P10_c/extracted/FY2026P01-P10_070_TAS_Contracts_AccountBreakdownByAward_2026-09-15_H22M13S36_01.csv,125776,25.4,070-0540,FY2026P06,,70CDCR25FR0000012,70CDCR20D00000006,7012,CONT_AWD_70CDCR25FR0000012_7012_70CDCR20D00000006_7012,,,Contracts,,True,outside_pilot
DHS_FY2026P10_c:FY2026P01-P10_070_TAS_Contracts_AccountBreakdownByAward_2026-09-15_H22M13S36_01.csv:row:125782,DHS_FY2026P10_c/extracted/FY2026P01-P10_070_TAS_Contracts_AccountBreakdownByAward_2026-09-15_H22M13S36_01.csv,125782,25.4,070-0540,FY2026P03,,70CDCR25FR0000012,70CDCR20D00000006,7012,CONT_AWD_70CDCR25FR0000012_7012_70CDCR20D00000006_7012,,,Contracts,,True,outside_pilot
DHS_FY2026P10_c:FY2026P01-P10_070_TAS_Contracts_AccountBreakdownByAward_2026-09-15_H22M13S36_01.csv:row:125788,DHS_FY2026P10_c/extracted/FY2026P01-P10_070_TAS_Contracts_AccountBreakdownByAward_2026-09-15_H22M13S36_01.csv,125788,25.4,070-0540,FY2026P07,,70CDCR25FR0000012,70CDCR20D00000006,7012,CONT_AWD_70CDCR25FR0000012_7012_70CDCR20D00000006_7012,,,Contracts,,True,outside_pilot
DHS_FY2026P10_c:FY2026P01-P10_070_TAS_Contracts_AccountBreakdownByAward_2026-09-15_H22M13S36_01.csv:row:125792,DHS_FY2026P10_c/extracted/FY2026P01-P10_070_TAS_Contracts_AccountBreakdownByAward_2026-09-15_H22M13S36_01.csv,125792,25.4,070-0540,FY2026P10,,70CDCR25FR0000012,70CDCR20D00000006,7012,CONT_AWD_70CDCR25FR0000012_7012_70CDCR20D00000006_7012,,,Contracts,,True,outside_pilot
DHS_FY2026P10_c:FY2026P01-P10_070_TAS_Contracts_AccountBreakdownByAward_2026-09-15_H22M13S36_01.csv:row:125794,DHS_FY2026P10_c/extracted/FY2026P01-P10_070_TAS_Contracts_AccountBreakdownByAward_2026-09-15_H22M13S36_01.csv,125794,25.4,070-0540,FY2026P10,,70CDCR25FR0000012,70CDCR20D00000006,7012,CONT_AWD_70CDCR25FR0000012_7012_70CDCR20D00000006_7012,,,Contracts,,True,outside_pilot
DHS_FY2026P10_c:FY2026P01-P10_070_TAS_Contracts_AccountBreakdownByAward_2026-09-15_H22M13S36_01.csv:row:125796,DHS_FY2026P10_c/extracted/FY2026P01-P10_070_TAS_Contracts_AccountBreakdownByAward_2026-09-15_H22M13S36_01.csv,125796,25.4,070-0540,FY2026P10,,70CDCR25FR0000012,70CDCR20D00000006,7012,CONT_AWD_70CDCR25FR0000012_7012_70CDCR20D00000006_7012,,,Contracts,,True,outside_pilot
DHS_FY2026P10_c:FY2026P01-P10_070_TAS_Contracts_AccountBreakdownByAward_2026-09-15_H22M13S36_01.csv:row:131888,DHS_FY2026P10_c/extracted/FY2026P01-P10_070_TAS_Contracts_AccountBreakdownByAward_2026-09-15_H22M13S36_01.csv,131888,25.4,070-0540,FY2026P05,,70CMSW22C00000006,,7012,CONT_AWD_70CMSW22C00000006_7012_-NONE-_-NONE-,,,Contracts,,True,outside_pilot
DHS_FY2026P10_c:FY2026P01-P10_070_TAS_Contracts_AccountBreakdownByAward_2026-09-15_H22M13S36_01.csv:row:131891,DHS_FY2026P10_c/extracted/FY2026P01-P10_070_TAS_Contracts_AccountBreakdownByAward_2026-09-15_H22M13S36_01.csv,131891,25.4,070-0540,FY2026P10,,70CMSW22C00000006,,7012,CONT_AWD_70CMSW22C00000006_7012_-NONE-_-NONE-,,,Contracts,,True,outside_pilot
DHS_FY2026P10_c:FY2026P01-P10_070_TAS_Contracts_AccountBreakdownByAward_2026-09-15_H22M13S36_01.csv:row:131893,DHS_FY2026P10_c/extracted/FY2026P01-P10_070_TAS_Contracts_AccountBreakdownByAward_2026-09-15_H22M13S36_01.csv,131893,25.4,070-0540,FY2026P08,,70CMSW22C00000006,,7012,CONT_AWD_70CMSW22C00000006_7012_-NONE-_-NONE-,,,Contracts,,True,outside_pilot
DHS_FY2026P10_c:FY2026P01-P10_070_TAS_Contracts_AccountBreakdownByAward_2026-09-15_H22M13S36_01.csv:row:131894,DHS_FY2026P10_c/extracted/FY2026P01-P10_070_TAS_Contracts_AccountBreakdownByAward_2026-09-15_H22M13S36_01.csv,131894,25.4,070-0540,FY2026P07,,70CMSW22C00000006,,7012,CONT_AWD_70CMSW22C00000006_7012_-NONE-_-NONE-,,,Contracts,,True,outside_pilot
DHS_FY2026P10_c:FY2026P01-P10_070_TAS_Contracts_AccountBreakdownByAward_2026-09-15_H22M13S36_01.csv:row:131895,DHS_FY2026P10_c/extracted/FY2026P01-P10_070_TAS_Contracts_AccountBreakdownByAward_2026-09-15_H22M13S36_01.csv,131895,25.4,070-0540,FY2026P06,,70CMSW22C00000006,,7012,CONT_AWD_70CMSW22C00000006_7012_-NONE-_-NONE-,,,Contracts,,True,outside_pilot
DHS_FY2026P10_c:FY2026P01-P10_070_TAS_Contracts_AccountBreakdownByAward_2026-09-15_H22M13S36_01.csv:row:131898,DHS_FY2026P10_c/extracted/FY2026P01-P10_070_TAS_Contracts_AccountBreakdownByAward_2026-09-15_H22M13S36_01.csv,131898,25.4,070-0540,FY2026P09,,70CMSW22C00000006,,7012,CONT_AWD_70CMSW22C00000006_7012_-NONE-_-NONE-,,,Contracts,,True,outside_pilot
DHS_FY2026P10_c:FY2026P01-P10_070_TAS_Contracts_AccountBreakdownByAward_2026-09-15_H22M13S36_01.csv:row:131901,DHS_FY2026P10_c/extracted/FY2026P01-P10_070_TAS_Contracts_AccountBreakdownByAward_2026-09-15_H22M13S36_01.csv,131901,25.4,070-0540,FY2026P09,,70CMSW22C00000006,,7012,CONT_AWD_70CMSW22C00000006_7012_-NONE-_-NONE-,,,Contracts,,True,outside_pilot
DHS_FY2026P10_c:FY2026P01-P10_070_TAS_Contracts_AccountBreakdownByAward_2026-09-15_H22M13S36_01.csv:row:131904,DHS_FY2026P10_c/extracted/FY2026P01-P10_070_TAS_Contracts_AccountBreakdownByAward_2026-09-15_H22M13S36_01.csv,131904,25.4,070-0540,FY2026P03,,70CMSW22C00000006,,7012,CONT_AWD_70CMSW22C00000006_7012_-NONE-_-NONE-,,,Contracts,,True,outside_pilot
DHS_FY2026P10_c:FY2026P01-P10_070_TAS_Contracts_AccountBreakdownByAward_2026-09-15_H22M13S36_01.csv:row:131907,DHS_FY2026P10_c/extracted/FY2026P01-P10_070_TAS_Contracts_AccountBreakdownByAward_2026-09-15_H22M13S36_01.csv,131907,25.4,070-0540,FY2026P04,,70CMSW22C00000006,,7012,CONT_AWD_70CMSW22C00000006_7012_-NONE-_-NONE-,,,Contracts,,True,outside_pilot
DHS_FY2026P10_c:FY2026P01-P10_070_TAS_Contracts_AccountBreakdownByAward_2026-09-15_H22M13S36_01.csv:row:131911,DHS_FY2026P10_c/extracted/FY2026P01-P10_070_TAS_Contracts_AccountBreakdownByAward_2026-09-15_H22M13S36_01.csv,131911,25.4,070-0540,FY2026P10,,70CMSW22C00000006,,7012,CONT_AWD_70CMSW22C00000006_7012_-NONE-_-NONE-,,,Contracts,,True,outside_pilot
DHS_FY2026P10_c:FY2026P01-P10_070_TAS_Contracts_AccountBreakdownByAward_2026-09-15_H22M13S36_01.csv:row:1331,DHS_FY2026P10_c/extracted/FY2026P01-P10_070_TAS_Contracts_AccountBreakdownByAward_2026-09-15_H22M13S36_01.csv,1331,25.4,070-0540,FY2026P08,7865768.00,70CDCR26FR0000055,70CDCR26D00000026,7012,CONT_AWD_70CDCR26FR0000055_7012_70CDCR26D00000026_7012,,,Contracts,7865768.00,False,outside_pilot
DHS_FY2026P10_c:FY2026P01-P10_070_TAS_Contracts_AccountBreakdownByAward_2026-09-15_H22M13S36_01.csv:row:1334,DHS_FY2026P10_c/extracted/FY2026P01-P10_070_TAS_Contracts_AccountBreakdownByAward_2026-09-15_H22M13S36_01.csv,1334,25.4,070-0540,FY2026P08,23438666.63,70CDCR26FR0000055,70CDCR26D00000026,7012,CONT_AWD_70CDCR26FR0000055_7012_70CDCR26D00000026_7012,,,Contracts,23438666.63,False,outside_pilot
DHS_FY2026P10_c:FY2026P01-P10_070_TAS_Contracts_AccountBreakdownByAward_2026-09-15_H22M13S36_01.csv:row:1335,DHS_FY2026P10_c/extracted/FY2026P01-P10_070_TAS_Contracts_AccountBreakdownByAward_2026-09-15_H22M13S36_01.csv,1335,25.4,070-0540,FY2026P08,,70CDCR26FR0000055,70CDCR26D00000026,7012,CONT_AWD_70CDCR26FR0000055_7012_70CDCR26D00000026_7012,,,Contracts,,True,outside_pilot
DHS_FY2026P10_c:FY2026P01-P10_070_TAS_Contracts_AccountBreakdownByAward_2026-09-15_H22M13S36_01.csv:row:1338,DHS_FY2026P10_c/extracted/FY2026P01-P10_070_TAS_Contracts_AccountBreakdownByAward_2026-09-15_H22M13S36_01.csv,1338,25.4,070-0540,FY2026P09,,70CDCR26FR0000055,70CDCR26D00000026,7012,CONT_AWD_70CDCR26FR0000055_7012_70CDCR26D00000026_7012,,,Contracts,,True,outside_pilot
DHS_FY2026P10_c:FY2026P01-P10_070_TAS_Contracts_AccountBreakdownByAward_2026-09-15_H22M13S36_01.csv:row:1340,DHS_FY2026P10_c/extracted/FY2026P01-P10_070_TAS_Contracts_AccountBreakdownByAward_2026-09-15_H22M13S36_01.csv,1340,25.4,070-0540,FY2026P10,,70CDCR26FR0000055,70CDCR26D00000026,7012,CONT_AWD_70CDCR26FR0000055_7012_70CDCR26D00000026_7012,,,Contracts,,True,outside_pilot
DHS_FY2026P10_c:FY2026P01-P10_070_TAS_Contracts_AccountBreakdownByAward_2026-09-15_H22M13S36_01.csv:row:137085,DHS_FY2026P10_c/extracted/FY2026P01-P10_070_TAS_Contracts_AccountBreakdownByAward_2026-09-15_H22M13S36_01.csv,137085,25.4,070-0540,FY2026P07,,70CMSD24FR0000162,47QSMS24D0063,7012,CONT_AWD_70CMSD24FR0000162_7012_47QSMS24D0063_4732,,,Contracts,,True,outside_pilot
DHS_FY2026P10_c:FY2026P01-P10_070_TAS_Contracts_AccountBreakdownByAward_2026-09-15_H22M13S36_01.csv:row:137086,DHS_FY2026P10_c/extracted/FY2026P01-P10_070_TAS_Contracts_AccountBreakdownByAward_2026-09-15_H22M13S36_01.csv,137086,25.4,070-0540,FY2026P07,,70CMSD24FR0000162,47QSMS24D0063,7012,CONT_AWD_70CMSD24FR0000162_7012_47QSMS24D0063_4732,,,Contracts,,True,outside_pilot
DHS_FY2026P10_c:FY2026P01-P10_070_TAS_Contracts_AccountBreakdownByAward_2026-09-15_H22M13S36_01.csv:row:137087,DHS_FY2026P10_c/extracted/FY2026P01-P10_070_TAS_Contracts_AccountBreakdownByAward_2026-09-15_H22M13S36_01.csv,137087,25.4,070-0540,FY2026P10,296038.91,70CMSD24FR0000162,47QSMS24D0063,7012,CONT_AWD_70CMSD24FR0000162_7012_47QSMS24D0063_4732,,,Contracts,296038.91,False,outside_pilot
DHS_FY2026P10_c:FY2026P01-P10_070_TAS_Contracts_AccountBreakdownByAward_2026-09-15_H22M13S36_01.csv:row:137088,DHS_FY2026P10_c/extracted/FY2026P01-P10_070_TAS_Contracts_AccountBreakdownByAward_2026-09-15_H22M13S36_01.csv,137088,25.4,070-0540,FY2026P10,75000.00,70CMSD24FR0000162,47QSMS24D0063,7012,CONT_AWD_70CMSD24FR0000162_7012_47QSMS24D0063_4732,,,Contracts,75000.00,False,outside_pilot
DHS_FY2026P10_c:FY2026P01-P10_070_TAS_Contracts_AccountBreakdownByAward_2026-09-15_H22M13S36_01.csv:row:137089,DHS_FY2026P10_c/extracted/FY2026P01-P10_070_TAS_Contracts_AccountBreakdownByAward_2026-09-15_H22M13S36_01.csv,137089,25.4,070-0540,FY2026P04,,70CMSD24FR0000162,47QSMS24D0063,7012,CONT_AWD_70CMSD24FR0000162_7012_47QSMS24D0063_4732,,,Contracts,,True,outside_pilot
DHS_FY2026P10_c:FY2026P01-P10_070_TAS_Contracts_AccountBreakdownByAward_2026-09-15_H22M13S36_01.csv:row:137090,DHS_FY2026P10_c/extracted/FY2026P01-P10_070_TAS_Contracts_AccountBreakdownByAward_2026-09-15_H22M13S36_01.csv,137090,25.4,070-0540,FY2026P05,,70CMSD24FR0000162,47QSMS24D0063,7012,CONT_AWD_70CMSD24FR0000162_7012_47QSMS24D0063_4732,,,Contracts,,True,outside_pilot
DHS_FY2026P10_c:FY2026P01-P10_070_TAS_Contracts_AccountBreakdownByAward_2026-09-15_H22M13S36_01.csv:row:137091,DHS_FY2026P10_c/extracted/FY2026P01-P10_070_TAS_Contracts_AccountBreakdownByAward_2026-09-15_H22M13S36_01.csv,137091,25.4,070-0540,FY2026P05,,70CMSD24FR0000162,47QSMS24D0063,7012,CONT_AWD_70CMSD24FR0000162_7012_47QSMS24D0063_4732,,,Contracts,,True,outside_pilot
DHS_FY2026P10_c:FY2026P01-P10_070_TAS_Contracts_AccountBreakdownByAward_2026-09-15_H22M13S36_01.csv:row:137092,DHS_FY2026P10_c/extracted/FY2026P01-P10_070_TAS_Contracts_AccountBreakdownByAward_2026-09-15_H22M13S36_01.csv,137092,25.4,070-0540,FY2026P10,,70CMSD24FR0000162,47QSMS24D0063,7012,CONT_AWD_70CMSD24FR0000162_7012_47QSMS24D0063_4732,,,Contracts,,True,outside_pilot
DHS_FY2026P10_c:FY2026P01-P10_070_TAS_Contracts_AccountBreakdownByAward_2026-09-15_H22M13S36_01.csv:row:137093,DHS_FY2026P10_c/extracted/FY2026P01-P10_070_TAS_Contracts_AccountBreakdownByAward_2026-09-15_H22M13S36_01.csv,137093,25.4,070-0540,FY2026P10,,70CMSD24FR0000162,47QSMS24D0063,7012,CONT_AWD_70CMSD24FR0000162_7012_47QSMS24D0063_4732,,,Contracts,,True,outside_pilot
DHS_FY2026P10_c:FY2026P01-P10_070_TAS_Contracts_AccountBreakdownByAward_2026-09-15_H22M13S36_01.csv:row:137094,DHS_FY2026P10_c/extracted/FY2026P01-P10_070_TAS_Contracts_AccountBreakdownByAward_2026-09-15_H22M13S36_01.csv,137094,25.4,070-0540,FY2026P10,,70CMSD24FR0000162,47QSMS24D0063,7012,CONT_AWD_70CMSD24FR0000162_7012_47QSMS24D0063_4732,,,Contracts,,True,outside_pilot
DHS_FY2026P10_c:FY2026P01-P10_070_TAS_Contracts_AccountBreakdownByAward_2026-09-15_H22M13S36_01.csv:row:137095,DHS_FY2026P10_c/extracted/FY2026P01-P10_070_TAS_Contracts_AccountBreakdownByAward_2026-09-15_H22M13S36_01.csv,137095,25.4,070-0540,FY2026P02,,70CMSD24FR0000162,47QSMS24D0063,7012,CONT_AWD_70CMSD24FR0000162_7012_47QSMS24D0063_4732,,,Contracts,,True,outside_pilot
DHS_FY2026P10_c:FY2026P01-P10_070_TAS_Contracts_AccountBreakdownByAward_2026-09-15_H22M13S36_01.csv:row:137096,DHS_FY2026P10_c/extracted/FY2026P01-P10_070_TAS_Contracts_AccountBreakdownByAward_2026-09-15_H22M13S36_01.csv,137096,25.4,070-0540,FY2026P07,,70CMSD24FR0000162,47QSMS24D0063,7012,CONT_AWD_70CMSD24FR0000162_7012_47QSMS24D0063_4732,,,Contracts,,True,outside_pilot
DHS_FY2026P10_c:FY2026P01-P10_070_TAS_Contracts_AccountBreakdownByAward_2026-09-15_H22M13S36_01.csv:row:137097,DHS_FY2026P10_c/extracted/FY2026P01-P10_070_TAS_Contracts_AccountBreakdownByAward_2026-09-15_H22M13S36_01.csv,137097,25.4,070-0540,FY2026P08,,70CMSD24FR0000162,47QSMS24D0063,7012,CONT_AWD_70CMSD24FR0000162_7012_47QSMS24D0063_4732,,,Contracts,,True,outside_pilot
DHS_FY2026P10_c:FY2026P01-P10_070_TAS_Contracts_AccountBreakdownByAward_2026-09-15_H22M13S36_01.csv:row:137098,DHS_FY2026P10_c/extracted/FY2026P01-P10_070_TAS_Contracts_AccountBreakdownByAward_2026-09-15_H22M13S36_01.csv,137098,25.4,070-0540,FY2026P06,,70CMSD24FR0000162,47QSMS24D0063,7012,CONT_AWD_70CMSD24FR0000162_7012_47QSMS24D0063_4732,,,Contracts,,True,outside_pilot
DHS_FY2026P10_c:FY2026P01-P10_070_TAS_Contracts_AccountBreakdownByAward_2026-09-15_H22M13S36_01.csv:row:137099,DHS_FY2026P10_c/extracted/FY2026P01-P10_070_TAS_Contracts_AccountBreakdownByAward_2026-09-15_H22M13S36_01.csv,137099,25.4,070-0540,FY2026P06,,70CMSD24FR0000162,47QSMS24D0063,7012,CONT_AWD_70CMSD24FR0000162_7012_47QSMS24D0063_4732,,,Contracts,,True,outside_pilot
DHS_FY2026P10_c:FY2026P01-P10_070_TAS_Contracts_AccountBreakdownByAward_2026-09-15_H22M13S36_01.csv:row:137100,DHS_FY2026P10_c/extracted/FY2026P01-P10_070_TAS_Contracts_AccountBreakdownByAward_2026-09-15_H22M13S36_01.csv,137100,25.4,070-0540,FY2026P09,,70CMSD24FR0000162,47QSMS24D0063,7012,CONT_AWD_70CMSD24FR0000162_7012_47QSMS24D0063_4732,,,Contracts,,True,outside_pilot
DHS_FY2026P10_c:FY2026P01-P10_070_TAS_Contracts_AccountBreakdownByAward_2026-09-15_H22M13S36_01.csv:row:137101,DHS_FY2026P10_c/extracted/FY2026P01-P10_070_TAS_Contracts_AccountBreakdownByAward_2026-09-15_H22M13S36_01.csv,137101,25.4,070-0540,FY2026P09,,70CMSD24FR0000162,47QSMS24D0063,7012,CONT_AWD_70CMSD24FR0000162_7012_47QSMS24D0063_4732,,,Contracts,,True,outside_pilot
DHS_FY2026P10_c:FY2026P01-P10_070_TAS_Contracts_AccountBreakdownByAward_2026-09-15_H22M13S36_01.csv:row:137102,DHS_FY2026P10_c/extracted/FY2026P01-P10_070_TAS_Contracts_AccountBreakdownByAward_2026-09-15_H22M13S36_01.csv,137102,25.4,070-0540,FY2026P09,,70CMSD24FR0000162,47QSMS24D0063,7012,CONT_AWD_70CMSD24FR0000162_7012_47QSMS24D0063_4732,,,Contracts,,True,outside_pilot
DHS_FY2026P10_c:FY2026P01-P10_070_TAS_Contracts_AccountBreakdownByAward_2026-09-15_H22M13S36_01.csv:row:137103,DHS_FY2026P10_c/extracted/FY2026P01-P10_070_TAS_Contracts_AccountBreakdownByAward_2026-09-15_H22M13S36_01.csv,137103,25.4,070-0540,FY2026P03,,70CMSD24FR0000162,47QSMS24D0063,7012,CONT_AWD_70CMSD24FR0000162_7012_47QSMS24D0063_4732,,,Contracts,,True,outside_pilot
DHS_FY2026P10_c:FY2026P01-P10_070_TAS_Contracts_AccountBreakdownByAward_2026-09-15_H22M13S36_01.csv:row:137104,DHS_FY2026P10_c/extracted/FY2026P01-P10_070_TAS_Contracts_AccountBreakdownByAward_2026-09-15_H22M13S36_01.csv,137104,25.4,070-0540,FY2026P08,,70CMSD24FR0000162,47QSMS24D0063,7012,CONT_AWD_70CMSD24FR0000162_7012_47QSMS24D0063_4732,,,Contracts,,True,outside_pilot
DHS_FY2026P10_c:FY2026P01-P10_070_TAS_Contracts_AccountBreakdownByAward_2026-09-15_H22M13S36_01.csv:row:137105,DHS_FY2026P10_c/extracted/FY2026P01-P10_070_TAS_Contracts_AccountBreakdownByAward_2026-09-15_H22M13S36_01.csv,137105,25.4,070-0540,FY2026P08,,70CMSD24FR0000162,47QSMS24D0063,7012,CONT_AWD_70CMSD24FR0000162_7012_47QSMS24D0063_4732,,,Contracts,,True,outside_pilot
DHS_FY2026P10_c:FY2026P01-P10_070_TAS_Contracts_AccountBreakdownByAward_2026-09-15_H22M13S36_01.csv:row:14536,DHS_FY2026P10_c/extracted/FY2026P01-P10_070_TAS_Contracts_AccountBreakdownByAward_2026-09-15_H22M13S36_01.csv,14536,25.4,070-0540,FY2026P09,225000.00,70CMSW26FR0000036,47QSWA20D002T,7012,CONT_AWD_70CMSW26FR0000036_7012_47QSWA20D002T_4732,,,Contracts,225000.00,False,outside_pilot
DHS_FY2026P10_c:FY2026P01-P10_070_TAS_Contracts_AccountBreakdownByAward_2026-09-15_H22M13S36_01.csv:row:14537,DHS_FY2026P10_c/extracted/FY2026P01-P10_070_TAS_Contracts_AccountBreakdownByAward_2026-09-15_H22M13S36_01.csv,14537,25.4,070-0540,FY2026P10,,70CMSW26FR0000036,47QSWA20D002T,7012,CONT_AWD_70CMSW26FR0000036_7012_47QSWA20D002T_4732,,,Contracts,,True,outside_pilot
DHS_FY2026P10_c:FY2026P01-P10_070_TAS_Contracts_AccountBreakdownByAward_2026-09-15_H22M13S36_01.csv:row:14538,DHS_FY2026P10_c/extracted/FY2026P01-P10_070_TAS_Contracts_AccountBreakdownByAward_2026-09-15_H22M13S36_01.csv,14538,25.4,070-0540,FY2026P10,225000.00,70CMSW26FR0000036,47QSWA20D002T,7012,CONT_AWD_70CMSW26FR0000036_7012_47QSWA20D002T_4732,,,Contracts,225000.00,False,outside_pilot
DHS_FY2026P10_c:FY2026P01-P10_070_TAS_Contracts_AccountBreakdownByAward_2026-09-15_H22M13S36_01.csv:row:147321,DHS_FY2026P10_c/extracted/FY2026P01-P10_070_TAS_Contracts_AccountBreakdownByAward_2026-09-15_H22M13S36_01.csv,147321,25.4,070-0540,FY2026P10,7874899.83,70CDCR26FR0000106,70CDCR25D00000011,7012,CONT_AWD_70CDCR26FR0000106_7012_70CDCR25D00000011_7012,,,Contracts,7874899.83,False,outside_pilot
DHS_FY2026P10_c:FY2026P01-P10_070_TAS_Contracts_AccountBreakdownByAward_2026-09-15_H22M13S36_01.csv:row:147477,DHS_FY2026P10_c/extracted/FY2026P01-P10_070_TAS_Contracts_AccountBreakdownByAward_2026-09-15_H22M13S36_01.csv,147477,25.4,070-0540,FY2026P06,5375476.15,70CDCR26FR0000010,70CDCR20D00000006,7012,CONT_AWD_70CDCR26FR0000010_7012_70CDCR20D00000006_7012,,,Contracts,5375476.15,False,outside_pilot
DHS_FY2026P10_c:FY2026P01-P10_070_TAS_Contracts_AccountBreakdownByAward_2026-09-15_H22M13S36_01.csv:row:147480,DHS_FY2026P10_c/extracted/FY2026P01-P10_070_TAS_Contracts_AccountBreakdownByAward_2026-09-15_H22M13S36_01.csv,147480,25.4,070-0540,FY2026P04,6904279.85,70CDCR26FR0000010,70CDCR20D00000006,7012,CONT_AWD_70CDCR26FR0000010_7012_70CDCR20D00000006_7012,,,Contracts,6904279.85,False,outside_pilot
DHS_FY2026P10_c:FY2026P01-P10_070_TAS_Contracts_AccountBreakdownByAward_2026-09-15_H22M13S36_01.csv:row:147482,DHS_FY2026P10_c/extracted/FY2026P01-P10_070_TAS_Contracts_AccountBreakdownByAward_2026-09-15_H22M13S36_01.csv,147482,25.4,070-0540,FY2026P08,,70CDCR26FR0000010,70CDCR20D00000006,7012,CONT_AWD_70CDCR26FR0000010_7012_70CDCR20D00000006_7012,,,Contracts,,True,outside_pilot
DHS_FY2026P10_c:FY2026P01-P10_070_TAS_Contracts_AccountBreakdownByAward_2026-09-15_H22M13S36_01.csv:row:147483,DHS_FY2026P10_c/extracted/FY2026P01-P10_070_TAS_Contracts_AccountBreakdownByAward_2026-09-15_H22M13S36_01.csv,147483,25.4,070-0540,FY2026P08,,70CDCR26FR0000010,70CDCR20D00000006,7012,CONT_AWD_70CDCR26FR0000010_7012_70CDCR20D00000006_7012,,,Contracts,,True,outside_pilot
DHS_FY2026P10_c:FY2026P01-P10_070_TAS_Contracts_AccountBreakdownByAward_2026-09-15_H22M13S36_01.csv:row:147487,DHS_FY2026P10_c/extracted/FY2026P01-P10_070_TAS_Contracts_AccountBreakdownByAward_2026-09-15_H22M13S36_01.csv,147487,25.4,070-0540,FY2026P07,,70CDCR26FR0000010,70CDCR20D00000006,7012,CONT_AWD_70CDCR26FR0000010_7012_70CDCR20D00000006_7012,,,Contracts,,True,outside_pilot
DHS_FY2026P10_c:FY2026P01-P10_070_TAS_Contracts_AccountBreakdownByAward_2026-09-15_H22M13S36_01.csv:row:147488,DHS_FY2026P10_c/extracted/FY2026P01-P10_070_TAS_Contracts_AccountBreakdownByAward_2026-09-15_H22M13S36_01.csv,147488,25.4,070-0540,FY2026P10,11242406.40,70CDCR26FR0000010,70CDCR20D00000006,7012,CONT_AWD_70CDCR26FR0000010_7012_70CDCR20D00000006_7012,,,Contracts,11242406.40,False,outside_pilot
DHS_FY2026P10_c:FY2026P01-P10_070_TAS_Contracts_AccountBreakdownByAward_2026-09-15_H22M13S36_01.csv:row:147492,DHS_FY2026P10_c/extracted/FY2026P01-P10_070_TAS_Contracts_AccountBreakdownByAward_2026-09-15_H22M13S36_01.csv,147492,25.4,070-0540,FY2026P10,,70CDCR26FR0000010,70CDCR20D00000006,7012,CONT_AWD_70CDCR26FR0000010_7012_70CDCR20D00000006_7012,,,Contracts,,True,outside_pilot
DHS_FY2026P10_c:FY2026P01-P10_070_TAS_Contracts_AccountBreakdownByAward_2026-09-15_H22M13S36_01.csv:row:147495,DHS_FY2026P10_c/extracted/FY2026P01-P10_070_TAS_Contracts_AccountBreakdownByAward_2026-09-15_H22M13S36_01.csv,147495,25.4,070-0540,FY2026P10,,70CDCR26FR0000010,70CDCR20D00000006,7012,CONT_AWD_70CDCR26FR0000010_7012_70CDCR20D00000006_7012,,,Contracts,,True,outside_pilot
DHS_FY2026P10_c:FY2026P01-P10_070_TAS_Contracts_AccountBreakdownByAward_2026-09-15_H22M13S36_01.csv:row:147498,DHS_FY2026P10_c/extracted/FY2026P01-P10_070_TAS_Contracts_AccountBreakdownByAward_2026-09-15_H22M13S36_01.csv,147498,25.4,070-0540,FY2026P06,,70CDCR26FR0000010,70CDCR20D00000006,7012,CONT_AWD_70CDCR26FR0000010_7012_70CDCR20D00000006_7012,,,Contracts,,True,outside_pilot
DHS_FY2026P10_c:FY2026P01-P10_070_TAS_Contracts_AccountBreakdownByAward_2026-09-15_H22M13S36_01.csv:row:147503,DHS_FY2026P10_c/extracted/FY2026P01-P10_070_TAS_Contracts_AccountBreakdownByAward_2026-09-15_H22M13S36_01.csv,147503,25.4,070-0540,FY2026P09,,70CDCR26FR0000010,70CDCR20D00000006,7012,CONT_AWD_70CDCR26FR0000010_7012_70CDCR20D00000006_7012,,,Contracts,,True,outside_pilot
DHS_FY2026P10_c:FY2026P01-P10_070_TAS_Contracts_AccountBreakdownByAward_2026-09-15_H22M13S36_01.csv:row:147506,DHS_FY2026P10_c/extracted/FY2026P01-P10_070_TAS_Contracts_AccountBreakdownByAward_2026-09-15_H22M13S36_01.csv,147506,25.4,070-0540,FY2026P09,,70CDCR26FR0000010,70CDCR20D00000006,7012,CONT_AWD_70CDCR26FR0000010_7012_70CDCR20D00000006_7012,,,Contracts,,True,outside_pilot
DHS_FY2026P10_c:FY2026P01-P10_070_TAS_Contracts_AccountBreakdownByAward_2026-09-15_H22M13S36_01.csv:row:147511,DHS_FY2026P10_c/extracted/FY2026P01-P10_070_TAS_Contracts_AccountBreakdownByAward_2026-09-15_H22M13S36_01.csv,147511,25.4,070-0540,FY2026P07,,70CDCR26FR0000010,70CDCR20D00000006,7012,CONT_AWD_70CDCR26FR0000010_7012_70CDCR20D00000006_7012,,,Contracts,,True,outside_pilot
DHS_FY2026P10_c:FY2026P01-P10_070_TAS_Contracts_AccountBreakdownByAward_2026-09-15_H22M13S36_01.csv:row:148034,DHS_FY2026P10_c/extracted/FY2026P01-P10_070_TAS_Contracts_AccountBreakdownByAward_2026-09-15_H22M13S36_01.csv,148034,25.4,070-0540,FY2026P04,-2000.00,70CDCR23P00000029,,7012,CONT_AWD_70CDCR23P00000029_7012_-NONE-_-NONE-,,,Contracts,-2000.00,False,outside_pilot
DHS_FY2026P10_c:FY2026P01-P10_070_TAS_Contracts_AccountBreakdownByAward_2026-09-15_H22M13S36_01.csv:row:151367,DHS_FY2026P10_c/extracted/FY2026P01-P10_070_TAS_Contracts_AccountBreakdownByAward_2026-09-15_H22M13S36_01.csv,151367,25.4,070-0540,FY2026P09,-43919.48,70CDCR20FR0000036,HSCEDM17D00009,7012,CONT_AWD_70CDCR20FR0000036_7012_HSCEDM17D00009_7012,,,Contracts,-43919.48,False,outside_pilot
DHS_FY2026P10_c:FY2026P01-P10_070_TAS_Contracts_AccountBreakdownByAward_2026-09-15_H22M13S36_01.csv:row:15381,DHS_FY2026P10_c/extracted/FY2026P01-P10_070_TAS_Contracts_AccountBreakdownByAward_2026-09-15_H22M13S36_01.csv,15381,25.4,070-0540,FY2026P02,,70CDCR25FR0000011,70CDCR20D00000007,7012,CONT_AWD_70CDCR25FR0000011_7012_70CDCR20D00000007_7012,1,AWARD:ad913b27bab1fb6fc47a3dca,Contracts,,True,confirmed
DHS_FY2026P10_c:FY2026P01-P10_070_TAS_Contracts_AccountBreakdownByAward_2026-09-15_H22M13S36_01.csv:row:15385,DHS_FY2026P10_c/extracted/FY2026P01-P10_070_TAS_Contracts_AccountBreakdownByAward_2026-09-15_H22M13S36_01.csv,15385,25.4,070-0540,FY2026P02,,70CDCR25FR0000011,70CDCR20D00000007,7012,CONT_AWD_70CDCR25FR0000011_7012_70CDCR20D00000007_7012,1,AWARD:ad913b27bab1fb6fc47a3dca,Contracts,,True,confirmed
DHS_FY2026P10_c:FY2026P01-P10_070_TAS_Contracts_AccountBreakdownByAward_2026-09-15_H22M13S36_01.csv:row:15386,DHS_FY2026P10_c/extracted/FY2026P01-P10_070_TAS_Contracts_AccountBreakdownByAward_2026-09-15_H22M13S36_01.csv,15386,25.4,070-0540,FY2026P03,,70CDCR25FR0000011,70CDCR20D00000007,7012,CONT_AWD_70CDCR25FR0000011_7012_70CDCR20D00000007_7012,1,AWARD:ff2618be07c06abc03f15d42,Contracts,,True,confirmed
DHS_FY2026P10_c:FY2026P01-P10_070_TAS_Contracts_AccountBreakdownByAward_2026-09-15_H22M13S36_01.csv:row:15389,DHS_FY2026P10_c/extracted/FY2026P01-P10_070_TAS_Contracts_AccountBreakdownByAward_2026-09-15_H22M13S36_01.csv,15389,25.4,070-0540,FY2026P03,,70CDCR25FR0000011,70CDCR20D00000007,7012,CONT_AWD_70CDCR25FR0000011_7012_70CDCR20D00000007_7012,1,AWARD:ff2618be07c06abc03f15d42,Contracts,,True,confirmed
DHS_FY2026P10_c:FY2026P01-P10_070_TAS_Contracts_AccountBreakdownByAward_2026-09-15_H22M13S36_01.csv:row:15395,DHS_FY2026P10_c/extracted/FY2026P01-P10_070_TAS_Contracts_AccountBreakdownByAward_2026-09-15_H22M13S36_01.csv,15395,25.4,070-0540,FY2026P08,,70CDCR25FR0000011,70CDCR20D00000007,7012,CONT_AWD_70CDCR25FR0000011_7012_70CDCR20D00000007_7012,1,AWARD:af43b341d540f42289301583,Contracts,,True,confirmed
DHS_FY2026P10_c:FY2026P01-P10_070_TAS_Contracts_AccountBreakdownByAward_2026-09-15_H22M13S36_01.csv:row:15396,DHS_FY2026P10_c/extracted/FY2026P01-P10_070_TAS_Contracts_AccountBreakdownByAward_2026-09-15_H22M13S36_01.csv,15396,25.4,070-0540,FY2026P08,,70CDCR25FR0000011,70CDCR20D00000007,7012,CONT_AWD_70CDCR25FR0000011_7012_70CDCR20D00000007_7012,1,AWARD:af43b341d540f42289301583,Contracts,,True,confirmed
DHS_FY2026P10_c:FY2026P01-P10_070_TAS_Contracts_AccountBreakdownByAward_2026-09-15_H22M13S36_01.csv:row:15401,DHS_FY2026P10_c/extracted/FY2026P01-P10_070_TAS_Contracts_AccountBreakdownByAward_2026-09-15_H22M13S36_01.csv,15401,25.4,070-0540,FY2026P08,,70CDCR25FR0000011,70CDCR20D00000007,7012,CONT_AWD_70CDCR25FR0000011_7012_70CDCR20D00000007_7012,1,AWARD:af43b341d540f42289301583,Contracts,,True,confirmed
DHS_FY2026P10_c:FY2026P01-P10_070_TAS_Contracts_AccountBreakdownByAward_2026-09-15_H22M13S36_01.csv:row:15404,DHS_FY2026P10_c/extracted/FY2026P01-P10_070_TAS_Contracts_AccountBreakdownByAward_2026-09-15_H22M13S36_01.csv,15404,25.4,070-0540,FY2026P06,,70CDCR25FR0000011,70CDCR20D00000007,7012,CONT_AWD_70CDCR25FR0000011_7012_70CDCR20D00000007_7012,1,AWARD:cd508c255ca16bc2d0554c65,Contracts,,True,confirmed
DHS_FY2026P10_c:FY2026P01-P10_070_TAS_Contracts_AccountBreakdownByAward_2026-09-15_H22M13S36_01.csv:row:15407,DHS_FY2026P10_c/extracted/FY2026P01-P10_070_TAS_Contracts_AccountBreakdownByAward_2026-09-15_H22M13S36_01.csv,15407,25.4,070-0540,FY2026P06,,70CDCR25FR0000011,70CDCR20D00000007,7012,CONT_AWD_70CDCR25FR0000011_7012_70CDCR20D00000007_7012,1,AWARD:cd508c255ca16bc2d0554c65,Contracts,,True,confirmed
DHS_FY2026P10_c:FY2026P01-P10_070_TAS_Contracts_AccountBreakdownByAward_2026-09-15_H22M13S36_01.csv:row:15411,DHS_FY2026P10_c/extracted/FY2026P01-P10_070_TAS_Contracts_AccountBreakdownByAward_2026-09-15_H22M13S36_01.csv,15411,25.4,070-0540,FY2026P05,,70CDCR25FR0000011,70CDCR20D00000007,7012,CONT_AWD_70CDCR25FR0000011_7012_70CDCR20D00000007_7012,1,AWARD:874994a3304fde4912e2ad94,Contracts,,True,confirmed
DHS_FY2026P10_c:FY2026P01-P10_070_TAS_Contracts_AccountBreakdownByAward_2026-09-15_H22M13S36_01.csv:row:15419,DHS_FY2026P10_c/extracted/FY2026P01-P10_070_TAS_Contracts_AccountBreakdownByAward_2026-09-15_H22M13S36_01.csv,15419,25.4,070-0540,FY2026P09,,70CDCR25FR0000011,70CDCR20D00000007,7012,CONT_AWD_70CDCR25FR0000011_7012_70CDCR20D00000007_7012,1,AWARD:ec78e4143eba3aeddfcb233f,Contracts,,True,confirmed
DHS_FY2026P10_c:FY2026P01-P10_070_TAS_Contracts_AccountBreakdownByAward_2026-09-15_H22M13S36_01.csv:row:15422,DHS_FY2026P10_c/extracted/FY2026P01-P10_070_TAS_Contracts_AccountBreakdownByAward_2026-09-15_H22M13S36_01.csv,15422,25.4,070-0540,FY2026P09,,70CDCR25FR0000011,70CDCR20D00000007,7012,CONT_AWD_70CDCR25FR0000011_7012_70CDCR20D00000007_7012,1,AWARD:ec78e4143eba3aeddfcb233f,Contracts,,True,confirmed
DHS_FY2026P10_c:FY2026P01-P10_070_TAS_Contracts_AccountBreakdownByAward_2026-09-15_H22M13S36_01.csv:row:15425,DHS_FY2026P10_c/extracted/FY2026P01-P10_070_TAS_Contracts_AccountBreakdownByAward_2026-09-15_H22M13S36_01.csv,15425,25.4,070-0540,FY2026P09,,70CDCR25FR0000011,70CDCR20D00000007,7012,CONT_AWD_70CDCR25FR0000011_7012_70CDCR20D00000007_7012,1,AWARD:ec78e4143eba3aeddfcb233f,Contracts,,True,confirmed
DHS_FY2026P10_c:FY2026P01-P10_070_TAS_Contracts_AccountBreakdownByAward_2026-09-15_H22M13S36_01.csv:row:15430,DHS_FY2026P10_c/extracted/FY2026P01-P10_070_TAS_Contracts_AccountBreakdownByAward_2026-09-15_H22M13S36_01.csv,15430,25.4,070-0540,FY2026P04,8248120.85,70CDCR25FR0000011,70CDCR20D00000007,7012,CONT_AWD_70CDCR25FR0000011_7012_70CDCR20D00000007_7012,1,AWARD:7dfe375606a9ea7369e68c90,Contracts,8248120.85,False,confirmed
DHS_FY2026P10_c:FY2026P01-P10_070_TAS_Contracts_AccountBreakdownByAward_2026-09-15_H22M13S36_01.csv:row:15433,DHS_FY2026P10_c/extracted/FY2026P01-P10_070_TAS_Contracts_AccountBreakdownByAward_2026-09-15_H22M13S36_01.csv,15433,25.4,070-0540,FY2026P06,,70CDCR25FR0000011,70CDCR20D00000007,7012,CONT_AWD_70CDCR25FR0000011_7012_70CDCR20D00000007_7012,1,AWARD:cd508c255ca16bc2d0554c65,Contracts,,True,confirmed
DHS_FY2026P10_c:FY2026P01-P10_070_TAS_Contracts_AccountBreakdownByAward_2026-09-15_H22M13S36_01.csv:row:15439,DHS_FY2026P10_c/extracted/FY2026P01-P10_070_TAS_Contracts_AccountBreakdownByAward_2026-09-15_H22M13S36_01.csv,15439,25.4,070-0540,FY2026P10,,70CDCR25FR0000011,70CDCR20D00000007,7012,CONT_AWD_70CDCR25FR0000011_7012_70CDCR20D00000007_7012,1,AWARD:0147dbf5f669619575f0a608,Contracts,,True,confirmed
DHS_FY2026P10_c:FY2026P01-P10_070_TAS_Contracts_AccountBreakdownByAward_2026-09-15_H22M13S36_01.csv:row:15443,DHS_FY2026P10_c/extracted/FY2026P01-P10_070_TAS_Contracts_AccountBreakdownByAward_2026-09-15_H22M13S36_01.csv,15443,25.4,070-0540,FY2026P10,,70CDCR25FR0000011,70CDCR20D00000007,7012,CONT_AWD_70CDCR25FR0000011_7012_70CDCR20D00000007_7012,1,AWARD:0147dbf5f669619575f0a608,Contracts,,True,confirmed
DHS_FY2026P10_c:FY2026P01-P10_070_TAS_Contracts_AccountBreakdownByAward_2026-09-15_H22M13S36_01.csv:row:15446,DHS_FY2026P10_c/extracted/FY2026P01-P10_070_TAS_Contracts_AccountBreakdownByAward_2026-09-15_H22M13S36_01.csv,15446,25.4,070-0540,FY2026P10,,70CDCR25FR0000011,70CDCR20D00000007,7012,CONT_AWD_70CDCR25FR0000011_7012_70CDCR20D00000007_7012,1,AWARD:0147dbf5f669619575f0a608,Contracts,,True,confirmed
DHS_FY2026P10_c:FY2026P01-P10_070_TAS_Contracts_AccountBreakdownByAward_2026-09-15_H22M13S36_01.csv:row:15451,DHS_FY2026P10_c/extracted/FY2026P01-P10_070_TAS_Contracts_AccountBreakdownByAward_2026-09-15_H22M13S36_01.csv,15451,25.4,070-0540,FY2026P04,,70CDCR25FR0000011,70CDCR20D00000007,7012,CONT_AWD_70CDCR25FR0000011_7012_70CDCR20D00000007_7012,1,AWARD:7dfe375606a9ea7369e68c90,Contracts,,True,confirmed
DHS_FY2026P10_c:FY2026P01-P10_070_TAS_Contracts_AccountBreakdownByAward_2026-09-15_H22M13S36_01.csv:row:15454,DHS_FY2026P10_c/extracted/FY2026P01-P10_070_TAS_Contracts_AccountBreakdownByAward_2026-09-15_H22M13S36_01.csv,15454,25.4,070-0540,FY2026P04,,70CDCR25FR0000011,70CDCR20D00000007,7012,CONT_AWD_70CDCR25FR0000011_7012_70CDCR20D00000007_7012,1,AWARD:7dfe375606a9ea7369e68c90,Contracts,,True,confirmed
DHS_FY2026P10_c:FY2026P01-P10_070_TAS_Contracts_AccountBreakdownByAward_2026-09-15_H22M13S36_01.csv:row:15456,DHS_FY2026P10_c/extracted/FY2026P01-P10_070_TAS_Contracts_AccountBreakdownByAward_2026-09-15_H22M13S36_01.csv,15456,25.4,070-0540,FY2026P07,,70CDCR25FR0000011,70CDCR20D00000007,7012,CONT_AWD_70CDCR25FR0000011_7012_70CDCR20D00000007_7012,1,AWARD:3945917287e28cffece89278,Contracts,,True,confirmed
DHS_FY2026P10_c:FY2026P01-P10_070_TAS_Contracts_AccountBreakdownByAward_2026-09-15_H22M13S36_01.csv:row:15460,DHS_FY2026P10_c/extracted/FY2026P01-P10_070_TAS_Contracts_AccountBreakdownByAward_2026-09-15_H22M13S36_01.csv,15460,25.4,070-0540,FY2026P05,,70CDCR25FR0000011,70CDCR20D00000007,7012,CONT_AWD_70CDCR25FR0000011_7012_70CDCR20D00000007_7012,1,AWARD:874994a3304fde4912e2ad94,Contracts,,True,confirmed
DHS_FY2026P10_c:FY2026P01-P10_070_TAS_Contracts_AccountBreakdownByAward_2026-09-15_H22M13S36_01.csv:row:15461,DHS_FY2026P10_c/extracted/FY2026P01-P10_070_TAS_Contracts_AccountBreakdownByAward_2026-09-15_H22M13S36_01.csv,15461,25.4,070-0540,FY2026P07,,70CDCR25FR0000011,70CDCR20D00000007,7012,CONT_AWD_70CDCR25FR0000011_7012_70CDCR20D00000007_7012,1,AWARD:3945917287e28cffece89278,Contracts,,True,confirmed
DHS_FY2026P10_c:FY2026P01-P10_070_TAS_Contracts_AccountBreakdownByAward_2026-09-15_H22M13S36_01.csv:row:15468,DHS_FY2026P10_c/extracted/FY2026P01-P10_070_TAS_Contracts_AccountBreakdownByAward_2026-09-15_H22M13S36_01.csv,15468,25.4,070-0540,FY2026P05,,70CDCR25FR0000011,70CDCR20D00000007,7012,CONT_AWD_70CDCR25FR0000011_7012_70CDCR20D00000007_7012,1,AWARD:874994a3304fde4912e2ad94,Contracts,,True,confirmed
DHS_FY2026P10_c:FY2026P01-P10_070_TAS_Contracts_AccountBreakdownByAward_2026-09-15_H22M13S36_01.csv:row:15472,DHS_FY2026P10_c/extracted/FY2026P01-P10_070_TAS_Contracts_AccountBreakdownByAward_2026-09-15_H22M13S36_01.csv,15472,25.4,070-0540,FY2026P07,,70CDCR25FR0000011,70CDCR20D00000007,7012,CONT_AWD_70CDCR25FR0000011_7012_70CDCR20D00000007_7012,1,AWARD:3945917287e28cffece89278,Contracts,,True,confirmed
DHS_FY2026P10_c:FY2026P01-P10_070_TAS_Contracts_AccountBreakdownByAward_2026-09-15_H22M13S36_01.csv:row:157459,DHS_FY2026P10_c/extracted/FY2026P01-P10_070_TAS_Contracts_AccountBreakdownByAward_2026-09-15_H22M13S36_01.csv,157459,25.4,070-0540,FY2026P06,-61967.60,70CDCR24FC0000005,70CDCR18A00000007,7012,CONT_AWD_70CDCR24FC0000005_7012_70CDCR18A00000007_7012,,,Contracts,-61967.60,False,outside_pilot
DHS_FY2026P10_c:FY2026P01-P10_070_TAS_Contracts_AccountBreakdownByAward_2026-09-15_H22M13S36_01.csv:row:157755,DHS_FY2026P10_c/extracted/FY2026P01-P10_070_TAS_Contracts_AccountBreakdownByAward_2026-09-15_H22M13S36_01.csv,157755,25.4,070-0540,FY2026P04,,70CDCR25FR0000123,70CDCR25D00000008,7012,CONT_AWD_70CDCR25FR0000123_7012_70CDCR25D00000008_7012,,,Contracts,,True,outside_pilot
DHS_FY2026P10_c:FY2026P01-P10_070_TAS_Contracts_AccountBreakdownByAward_2026-09-15_H22M13S36_01.csv:row:157756,DHS_FY2026P10_c/extracted/FY2026P01-P10_070_TAS_Contracts_AccountBreakdownByAward_2026-09-15_H22M13S36_01.csv,157756,25.4,070-0540,FY2026P02,,70CDCR25FR0000123,70CDCR25D00000008,7012,CONT_AWD_70CDCR25FR0000123_7012_70CDCR25D00000008_7012,,,Contracts,,True,outside_pilot
DHS_FY2026P10_c:FY2026P01-P10_070_TAS_Contracts_AccountBreakdownByAward_2026-09-15_H22M13S36_01.csv:row:157757,DHS_FY2026P10_c/extracted/FY2026P01-P10_070_TAS_Contracts_AccountBreakdownByAward_2026-09-15_H22M13S36_01.csv,157757,25.4,070-0540,FY2026P03,,70CDCR25FR0000123,70CDCR25D00000008,7012,CONT_AWD_70CDCR25FR0000123_7012_70CDCR25D00000008_7012,,,Contracts,,True,outside_pilot
DHS_FY2026P10_c:FY2026P01-P10_070_TAS_Contracts_AccountBreakdownByAward_2026-09-15_H22M13S36_01.csv:row:157759,DHS_FY2026P10_c/extracted/FY2026P01-P10_070_TAS_Contracts_AccountBreakdownByAward_2026-09-15_H22M13S36_01.csv,157759,25.4,070-0540,FY2026P05,1624200.00,70CDCR25FR0000123,70CDCR25D00000008,7012,CONT_AWD_70CDCR25FR0000123_7012_70CDCR25D00000008_7012,,,Contracts,1624200.00,False,outside_pilot
DHS_FY2026P10_c:FY2026P01-P10_070_TAS_Contracts_AccountBreakdownByAward_2026-09-15_H22M13S36_01.csv:row:157760,DHS_FY2026P10_c/extracted/FY2026P01-P10_070_TAS_Contracts_AccountBreakdownByAward_2026-09-15_H22M13S36_01.csv,157760,25.4,070-0540,FY2026P07,,70CDCR25FR0000123,70CDCR25D00000008,7012,CONT_AWD_70CDCR25FR0000123_7012_70CDCR25D00000008_7012,,,Contracts,,True,outside_pilot
DHS_FY2026P10_c:FY2026P01-P10_070_TAS_Contracts_AccountBreakdownByAward_2026-09-15_H22M13S36_01.csv:row:157763,DHS_FY2026P10_c/extracted/FY2026P01-P10_070_TAS_Contracts_AccountBreakdownByAward_2026-09-15_H22M13S36_01.csv,157763,25.4,070-0540,FY2026P08,17367738.12,70CDCR25FR0000123,70CDCR25D00000008,7012,CONT_AWD_70CDCR25FR0000123_7012_70CDCR25D00000008_7012,,,Contracts,17367738.12,False,outside_pilot
DHS_FY2026P10_c:FY2026P01-P10_070_TAS_Contracts_AccountBreakdownByAward_2026-09-15_H22M13S36_01.csv:row:157765,DHS_FY2026P10_c/extracted/FY2026P01-P10_070_TAS_Contracts_AccountBreakdownByAward_2026-09-15_H22M13S36_01.csv,157765,25.4,070-0540,FY2026P10,,70CDCR25FR0000123,70CDCR25D00000008,7012,CONT_AWD_70CDCR25FR0000123_7012_70CDCR25D00000008_7012,,,Contracts,,True,outside_pilot
DHS_FY2026P10_c:FY2026P01-P10_070_TAS_Contracts_AccountBreakdownByAward_2026-09-15_H22M13S36_01.csv:row:157766,DHS_FY2026P10_c/extracted/FY2026P01-P10_070_TAS_Contracts_AccountBreakdownByAward_2026-09-15_H22M13S36_01.csv,157766,25.4,070-0540,FY2026P08,,70CDCR25FR0000123,70CDCR25D00000008,7012,CONT_AWD_70CDCR25FR0000123_7012_70CDCR25D00000008_7012,,,Contracts,,True,outside_pilot
DHS_FY2026P10_c:FY2026P01-P10_070_TAS_Contracts_AccountBreakdownByAward_2026-09-15_H22M13S36_01.csv:row:157767,DHS_FY2026P10_c/extracted/FY2026P01-P10_070_TAS_Contracts_AccountBreakdownByAward_2026-09-15_H22M13S36_01.csv,157767,25.4,070-0540,FY2026P06,,70CDCR25FR0000123,70CDCR25D00000008,7012,CONT_AWD_70CDCR25FR0000123_7012_70CDCR25D00000008_7012,,,Contracts,,True,outside_pilot
DHS_FY2026P10_c:FY2026P01-P10_070_TAS_Contracts_AccountBreakdownByAward_2026-09-15_H22M13S36_01.csv:row:157769,DHS_FY2026P10_c/extracted/FY2026P01-P10_070_TAS_Contracts_AccountBreakdownByAward_2026-09-15_H22M13S36_01.csv,157769,25.4,070-0540,FY2026P09,,70CDCR25FR0000123,70CDCR25D00000008,7012,CONT_AWD_70CDCR25FR0000123_7012_70CDCR25D00000008_7012,,,Contracts,,True,outside_pilot
DHS_FY2026P10_c:FY2026P01-P10_070_TAS_Contracts_AccountBreakdownByAward_2026-09-15_H22M13S36_01.csv:row:157770,DHS_FY2026P10_c/extracted/FY2026P01-P10_070_TAS_Contracts_AccountBreakdownByAward_2026-09-15_H22M13S36_01.csv,157770,25.4,070-0540,FY2026P05,,70CDCR25FR0000123,70CDCR25D00000008,7012,CONT_AWD_70CDCR25FR0000123_7012_70CDCR25D00000008_7012,,,Contracts,,True,outside_pilot
DHS_FY2026P10_c:FY2026P01-P10_070_TAS_Contracts_AccountBreakdownByAward_2026-09-15_H22M13S36_01.csv:row:159534,DHS_FY2026P10_c/extracted/FY2026P01-P10_070_TAS_Contracts_AccountBreakdownByAward_2026-09-15_H22M13S36_01.csv,159534,25.4,070-0540,FY2026P10,3624754.00,70CDCR26FR0000060,70CDCR26D00000029,7012,CONT_AWD_70CDCR26FR0000060_7012_70CDCR26D00000029_7012,,,Contracts,3624754.00,False,outside_pilot
DHS_FY2026P10_c:FY2026P01-P10_070_TAS_Contracts_AccountBreakdownByAward_2026-09-15_H22M13S36_01.csv:row:159536,DHS_FY2026P10_c/extracted/FY2026P01-P10_070_TAS_Contracts_AccountBreakdownByAward_2026-09-15_H22M13S36_01.csv,159536,25.4,070-0540,FY2026P08,3702457.06,70CDCR26FR0000060,70CDCR26D00000029,7012,CONT_AWD_70CDCR26FR0000060_7012_70CDCR26D00000029_7012,,,Contracts,3702457.06,False,outside_pilot
DHS_FY2026P10_c:FY2026P01-P10_070_TAS_Contracts_AccountBreakdownByAward_2026-09-15_H22M13S36_01.csv:row:159537,DHS_FY2026P10_c/extracted/FY2026P01-P10_070_TAS_Contracts_AccountBreakdownByAward_2026-09-15_H22M13S36_01.csv,159537,25.4,070-0540,FY2026P08,1114600.00,70CDCR26FR0000060,70CDCR26D00000029,7012,CONT_AWD_70CDCR26FR0000060_7012_70CDCR26D00000029_7012,,,Contracts,1114600.00,False,outside_pilot
DHS_FY2026P10_c:FY2026P01-P10_070_TAS_Contracts_AccountBreakdownByAward_2026-09-15_H22M13S36_01.csv:row:164565,DHS_FY2026P10_c/extracted/FY2026P01-P10_070_TAS_Contracts_AccountBreakdownByAward_2026-09-15_H22M13S36_01.csv,164565,25.4,070-0540,FY2026P06,,70CDCR25FR0000095,70CDCR20D00000014,7012,CONT_AWD_70CDCR25FR0000095_7012_70CDCR20D00000014_7012,,,Contracts,,True,outside_pilot
DHS_FY2026P10_c:FY2026P01-P10_070_TAS_Contracts_AccountBreakdownByAward_2026-09-15_H22M13S36_01.csv:row:164567,DHS_FY2026P10_c/extracted/FY2026P01-P10_070_TAS_Contracts_AccountBreakdownByAward_2026-09-15_H22M13S36_01.csv,164567,25.4,070-0540,FY2026P09,,70CDCR25FR0000095,70CDCR20D00000014,7012,CONT_AWD_70CDCR25FR0000095_7012_70CDCR20D00000014_7012,,,Contracts,,True,outside_pilot
DHS_FY2026P10_c:FY2026P01-P10_070_TAS_Contracts_AccountBreakdownByAward_2026-09-15_H22M13S36_01.csv:row:164569,DHS_FY2026P10_c/extracted/FY2026P01-P10_070_TAS_Contracts_AccountBreakdownByAward_2026-09-15_H22M13S36_01.csv,164569,25.4,070-0540,FY2026P09,,70CDCR25FR0000095,70CDCR20D00000014,7012,CONT_AWD_70CDCR25FR0000095_7012_70CDCR20D00000014_7012,,,Contracts,,True,outside_pilot
DHS_FY2026P10_c:FY2026P01-P10_070_TAS_Contracts_AccountBreakdownByAward_2026-09-15_H22M13S36_01.csv:row:164571,DHS_FY2026P10_c/extracted/FY2026P01-P10_070_TAS_Contracts_AccountBreakdownByAward_2026-09-15_H22M13S36_01.csv,164571,25.4,070-0540,FY2026P07,,70CDCR25FR0000095,70CDCR20D00000014,7012,CONT_AWD_70CDCR25FR0000095_7012_70CDCR20D00000014_7012,,,Contracts,,True,outside_pilot
DHS_FY2026P10_c:FY2026P01-P10_070_TAS_Contracts_AccountBreakdownByAward_2026-09-15_H22M13S36_01.csv:row:164573,DHS_FY2026P10_c/extracted/FY2026P01-P10_070_TAS_Contracts_AccountBreakdownByAward_2026-09-15_H22M13S36_01.csv,164573,25.4,070-0540,FY2026P07,,70CDCR25FR0000095,70CDCR20D00000014,7012,CONT_AWD_70CDCR25FR0000095_7012_70CDCR20D00000014_7012,,,Contracts,,True,outside_pilot
DHS_FY2026P10_c:FY2026P01-P10_070_TAS_Contracts_AccountBreakdownByAward_2026-09-15_H22M13S36_01.csv:row:164575,DHS_FY2026P10_c/extracted/FY2026P01-P10_070_TAS_Contracts_AccountBreakdownByAward_2026-09-15_H22M13S36_01.csv,164575,25.4,070-0540,FY2026P08,,70CDCR25FR0000095,70CDCR20D00000014,7012,CONT_AWD_70CDCR25FR0000095_7012_70CDCR20D00000014_7012,,,Contracts,,True,outside_pilot
DHS_FY2026P10_c:FY2026P01-P10_070_TAS_Contracts_AccountBreakdownByAward_2026-09-15_H22M13S36_01.csv:row:164577,DHS_FY2026P10_c/extracted/FY2026P01-P10_070_TAS_Contracts_AccountBreakdownByAward_2026-09-15_H22M13S36_01.csv,164577,25.4,070-0540,FY2026P06,,70CDCR25FR0000095,70CDCR20D00000014,7012,CONT_AWD_70CDCR25FR0000095_7012_70CDCR20D00000014_7012,,,Contracts,,True,outside_pilot
DHS_FY2026P10_c:FY2026P01-P10_070_TAS_Contracts_AccountBreakdownByAward_2026-09-15_H22M13S36_01.csv:row:164578,DHS_FY2026P10_c/extracted/FY2026P01-P10_070_TAS_Contracts_AccountBreakdownByAward_2026-09-15_H22M13S36_01.csv,164578,25.4,070-0540,FY2026P06,6055663.34,70CDCR25FR0000095,70CDCR20D00000014,7012,CONT_AWD_70CDCR25FR0000095_7012_70CDCR20D00000014_7012,,,Contracts,6055663.34,False,outside_pilot
DHS_FY2026P10_c:FY2026P01-P10_070_TAS_Contracts_AccountBreakdownByAward_2026-09-15_H22M13S36_01.csv:row:164580,DHS_FY2026P10_c/extracted/FY2026P01-P10_070_TAS_Contracts_AccountBreakdownByAward_2026-09-15_H22M13S36_01.csv,164580,25.4,070-0540,FY2026P09,18237200.00,70CDCR25FR0000095,70CDCR20D00000014,7012,CONT_AWD_70CDCR25FR0000095_7012_70CDCR20D00000014_7012,,,Contracts,18237200.00,False,outside_pilot
DHS_FY2026P10_c:FY2026P01-P10_070_TAS_Contracts_AccountBreakdownByAward_2026-09-15_H22M13S36_01.csv:row:164581,DHS_FY2026P10_c/extracted/FY2026P01-P10_070_TAS_Contracts_AccountBreakdownByAward_2026-09-15_H22M13S36_01.csv,164581,25.4,070-0540,FY2026P10,,70CDCR25FR0000095,70CDCR20D00000014,7012,CONT_AWD_70CDCR25FR0000095_7012_70CDCR20D00000014_7012,,,Contracts,,True,outside_pilot
DHS_FY2026P10_c:FY2026P01-P10_070_TAS_Contracts_AccountBreakdownByAward_2026-09-15_H22M13S36_01.csv:row:164583,DHS_FY2026P10_c/extracted/FY2026P01-P10_070_TAS_Contracts_AccountBreakdownByAward_2026-09-15_H22M13S36_01.csv,164583,25.4,070-0540,FY2026P10,,70CDCR25FR0000095,70CDCR20D00000014,7012,CONT_AWD_70CDCR25FR0000095_7012_70CDCR20D00000014_7012,,,Contracts,,True,outside_pilot
DHS_FY2026P10_c:FY2026P01-P10_070_TAS_Contracts_AccountBreakdownByAward_2026-09-15_H22M13S36_01.csv:row:164585,DHS_FY2026P10_c/extracted/FY2026P01-P10_070_TAS_Contracts_AccountBreakdownByAward_2026-09-15_H22M13S36_01.csv,164585,25.4,070-0540,FY2026P08,2537937.00,70CDCR25FR0000095,70CDCR20D00000014,7012,CONT_AWD_70CDCR25FR0000095_7012_70CDCR20D00000014_7012,,,Contracts,2537937.00,False,outside_pilot
DHS_FY2026P10_c:FY2026P01-P10_070_TAS_Contracts_AccountBreakdownByAward_2026-09-15_H22M13S36_01.csv:row:164587,DHS_FY2026P10_c/extracted/FY2026P01-P10_070_TAS_Contracts_AccountBreakdownByAward_2026-09-15_H22M13S36_01.csv,164587,25.4,070-0540,FY2026P08,,70CDCR25FR0000095,70CDCR20D00000014,7012,CONT_AWD_70CDCR25FR0000095_7012_70CDCR20D00000014_7012,,,Contracts,,True,outside_pilot
DHS_FY2026P10_c:FY2026P01-P10_070_TAS_Contracts_AccountBreakdownByAward_2026-09-15_H22M13S36_01.csv:row:171643,DHS_FY2026P10_c/extracted/FY2026P01-P10_070_TAS_Contracts_AccountBreakdownByAward_2026-09-15_H22M13S36_01.csv,171643,25.4,070-0540,FY2026P05,,70CDCR24FR0000058,70CDCR24D00000008,7012,CONT_AWD_70CDCR24FR0000058_7012_70CDCR24D00000008_7012,,,Contracts,,True,outside_pilot
DHS_FY2026P10_c:FY2026P01-P10_070_TAS_Contracts_AccountBreakdownByAward_2026-09-15_H22M13S36_01.csv:row:171644,DHS_FY2026P10_c/extracted/FY2026P01-P10_070_TAS_Contracts_AccountBreakdownByAward_2026-09-15_H22M13S36_01.csv,171644,25.4,070-0540,FY2026P06,,70CDCR24FR0000058,70CDCR24D00000008,7012,CONT_AWD_70CDCR24FR0000058_7012_70CDCR24D00000008_7012,,,Contracts,,True,outside_pilot
DHS_FY2026P10_c:FY2026P01-P10_070_TAS_Contracts_AccountBreakdownByAward_2026-09-15_H22M13S36_01.csv:row:171646,DHS_FY2026P10_c/extracted/FY2026P01-P10_070_TAS_Contracts_AccountBreakdownByAward_2026-09-15_H22M13S36_01.csv,171646,25.4,070-0540,FY2026P09,,70CDCR24FR0000058,70CDCR24D00000008,7012,CONT_AWD_70CDCR24FR0000058_7012_70CDCR24D00000008_7012,,,Contracts,,True,outside_pilot
DHS_FY2026P10_c:FY2026P01-P10_070_TAS_Contracts_AccountBreakdownByAward_2026-09-15_H22M13S36_01.csv:row:171647,DHS_FY2026P10_c/extracted/FY2026P01-P10_070_TAS_Contracts_AccountBreakdownByAward_2026-09-15_H22M13S36_01.csv,171647,25.4,070-0540,FY2026P09,,70CDCR24FR0000058,70CDCR24D00000008,7012,CONT_AWD_70CDCR24FR0000058_7012_70CDCR24D00000008_7012,,,Contracts,,True,outside_pilot
DHS_FY2026P10_c:FY2026P01-P10_070_TAS_Contracts_AccountBreakdownByAward_2026-09-15_H22M13S36_01.csv:row:171648,DHS_FY2026P10_c/extracted/FY2026P01-P10_070_TAS_Contracts_AccountBreakdownByAward_2026-09-15_H22M13S36_01.csv,171648,25.4,070-0540,FY2026P09,,70CDCR24FR0000058,70CDCR24D00000008,7012,CONT_AWD_70CDCR24FR0000058_7012_70CDCR24D00000008_7012,,,Contracts,,True,outside_pilot
DHS_FY2026P10_c:FY2026P01-P10_070_TAS_Contracts_AccountBreakdownByAward_2026-09-15_H22M13S36_01.csv:row:171649,DHS_FY2026P10_c/extracted/FY2026P01-P10_070_TAS_Contracts_AccountBreakdownByAward_2026-09-15_H22M13S36_01.csv,171649,25.4,070-0540,FY2026P09,,70CDCR24FR0000058,70CDCR24D00000008,7012,CONT_AWD_70CDCR24FR0000058_7012_70CDCR24D00000008_7012,,,Contracts,,True,outside_pilot
DHS_FY2026P10_c:FY2026P01-P10_070_TAS_Contracts_AccountBreakdownByAward_2026-09-15_H22M13S36_01.csv:row:171651,DHS_FY2026P10_c/extracted/FY2026P01-P10_070_TAS_Contracts_AccountBreakdownByAward_2026-09-15_H22M13S36_01.csv,171651,25.4,070-0540,FY2026P04,,70CDCR24FR0000058,70CDCR24D00000008,7012,CONT_AWD_70CDCR24FR0000058_7012_70CDCR24D00000008_7012,,,Contracts,,True,outside_pilot
DHS_FY2026P10_c:FY2026P01-P10_070_TAS_Contracts_AccountBreakdownByAward_2026-09-15_H22M13S36_01.csv:row:171652,DHS_FY2026P10_c/extracted/FY2026P01-P10_070_TAS_Contracts_AccountBreakdownByAward_2026-09-15_H22M13S36_01.csv,171652,25.4,070-0540,FY2026P07,,70CDCR24FR0000058,70CDCR24D00000008,7012,CONT_AWD_70CDCR24FR0000058_7012_70CDCR24D00000008_7012,,,Contracts,,True,outside_pilot
DHS_FY2026P10_c:FY2026P01-P10_070_TAS_Contracts_AccountBreakdownByAward_2026-09-15_H22M13S36_01.csv:row:171653,DHS_FY2026P10_c/extracted/FY2026P01-P10_070_TAS_Contracts_AccountBreakdownByAward_2026-09-15_H22M13S36_01.csv,171653,25.4,070-0540,FY2026P03,,70CDCR24FR0000058,70CDCR24D00000008,7012,CONT_AWD_70CDCR24FR0000058_7012_70CDCR24D00000008_7012,,,Contracts,,True,outside_pilot
DHS_FY2026P10_c:FY2026P01-P10_070_TAS_Contracts_AccountBreakdownByAward_2026-09-15_H22M13S36_01.csv:row:171655,DHS_FY2026P10_c/extracted/FY2026P01-P10_070_TAS_Contracts_AccountBreakdownByAward_2026-09-15_H22M13S36_01.csv,171655,25.4,070-0540,FY2026P03,,70CDCR24FR0000058,70CDCR24D00000008,7012,CONT_AWD_70CDCR24FR0000058_7012_70CDCR24D00000008_7012,,,Contracts,,True,outside_pilot
DHS_FY2026P10_c:FY2026P01-P10_070_TAS_Contracts_AccountBreakdownByAward_2026-09-15_H22M13S36_01.csv:row:171656,DHS_FY2026P10_c/extracted/FY2026P01-P10_070_TAS_Contracts_AccountBreakdownByAward_2026-09-15_H22M13S36_01.csv,171656,25.4,070-0540,FY2026P06,,70CDCR24FR0000058,70CDCR24D00000008,7012,CONT_AWD_70CDCR24FR0000058_7012_70CDCR24D00000008_7012,,,Contracts,,True,outside_pilot
DHS_FY2026P10_c:FY2026P01-P10_070_TAS_Contracts_AccountBreakdownByAward_2026-09-15_H22M13S36_01.csv:row:171657,DHS_FY2026P10_c/extracted/FY2026P01-P10_070_TAS_Contracts_AccountBreakdownByAward_2026-09-15_H22M13S36_01.csv,171657,25.4,070-0540,FY2026P08,,70CDCR24FR0000058,70CDCR24D00000008,7012,CONT_AWD_70CDCR24FR0000058_7012_70CDCR24D00000008_7012,,,Contracts,,True,outside_pilot
DHS_FY2026P10_c:FY2026P01-P10_070_TAS_Contracts_AccountBreakdownByAward_2026-09-15_H22M13S36_01.csv:row:171658,DHS_FY2026P10_c/extracted/FY2026P01-P10_070_TAS_Contracts_AccountBreakdownByAward_2026-09-15_H22M13S36_01.csv,171658,25.4,070-0540,FY2026P08,,70CDCR24FR0000058,70CDCR24D00000008,7012,CONT_AWD_70CDCR24FR0000058_7012_70CDCR24D00000008_7012,,,Contracts,,True,outside_pilot
DHS_FY2026P10_c:FY2026P01-P10_070_TAS_Contracts_AccountBreakdownByAward_2026-09-15_H22M13S36_01.csv:row:171659,DHS_FY2026P10_c/extracted/FY2026P01-P10_070_TAS_Contracts_AccountBreakdownByAward_2026-09-15_H22M13S36_01.csv,171659,25.4,070-0540,FY2026P08,,70CDCR24FR0000058,70CDCR24D00000008,7012,CONT_AWD_70CDCR24FR0000058_7012_70CDCR24D00000008_7012,,,Contracts,,True,outside_pilot
DHS_FY2026P10_c:FY2026P01-P10_070_TAS_Contracts_AccountBreakdownByAward_2026-09-15_H22M13S36_01.csv:row:171660,DHS_FY2026P10_c/extracted/FY2026P01-P10_070_TAS_Contracts_AccountBreakdownByAward_2026-09-15_H22M13S36_01.csv,171660,25.4,070-0540,FY2026P08,,70CDCR24FR0000058,70CDCR24D00000008,7012,CONT_AWD_70CDCR24FR0000058_7012_70CDCR24D00000008_7012,,,Contracts,,True,outside_pilot
DHS_FY2026P10_c:FY2026P01-P10_070_TAS_Contracts_AccountBreakdownByAward_2026-09-15_H22M13S36_01.csv:row:171661,DHS_FY2026P10_c/extracted/FY2026P01-P10_070_TAS_Contracts_AccountBreakdownByAward_2026-09-15_H22M13S36_01.csv,171661,25.4,070-0540,FY2026P04,,70CDCR24FR0000058,70CDCR24D00000008,7012,CONT_AWD_70CDCR24FR0000058_7012_70CDCR24D00000008_7012,,,Contracts,,True,outside_pilot
DHS_FY2026P10_c:FY2026P01-P10_070_TAS_Contracts_AccountBreakdownByAward_2026-09-15_H22M13S36_01.csv:row:171662,DHS_FY2026P10_c/extracted/FY2026P01-P10_070_TAS_Contracts_AccountBreakdownByAward_2026-09-15_H22M13S36_01.csv,171662,25.4,070-0540,FY2026P05,,70CDCR24FR0000058,70CDCR24D00000008,7012,CONT_AWD_70CDCR24FR0000058_7012_70CDCR24D00000008_7012,,,Contracts,,True,outside_pilot
DHS_FY2026P10_c:FY2026P01-P10_070_TAS_Contracts_AccountBreakdownByAward_2026-09-15_H22M13S36_01.csv:row:171663,DHS_FY2026P10_c/extracted/FY2026P01-P10_070_TAS_Contracts_AccountBreakdownByAward_2026-09-15_H22M13S36_01.csv,171663,25.4,070-0540,FY2026P07,,70CDCR24FR0000058,70CDCR24D00000008,7012,CONT_AWD_70CDCR24FR0000058_7012_70CDCR24D00000008_7012,,,Contracts,,True,outside_pilot
DHS_FY2026P10_c:FY2026P01-P10_070_TAS_Contracts_AccountBreakdownByAward_2026-09-15_H22M13S36_01.csv:row:171664,DHS_FY2026P10_c/extracted/FY2026P01-P10_070_TAS_Contracts_AccountBreakdownByAward_2026-09-15_H22M13S36_01.csv,171664,25.4,070-0540,FY2026P07,,70CDCR24FR0000058,70CDCR24D00000008,7012,CONT_AWD_70CDCR24FR0000058_7012_70CDCR24D00000008_7012,,,Contracts,,True,outside_pilot
DHS_FY2026P10_c:FY2026P01-P10_070_TAS_Contracts_AccountBreakdownByAward_2026-09-15_H22M13S36_01.csv:row:171665,DHS_FY2026P10_c/extracted/FY2026P01-P10_070_TAS_Contracts_AccountBreakdownByAward_2026-09-15_H22M13S36_01.csv,171665,25.4,070-0540,FY2026P07,,70CDCR24FR0000058,70CDCR24D00000008,7012,CONT_AWD_70CDCR24FR0000058_7012_70CDCR24D00000008_7012,,,Contracts,,True,outside_pilot
DHS_FY2026P10_c:FY2026P01-P10_070_TAS_Contracts_AccountBreakdownByAward_2026-09-15_H22M13S36_01.csv:row:171666,DHS_FY2026P10_c/extracted/FY2026P01-P10_070_TAS_Contracts_AccountBreakdownByAward_2026-09-15_H22M13S36_01.csv,171666,25.4,070-0540,FY2026P10,,70CDCR24FR0000058,70CDCR24D00000008,7012,CONT_AWD_70CDCR24FR0000058_7012_70CDCR24D00000008_7012,,,Contracts,,True,outside_pilot
DHS_FY2026P10_c:FY2026P01-P10_070_TAS_Contracts_AccountBreakdownByAward_2026-09-15_H22M13S36_01.csv:row:171667,DHS_FY2026P10_c/extracted/FY2026P01-P10_070_TAS_Contracts_AccountBreakdownByAward_2026-09-15_H22M13S36_01.csv,171667,25.4,070-0540,FY2026P10,,70CDCR24FR0000058,70CDCR24D00000008,7012,CONT_AWD_70CDCR24FR0000058_7012_70CDCR24D00000008_7012,,,Contracts,,True,outside_pilot
DHS_FY2026P10_c:FY2026P01-P10_070_TAS_Contracts_AccountBreakdownByAward_2026-09-15_H22M13S36_01.csv:row:171668,DHS_FY2026P10_c/extracted/FY2026P01-P10_070_TAS_Contracts_AccountBreakdownByAward_2026-09-15_H22M13S36_01.csv,171668,25.4,070-0540,FY2026P10,,70CDCR24FR0000058,70CDCR24D00000008,7012,CONT_AWD_70CDCR24FR0000058_7012_70CDCR24D00000008_7012,,,Contracts,,True,outside_pilot
DHS_FY2026P10_c:FY2026P01-P10_070_TAS_Contracts_AccountBreakdownByAward_2026-09-15_H22M13S36_01.csv:row:171669,DHS_FY2026P10_c/extracted/FY2026P01-P10_070_TAS_Contracts_AccountBreakdownByAward_2026-09-15_H22M13S36_01.csv,171669,25.4,070-0540,FY2026P10,,70CDCR24FR0000058,70CDCR24D00000008,7012,CONT_AWD_70CDCR24FR0000058_7012_70CDCR24D00000008_7012,,,Contracts,,True,outside_pilot
DHS_FY2026P10_c:FY2026P01-P10_070_TAS_Contracts_AccountBreakdownByAward_2026-09-15_H22M13S36_01.csv:row:172827,DHS_FY2026P10_c/extracted/FY2026P01-P10_070_TAS_Contracts_AccountBreakdownByAward_2026-09-15_H22M13S36_01.csv,172827,25.4,070-0540,FY2026P05,,70CDCR25FR0000033,70CDCR25D00000008,7012,CONT_AWD_70CDCR25FR0000033_7012_70CDCR25D00000008_7012,,,Contracts,,True,outside_pilot
DHS_FY2026P10_c:FY2026P01-P10_070_TAS_Contracts_AccountBreakdownByAward_2026-09-15_H22M13S36_01.csv:row:172828,DHS_FY2026P10_c/extracted/FY2026P01-P10_070_TAS_Contracts_AccountBreakdownByAward_2026-09-15_H22M13S36_01.csv,172828,25.4,070-0540,FY2026P04,,70CDCR25FR0000033,70CDCR25D00000008,7012,CONT_AWD_70CDCR25FR0000033_7012_70CDCR25D00000008_7012,,,Contracts,,True,outside_pilot
DHS_FY2026P10_c:FY2026P01-P10_070_TAS_Contracts_AccountBreakdownByAward_2026-09-15_H22M13S36_01.csv:row:172829,DHS_FY2026P10_c/extracted/FY2026P01-P10_070_TAS_Contracts_AccountBreakdownByAward_2026-09-15_H22M13S36_01.csv,172829,25.4,070-0540,FY2026P02,,70CDCR25FR0000033,70CDCR25D00000008,7012,CONT_AWD_70CDCR25FR0000033_7012_70CDCR25D00000008_7012,,,Contracts,,True,outside_pilot
DHS_FY2026P10_c:FY2026P01-P10_070_TAS_Contracts_AccountBreakdownByAward_2026-09-15_H22M13S36_01.csv:row:172830,DHS_FY2026P10_c/extracted/FY2026P01-P10_070_TAS_Contracts_AccountBreakdownByAward_2026-09-15_H22M13S36_01.csv,172830,25.4,070-0540,FY2026P03,,70CDCR25FR0000033,70CDCR25D00000008,7012,CONT_AWD_70CDCR25FR0000033_7012_70CDCR25D00000008_7012,,,Contracts,,True,outside_pilot
DHS_FY2026P10_c:FY2026P01-P10_070_TAS_Contracts_AccountBreakdownByAward_2026-09-15_H22M13S36_01.csv:row:172832,DHS_FY2026P10_c/extracted/FY2026P01-P10_070_TAS_Contracts_AccountBreakdownByAward_2026-09-15_H22M13S36_01.csv,172832,25.4,070-0540,FY2026P10,-943310.50,70CDCR25FR0000033,70CDCR25D00000008,7012,CONT_AWD_70CDCR25FR0000033_7012_70CDCR25D00000008_7012,,,Contracts,-943310.50,False,outside_pilot
DHS_FY2026P10_c:FY2026P01-P10_070_TAS_Contracts_AccountBreakdownByAward_2026-09-15_H22M13S36_01.csv:row:172833,DHS_FY2026P10_c/extracted/FY2026P01-P10_070_TAS_Contracts_AccountBreakdownByAward_2026-09-15_H22M13S36_01.csv,172833,25.4,070-0540,FY2026P10,,70CDCR25FR0000033,70CDCR25D00000008,7012,CONT_AWD_70CDCR25FR0000033_7012_70CDCR25D00000008_7012,,,Contracts,,True,outside_pilot
DHS_FY2026P10_c:FY2026P01-P10_070_TAS_Contracts_AccountBreakdownByAward_2026-09-15_H22M13S36_01.csv:row:172834,DHS_FY2026P10_c/extracted/FY2026P01-P10_070_TAS_Contracts_AccountBreakdownByAward_2026-09-15_H22M13S36_01.csv,172834,25.4,070-0540,FY2026P10,,70CDCR25FR0000033,70CDCR25D00000008,7012,CONT_AWD_70CDCR25FR0000033_7012_70CDCR25D00000008_7012,,,Contracts,,True,outside_pilot
DHS_FY2026P10_c:FY2026P01-P10_070_TAS_Contracts_AccountBreakdownByAward_2026-09-15_H22M13S36_01.csv:row:172836,DHS_FY2026P10_c/extracted/FY2026P01-P10_070_TAS_Contracts_AccountBreakdownByAward_2026-09-15_H22M13S36_01.csv,172836,25.4,070-0540,FY2026P06,,70CDCR25FR0000033,70CDCR25D00000008,7012,CONT_AWD_70CDCR25FR0000033_7012_70CDCR25D00000008_7012,,,Contracts,,True,outside_pilot
DHS_FY2026P10_c:FY2026P01-P10_070_TAS_Contracts_AccountBreakdownByAward_2026-09-15_H22M13S36_01.csv:row:172837,DHS_FY2026P10_c/extracted/FY2026P01-P10_070_TAS_Contracts_AccountBreakdownByAward_2026-09-15_H22M13S36_01.csv,172837,25.4,070-0540,FY2026P09,,70CDCR25FR0000033,70CDCR25D00000008,7012,CONT_AWD_70CDCR25FR0000033_7012_70CDCR25D00000008_7012,,,Contracts,,True,outside_pilot
DHS_FY2026P10_c:FY2026P01-P10_070_TAS_Contracts_AccountBreakdownByAward_2026-09-15_H22M13S36_01.csv:row:172838,DHS_FY2026P10_c/extracted/FY2026P01-P10_070_TAS_Contracts_AccountBreakdownByAward_2026-09-15_H22M13S36_01.csv,172838,25.4,070-0540,FY2026P09,,70CDCR25FR0000033,70CDCR25D00000008,7012,CONT_AWD_70CDCR25FR0000033_7012_70CDCR25D00000008_7012,,,Contracts,,True,outside_pilot
DHS_FY2026P10_c:FY2026P01-P10_070_TAS_Contracts_AccountBreakdownByAward_2026-09-15_H22M13S36_01.csv:row:172840,DHS_FY2026P10_c/extracted/FY2026P01-P10_070_TAS_Contracts_AccountBreakdownByAward_2026-09-15_H22M13S36_01.csv,172840,25.4,070-0540,FY2026P08,,70CDCR25FR0000033,70CDCR25D00000008,7012,CONT_AWD_70CDCR25FR0000033_7012_70CDCR25D00000008_7012,,,Contracts,,True,outside_pilot
DHS_FY2026P10_c:FY2026P01-P10_070_TAS_Contracts_AccountBreakdownByAward_2026-09-15_H22M13S36_01.csv:row:172841,DHS_FY2026P10_c/extracted/FY2026P01-P10_070_TAS_Contracts_AccountBreakdownByAward_2026-09-15_H22M13S36_01.csv,172841,25.4,070-0540,FY2026P08,,70CDCR25FR0000033,70CDCR25D00000008,7012,CONT_AWD_70CDCR25FR0000033_7012_70CDCR25D00000008_7012,,,Contracts,,True,outside_pilot
DHS_FY2026P10_c:FY2026P01-P10_070_TAS_Contracts_AccountBreakdownByAward_2026-09-15_H22M13S36_01.csv:row:172842,DHS_FY2026P10_c/extracted/FY2026P01-P10_070_TAS_Contracts_AccountBreakdownByAward_2026-09-15_H22M13S36_01.csv,172842,25.4,070-0540,FY2026P04,,70CDCR25FR0000033,70CDCR25D00000008,7012,CONT_AWD_70CDCR25FR0000033_7012_70CDCR25D00000008_7012,,,Contracts,,True,outside_pilot
DHS_FY2026P10_c:FY2026P01-P10_070_TAS_Contracts_AccountBreakdownByAward_2026-09-15_H22M13S36_01.csv:row:172843,DHS_FY2026P10_c/extracted/FY2026P01-P10_070_TAS_Contracts_AccountBreakdownByAward_2026-09-15_H22M13S36_01.csv,172843,25.4,070-0540,FY2026P05,,70CDCR25FR0000033,70CDCR25D00000008,7012,CONT_AWD_70CDCR25FR0000033_7012_70CDCR25D00000008_7012,,,Contracts,,True,outside_pilot
DHS_FY2026P10_c:FY2026P01-P10_070_TAS_Contracts_AccountBreakdownByAward_2026-09-15_H22M13S36_01.csv:row:172844,DHS_FY2026P10_c/extracted/FY2026P01-P10_070_TAS_Contracts_AccountBreakdownByAward_2026-09-15_H22M13S36_01.csv,172844,25.4,070-0540,FY2026P07,,70CDCR25FR0000033,70CDCR25D00000008,7012,CONT_AWD_70CDCR25FR0000033_7012_70CDCR25D00000008_7012,,,Contracts,,True,outside_pilot
DHS_FY2026P10_c:FY2026P01-P10_070_TAS_Contracts_AccountBreakdownByAward_2026-09-15_H22M13S36_01.csv:row:172845,DHS_FY2026P10_c/extracted/FY2026P01-P10_070_TAS_Contracts_AccountBreakdownByAward_2026-09-15_H22M13S36_01.csv,172845,25.4,070-0540,FY2026P07,,70CDCR25FR0000033,70CDCR25D00000008,7012,CONT_AWD_70CDCR25FR0000033_7012_70CDCR25D00000008_7012,,,Contracts,,True,outside_pilot
DHS_FY2026P10_c:FY2026P01-P10_070_TAS_Contracts_AccountBreakdownByAward_2026-09-15_H22M13S36_01.csv:row:172846,DHS_FY2026P10_c/extracted/FY2026P01-P10_070_TAS_Contracts_AccountBreakdownByAward_2026-09-15_H22M13S36_01.csv,172846,25.4,070-0540,FY2026P06,,70CDCR25FR0000033,70CDCR25D00000008,7012,CONT_AWD_70CDCR25FR0000033_7012_70CDCR25D00000008_7012,,,Contracts,,True,outside_pilot
DHS_FY2026P10_c:FY2026P01-P10_070_TAS_Contracts_AccountBreakdownByAward_2026-09-15_H22M13S36_01.csv:row:17305,DHS_FY2026P10_c/extracted/FY2026P01-P10_070_TAS_Contracts_AccountBreakdownByAward_2026-09-15_H22M13S36_01.csv,17305,25.4,070-0540,FY2026P10,2600000.00,70CDCR26FR0000069,DJJODT9C0001,7012,CONT_AWD_70CDCR26FR0000069_7012_DJJODT9C0001_1501,,,Contracts,2600000.00,False,outside_pilot
DHS_FY2026P10_c:FY2026P01-P10_070_TAS_Contracts_AccountBreakdownByAward_2026-09-15_H22M13S36_01.csv:row:180045,DHS_FY2026P10_c/extracted/FY2026P01-P10_070_TAS_Contracts_AccountBreakdownByAward_2026-09-15_H22M13S36_01.csv,180045,25.4,070-0540,FY2026P07,,70CDCR25FR0000044,70CDCR23D00000004,7012,CONT_AWD_70CDCR25FR0000044_7012_70CDCR23D00000004_7012,,,Contracts,,True,outside_pilot
DHS_FY2026P10_c:FY2026P01-P10_070_TAS_Contracts_AccountBreakdownByAward_2026-09-15_H22M13S36_01.csv:row:180046,DHS_FY2026P10_c/extracted/FY2026P01-P10_070_TAS_Contracts_AccountBreakdownByAward_2026-09-15_H22M13S36_01.csv,180046,25.4,070-0540,FY2026P02,,70CDCR25FR0000044,70CDCR23D00000004,7012,CONT_AWD_70CDCR25FR0000044_7012_70CDCR23D00000004_7012,,,Contracts,,True,outside_pilot
DHS_FY2026P10_c:FY2026P01-P10_070_TAS_Contracts_AccountBreakdownByAward_2026-09-15_H22M13S36_01.csv:row:180049,DHS_FY2026P10_c/extracted/FY2026P01-P10_070_TAS_Contracts_AccountBreakdownByAward_2026-09-15_H22M13S36_01.csv,180049,25.4,070-0540,FY2026P03,,70CDCR25FR0000044,70CDCR23D00000004,7012,CONT_AWD_70CDCR25FR0000044_7012_70CDCR23D00000004_7012,,,Contracts,,True,outside_pilot
DHS_FY2026P10_c:FY2026P01-P10_070_TAS_Contracts_AccountBreakdownByAward_2026-09-15_H22M13S36_01.csv:row:180051,DHS_FY2026P10_c/extracted/FY2026P01-P10_070_TAS_Contracts_AccountBreakdownByAward_2026-09-15_H22M13S36_01.csv,180051,25.4,070-0540,FY2026P04,,70CDCR25FR0000044,70CDCR23D00000004,7012,CONT_AWD_70CDCR25FR0000044_7012_70CDCR23D00000004_7012,,,Contracts,,True,outside_pilot
DHS_FY2026P10_c:FY2026P01-P10_070_TAS_Contracts_AccountBreakdownByAward_2026-09-15_H22M13S36_01.csv:row:180055,DHS_FY2026P10_c/extracted/FY2026P01-P10_070_TAS_Contracts_AccountBreakdownByAward_2026-09-15_H22M13S36_01.csv,180055,25.4,070-0540,FY2026P07,,70CDCR25FR0000044,70CDCR23D00000004,7012,CONT_AWD_70CDCR25FR0000044_7012_70CDCR23D00000004_7012,,,Contracts,,True,outside_pilot
DHS_FY2026P10_c:FY2026P01-P10_070_TAS_Contracts_AccountBreakdownByAward_2026-09-15_H22M13S36_01.csv:row:180058,DHS_FY2026P10_c/extracted/FY2026P01-P10_070_TAS_Contracts_AccountBreakdownByAward_2026-09-15_H22M13S36_01.csv,180058,25.4,070-0540,FY2026P10,,70CDCR25FR0000044,70CDCR23D00000004,7012,CONT_AWD_70CDCR25FR0000044_7012_70CDCR23D00000004_7012,,,Contracts,,True,outside_pilot
DHS_FY2026P10_c:FY2026P01-P10_070_TAS_Contracts_AccountBreakdownByAward_2026-09-15_H22M13S36_01.csv:row:180059,DHS_FY2026P10_c/extracted/FY2026P01-P10_070_TAS_Contracts_AccountBreakdownByAward_2026-09-15_H22M13S36_01.csv,180059,25.4,070-0540,FY2026P10,,70CDCR25FR0000044,70CDCR23D00000004,7012,CONT_AWD_70CDCR25FR0000044_7012_70CDCR23D00000004_7012,,,Contracts,,True,outside_pilot
DHS_FY2026P10_c:FY2026P01-P10_070_TAS_Contracts_AccountBreakdownByAward_2026-09-15_H22M13S36_01.csv:row:180061,DHS_FY2026P10_c/extracted/FY2026P01-P10_070_TAS_Contracts_AccountBreakdownByAward_2026-09-15_H22M13S36_01.csv,180061,25.4,070-0540,FY2026P06,,70CDCR25FR0000044,70CDCR23D00000004,7012,CONT_AWD_70CDCR25FR0000044_7012_70CDCR23D00000004_7012,,,Contracts,,True,outside_pilot
DHS_FY2026P10_c:FY2026P01-P10_070_TAS_Contracts_AccountBreakdownByAward_2026-09-15_H22M13S36_01.csv:row:180064,DHS_FY2026P10_c/extracted/FY2026P01-P10_070_TAS_Contracts_AccountBreakdownByAward_2026-09-15_H22M13S36_01.csv,180064,25.4,070-0540,FY2026P09,,70CDCR25FR0000044,70CDCR23D00000004,7012,CONT_AWD_70CDCR25FR0000044_7012_70CDCR23D00000004_7012,,,Contracts,,True,outside_pilot
DHS_FY2026P10_c:FY2026P01-P10_070_TAS_Contracts_AccountBreakdownByAward_2026-09-15_H22M13S36_01.csv:row:180065,DHS_FY2026P10_c/extracted/FY2026P01-P10_070_TAS_Contracts_AccountBreakdownByAward_2026-09-15_H22M13S36_01.csv,180065,25.4,070-0540,FY2026P09,,70CDCR25FR0000044,70CDCR23D00000004,7012,CONT_AWD_70CDCR25FR0000044_7012_70CDCR23D00000004_7012,,,Contracts,,True,outside_pilot
DHS_FY2026P10_c:FY2026P01-P10_070_TAS_Contracts_AccountBreakdownByAward_2026-09-15_H22M13S36_01.csv:row:180067,DHS_FY2026P10_c/extracted/FY2026P01-P10_070_TAS_Contracts_AccountBreakdownByAward_2026-09-15_H22M13S36_01.csv,180067,25.4,070-0540,FY2026P05,,70CDCR25FR0000044,70CDCR23D00000004,7012,CONT_AWD_70CDCR25FR0000044_7012_70CDCR23D00000004_7012,,,Contracts,,True,outside_pilot
DHS_FY2026P10_c:FY2026P01-P10_070_TAS_Contracts_AccountBreakdownByAward_2026-09-15_H22M13S36_01.csv:row:180068,DHS_FY2026P10_c/extracted/FY2026P01-P10_070_TAS_Contracts_AccountBreakdownByAward_2026-09-15_H22M13S36_01.csv,180068,25.4,070-0540,FY2026P05,,70CDCR25FR0000044,70CDCR23D00000004,7012,CONT_AWD_70CDCR25FR0000044_7012_70CDCR23D00000004_7012,,,Contracts,,True,outside_pilot
DHS_FY2026P10_c:FY2026P01-P10_070_TAS_Contracts_AccountBreakdownByAward_2026-09-15_H22M13S36_01.csv:row:180070,DHS_FY2026P10_c/extracted/FY2026P01-P10_070_TAS_Contracts_AccountBreakdownByAward_2026-09-15_H22M13S36_01.csv,180070,25.4,070-0540,FY2026P06,,70CDCR25FR0000044,70CDCR23D00000004,7012,CONT_AWD_70CDCR25FR0000044_7012_70CDCR23D00000004_7012,,,Contracts,,True,outside_pilot
DHS_FY2026P10_c:FY2026P01-P10_070_TAS_Contracts_AccountBreakdownByAward_2026-09-15_H22M13S36_01.csv:row:180072,DHS_FY2026P10_c/extracted/FY2026P01-P10_070_TAS_Contracts_AccountBreakdownByAward_2026-09-15_H22M13S36_01.csv,180072,25.4,070-0540,FY2026P06,1579300.00,70CDCR25FR0000044,70CDCR23D00000004,7012,CONT_AWD_70CDCR25FR0000044_7012_70CDCR23D00000004_7012,,,Contracts,1579300.00,False,outside_pilot
DHS_FY2026P10_c:FY2026P01-P10_070_TAS_Contracts_AccountBreakdownByAward_2026-09-15_H22M13S36_01.csv:row:180073,DHS_FY2026P10_c/extracted/FY2026P01-P10_070_TAS_Contracts_AccountBreakdownByAward_2026-09-15_H22M13S36_01.csv,180073,25.4,070-0540,FY2026P08,,70CDCR25FR0000044,70CDCR23D00000004,7012,CONT_AWD_70CDCR25FR0000044_7012_70CDCR23D00000004_7012,,,Contracts,,True,outside_pilot
DHS_FY2026P10_c:FY2026P01-P10_070_TAS_Contracts_AccountBreakdownByAward_2026-09-15_H22M13S36_01.csv:row:180074,DHS_FY2026P10_c/extracted/FY2026P01-P10_070_TAS_Contracts_AccountBreakdownByAward_2026-09-15_H22M13S36_01.csv,180074,25.4,070-0540,FY2026P08,,70CDCR25FR0000044,70CDCR23D00000004,7012,CONT_AWD_70CDCR25FR0000044_7012_70CDCR23D00000004_7012,,,Contracts,,True,outside_pilot
DHS_FY2026P10_c:FY2026P01-P10_070_TAS_Contracts_AccountBreakdownByAward_2026-09-15_H22M13S36_01.csv:row:180078,DHS_FY2026P10_c/extracted/FY2026P01-P10_070_TAS_Contracts_AccountBreakdownByAward_2026-09-15_H22M13S36_01.csv,180078,25.4,070-0540,FY2026P09,12240.00,70CDCR25FR0000044,70CDCR23D00000004,7012,CONT_AWD_70CDCR25FR0000044_7012_70CDCR23D00000004_7012,,,Contracts,12240.00,False,outside_pilot
DHS_FY2026P10_c:FY2026P01-P10_070_TAS_Contracts_AccountBreakdownByAward_2026-09-15_H22M13S36_01.csv:row:180297,DHS_FY2026P10_c/extracted/FY2026P01-P10_070_TAS_Contracts_AccountBreakdownByAward_2026-09-15_H22M13S36_01.csv,180297,25.4,070-0540,FY2026P10,13846000.00,70CDCR26FR0000101,70CDCR26D00000049,7012,CONT_AWD_70CDCR26FR0000101_7012_70CDCR26D00000049_7012,,,Contracts,13846000.00,False,outside_pilot
DHS_FY2026P10_c:FY2026P01-P10_070_TAS_Contracts_AccountBreakdownByAward_2026-09-15_H22M13S36_01.csv:row:180801,DHS_FY2026P10_c/extracted/FY2026P01-P10_070_TAS_Contracts_AccountBreakdownByAward_2026-09-15_H22M13S36_01.csv,180801,25.4,070-0540,FY2026P07,,70CTD025FC0000024,70CTD022A00000004,7012,CONT_AWD_70CTD025FC0000024_7012_70CTD022A00000004_7012,,,Contracts,,True,outside_pilot
DHS_FY2026P10_c:FY2026P01-P10_070_TAS_Contracts_AccountBreakdownByAward_2026-09-15_H22M13S36_01.csv:row:180802,DHS_FY2026P10_c/extracted/FY2026P01-P10_070_TAS_Contracts_AccountBreakdownByAward_2026-09-15_H22M13S36_01.csv,180802,25.4,070-0540,FY2026P07,,70CTD025FC0000024,70CTD022A00000004,7012,CONT_AWD_70CTD025FC0000024_7012_70CTD022A00000004_7012,,,Contracts,,True,outside_pilot
DHS_FY2026P10_c:FY2026P01-P10_070_TAS_Contracts_AccountBreakdownByAward_2026-09-15_H22M13S36_01.csv:row:180803,DHS_FY2026P10_c/extracted/FY2026P01-P10_070_TAS_Contracts_AccountBreakdownByAward_2026-09-15_H22M13S36_01.csv,180803,25.4,070-0540,FY2026P08,,70CTD025FC0000024,70CTD022A00000004,7012,CONT_AWD_70CTD025FC0000024_7012_70CTD022A00000004_7012,,,Contracts,,True,outside_pilot
DHS_FY2026P10_c:FY2026P01-P10_070_TAS_Contracts_AccountBreakdownByAward_2026-09-15_H22M13S36_01.csv:row:180804,DHS_FY2026P10_c/extracted/FY2026P01-P10_070_TAS_Contracts_AccountBreakdownByAward_2026-09-15_H22M13S36_01.csv,180804,25.4,070-0540,FY2026P08,,70CTD025FC0000024,70CTD022A00000004,7012,CONT_AWD_70CTD025FC0000024_7012_70CTD022A00000004_7012,,,Contracts,,True,outside_pilot
DHS_FY2026P10_c:FY2026P01-P10_070_TAS_Contracts_AccountBreakdownByAward_2026-09-15_H22M13S36_01.csv:row:180805,DHS_FY2026P10_c/extracted/FY2026P01-P10_070_TAS_Contracts_AccountBreakdownByAward_2026-09-15_H22M13S36_01.csv,180805,25.4,070-0540,FY2026P08,,70CTD025FC0000024,70CTD022A00000004,7012,CONT_AWD_70CTD025FC0000024_7012_70CTD022A00000004_7012,,,Contracts,,True,outside_pilot
DHS_FY2026P10_c:FY2026P01-P10_070_TAS_Contracts_AccountBreakdownByAward_2026-09-15_H22M13S36_01.csv:row:180806,DHS_FY2026P10_c/extracted/FY2026P01-P10_070_TAS_Contracts_AccountBreakdownByAward_2026-09-15_H22M13S36_01.csv,180806,25.4,070-0545,FY2026P08,,70CTD025FC0000024,70CTD022A00000004,7012,CONT_AWD_70CTD025FC0000024_7012_70CTD022A00000004_7012,,,Contracts,,True,outside_pilot
DHS_FY2026P10_c:FY2026P01-P10_070_TAS_Contracts_AccountBreakdownByAward_2026-09-15_H22M13S36_01.csv:row:180807,DHS_FY2026P10_c/extracted/FY2026P01-P10_070_TAS_Contracts_AccountBreakdownByAward_2026-09-15_H22M13S36_01.csv,180807,25.4,070-0540,FY2026P08,,70CTD025FC0000024,70CTD022A00000004,7012,CONT_AWD_70CTD025FC0000024_7012_70CTD022A00000004_7012,,,Contracts,,True,outside_pilot
DHS_FY2026P10_c:FY2026P01-P10_070_TAS_Contracts_AccountBreakdownByAward_2026-09-15_H22M13S36_01.csv:row:180808,DHS_FY2026P10_c/extracted/FY2026P01-P10_070_TAS_Contracts_AccountBreakdownByAward_2026-09-15_H22M13S36_01.csv,180808,25.4,070-0540,FY2026P08,,70CTD025FC0000024,70CTD022A00000004,7012,CONT_AWD_70CTD025FC0000024_7012_70CTD022A00000004_7012,,,Contracts,,True,outside_pilot
DHS_FY2026P10_c:FY2026P01-P10_070_TAS_Contracts_AccountBreakdownByAward_2026-09-15_H22M13S36_01.csv:row:180809,DHS_FY2026P10_c/extracted/FY2026P01-P10_070_TAS_Contracts_AccountBreakdownByAward_2026-09-15_H22M13S36_01.csv,180809,25.4,070-0540,FY2026P05,,70CTD025FC0000024,70CTD022A00000004,7012,CONT_AWD_70CTD025FC0000024_7012_70CTD022A00000004_7012,,,Contracts,,True,outside_pilot
DHS_FY2026P10_c:FY2026P01-P10_070_TAS_Contracts_AccountBreakdownByAward_2026-09-15_H22M13S36_01.csv:row:180810,DHS_FY2026P10_c/extracted/FY2026P01-P10_070_TAS_Contracts_AccountBreakdownByAward_2026-09-15_H22M13S36_01.csv,180810,25.4,070-0540,FY2026P06,,70CTD025FC0000024,70CTD022A00000004,7012,CONT_AWD_70CTD025FC0000024_7012_70CTD022A00000004_7012,,,Contracts,,True,outside_pilot
DHS_FY2026P10_c:FY2026P01-P10_070_TAS_Contracts_AccountBreakdownByAward_2026-09-15_H22M13S36_01.csv:row:180811,DHS_FY2026P10_c/extracted/FY2026P01-P10_070_TAS_Contracts_AccountBreakdownByAward_2026-09-15_H22M13S36_01.csv,180811,25.4,070-0540,FY2026P09,,70CTD025FC0000024,70CTD022A00000004,7012,CONT_AWD_70CTD025FC0000024_7012_70CTD022A00000004_7012,,,Contracts,,True,outside_pilot
DHS_FY2026P10_c:FY2026P01-P10_070_TAS_Contracts_AccountBreakdownByAward_2026-09-15_H22M13S36_01.csv:row:180812,DHS_FY2026P10_c/extracted/FY2026P01-P10_070_TAS_Contracts_AccountBreakdownByAward_2026-09-15_H22M13S36_01.csv,180812,25.4,070-0545,FY2026P09,,70CTD025FC0000024,70CTD022A00000004,7012,CONT_AWD_70CTD025FC0000024_7012_70CTD022A00000004_7012,,,Contracts,,True,outside_pilot
DHS_FY2026P10_c:FY2026P01-P10_070_TAS_Contracts_AccountBreakdownByAward_2026-09-15_H22M13S36_01.csv:row:180813,DHS_FY2026P10_c/extracted/FY2026P01-P10_070_TAS_Contracts_AccountBreakdownByAward_2026-09-15_H22M13S36_01.csv,180813,25.4,070-0540,FY2026P09,,70CTD025FC0000024,70CTD022A00000004,7012,CONT_AWD_70CTD025FC0000024_7012_70CTD022A00000004_7012,,,Contracts,,True,outside_pilot
DHS_FY2026P10_c:FY2026P01-P10_070_TAS_Contracts_AccountBreakdownByAward_2026-09-15_H22M13S36_01.csv:row:180814,DHS_FY2026P10_c/extracted/FY2026P01-P10_070_TAS_Contracts_AccountBreakdownByAward_2026-09-15_H22M13S36_01.csv,180814,25.4,070-0540,FY2026P09,,70CTD025FC0000024,70CTD022A00000004,7012,CONT_AWD_70CTD025FC0000024_7012_70CTD022A00000004_7012,,,Contracts,,True,outside_pilot
DHS_FY2026P10_c:FY2026P01-P10_070_TAS_Contracts_AccountBreakdownByAward_2026-09-15_H22M13S36_01.csv:row:180815,DHS_FY2026P10_c/extracted/FY2026P01-P10_070_TAS_Contracts_AccountBreakdownByAward_2026-09-15_H22M13S36_01.csv,180815,25.4,070-0540,FY2026P09,,70CTD025FC0000024,70CTD022A00000004,7012,CONT_AWD_70CTD025FC0000024_7012_70CTD022A00000004_7012,,,Contracts,,True,outside_pilot
DHS_FY2026P10_c:FY2026P01-P10_070_TAS_Contracts_AccountBreakdownByAward_2026-09-15_H22M13S36_01.csv:row:180817,DHS_FY2026P10_c/extracted/FY2026P01-P10_070_TAS_Contracts_AccountBreakdownByAward_2026-09-15_H22M13S36_01.csv,180817,25.4,070-0540,FY2026P09,,70CTD025FC0000024,70CTD022A00000004,7012,CONT_AWD_70CTD025FC0000024_7012_70CTD022A00000004_7012,,,Contracts,,True,outside_pilot
DHS_FY2026P10_c:FY2026P01-P10_070_TAS_Contracts_AccountBreakdownByAward_2026-09-15_H22M13S36_01.csv:row:180819,DHS_FY2026P10_c/extracted/FY2026P01-P10_070_TAS_Contracts_AccountBreakdownByAward_2026-09-15_H22M13S36_01.csv,180819,25.4,070-0540,FY2026P07,,70CTD025FC0000024,70CTD022A00000004,7012,CONT_AWD_70CTD025FC0000024_7012_70CTD022A00000004_7012,,,Contracts,,True,outside_pilot
DHS_FY2026P10_c:FY2026P01-P10_070_TAS_Contracts_AccountBreakdownByAward_2026-09-15_H22M13S36_01.csv:row:180820,DHS_FY2026P10_c/extracted/FY2026P01-P10_070_TAS_Contracts_AccountBreakdownByAward_2026-09-15_H22M13S36_01.csv,180820,25.4,070-0540,FY2026P06,,70CTD025FC0000024,70CTD022A00000004,7012,CONT_AWD_70CTD025FC0000024_7012_70CTD022A00000004_7012,,,Contracts,,True,outside_pilot
DHS_FY2026P10_c:FY2026P01-P10_070_TAS_Contracts_AccountBreakdownByAward_2026-09-15_H22M13S36_01.csv:row:180822,DHS_FY2026P10_c/extracted/FY2026P01-P10_070_TAS_Contracts_AccountBreakdownByAward_2026-09-15_H22M13S36_01.csv,180822,25.4,070-0540,FY2026P10,,70CTD025FC0000024,70CTD022A00000004,7012,CONT_AWD_70CTD025FC0000024_7012_70CTD022A00000004_7012,,,Contracts,,True,outside_pilot
DHS_FY2026P10_c:FY2026P01-P10_070_TAS_Contracts_AccountBreakdownByAward_2026-09-15_H22M13S36_01.csv:row:180823,DHS_FY2026P10_c/extracted/FY2026P01-P10_070_TAS_Contracts_AccountBreakdownByAward_2026-09-15_H22M13S36_01.csv,180823,25.4,070-0545,FY2026P10,,70CTD025FC0000024,70CTD022A00000004,7012,CONT_AWD_70CTD025FC0000024_7012_70CTD022A00000004_7012,,,Contracts,,True,outside_pilot
DHS_FY2026P10_c:FY2026P01-P10_070_TAS_Contracts_AccountBreakdownByAward_2026-09-15_H22M13S36_01.csv:row:180824,DHS_FY2026P10_c/extracted/FY2026P01-P10_070_TAS_Contracts_AccountBreakdownByAward_2026-09-15_H22M13S36_01.csv,180824,25.4,070-0540,FY2026P10,,70CTD025FC0000024,70CTD022A00000004,7012,CONT_AWD_70CTD025FC0000024_7012_70CTD022A00000004_7012,,,Contracts,,True,outside_pilot
DHS_FY2026P10_c:FY2026P01-P10_070_TAS_Contracts_AccountBreakdownByAward_2026-09-15_H22M13S36_01.csv:row:180825,DHS_FY2026P10_c/extracted/FY2026P01-P10_070_TAS_Contracts_AccountBreakdownByAward_2026-09-15_H22M13S36_01.csv,180825,25.4,070-0540,FY2026P10,,70CTD025FC0000024,70CTD022A00000004,7012,CONT_AWD_70CTD025FC0000024_7012_70CTD022A00000004_7012,,,Contracts,,True,outside_pilot
DHS_FY2026P10_c:FY2026P01-P10_070_TAS_Contracts_AccountBreakdownByAward_2026-09-15_H22M13S36_01.csv:row:180827,DHS_FY2026P10_c/extracted/FY2026P01-P10_070_TAS_Contracts_AccountBreakdownByAward_2026-09-15_H22M13S36_01.csv,180827,25.4,070-0540,FY2026P10,,70CTD025FC0000024,70CTD022A00000004,7012,CONT_AWD_70CTD025FC0000024_7012_70CTD022A00000004_7012,,,Contracts,,True,outside_pilot
DHS_FY2026P10_c:FY2026P01-P10_070_TAS_Contracts_AccountBreakdownByAward_2026-09-15_H22M13S36_01.csv:row:180828,DHS_FY2026P10_c/extracted/FY2026P01-P10_070_TAS_Contracts_AccountBreakdownByAward_2026-09-15_H22M13S36_01.csv,180828,25.4,070-0540,FY2026P05,,70CTD025FC0000024,70CTD022A00000004,7012,CONT_AWD_70CTD025FC0000024_7012_70CTD022A00000004_7012,,,Contracts,,True,outside_pilot
DHS_FY2026P10_c:FY2026P01-P10_070_TAS_Contracts_AccountBreakdownByAward_2026-09-15_H22M13S36_01.csv:row:180829,DHS_FY2026P10_c/extracted/FY2026P01-P10_070_TAS_Contracts_AccountBreakdownByAward_2026-09-15_H22M13S36_01.csv,180829,25.4,070-0540,FY2026P07,,70CTD025FC0000024,70CTD022A00000004,7012,CONT_AWD_70CTD025FC0000024_7012_70CTD022A00000004_7012,,,Contracts,,True,outside_pilot
DHS_FY2026P10_c:FY2026P01-P10_070_TAS_Contracts_AccountBreakdownByAward_2026-09-15_H22M13S36_01.csv:row:180830,DHS_FY2026P10_c/extracted/FY2026P01-P10_070_TAS_Contracts_AccountBreakdownByAward_2026-09-15_H22M13S36_01.csv,180830,25.4,070-0540,FY2026P07,,70CTD025FC0000024,70CTD022A00000004,7012,CONT_AWD_70CTD025FC0000024_7012_70CTD022A00000004_7012,,,Contracts,,True,outside_pilot
DHS_FY2026P10_c:FY2026P01-P10_070_TAS_Contracts_AccountBreakdownByAward_2026-09-15_H22M13S36_01.csv:row:180831,DHS_FY2026P10_c/extracted/FY2026P01-P10_070_TAS_Contracts_AccountBreakdownByAward_2026-09-15_H22M13S36_01.csv,180831,25.4,070-0545,FY2026P07,,70CTD025FC0000024,70CTD022A00000004,7012,CONT_AWD_70CTD025FC0000024_7012_70CTD022A00000004_7012,,,Contracts,,True,outside_pilot
DHS_FY2026P10_c:FY2026P01-P10_070_TAS_Contracts_AccountBreakdownByAward_2026-09-15_H22M13S36_01.csv:row:180832,DHS_FY2026P10_c/extracted/FY2026P01-P10_070_TAS_Contracts_AccountBreakdownByAward_2026-09-15_H22M13S36_01.csv,180832,25.4,070-0540,FY2026P10,,70CTD025FC0000024,70CTD022A00000004,7012,CONT_AWD_70CTD025FC0000024_7012_70CTD022A00000004_7012,,,Contracts,,True,outside_pilot
DHS_FY2026P10_c:FY2026P01-P10_070_TAS_Contracts_AccountBreakdownByAward_2026-09-15_H22M13S36_01.csv:row:180833,DHS_FY2026P10_c/extracted/FY2026P01-P10_070_TAS_Contracts_AccountBreakdownByAward_2026-09-15_H22M13S36_01.csv,180833,25.4,070-0540,FY2026P10,,70CTD025FC0000024,70CTD022A00000004,7012,CONT_AWD_70CTD025FC0000024_7012_70CTD022A00000004_7012,,,Contracts,,True,outside_pilot
DHS_FY2026P10_c:FY2026P01-P10_070_TAS_Contracts_AccountBreakdownByAward_2026-09-15_H22M13S36_01.csv:row:181184,DHS_FY2026P10_c/extracted/FY2026P01-P10_070_TAS_Contracts_AccountBreakdownByAward_2026-09-15_H22M13S36_01.csv,181184,25.4,070-0540,FY2026P04,,70CDCR23FR0000026,HSCEDM14D00002,7012,CONT_AWD_70CDCR23FR0000026_7012_HSCEDM14D00002_7012,,,Contracts,,True,outside_pilot
DHS_FY2026P10_c:FY2026P01-P10_070_TAS_Contracts_AccountBreakdownByAward_2026-09-15_H22M13S36_01.csv:row:181187,DHS_FY2026P10_c/extracted/FY2026P01-P10_070_TAS_Contracts_AccountBreakdownByAward_2026-09-15_H22M13S36_01.csv,181187,25.4,070-0540,FY2026P07,,70CDCR23FR0000026,HSCEDM14D00002,7012,CONT_AWD_70CDCR23FR0000026_7012_HSCEDM14D00002_7012,,,Contracts,,True,outside_pilot
DHS_FY2026P10_c:FY2026P01-P10_070_TAS_Contracts_AccountBreakdownByAward_2026-09-15_H22M13S36_01.csv:row:181190,DHS_FY2026P10_c/extracted/FY2026P01-P10_070_TAS_Contracts_AccountBreakdownByAward_2026-09-15_H22M13S36_01.csv,181190,25.4,070-0540,FY2026P05,,70CDCR23FR0000026,HSCEDM14D00002,7012,CONT_AWD_70CDCR23FR0000026_7012_HSCEDM14D00002_7012,,,Contracts,,True,outside_pilot
DHS_FY2026P10_c:FY2026P01-P10_070_TAS_Contracts_AccountBreakdownByAward_2026-09-15_H22M13S36_01.csv:row:181191,DHS_FY2026P10_c/extracted/FY2026P01-P10_070_TAS_Contracts_AccountBreakdownByAward_2026-09-15_H22M13S36_01.csv,181191,25.4,070-0540,FY2026P05,,70CDCR23FR0000026,HSCEDM14D00002,7012,CONT_AWD_70CDCR23FR0000026_7012_HSCEDM14D00002_7012,,,Contracts,,True,outside_pilot
DHS_FY2026P10_c:FY2026P01-P10_070_TAS_Contracts_AccountBreakdownByAward_2026-09-15_H22M13S36_01.csv:row:181192,DHS_FY2026P10_c/extracted/FY2026P01-P10_070_TAS_Contracts_AccountBreakdownByAward_2026-09-15_H22M13S36_01.csv,181192,25.4,070-0540,FY2026P02,,70CDCR23FR0000026,HSCEDM14D00002,7012,CONT_AWD_70CDCR23FR0000026_7012_HSCEDM14D00002_7012,,,Contracts,,True,outside_pilot
DHS_FY2026P10_c:FY2026P01-P10_070_TAS_Contracts_AccountBreakdownByAward_2026-09-15_H22M13S36_01.csv:row:181193,DHS_FY2026P10_c/extracted/FY2026P01-P10_070_TAS_Contracts_AccountBreakdownByAward_2026-09-15_H22M13S36_01.csv,181193,25.4,070-0540,FY2026P02,,70CDCR23FR0000026,HSCEDM14D00002,7012,CONT_AWD_70CDCR23FR0000026_7012_HSCEDM14D00002_7012,,,Contracts,,True,outside_pilot
DHS_FY2026P10_c:FY2026P01-P10_070_TAS_Contracts_AccountBreakdownByAward_2026-09-15_H22M13S36_01.csv:row:181195,DHS_FY2026P10_c/extracted/FY2026P01-P10_070_TAS_Contracts_AccountBreakdownByAward_2026-09-15_H22M13S36_01.csv,181195,25.4,070-0540,FY2026P03,,70CDCR23FR0000026,HSCEDM14D00002,7012,CONT_AWD_70CDCR23FR0000026_7012_HSCEDM14D00002_7012,,,Contracts,,True,outside_pilot
DHS_FY2026P10_c:FY2026P01-P10_070_TAS_Contracts_AccountBreakdownByAward_2026-09-15_H22M13S36_01.csv:row:181197,DHS_FY2026P10_c/extracted/FY2026P01-P10_070_TAS_Contracts_AccountBreakdownByAward_2026-09-15_H22M13S36_01.csv,181197,25.4,070-0540,FY2026P03,,70CDCR23FR0000026,HSCEDM14D00002,7012,CONT_AWD_70CDCR23FR0000026_7012_HSCEDM14D00002_7012,,,Contracts,,True,outside_pilot
DHS_FY2026P10_c:FY2026P01-P10_070_TAS_Contracts_AccountBreakdownByAward_2026-09-15_H22M13S36_01.csv:row:181200,DHS_FY2026P10_c/extracted/FY2026P01-P10_070_TAS_Contracts_AccountBreakdownByAward_2026-09-15_H22M13S36_01.csv,181200,25.4,070-0540,FY2026P07,,70CDCR23FR0000026,HSCEDM14D00002,7012,CONT_AWD_70CDCR23FR0000026_7012_HSCEDM14D00002_7012,,,Contracts,,True,outside_pilot
DHS_FY2026P10_c:FY2026P01-P10_070_TAS_Contracts_AccountBreakdownByAward_2026-09-15_H22M13S36_01.csv:row:181203,DHS_FY2026P10_c/extracted/FY2026P01-P10_070_TAS_Contracts_AccountBreakdownByAward_2026-09-15_H22M13S36_01.csv,181203,25.4,070-0540,FY2026P06,,70CDCR23FR0000026,HSCEDM14D00002,7012,CONT_AWD_70CDCR23FR0000026_7012_HSCEDM14D00002_7012,,,Contracts,,True,outside_pilot
DHS_FY2026P10_c:FY2026P01-P10_070_TAS_Contracts_AccountBreakdownByAward_2026-09-15_H22M13S36_01.csv:row:181206,DHS_FY2026P10_c/extracted/FY2026P01-P10_070_TAS_Contracts_AccountBreakdownByAward_2026-09-15_H22M13S36_01.csv,181206,25.4,070-0540,FY2026P08,,70CDCR23FR0000026,HSCEDM14D00002,7012,CONT_AWD_70CDCR23FR0000026_7012_HSCEDM14D00002_7012,,,Contracts,,True,outside_pilot
DHS_FY2026P10_c:FY2026P01-P10_070_TAS_Contracts_AccountBreakdownByAward_2026-09-15_H22M13S36_01.csv:row:181210,DHS_FY2026P10_c/extracted/FY2026P01-P10_070_TAS_Contracts_AccountBreakdownByAward_2026-09-15_H22M13S36_01.csv,181210,25.4,070-0540,FY2026P08,,70CDCR23FR0000026,HSCEDM14D00002,7012,CONT_AWD_70CDCR23FR0000026_7012_HSCEDM14D00002_7012,,,Contracts,,True,outside_pilot
DHS_FY2026P10_c:FY2026P01-P10_070_TAS_Contracts_AccountBreakdownByAward_2026-09-15_H22M13S36_01.csv:row:181212,DHS_FY2026P10_c/extracted/FY2026P01-P10_070_TAS_Contracts_AccountBreakdownByAward_2026-09-15_H22M13S36_01.csv,181212,25.4,070-0540,FY2026P09,,70CDCR23FR0000026,HSCEDM14D00002,7012,CONT_AWD_70CDCR23FR0000026_7012_HSCEDM14D00002_7012,,,Contracts,,True,outside_pilot
DHS_FY2026P10_c:FY2026P01-P10_070_TAS_Contracts_AccountBreakdownByAward_2026-09-15_H22M13S36_01.csv:row:181214,DHS_FY2026P10_c/extracted/FY2026P01-P10_070_TAS_Contracts_AccountBreakdownByAward_2026-09-15_H22M13S36_01.csv,181214,25.4,070-0540,FY2026P09,,70CDCR23FR0000026,HSCEDM14D00002,7012,CONT_AWD_70CDCR23FR0000026_7012_HSCEDM14D00002_7012,,,Contracts,,True,outside_pilot
DHS_FY2026P10_c:FY2026P01-P10_070_TAS_Contracts_AccountBreakdownByAward_2026-09-15_H22M13S36_01.csv:row:181217,DHS_FY2026P10_c/extracted/FY2026P01-P10_070_TAS_Contracts_AccountBreakdownByAward_2026-09-15_H22M13S36_01.csv,181217,25.4,070-0540,FY2026P10,,70CDCR23FR0000026,HSCEDM14D00002,7012,CONT_AWD_70CDCR23FR0000026_7012_HSCEDM14D00002_7012,,,Contracts,,True,outside_pilot
DHS_FY2026P10_c:FY2026P01-P10_070_TAS_Contracts_AccountBreakdownByAward_2026-09-15_H22M13S36_01.csv:row:181219,DHS_FY2026P10_c/extracted/FY2026P01-P10_070_TAS_Contracts_AccountBreakdownByAward_2026-09-15_H22M13S36_01.csv,181219,25.4,070-0540,FY2026P10,,70CDCR23FR0000026,HSCEDM14D00002,7012,CONT_AWD_70CDCR23FR0000026_7012_HSCEDM14D00002_7012,,,Contracts,,True,outside_pilot
DHS_FY2026P10_c:FY2026P01-P10_070_TAS_Contracts_AccountBreakdownByAward_2026-09-15_H22M13S36_01.csv:row:181222,DHS_FY2026P10_c/extracted/FY2026P01-P10_070_TAS_Contracts_AccountBreakdownByAward_2026-09-15_H22M13S36_01.csv,181222,25.4,070-0540,FY2026P04,,70CDCR23FR0000026,HSCEDM14D00002,7012,CONT_AWD_70CDCR23FR0000026_7012_HSCEDM14D00002_7012,,,Contracts,,True,outside_pilot
DHS_FY2026P10_c:FY2026P01-P10_070_TAS_Contracts_AccountBreakdownByAward_2026-09-15_H22M13S36_01.csv:row:181223,DHS_FY2026P10_c/extracted/FY2026P01-P10_070_TAS_Contracts_AccountBreakdownByAward_2026-09-15_H22M13S36_01.csv,181223,25.4,070-0540,FY2026P06,,70CDCR23FR0000026,HSCEDM14D00002,7012,CONT_AWD_70CDCR23FR0000026_7012_HSCEDM14D00002_7012,,,Contracts,,True,outside_pilot
DHS_FY2026P10_c:FY2026P01-P10_070_TAS_Contracts_AccountBreakdownByAward_2026-09-15_H22M13S36_01.csv:row:18266,DHS_FY2026P10_c/extracted/FY2026P01-P10_070_TAS_Contracts_AccountBreakdownByAward_2026-09-15_H22M13S36_01.csv,18266,25.4,070-0540,FY2026P07,,70CDCR25FR0000092,70CDCR24D00000009,7012,CONT_AWD_70CDCR25FR0000092_7012_70CDCR24D00000009_7012,,,Contracts,,True,outside_pilot
DHS_FY2026P10_c:FY2026P01-P10_070_TAS_Contracts_AccountBreakdownByAward_2026-09-15_H22M13S36_01.csv:row:18267,DHS_FY2026P10_c/extracted/FY2026P01-P10_070_TAS_Contracts_AccountBreakdownByAward_2026-09-15_H22M13S36_01.csv,18267,25.4,070-0540,FY2026P05,,70CDCR25FR0000092,70CDCR24D00000009,7012,CONT_AWD_70CDCR25FR0000092_7012_70CDCR24D00000009_7012,,,Contracts,,True,outside_pilot
DHS_FY2026P10_c:FY2026P01-P10_070_TAS_Contracts_AccountBreakdownByAward_2026-09-15_H22M13S36_01.csv:row:18268,DHS_FY2026P10_c/extracted/FY2026P01-P10_070_TAS_Contracts_AccountBreakdownByAward_2026-09-15_H22M13S36_01.csv,18268,25.4,070-0540,FY2026P08,,70CDCR25FR0000092,70CDCR24D00000009,7012,CONT_AWD_70CDCR25FR0000092_7012_70CDCR24D00000009_7012,,,Contracts,,True,outside_pilot
DHS_FY2026P10_c:FY2026P01-P10_070_TAS_Contracts_AccountBreakdownByAward_2026-09-15_H22M13S36_01.csv:row:18270,DHS_FY2026P10_c/extracted/FY2026P01-P10_070_TAS_Contracts_AccountBreakdownByAward_2026-09-15_H22M13S36_01.csv,18270,25.4,070-0540,FY2026P03,,70CDCR25FR0000092,70CDCR24D00000009,7012,CONT_AWD_70CDCR25FR0000092_7012_70CDCR24D00000009_7012,,,Contracts,,True,outside_pilot
DHS_FY2026P10_c:FY2026P01-P10_070_TAS_Contracts_AccountBreakdownByAward_2026-09-15_H22M13S36_01.csv:row:18272,DHS_FY2026P10_c/extracted/FY2026P01-P10_070_TAS_Contracts_AccountBreakdownByAward_2026-09-15_H22M13S36_01.csv,18272,25.4,070-0540,FY2026P06,,70CDCR25FR0000092,70CDCR24D00000009,7012,CONT_AWD_70CDCR25FR0000092_7012_70CDCR24D00000009_7012,,,Contracts,,True,outside_pilot
DHS_FY2026P10_c:FY2026P01-P10_070_TAS_Contracts_AccountBreakdownByAward_2026-09-15_H22M13S36_01.csv:row:18275,DHS_FY2026P10_c/extracted/FY2026P01-P10_070_TAS_Contracts_AccountBreakdownByAward_2026-09-15_H22M13S36_01.csv,18275,25.4,070-0540,FY2026P09,,70CDCR25FR0000092,70CDCR24D00000009,7012,CONT_AWD_70CDCR25FR0000092_7012_70CDCR24D00000009_7012,,,Contracts,,True,outside_pilot
DHS_FY2026P10_c:FY2026P01-P10_070_TAS_Contracts_AccountBreakdownByAward_2026-09-15_H22M13S36_01.csv:row:18277,DHS_FY2026P10_c/extracted/FY2026P01-P10_070_TAS_Contracts_AccountBreakdownByAward_2026-09-15_H22M13S36_01.csv,18277,25.4,070-0540,FY2026P08,7039270.00,70CDCR25FR0000092,70CDCR24D00000009,7012,CONT_AWD_70CDCR25FR0000092_7012_70CDCR24D00000009_7012,,,Contracts,7039270.00,False,outside_pilot
DHS_FY2026P10_c:FY2026P01-P10_070_TAS_Contracts_AccountBreakdownByAward_2026-09-15_H22M13S36_01.csv:row:18280,DHS_FY2026P10_c/extracted/FY2026P01-P10_070_TAS_Contracts_AccountBreakdownByAward_2026-09-15_H22M13S36_01.csv,18280,25.4,070-0540,FY2026P06,52074481.00,70CDCR25FR0000092,70CDCR24D00000009,7012,CONT_AWD_70CDCR25FR0000092_7012_70CDCR24D00000009_7012,,,Contracts,52074481.00,False,outside_pilot
DHS_FY2026P10_c:FY2026P01-P10_070_TAS_Contracts_AccountBreakdownByAward_2026-09-15_H22M13S36_01.csv:row:18282,DHS_FY2026P10_c/extracted/FY2026P01-P10_070_TAS_Contracts_AccountBreakdownByAward_2026-09-15_H22M13S36_01.csv,18282,25.4,070-0540,FY2026P02,,70CDCR25FR0000092,70CDCR24D00000009,7012,CONT_AWD_70CDCR25FR0000092_7012_70CDCR24D00000009_7012,,,Contracts,,True,outside_pilot
DHS_FY2026P10_c:FY2026P01-P10_070_TAS_Contracts_AccountBreakdownByAward_2026-09-15_H22M13S36_01.csv:row:18285,DHS_FY2026P10_c/extracted/FY2026P01-P10_070_TAS_Contracts_AccountBreakdownByAward_2026-09-15_H22M13S36_01.csv,18285,25.4,070-0540,FY2026P10,,70CDCR25FR0000092,70CDCR24D00000009,7012,CONT_AWD_70CDCR25FR0000092_7012_70CDCR24D00000009_7012,,,Contracts,,True,outside_pilot
DHS_FY2026P10_c:FY2026P01-P10_070_TAS_Contracts_AccountBreakdownByAward_2026-09-15_H22M13S36_01.csv:row:18287,DHS_FY2026P10_c/extracted/FY2026P01-P10_070_TAS_Contracts_AccountBreakdownByAward_2026-09-15_H22M13S36_01.csv,18287,25.4,070-0540,FY2026P04,,70CDCR25FR0000092,70CDCR24D00000009,7012,CONT_AWD_70CDCR25FR0000092_7012_70CDCR24D00000009_7012,,,Contracts,,True,outside_pilot
DHS_FY2026P10_c:FY2026P01-P10_070_TAS_Contracts_AccountBreakdownByAward_2026-09-15_H22M13S36_01.csv:row:185916,DHS_FY2026P10_c/extracted/FY2026P01-P10_070_TAS_Contracts_AccountBreakdownByAward_2026-09-15_H22M13S36_01.csv,185916,25.4,070-0540,FY2026P10,4060.00,70CDCR25P00000021,,7012,CONT_AWD_70CDCR25P00000021_7012_-NONE-_-NONE-,,,Contracts,4060.00,False,outside_pilot
DHS_FY2026P10_c:FY2026P01-P10_070_TAS_Contracts_AccountBreakdownByAward_2026-09-15_H22M13S36_01.csv:row:185922,DHS_FY2026P10_c/extracted/FY2026P01-P10_070_TAS_Contracts_AccountBreakdownByAward_2026-09-15_H22M13S36_01.csv,185922,25.4,070-0540,FY2026P10,,70CDCR25P00000021,,7012,CONT_AWD_70CDCR25P00000021_7012_-NONE-_-NONE-,,,Contracts,,True,outside_pilot
DHS_FY2026P10_c:FY2026P01-P10_070_TAS_Contracts_AccountBreakdownByAward_2026-09-15_H22M13S36_01.csv:row:187457,DHS_FY2026P10_c/extracted/FY2026P01-P10_070_TAS_Contracts_AccountBreakdownByAward_2026-09-15_H22M13S36_01.csv,187457,25.4,070-0540,FY2026P02,-62639.35,70CDCR23FR0000036,70CDCR23D00000004,7012,CONT_AWD_70CDCR23FR0000036_7012_70CDCR23D00000004_7012,,,Contracts,-62639.35,False,outside_pilot
DHS_FY2026P10_c:FY2026P01-P10_070_TAS_Contracts_AccountBreakdownByAward_2026-09-15_H22M13S36_01.csv:row:187458,DHS_FY2026P10_c/extracted/FY2026P01-P10_070_TAS_Contracts_AccountBreakdownByAward_2026-09-15_H22M13S36_01.csv,187458,25.4,070-0540,FY2026P02,-23709.62,70CDCR23FR0000036,70CDCR23D00000004,7012,CONT_AWD_70CDCR23FR0000036_7012_70CDCR23D00000004_7012,,,Contracts,-23709.62,False,outside_pilot
DHS_FY2026P10_c:FY2026P01-P10_070_TAS_Contracts_AccountBreakdownByAward_2026-09-15_H22M13S36_01.csv:row:187904,DHS_FY2026P10_c/extracted/FY2026P01-P10_070_TAS_Contracts_AccountBreakdownByAward_2026-09-15_H22M13S36_01.csv,187904,25.4,070-0540,FY2026P07,,70CDCR25FR0000009,70CDCR20D00000009,7012,CONT_AWD_70CDCR25FR0000009_7012_70CDCR20D00000009_7012,,,Contracts,,True,outside_pilot
DHS_FY2026P10_c:FY2026P01-P10_070_TAS_Contracts_AccountBreakdownByAward_2026-09-15_H22M13S36_01.csv:row:187907,DHS_FY2026P10_c/extracted/FY2026P01-P10_070_TAS_Contracts_AccountBreakdownByAward_2026-09-15_H22M13S36_01.csv,187907,25.4,070-0540,FY2026P04,,70CDCR25FR0000009,70CDCR20D00000009,7012,CONT_AWD_70CDCR25FR0000009_7012_70CDCR20D00000009_7012,,,Contracts,,True,outside_pilot
DHS_FY2026P10_c:FY2026P01-P10_070_TAS_Contracts_AccountBreakdownByAward_2026-09-15_H22M13S36_01.csv:row:187908,DHS_FY2026P10_c/extracted/FY2026P01-P10_070_TAS_Contracts_AccountBreakdownByAward_2026-09-15_H22M13S36_01.csv,187908,25.4,070-0540,FY2026P07,,70CDCR25FR0000009,70CDCR20D00000009,7012,CONT_AWD_70CDCR25FR0000009_7012_70CDCR20D00000009_7012,,,Contracts,,True,outside_pilot
DHS_FY2026P10_c:FY2026P01-P10_070_TAS_Contracts_AccountBreakdownByAward_2026-09-15_H22M13S36_01.csv:row:187914,DHS_FY2026P10_c/extracted/FY2026P01-P10_070_TAS_Contracts_AccountBreakdownByAward_2026-09-15_H22M13S36_01.csv,187914,25.4,070-0540,FY2026P04,,70CDCR25FR0000009,70CDCR20D00000009,7012,CONT_AWD_70CDCR25FR0000009_7012_70CDCR20D00000009_7012,,,Contracts,,True,outside_pilot
DHS_FY2026P10_c:FY2026P01-P10_070_TAS_Contracts_AccountBreakdownByAward_2026-09-15_H22M13S36_01.csv:row:187916,DHS_FY2026P10_c/extracted/FY2026P01-P10_070_TAS_Contracts_AccountBreakdownByAward_2026-09-15_H22M13S36_01.csv,187916,25.4,070-0540,FY2026P04,11475800.00,70CDCR25FR0000009,70CDCR20D00000009,7012,CONT_AWD_70CDCR25FR0000009_7012_70CDCR20D00000009_7012,,,Contracts,11475800.00,False,outside_pilot
DHS_FY2026P10_c:FY2026P01-P10_070_TAS_Contracts_AccountBreakdownByAward_2026-09-15_H22M13S36_01.csv:row:187919,DHS_FY2026P10_c/extracted/FY2026P01-P10_070_TAS_Contracts_AccountBreakdownByAward_2026-09-15_H22M13S36_01.csv,187919,25.4,070-0540,FY2026P05,,70CDCR25FR0000009,70CDCR20D00000009,7012,CONT_AWD_70CDCR25FR0000009_7012_70CDCR20D00000009_7012,,,Contracts,,True,outside_pilot
DHS_FY2026P10_c:FY2026P01-P10_070_TAS_Contracts_AccountBreakdownByAward_2026-09-15_H22M13S36_01.csv:row:187923,DHS_FY2026P10_c/extracted/FY2026P01-P10_070_TAS_Contracts_AccountBreakdownByAward_2026-09-15_H22M13S36_01.csv,187923,25.4,070-0540,FY2026P06,,70CDCR25FR0000009,70CDCR20D00000009,7012,CONT_AWD_70CDCR25FR0000009_7012_70CDCR20D00000009_7012,,,Contracts,,True,outside_pilot
DHS_FY2026P10_c:FY2026P01-P10_070_TAS_Contracts_AccountBreakdownByAward_2026-09-15_H22M13S36_01.csv:row:187925,DHS_FY2026P10_c/extracted/FY2026P01-P10_070_TAS_Contracts_AccountBreakdownByAward_2026-09-15_H22M13S36_01.csv,187925,25.4,070-0540,FY2026P06,,70CDCR25FR0000009,70CDCR20D00000009,7012,CONT_AWD_70CDCR25FR0000009_7012_70CDCR20D00000009_7012,,,Contracts,,True,outside_pilot
DHS_FY2026P10_c:FY2026P01-P10_070_TAS_Contracts_AccountBreakdownByAward_2026-09-15_H22M13S36_01.csv:row:187929,DHS_FY2026P10_c/extracted/FY2026P01-P10_070_TAS_Contracts_AccountBreakdownByAward_2026-09-15_H22M13S36_01.csv,187929,25.4,070-0540,FY2026P10,,70CDCR25FR0000009,70CDCR20D00000009,7012,CONT_AWD_70CDCR25FR0000009_7012_70CDCR20D00000009_7012,,,Contracts,,True,outside_pilot
DHS_FY2026P10_c:FY2026P01-P10_070_TAS_Contracts_AccountBreakdownByAward_2026-09-15_H22M13S36_01.csv:row:187931,DHS_FY2026P10_c/extracted/FY2026P01-P10_070_TAS_Contracts_AccountBreakdownByAward_2026-09-15_H22M13S36_01.csv,187931,25.4,070-0540,FY2026P10,,70CDCR25FR0000009,70CDCR20D00000009,7012,CONT_AWD_70CDCR25FR0000009_7012_70CDCR20D00000009_7012,,,Contracts,,True,outside_pilot
DHS_FY2026P10_c:FY2026P01-P10_070_TAS_Contracts_AccountBreakdownByAward_2026-09-15_H22M13S36_01.csv:row:187933,DHS_FY2026P10_c/extracted/FY2026P01-P10_070_TAS_Contracts_AccountBreakdownByAward_2026-09-15_H22M13S36_01.csv,187933,25.4,070-0540,FY2026P10,,70CDCR25FR0000009,70CDCR20D00000009,7012,CONT_AWD_70CDCR25FR0000009_7012_70CDCR20D00000009_7012,,,Contracts,,True,outside_pilot
DHS_FY2026P10_c:FY2026P01-P10_070_TAS_Contracts_AccountBreakdownByAward_2026-09-15_H22M13S36_01.csv:row:187939,DHS_FY2026P10_c/extracted/FY2026P01-P10_070_TAS_Contracts_AccountBreakdownByAward_2026-09-15_H22M13S36_01.csv,187939,25.4,070-0540,FY2026P09,,70CDCR25FR0000009,70CDCR20D00000009,7012,CONT_AWD_70CDCR25FR0000009_7012_70CDCR20D00000009_7012,,,Contracts,,True,outside_pilot
DHS_FY2026P10_c:FY2026P01-P10_070_TAS_Contracts_AccountBreakdownByAward_2026-09-15_H22M13S36_01.csv:row:187941,DHS_FY2026P10_c/extracted/FY2026P01-P10_070_TAS_Contracts_AccountBreakdownByAward_2026-09-15_H22M13S36_01.csv,187941,25.4,070-0540,FY2026P09,,70CDCR25FR0000009,70CDCR20D00000009,7012,CONT_AWD_70CDCR25FR0000009_7012_70CDCR20D00000009_7012,,,Contracts,,True,outside_pilot
DHS_FY2026P10_c:FY2026P01-P10_070_TAS_Contracts_AccountBreakdownByAward_2026-09-15_H22M13S36_01.csv:row:187943,DHS_FY2026P10_c/extracted/FY2026P01-P10_070_TAS_Contracts_AccountBreakdownByAward_2026-09-15_H22M13S36_01.csv,187943,25.4,070-0540,FY2026P09,,70CDCR25FR0000009,70CDCR20D00000009,7012,CONT_AWD_70CDCR25FR0000009_7012_70CDCR20D00000009_7012,,,Contracts,,True,outside_pilot
DHS_FY2026P10_c:FY2026P01-P10_070_TAS_Contracts_AccountBreakdownByAward_2026-09-15_H22M13S36_01.csv:row:187947,DHS_FY2026P10_c/extracted/FY2026P01-P10_070_TAS_Contracts_AccountBreakdownByAward_2026-09-15_H22M13S36_01.csv,187947,25.4,070-0540,FY2026P05,,70CDCR25FR0000009,70CDCR20D00000009,7012,CONT_AWD_70CDCR25FR0000009_7012_70CDCR20D00000009_7012,,,Contracts,,True,outside_pilot
DHS_FY2026P10_c:FY2026P01-P10_070_TAS_Contracts_AccountBreakdownByAward_2026-09-15_H22M13S36_01.csv:row:187948,DHS_FY2026P10_c/extracted/FY2026P01-P10_070_TAS_Contracts_AccountBreakdownByAward_2026-09-15_H22M13S36_01.csv,187948,25.4,070-0540,FY2026P05,,70CDCR25FR0000009,70CDCR20D00000009,7012,CONT_AWD_70CDCR25FR0000009_7012_70CDCR20D00000009_7012,,,Contracts,,True,outside_pilot
DHS_FY2026P10_c:FY2026P01-P10_070_TAS_Contracts_AccountBreakdownByAward_2026-09-15_H22M13S36_01.csv:row:187949,DHS_FY2026P10_c/extracted/FY2026P01-P10_070_TAS_Contracts_AccountBreakdownByAward_2026-09-15_H22M13S36_01.csv,187949,25.4,070-0540,FY2026P08,,70CDCR25FR0000009,70CDCR20D00000009,7012,CONT_AWD_70CDCR25FR0000009_7012_70CDCR20D00000009_7012,,,Contracts,,True,outside_pilot
DHS_FY2026P10_c:FY2026P01-P10_070_TAS_Contracts_AccountBreakdownByAward_2026-09-15_H22M13S36_01.csv:row:187951,DHS_FY2026P10_c/extracted/FY2026P01-P10_070_TAS_Contracts_AccountBreakdownByAward_2026-09-15_H22M13S36_01.csv,187951,25.4,070-0540,FY2026P08,,70CDCR25FR0000009,70CDCR20D00000009,7012,CONT_AWD_70CDCR25FR0000009_7012_70CDCR20D00000009_7012,,,Contracts,,True,outside_pilot
DHS_FY2026P10_c:FY2026P01-P10_070_TAS_Contracts_AccountBreakdownByAward_2026-09-15_H22M13S36_01.csv:row:187952,DHS_FY2026P10_c/extracted/FY2026P01-P10_070_TAS_Contracts_AccountBreakdownByAward_2026-09-15_H22M13S36_01.csv,187952,25.4,070-0540,FY2026P08,,70CDCR25FR0000009,70CDCR20D00000009,7012,CONT_AWD_70CDCR25FR0000009_7012_70CDCR20D00000009_7012,,,Contracts,,True,outside_pilot
DHS_FY2026P10_c:FY2026P01-P10_070_TAS_Contracts_AccountBreakdownByAward_2026-09-15_H22M13S36_01.csv:row:187954,DHS_FY2026P10_c/extracted/FY2026P01-P10_070_TAS_Contracts_AccountBreakdownByAward_2026-09-15_H22M13S36_01.csv,187954,25.4,070-0540,FY2026P04,,70CDCR25FR0000009,70CDCR20D00000009,7012,CONT_AWD_70CDCR25FR0000009_7012_70CDCR20D00000009_7012,,,Contracts,,True,outside_pilot
DHS_FY2026P10_c:FY2026P01-P10_070_TAS_Contracts_AccountBreakdownByAward_2026-09-15_H22M13S36_01.csv:row:187955,DHS_FY2026P10_c/extracted/FY2026P01-P10_070_TAS_Contracts_AccountBreakdownByAward_2026-09-15_H22M13S36_01.csv,187955,25.4,070-0540,FY2026P06,,70CDCR25FR0000009,70CDCR20D00000009,7012,CONT_AWD_70CDCR25FR0000009_7012_70CDCR20D00000009_7012,,,Contracts,,True,outside_pilot
DHS_FY2026P10_c:FY2026P01-P10_070_TAS_Contracts_AccountBreakdownByAward_2026-09-15_H22M13S36_01.csv:row:187958,DHS_FY2026P10_c/extracted/FY2026P01-P10_070_TAS_Contracts_AccountBreakdownByAward_2026-09-15_H22M13S36_01.csv,187958,25.4,070-0540,FY2026P04,16044900.00,70CDCR25FR0000009,70CDCR20D00000009,7012,CONT_AWD_70CDCR25FR0000009_7012_70CDCR20D00000009_7012,,,Contracts,16044900.00,False,outside_pilot
DHS_FY2026P10_c:FY2026P01-P10_070_TAS_Contracts_AccountBreakdownByAward_2026-09-15_H22M13S36_01.csv:row:187961,DHS_FY2026P10_c/extracted/FY2026P01-P10_070_TAS_Contracts_AccountBreakdownByAward_2026-09-15_H22M13S36_01.csv,187961,25.4,070-0540,FY2026P07,,70CDCR25FR0000009,70CDCR20D00000009,7012,CONT_AWD_70CDCR25FR0000009_7012_70CDCR20D00000009_7012,,,Contracts,,True,outside_pilot
DHS_FY2026P10_c:FY2026P01-P10_070_TAS_Contracts_AccountBreakdownByAward_2026-09-15_H22M13S36_01.csv:row:187963,DHS_FY2026P10_c/extracted/FY2026P01-P10_070_TAS_Contracts_AccountBreakdownByAward_2026-09-15_H22M13S36_01.csv,187963,25.4,070-0540,FY2026P02,,70CDCR25FR0000009,70CDCR20D00000009,7012,CONT_AWD_70CDCR25FR0000009_7012_70CDCR20D00000009_7012,,,Contracts,,True,outside_pilot
DHS_FY2026P10_c:FY2026P01-P10_070_TAS_Contracts_AccountBreakdownByAward_2026-09-15_H22M13S36_01.csv:row:187965,DHS_FY2026P10_c/extracted/FY2026P01-P10_070_TAS_Contracts_AccountBreakdownByAward_2026-09-15_H22M13S36_01.csv,187965,25.4,070-0540,FY2026P03,,70CDCR25FR0000009,70CDCR20D00000009,7012,CONT_AWD_70CDCR25FR0000009_7012_70CDCR20D00000009_7012,,,Contracts,,True,outside_pilot
DHS_FY2026P10_c:FY2026P01-P10_070_TAS_Contracts_AccountBreakdownByAward_2026-09-15_H22M13S36_01.csv:row:19608,DHS_FY2026P10_c/extracted/FY2026P01-P10_070_TAS_Contracts_AccountBreakdownByAward_2026-09-15_H22M13S36_01.csv,19608,25.4,070-0540,FY2026P04,,70CDCR24FR0000036,70CDCR23D00000004,7012,CONT_AWD_70CDCR24FR0000036_7012_70CDCR23D00000004_7012,,,Contracts,,True,outside_pilot
DHS_FY2026P10_c:FY2026P01-P10_070_TAS_Contracts_AccountBreakdownByAward_2026-09-15_H22M13S36_01.csv:row:19609,DHS_FY2026P10_c/extracted/FY2026P01-P10_070_TAS_Contracts_AccountBreakdownByAward_2026-09-15_H22M13S36_01.csv,19609,25.4,070-0540,FY2026P04,,70CDCR24FR0000036,70CDCR23D00000004,7012,CONT_AWD_70CDCR24FR0000036_7012_70CDCR23D00000004_7012,,,Contracts,,True,outside_pilot
DHS_FY2026P10_c:FY2026P01-P10_070_TAS_Contracts_AccountBreakdownByAward_2026-09-15_H22M13S36_01.csv:row:19610,DHS_FY2026P10_c/extracted/FY2026P01-P10_070_TAS_Contracts_AccountBreakdownByAward_2026-09-15_H22M13S36_01.csv,19610,25.4,070-0540,FY2026P05,36000.00,70CDCR24FR0000036,70CDCR23D00000004,7012,CONT_AWD_70CDCR24FR0000036_7012_70CDCR23D00000004_7012,,,Contracts,36000.00,False,outside_pilot
DHS_FY2026P10_c:FY2026P01-P10_070_TAS_Contracts_AccountBreakdownByAward_2026-09-15_H22M13S36_01.csv:row:19611,DHS_FY2026P10_c/extracted/FY2026P01-P10_070_TAS_Contracts_AccountBreakdownByAward_2026-09-15_H22M13S36_01.csv,19611,25.4,070-0540,FY2026P07,,70CDCR24FR0000036,70CDCR23D00000004,7012,CONT_AWD_70CDCR24FR0000036_7012_70CDCR23D00000004_7012,,,Contracts,,True,outside_pilot
DHS_FY2026P10_c:FY2026P01-P10_070_TAS_Contracts_AccountBreakdownByAward_2026-09-15_H22M13S36_01.csv:row:19612,DHS_FY2026P10_c/extracted/FY2026P01-P10_070_TAS_Contracts_AccountBreakdownByAward_2026-09-15_H22M13S36_01.csv,19612,25.4,070-0540,FY2026P07,,70CDCR24FR0000036,70CDCR23D00000004,7012,CONT_AWD_70CDCR24FR0000036_7012_70CDCR23D00000004_7012,,,Contracts,,True,outside_pilot
DHS_FY2026P10_c:FY2026P01-P10_070_TAS_Contracts_AccountBreakdownByAward_2026-09-15_H22M13S36_01.csv:row:19613,DHS_FY2026P10_c/extracted/FY2026P01-P10_070_TAS_Contracts_AccountBreakdownByAward_2026-09-15_H22M13S36_01.csv,19613,25.4,070-0540,FY2026P07,,70CDCR24FR0000036,70CDCR23D00000004,7012,CONT_AWD_70CDCR24FR0000036_7012_70CDCR23D00000004_7012,,,Contracts,,True,outside_pilot
DHS_FY2026P10_c:FY2026P01-P10_070_TAS_Contracts_AccountBreakdownByAward_2026-09-15_H22M13S36_01.csv:row:19614,DHS_FY2026P10_c/extracted/FY2026P01-P10_070_TAS_Contracts_AccountBreakdownByAward_2026-09-15_H22M13S36_01.csv,19614,25.4,070-0540,FY2026P05,,70CDCR24FR0000036,70CDCR23D00000004,7012,CONT_AWD_70CDCR24FR0000036_7012_70CDCR23D00000004_7012,,,Contracts,,True,outside_pilot
DHS_FY2026P10_c:FY2026P01-P10_070_TAS_Contracts_AccountBreakdownByAward_2026-09-15_H22M13S36_01.csv:row:19615,DHS_FY2026P10_c/extracted/FY2026P01-P10_070_TAS_Contracts_AccountBreakdownByAward_2026-09-15_H22M13S36_01.csv,19615,25.4,070-0540,FY2026P05,,70CDCR24FR0000036,70CDCR23D00000004,7012,CONT_AWD_70CDCR24FR0000036_7012_70CDCR23D00000004_7012,,,Contracts,,True,outside_pilot
DHS_FY2026P10_c:FY2026P01-P10_070_TAS_Contracts_AccountBreakdownByAward_2026-09-15_H22M13S36_01.csv:row:19616,DHS_FY2026P10_c/extracted/FY2026P01-P10_070_TAS_Contracts_AccountBreakdownByAward_2026-09-15_H22M13S36_01.csv,19616,25.4,070-0540,FY2026P06,,70CDCR24FR0000036,70CDCR23D00000004,7012,CONT_AWD_70CDCR24FR0000036_7012_70CDCR23D00000004_7012,,,Contracts,,True,outside_pilot
DHS_FY2026P10_c:FY2026P01-P10_070_TAS_Contracts_AccountBreakdownByAward_2026-09-15_H22M13S36_01.csv:row:19617,DHS_FY2026P10_c/extracted/FY2026P01-P10_070_TAS_Contracts_AccountBreakdownByAward_2026-09-15_H22M13S36_01.csv,19617,25.4,070-0540,FY2026P04,,70CDCR24FR0000036,70CDCR23D00000004,7012,CONT_AWD_70CDCR24FR0000036_7012_70CDCR23D00000004_7012,,,Contracts,,True,outside_pilot
DHS_FY2026P10_c:FY2026P01-P10_070_TAS_Contracts_AccountBreakdownByAward_2026-09-15_H22M13S36_01.csv:row:19618,DHS_FY2026P10_c/extracted/FY2026P01-P10_070_TAS_Contracts_AccountBreakdownByAward_2026-09-15_H22M13S36_01.csv,19618,25.4,070-0540,FY2026P09,,70CDCR24FR0000036,70CDCR23D00000004,7012,CONT_AWD_70CDCR24FR0000036_7012_70CDCR23D00000004_7012,,,Contracts,,True,outside_pilot
DHS_FY2026P10_c:FY2026P01-P10_070_TAS_Contracts_AccountBreakdownByAward_2026-09-15_H22M13S36_01.csv:row:19619,DHS_FY2026P10_c/extracted/FY2026P01-P10_070_TAS_Contracts_AccountBreakdownByAward_2026-09-15_H22M13S36_01.csv,19619,25.4,070-0540,FY2026P09,,70CDCR24FR0000036,70CDCR23D00000004,7012,CONT_AWD_70CDCR24FR0000036_7012_70CDCR23D00000004_7012,,,Contracts,,True,outside_pilot
DHS_FY2026P10_c:FY2026P01-P10_070_TAS_Contracts_AccountBreakdownByAward_2026-09-15_H22M13S36_01.csv:row:19620,DHS_FY2026P10_c/extracted/FY2026P01-P10_070_TAS_Contracts_AccountBreakdownByAward_2026-09-15_H22M13S36_01.csv,19620,25.4,070-0540,FY2026P09,,70CDCR24FR0000036,70CDCR23D00000004,7012,CONT_AWD_70CDCR24FR0000036_7012_70CDCR23D00000004_7012,,,Contracts,,True,outside_pilot
DHS_FY2026P10_c:FY2026P01-P10_070_TAS_Contracts_AccountBreakdownByAward_2026-09-15_H22M13S36_01.csv:row:19621,DHS_FY2026P10_c/extracted/FY2026P01-P10_070_TAS_Contracts_AccountBreakdownByAward_2026-09-15_H22M13S36_01.csv,19621,25.4,070-0540,FY2026P05,,70CDCR24FR0000036,70CDCR23D00000004,7012,CONT_AWD_70CDCR24FR0000036_7012_70CDCR23D00000004_7012,,,Contracts,,True,outside_pilot
DHS_FY2026P10_c:FY2026P01-P10_070_TAS_Contracts_AccountBreakdownByAward_2026-09-15_H22M13S36_01.csv:row:19622,DHS_FY2026P10_c/extracted/FY2026P01-P10_070_TAS_Contracts_AccountBreakdownByAward_2026-09-15_H22M13S36_01.csv,19622,25.4,070-0540,FY2026P10,,70CDCR24FR0000036,70CDCR23D00000004,7012,CONT_AWD_70CDCR24FR0000036_7012_70CDCR23D00000004_7012,,,Contracts,,True,outside_pilot
DHS_FY2026P10_c:FY2026P01-P10_070_TAS_Contracts_AccountBreakdownByAward_2026-09-15_H22M13S36_01.csv:row:19623,DHS_FY2026P10_c/extracted/FY2026P01-P10_070_TAS_Contracts_AccountBreakdownByAward_2026-09-15_H22M13S36_01.csv,19623,25.4,070-0540,FY2026P10,,70CDCR24FR0000036,70CDCR23D00000004,7012,CONT_AWD_70CDCR24FR0000036_7012_70CDCR23D00000004_7012,,,Contracts,,True,outside_pilot
DHS_FY2026P10_c:FY2026P01-P10_070_TAS_Contracts_AccountBreakdownByAward_2026-09-15_H22M13S36_01.csv:row:19624,DHS_FY2026P10_c/extracted/FY2026P01-P10_070_TAS_Contracts_AccountBreakdownByAward_2026-09-15_H22M13S36_01.csv,19624,25.4,070-0540,FY2026P10,,70CDCR24FR0000036,70CDCR23D00000004,7012,CONT_AWD_70CDCR24FR0000036_7012_70CDCR23D00000004_7012,,,Contracts,,True,outside_pilot
DHS_FY2026P10_c:FY2026P01-P10_070_TAS_Contracts_AccountBreakdownByAward_2026-09-15_H22M13S36_01.csv:row:19625,DHS_FY2026P10_c/extracted/FY2026P01-P10_070_TAS_Contracts_AccountBreakdownByAward_2026-09-15_H22M13S36_01.csv,19625,25.4,070-0540,FY2026P08,,70CDCR24FR0000036,70CDCR23D00000004,7012,CONT_AWD_70CDCR24FR0000036_7012_70CDCR23D00000004_7012,,,Contracts,,True,outside_pilot
DHS_FY2026P10_c:FY2026P01-P10_070_TAS_Contracts_AccountBreakdownByAward_2026-09-15_H22M13S36_01.csv:row:19626,DHS_FY2026P10_c/extracted/FY2026P01-P10_070_TAS_Contracts_AccountBreakdownByAward_2026-09-15_H22M13S36_01.csv,19626,25.4,070-0540,FY2026P06,,70CDCR24FR0000036,70CDCR23D00000004,7012,CONT_AWD_70CDCR24FR0000036_7012_70CDCR23D00000004_7012,,,Contracts,,True,outside_pilot
DHS_FY2026P10_c:FY2026P01-P10_070_TAS_Contracts_AccountBreakdownByAward_2026-09-15_H22M13S36_01.csv:row:19627,DHS_FY2026P10_c/extracted/FY2026P01-P10_070_TAS_Contracts_AccountBreakdownByAward_2026-09-15_H22M13S36_01.csv,19627,25.4,070-0540,FY2026P06,,70CDCR24FR0000036,70CDCR23D00000004,7012,CONT_AWD_70CDCR24FR0000036_7012_70CDCR23D00000004_7012,,,Contracts,,True,outside_pilot
DHS_FY2026P10_c:FY2026P01-P10_070_TAS_Contracts_AccountBreakdownByAward_2026-09-15_H22M13S36_01.csv:row:19628,DHS_FY2026P10_c/extracted/FY2026P01-P10_070_TAS_Contracts_AccountBreakdownByAward_2026-09-15_H22M13S36_01.csv,19628,25.4,070-0540,FY2026P08,,70CDCR24FR0000036,70CDCR23D00000004,7012,CONT_AWD_70CDCR24FR0000036_7012_70CDCR23D00000004_7012,,,Contracts,,True,outside_pilot
DHS_FY2026P10_c:FY2026P01-P10_070_TAS_Contracts_AccountBreakdownByAward_2026-09-15_H22M13S36_01.csv:row:19629,DHS_FY2026P10_c/extracted/FY2026P01-P10_070_TAS_Contracts_AccountBreakdownByAward_2026-09-15_H22M13S36_01.csv,19629,25.4,070-0540,FY2026P08,,70CDCR24FR0000036,70CDCR23D00000004,7012,CONT_AWD_70CDCR24FR0000036_7012_70CDCR23D00000004_7012,,,Contracts,,True,outside_pilot
DHS_FY2026P10_c:FY2026P01-P10_070_TAS_Contracts_AccountBreakdownByAward_2026-09-15_H22M13S36_01.csv:row:196947,DHS_FY2026P10_c/extracted/FY2026P01-P10_070_TAS_Contracts_AccountBreakdownByAward_2026-09-15_H22M13S36_01.csv,196947,25.4,070-0540,FY2026P05,,70CDCR25FR0000013,70CDCR20D00000008,7012,CONT_AWD_70CDCR25FR0000013_7012_70CDCR20D00000008_7012,8,AWARD:52ff95642d39cbd709dfa87b,Contracts,,True,confirmed
DHS_FY2026P10_c:FY2026P01-P10_070_TAS_Contracts_AccountBreakdownByAward_2026-09-15_H22M13S36_01.csv:row:196950,DHS_FY2026P10_c/extracted/FY2026P01-P10_070_TAS_Contracts_AccountBreakdownByAward_2026-09-15_H22M13S36_01.csv,196950,25.4,070-0540,FY2026P04,,70CDCR25FR0000013,70CDCR20D00000008,7012,CONT_AWD_70CDCR25FR0000013_7012_70CDCR20D00000008_7012,8,AWARD:d7be545367e513ce6b3280f9,Contracts,,True,confirmed
DHS_FY2026P10_c:FY2026P01-P10_070_TAS_Contracts_AccountBreakdownByAward_2026-09-15_H22M13S36_01.csv:row:196952,DHS_FY2026P10_c/extracted/FY2026P01-P10_070_TAS_Contracts_AccountBreakdownByAward_2026-09-15_H22M13S36_01.csv,196952,25.4,070-0540,FY2026P07,,70CDCR25FR0000013,70CDCR20D00000008,7012,CONT_AWD_70CDCR25FR0000013_7012_70CDCR20D00000008_7012,8,AWARD:e35ab90e67b19edf00f9d372,Contracts,,True,confirmed
DHS_FY2026P10_c:FY2026P01-P10_070_TAS_Contracts_AccountBreakdownByAward_2026-09-15_H22M13S36_01.csv:row:196953,DHS_FY2026P10_c/extracted/FY2026P01-P10_070_TAS_Contracts_AccountBreakdownByAward_2026-09-15_H22M13S36_01.csv,196953,25.4,070-0540,FY2026P07,,70CDCR25FR0000013,70CDCR20D00000008,7012,CONT_AWD_70CDCR25FR0000013_7012_70CDCR20D00000008_7012,8,AWARD:e35ab90e67b19edf00f9d372,Contracts,,True,confirmed
DHS_FY2026P10_c:FY2026P01-P10_070_TAS_Contracts_AccountBreakdownByAward_2026-09-15_H22M13S36_01.csv:row:196956,DHS_FY2026P10_c/extracted/FY2026P01-P10_070_TAS_Contracts_AccountBreakdownByAward_2026-09-15_H22M13S36_01.csv,196956,25.4,070-0540,FY2026P08,,70CDCR25FR0000013,70CDCR20D00000008,7012,CONT_AWD_70CDCR25FR0000013_7012_70CDCR20D00000008_7012,8,AWARD:1c8148279515874b2463cc09,Contracts,,True,confirmed
DHS_FY2026P10_c:FY2026P01-P10_070_TAS_Contracts_AccountBreakdownByAward_2026-09-15_H22M13S36_01.csv:row:196958,DHS_FY2026P10_c/extracted/FY2026P01-P10_070_TAS_Contracts_AccountBreakdownByAward_2026-09-15_H22M13S36_01.csv,196958,25.4,070-0540,FY2026P08,,70CDCR25FR0000013,70CDCR20D00000008,7012,CONT_AWD_70CDCR25FR0000013_7012_70CDCR20D00000008_7012,8,AWARD:1c8148279515874b2463cc09,Contracts,,True,confirmed
DHS_FY2026P10_c:FY2026P01-P10_070_TAS_Contracts_AccountBreakdownByAward_2026-09-15_H22M13S36_01.csv:row:196963,DHS_FY2026P10_c/extracted/FY2026P01-P10_070_TAS_Contracts_AccountBreakdownByAward_2026-09-15_H22M13S36_01.csv,196963,25.4,070-0540,FY2026P02,,70CDCR25FR0000013,70CDCR20D00000008,7012,CONT_AWD_70CDCR25FR0000013_7012_70CDCR20D00000008_7012,8,AWARD:391fe3e4f93f9d2fcacc02c6,Contracts,,True,confirmed
DHS_FY2026P10_c:FY2026P01-P10_070_TAS_Contracts_AccountBreakdownByAward_2026-09-15_H22M13S36_01.csv:row:196968,DHS_FY2026P10_c/extracted/FY2026P01-P10_070_TAS_Contracts_AccountBreakdownByAward_2026-09-15_H22M13S36_01.csv,196968,25.4,070-0540,FY2026P03,,70CDCR25FR0000013,70CDCR20D00000008,7012,CONT_AWD_70CDCR25FR0000013_7012_70CDCR20D00000008_7012,8,AWARD:7b23b080ea45a4303e6781ca,Contracts,,True,confirmed
DHS_FY2026P10_c:FY2026P01-P10_070_TAS_Contracts_AccountBreakdownByAward_2026-09-15_H22M13S36_01.csv:row:196971,DHS_FY2026P10_c/extracted/FY2026P01-P10_070_TAS_Contracts_AccountBreakdownByAward_2026-09-15_H22M13S36_01.csv,196971,25.4,070-0540,FY2026P04,,70CDCR25FR0000013,70CDCR20D00000008,7012,CONT_AWD_70CDCR25FR0000013_7012_70CDCR20D00000008_7012,8,AWARD:d7be545367e513ce6b3280f9,Contracts,,True,confirmed
DHS_FY2026P10_c:FY2026P01-P10_070_TAS_Contracts_AccountBreakdownByAward_2026-09-15_H22M13S36_01.csv:row:196974,DHS_FY2026P10_c/extracted/FY2026P01-P10_070_TAS_Contracts_AccountBreakdownByAward_2026-09-15_H22M13S36_01.csv,196974,25.4,070-0540,FY2026P05,,70CDCR25FR0000013,70CDCR20D00000008,7012,CONT_AWD_70CDCR25FR0000013_7012_70CDCR20D00000008_7012,8,AWARD:52ff95642d39cbd709dfa87b,Contracts,,True,confirmed
DHS_FY2026P10_c:FY2026P01-P10_070_TAS_Contracts_AccountBreakdownByAward_2026-09-15_H22M13S36_01.csv:row:196980,DHS_FY2026P10_c/extracted/FY2026P01-P10_070_TAS_Contracts_AccountBreakdownByAward_2026-09-15_H22M13S36_01.csv,196980,25.4,070-0540,FY2026P10,,70CDCR25FR0000013,70CDCR20D00000008,7012,CONT_AWD_70CDCR25FR0000013_7012_70CDCR20D00000008_7012,8,AWARD:ca4e5821df79e58099e315f0,Contracts,,True,confirmed
DHS_FY2026P10_c:FY2026P01-P10_070_TAS_Contracts_AccountBreakdownByAward_2026-09-15_H22M13S36_01.csv:row:196984,DHS_FY2026P10_c/extracted/FY2026P01-P10_070_TAS_Contracts_AccountBreakdownByAward_2026-09-15_H22M13S36_01.csv,196984,25.4,070-0540,FY2026P10,,70CDCR25FR0000013,70CDCR20D00000008,7012,CONT_AWD_70CDCR25FR0000013_7012_70CDCR20D00000008_7012,8,AWARD:ca4e5821df79e58099e315f0,Contracts,,True,confirmed
DHS_FY2026P10_c:FY2026P01-P10_070_TAS_Contracts_AccountBreakdownByAward_2026-09-15_H22M13S36_01.csv:row:196988,DHS_FY2026P10_c/extracted/FY2026P01-P10_070_TAS_Contracts_AccountBreakdownByAward_2026-09-15_H22M13S36_01.csv,196988,25.4,070-0540,FY2026P06,,70CDCR25FR0000013,70CDCR20D00000008,7012,CONT_AWD_70CDCR25FR0000013_7012_70CDCR20D00000008_7012,8,AWARD:1f20ffcef369427a273c9f40,Contracts,,True,confirmed
DHS_FY2026P10_c:FY2026P01-P10_070_TAS_Contracts_AccountBreakdownByAward_2026-09-15_H22M13S36_01.csv:row:196991,DHS_FY2026P10_c/extracted/FY2026P01-P10_070_TAS_Contracts_AccountBreakdownByAward_2026-09-15_H22M13S36_01.csv,196991,25.4,070-0540,FY2026P09,,70CDCR25FR0000013,70CDCR20D00000008,7012,CONT_AWD_70CDCR25FR0000013_7012_70CDCR20D00000008_7012,8,AWARD:e97e918c4b89b77c81db7927,Contracts,,True,confirmed
DHS_FY2026P10_c:FY2026P01-P10_070_TAS_Contracts_AccountBreakdownByAward_2026-09-15_H22M13S36_01.csv:row:196995,DHS_FY2026P10_c/extracted/FY2026P01-P10_070_TAS_Contracts_AccountBreakdownByAward_2026-09-15_H22M13S36_01.csv,196995,25.4,070-0540,FY2026P09,,70CDCR25FR0000013,70CDCR20D00000008,7012,CONT_AWD_70CDCR25FR0000013_7012_70CDCR20D00000008_7012,8,AWARD:e97e918c4b89b77c81db7927,Contracts,,True,confirmed
DHS_FY2026P10_c:FY2026P01-P10_070_TAS_Contracts_AccountBreakdownByAward_2026-09-15_H22M13S36_01.csv:row:197001,DHS_FY2026P10_c/extracted/FY2026P01-P10_070_TAS_Contracts_AccountBreakdownByAward_2026-09-15_H22M13S36_01.csv,197001,25.4,070-0540,FY2026P04,15215560.00,70CDCR25FR0000013,70CDCR20D00000008,7012,CONT_AWD_70CDCR25FR0000013_7012_70CDCR20D00000008_7012,8,AWARD:d7be545367e513ce6b3280f9,Contracts,15215560.00,False,confirmed
DHS_FY2026P10_c:FY2026P01-P10_070_TAS_Contracts_AccountBreakdownByAward_2026-09-15_H22M13S36_01.csv:row:197004,DHS_FY2026P10_c/extracted/FY2026P01-P10_070_TAS_Contracts_AccountBreakdownByAward_2026-09-15_H22M13S36_01.csv,197004,25.4,070-0540,FY2026P06,,70CDCR25FR0000013,70CDCR20D00000008,7012,CONT_AWD_70CDCR25FR0000013_7012_70CDCR20D00000008_7012,8,AWARD:1f20ffcef369427a273c9f40,Contracts,,True,confirmed
DHS_FY2026P10_c:FY2026P01-P10_070_TAS_Contracts_AccountBreakdownByAward_2026-09-15_H22M13S36_01.csv:row:202504,DHS_FY2026P10_c/extracted/FY2026P01-P10_070_TAS_Contracts_AccountBreakdownByAward_2026-09-15_H22M13S36_01.csv,202504,25.4,070-0540,FY2026P06,,70CDCR25FR0000091,70CDCR20D00000012,7012,CONT_AWD_70CDCR25FR0000091_7012_70CDCR20D00000012_7012,,,Contracts,,True,outside_pilot
DHS_FY2026P10_c:FY2026P01-P10_070_TAS_Contracts_AccountBreakdownByAward_2026-09-15_H22M13S36_01.csv:row:202509,DHS_FY2026P10_c/extracted/FY2026P01-P10_070_TAS_Contracts_AccountBreakdownByAward_2026-09-15_H22M13S36_01.csv,202509,25.4,070-0540,FY2026P06,9742000.00,70CDCR25FR0000091,70CDCR20D00000012,7012,CONT_AWD_70CDCR25FR0000091_7012_70CDCR20D00000012_7012,,,Contracts,9742000.00,False,outside_pilot
DHS_FY2026P10_c:FY2026P01-P10_070_TAS_Contracts_AccountBreakdownByAward_2026-09-15_H22M13S36_01.csv:row:202511,DHS_FY2026P10_c/extracted/FY2026P01-P10_070_TAS_Contracts_AccountBreakdownByAward_2026-09-15_H22M13S36_01.csv,202511,25.4,070-0540,FY2026P04,,70CDCR25FR0000091,70CDCR20D00000012,7012,CONT_AWD_70CDCR25FR0000091_7012_70CDCR20D00000012_7012,,,Contracts,,True,outside_pilot
DHS_FY2026P10_c:FY2026P01-P10_070_TAS_Contracts_AccountBreakdownByAward_2026-09-15_H22M13S36_01.csv:row:202513,DHS_FY2026P10_c/extracted/FY2026P01-P10_070_TAS_Contracts_AccountBreakdownByAward_2026-09-15_H22M13S36_01.csv,202513,25.4,070-0540,FY2026P05,,70CDCR25FR0000091,70CDCR20D00000012,7012,CONT_AWD_70CDCR25FR0000091_7012_70CDCR20D00000012_7012,,,Contracts,,True,outside_pilot
DHS_FY2026P10_c:FY2026P01-P10_070_TAS_Contracts_AccountBreakdownByAward_2026-09-15_H22M13S36_01.csv:row:202518,DHS_FY2026P10_c/extracted/FY2026P01-P10_070_TAS_Contracts_AccountBreakdownByAward_2026-09-15_H22M13S36_01.csv,202518,25.4,070-0540,FY2026P07,,70CDCR25FR0000091,70CDCR20D00000012,7012,CONT_AWD_70CDCR25FR0000091_7012_70CDCR20D00000012_7012,,,Contracts,,True,outside_pilot
DHS_FY2026P10_c:FY2026P01-P10_070_TAS_Contracts_AccountBreakdownByAward_2026-09-15_H22M13S36_01.csv:row:202520,DHS_FY2026P10_c/extracted/FY2026P01-P10_070_TAS_Contracts_AccountBreakdownByAward_2026-09-15_H22M13S36_01.csv,202520,25.4,070-0540,FY2026P02,,70CDCR25FR0000091,70CDCR20D00000012,7012,CONT_AWD_70CDCR25FR0000091_7012_70CDCR20D00000012_7012,,,Contracts,,True,outside_pilot
DHS_FY2026P10_c:FY2026P01-P10_070_TAS_Contracts_AccountBreakdownByAward_2026-09-15_H22M13S36_01.csv:row:202523,DHS_FY2026P10_c/extracted/FY2026P01-P10_070_TAS_Contracts_AccountBreakdownByAward_2026-09-15_H22M13S36_01.csv,202523,25.4,070-0540,FY2026P04,,70CDCR25FR0000091,70CDCR20D00000012,7012,CONT_AWD_70CDCR25FR0000091_7012_70CDCR20D00000012_7012,,,Contracts,,True,outside_pilot
DHS_FY2026P10_c:FY2026P01-P10_070_TAS_Contracts_AccountBreakdownByAward_2026-09-15_H22M13S36_01.csv:row:202524,DHS_FY2026P10_c/extracted/FY2026P01-P10_070_TAS_Contracts_AccountBreakdownByAward_2026-09-15_H22M13S36_01.csv,202524,25.4,070-0540,FY2026P07,,70CDCR25FR0000091,70CDCR20D00000012,7012,CONT_AWD_70CDCR25FR0000091_7012_70CDCR20D00000012_7012,,,Contracts,,True,outside_pilot
DHS_FY2026P10_c:FY2026P01-P10_070_TAS_Contracts_AccountBreakdownByAward_2026-09-15_H22M13S36_01.csv:row:202530,DHS_FY2026P10_c/extracted/FY2026P01-P10_070_TAS_Contracts_AccountBreakdownByAward_2026-09-15_H22M13S36_01.csv,202530,25.4,070-0540,FY2026P02,15127573.40,70CDCR25FR0000091,70CDCR20D00000012,7012,CONT_AWD_70CDCR25FR0000091_7012_70CDCR20D00000012_7012,,,Contracts,15127573.40,False,outside_pilot
DHS_FY2026P10_c:FY2026P01-P10_070_TAS_Contracts_AccountBreakdownByAward_2026-09-15_H22M13S36_01.csv:row:202534,DHS_FY2026P10_c/extracted/FY2026P01-P10_070_TAS_Contracts_AccountBreakdownByAward_2026-09-15_H22M13S36_01.csv,202534,25.4,070-0540,FY2026P10,,70CDCR25FR0000091,70CDCR20D00000012,7012,CONT_AWD_70CDCR25FR0000091_7012_70CDCR20D00000012_7012,,,Contracts,,True,outside_pilot
DHS_FY2026P10_c:FY2026P01-P10_070_TAS_Contracts_AccountBreakdownByAward_2026-09-15_H22M13S36_01.csv:row:202537,DHS_FY2026P10_c/extracted/FY2026P01-P10_070_TAS_Contracts_AccountBreakdownByAward_2026-09-15_H22M13S36_01.csv,202537,25.4,070-0540,FY2026P10,,70CDCR25FR0000091,70CDCR20D00000012,7012,CONT_AWD_70CDCR25FR0000091_7012_70CDCR20D00000012_7012,,,Contracts,,True,outside_pilot
DHS_FY2026P10_c:FY2026P01-P10_070_TAS_Contracts_AccountBreakdownByAward_2026-09-15_H22M13S36_01.csv:row:202539,DHS_FY2026P10_c/extracted/FY2026P01-P10_070_TAS_Contracts_AccountBreakdownByAward_2026-09-15_H22M13S36_01.csv,202539,25.4,070-0540,FY2026P10,,70CDCR25FR0000091,70CDCR20D00000012,7012,CONT_AWD_70CDCR25FR0000091_7012_70CDCR20D00000012_7012,,,Contracts,,True,outside_pilot
DHS_FY2026P10_c:FY2026P01-P10_070_TAS_Contracts_AccountBreakdownByAward_2026-09-15_H22M13S36_01.csv:row:202541,DHS_FY2026P10_c/extracted/FY2026P01-P10_070_TAS_Contracts_AccountBreakdownByAward_2026-09-15_H22M13S36_01.csv,202541,25.4,070-0540,FY2026P10,15355357.18,70CDCR25FR0000091,70CDCR20D00000012,7012,CONT_AWD_70CDCR25FR0000091_7012_70CDCR20D00000012_7012,,,Contracts,15355357.18,False,outside_pilot
DHS_FY2026P10_c:FY2026P01-P10_070_TAS_Contracts_AccountBreakdownByAward_2026-09-15_H22M13S36_01.csv:row:202542,DHS_FY2026P10_c/extracted/FY2026P01-P10_070_TAS_Contracts_AccountBreakdownByAward_2026-09-15_H22M13S36_01.csv,202542,25.4,070-0540,FY2026P02,,70CDCR25FR0000091,70CDCR20D00000012,7012,CONT_AWD_70CDCR25FR0000091_7012_70CDCR20D00000012_7012,,,Contracts,,True,outside_pilot
DHS_FY2026P10_c:FY2026P01-P10_070_TAS_Contracts_AccountBreakdownByAward_2026-09-15_H22M13S36_01.csv:row:202546,DHS_FY2026P10_c/extracted/FY2026P01-P10_070_TAS_Contracts_AccountBreakdownByAward_2026-09-15_H22M13S36_01.csv,202546,25.4,070-0540,FY2026P03,,70CDCR25FR0000091,70CDCR20D00000012,7012,CONT_AWD_70CDCR25FR0000091_7012_70CDCR20D00000012_7012,,,Contracts,,True,outside_pilot
DHS_FY2026P10_c:FY2026P01-P10_070_TAS_Contracts_AccountBreakdownByAward_2026-09-15_H22M13S36_01.csv:row:202548,DHS_FY2026P10_c/extracted/FY2026P01-P10_070_TAS_Contracts_AccountBreakdownByAward_2026-09-15_H22M13S36_01.csv,202548,25.4,070-0540,FY2026P03,,70CDCR25FR0000091,70CDCR20D00000012,7012,CONT_AWD_70CDCR25FR0000091_7012_70CDCR20D00000012_7012,,,Contracts,,True,outside_pilot
DHS_FY2026P10_c:FY2026P01-P10_070_TAS_Contracts_AccountBreakdownByAward_2026-09-15_H22M13S36_01.csv:row:202553,DHS_FY2026P10_c/extracted/FY2026P01-P10_070_TAS_Contracts_AccountBreakdownByAward_2026-09-15_H22M13S36_01.csv,202553,25.4,070-0540,FY2026P08,,70CDCR25FR0000091,70CDCR20D00000012,7012,CONT_AWD_70CDCR25FR0000091_7012_70CDCR20D00000012_7012,,,Contracts,,True,outside_pilot
DHS_FY2026P10_c:FY2026P01-P10_070_TAS_Contracts_AccountBreakdownByAward_2026-09-15_H22M13S36_01.csv:row:202556,DHS_FY2026P10_c/extracted/FY2026P01-P10_070_TAS_Contracts_AccountBreakdownByAward_2026-09-15_H22M13S36_01.csv,202556,25.4,070-0540,FY2026P08,,70CDCR25FR0000091,70CDCR20D00000012,7012,CONT_AWD_70CDCR25FR0000091_7012_70CDCR20D00000012_7012,,,Contracts,,True,outside_pilot
DHS_FY2026P10_c:FY2026P01-P10_070_TAS_Contracts_AccountBreakdownByAward_2026-09-15_H22M13S36_01.csv:row:202562,DHS_FY2026P10_c/extracted/FY2026P01-P10_070_TAS_Contracts_AccountBreakdownByAward_2026-09-15_H22M13S36_01.csv,202562,25.4,070-0540,FY2026P06,,70CDCR25FR0000091,70CDCR20D00000012,7012,CONT_AWD_70CDCR25FR0000091_7012_70CDCR20D00000012_7012,,,Contracts,,True,outside_pilot
DHS_FY2026P10_c:FY2026P01-P10_070_TAS_Contracts_AccountBreakdownByAward_2026-09-15_H22M13S36_01.csv:row:202565,DHS_FY2026P10_c/extracted/FY2026P01-P10_070_TAS_Contracts_AccountBreakdownByAward_2026-09-15_H22M13S36_01.csv,202565,25.4,070-0540,FY2026P09,,70CDCR25FR0000091,70CDCR20D00000012,7012,CONT_AWD_70CDCR25FR0000091_7012_70CDCR20D00000012_7012,,,Contracts,,True,outside_pilot
DHS_FY2026P10_c:FY2026P01-P10_070_TAS_Contracts_AccountBreakdownByAward_2026-09-15_H22M13S36_01.csv:row:202568,DHS_FY2026P10_c/extracted/FY2026P01-P10_070_TAS_Contracts_AccountBreakdownByAward_2026-09-15_H22M13S36_01.csv,202568,25.4,070-0540,FY2026P09,,70CDCR25FR0000091,70CDCR20D00000012,7012,CONT_AWD_70CDCR25FR0000091_7012_70CDCR20D00000012_7012,,,Contracts,,True,outside_pilot
DHS_FY2026P10_c:FY2026P01-P10_070_TAS_Contracts_AccountBreakdownByAward_2026-09-15_H22M13S36_01.csv:row:202571,DHS_FY2026P10_c/extracted/FY2026P01-P10_070_TAS_Contracts_AccountBreakdownByAward_2026-09-15_H22M13S36_01.csv,202571,25.4,070-0540,FY2026P05,,70CDCR25FR0000091,70CDCR20D00000012,7012,CONT_AWD_70CDCR25FR0000091_7012_70CDCR20D00000012_7012,,,Contracts,,True,outside_pilot
DHS_FY2026P10_c:FY2026P01-P10_070_TAS_Contracts_AccountBreakdownByAward_2026-09-15_H22M13S36_01.csv:row:203112,DHS_FY2026P10_c/extracted/FY2026P01-P10_070_TAS_Contracts_AccountBreakdownByAward_2026-09-15_H22M13S36_01.csv,203112,25.4,070-0540,FY2026P08,,70CDCR26FR0000001,N0002325D0004,7012,CONT_AWD_70CDCR26FR0000001_7012_N0002325D0004_9700,5,AWARD:cd86d708ab92dd0c7077ad3a,Contracts,,True,confirmed
DHS_FY2026P10_c:FY2026P01-P10_070_TAS_Contracts_AccountBreakdownByAward_2026-09-15_H22M13S36_01.csv:row:203113,DHS_FY2026P10_c/extracted/FY2026P01-P10_070_TAS_Contracts_AccountBreakdownByAward_2026-09-15_H22M13S36_01.csv,203113,25.4,070-0540,FY2026P03,,70CDCR26FR0000001,N0002325D0004,7012,CONT_AWD_70CDCR26FR0000001_7012_N0002325D0004_9700,5,AWARD:e62eb2e6b35ea0b1864c2274,Contracts,,True,confirmed
DHS_FY2026P10_c:FY2026P01-P10_070_TAS_Contracts_AccountBreakdownByAward_2026-09-15_H22M13S36_01.csv:row:203114,DHS_FY2026P10_c/extracted/FY2026P01-P10_070_TAS_Contracts_AccountBreakdownByAward_2026-09-15_H22M13S36_01.csv,203114,25.4,070-0540,FY2026P02,598444871.04,70CDCR26FR0000001,N0002325D0004,7012,CONT_AWD_70CDCR26FR0000001_7012_N0002325D0004_9700,5,AWARD:ca684acf2df27a3d6979c356,Contracts,598444871.04,False,confirmed
DHS_FY2026P10_c:FY2026P01-P10_070_TAS_Contracts_AccountBreakdownByAward_2026-09-15_H22M13S36_01.csv:row:203115,DHS_FY2026P10_c/extracted/FY2026P01-P10_070_TAS_Contracts_AccountBreakdownByAward_2026-09-15_H22M13S36_01.csv,203115,25.4,070-0540,FY2026P07,,70CDCR26FR0000001,N0002325D0004,7012,CONT_AWD_70CDCR26FR0000001_7012_N0002325D0004_9700,5,AWARD:5b435eb022f2a9175467bc2a,Contracts,,True,confirmed
DHS_FY2026P10_c:FY2026P01-P10_070_TAS_Contracts_AccountBreakdownByAward_2026-09-15_H22M13S36_01.csv:row:203116,DHS_FY2026P10_c/extracted/FY2026P01-P10_070_TAS_Contracts_AccountBreakdownByAward_2026-09-15_H22M13S36_01.csv,203116,25.4,070-0540,FY2026P05,,70CDCR26FR0000001,N0002325D0004,7012,CONT_AWD_70CDCR26FR0000001_7012_N0002325D0004_9700,5,AWARD:9a4d6a0d309c522df807eb10,Contracts,,True,confirmed
DHS_FY2026P10_c:FY2026P01-P10_070_TAS_Contracts_AccountBreakdownByAward_2026-09-15_H22M13S36_01.csv:row:203117,DHS_FY2026P10_c/extracted/FY2026P01-P10_070_TAS_Contracts_AccountBreakdownByAward_2026-09-15_H22M13S36_01.csv,203117,25.4,070-0540,FY2026P10,,70CDCR26FR0000001,N0002325D0004,7012,CONT_AWD_70CDCR26FR0000001_7012_N0002325D0004_9700,5,AWARD:4754f3ec63942f4d7c7be2cc,Contracts,,True,confirmed
DHS_FY2026P10_c:FY2026P01-P10_070_TAS_Contracts_AccountBreakdownByAward_2026-09-15_H22M13S36_01.csv:row:203118,DHS_FY2026P10_c/extracted/FY2026P01-P10_070_TAS_Contracts_AccountBreakdownByAward_2026-09-15_H22M13S36_01.csv,203118,25.4,070-0540,FY2026P04,,70CDCR26FR0000001,N0002325D0004,7012,CONT_AWD_70CDCR26FR0000001_7012_N0002325D0004_9700,5,AWARD:e60176ccf40e830a1560609e,Contracts,,True,confirmed
DHS_FY2026P10_c:FY2026P01-P10_070_TAS_Contracts_AccountBreakdownByAward_2026-09-15_H22M13S36_01.csv:row:203119,DHS_FY2026P10_c/extracted/FY2026P01-P10_070_TAS_Contracts_AccountBreakdownByAward_2026-09-15_H22M13S36_01.csv,203119,25.4,070-0540,FY2026P06,,70CDCR26FR0000001,N0002325D0004,7012,CONT_AWD_70CDCR26FR0000001_7012_N0002325D0004_9700,5,AWARD:c0e47cca36e3224517c4dcee,Contracts,,True,confirmed
DHS_FY2026P10_c:FY2026P01-P10_070_TAS_Contracts_AccountBreakdownByAward_2026-09-15_H22M13S36_01.csv:row:203120,DHS_FY2026P10_c/extracted/FY2026P01-P10_070_TAS_Contracts_AccountBreakdownByAward_2026-09-15_H22M13S36_01.csv,203120,25.4,070-0540,FY2026P09,,70CDCR26FR0000001,N0002325D0004,7012,CONT_AWD_70CDCR26FR0000001_7012_N0002325D0004_9700,5,AWARD:da30a67d90581d84358b59e0,Contracts,,True,confirmed
DHS_FY2026P10_c:FY2026P01-P10_070_TAS_Contracts_AccountBreakdownByAward_2026-09-15_H22M13S36_01.csv:row:205021,DHS_FY2026P10_c/extracted/FY2026P01-P10_070_TAS_Contracts_AccountBreakdownByAward_2026-09-15_H22M13S36_01.csv,205021,25.4,070-0540,FY2026P04,25098591.00,70CDCR25FR0000097,HSCEDM17D00009,7012,CONT_AWD_70CDCR25FR0000097_7012_HSCEDM17D00009_7012,,,Contracts,25098591.00,False,outside_pilot
DHS_FY2026P10_c:FY2026P01-P10_070_TAS_Contracts_AccountBreakdownByAward_2026-09-15_H22M13S36_01.csv:row:205023,DHS_FY2026P10_c/extracted/FY2026P01-P10_070_TAS_Contracts_AccountBreakdownByAward_2026-09-15_H22M13S36_01.csv,205023,25.4,070-0540,FY2026P04,,70CDCR25FR0000097,HSCEDM17D00009,7012,CONT_AWD_70CDCR25FR0000097_7012_HSCEDM17D00009_7012,,,Contracts,,True,outside_pilot
DHS_FY2026P10_c:FY2026P01-P10_070_TAS_Contracts_AccountBreakdownByAward_2026-09-15_H22M13S36_01.csv:row:205024,DHS_FY2026P10_c/extracted/FY2026P01-P10_070_TAS_Contracts_AccountBreakdownByAward_2026-09-15_H22M13S36_01.csv,205024,25.4,070-0540,FY2026P05,,70CDCR25FR0000097,HSCEDM17D00009,7012,CONT_AWD_70CDCR25FR0000097_7012_HSCEDM17D00009_7012,,,Contracts,,True,outside_pilot
DHS_FY2026P10_c:FY2026P01-P10_070_TAS_Contracts_AccountBreakdownByAward_2026-09-15_H22M13S36_01.csv:row:205027,DHS_FY2026P10_c/extracted/FY2026P01-P10_070_TAS_Contracts_AccountBreakdownByAward_2026-09-15_H22M13S36_01.csv,205027,25.4,070-0540,FY2026P08,,70CDCR25FR0000097,HSCEDM17D00009,7012,CONT_AWD_70CDCR25FR0000097_7012_HSCEDM17D00009_7012,,,Contracts,,True,outside_pilot
DHS_FY2026P10_c:FY2026P01-P10_070_TAS_Contracts_AccountBreakdownByAward_2026-09-15_H22M13S36_01.csv:row:205028,DHS_FY2026P10_c/extracted/FY2026P01-P10_070_TAS_Contracts_AccountBreakdownByAward_2026-09-15_H22M13S36_01.csv,205028,25.4,070-0540,FY2026P08,2000000.00,70CDCR25FR0000097,HSCEDM17D00009,7012,CONT_AWD_70CDCR25FR0000097_7012_HSCEDM17D00009_7012,,,Contracts,2000000.00,False,outside_pilot
DHS_FY2026P10_c:FY2026P01-P10_070_TAS_Contracts_AccountBreakdownByAward_2026-09-15_H22M13S36_01.csv:row:205029,DHS_FY2026P10_c/extracted/FY2026P01-P10_070_TAS_Contracts_AccountBreakdownByAward_2026-09-15_H22M13S36_01.csv,205029,25.4,070-0540,FY2026P08,,70CDCR25FR0000097,HSCEDM17D00009,7012,CONT_AWD_70CDCR25FR0000097_7012_HSCEDM17D00009_7012,,,Contracts,,True,outside_pilot
DHS_FY2026P10_c:FY2026P01-P10_070_TAS_Contracts_AccountBreakdownByAward_2026-09-15_H22M13S36_01.csv:row:205031,DHS_FY2026P10_c/extracted/FY2026P01-P10_070_TAS_Contracts_AccountBreakdownByAward_2026-09-15_H22M13S36_01.csv,205031,25.4,070-0540,FY2026P02,,70CDCR25FR0000097,HSCEDM17D00009,7012,CONT_AWD_70CDCR25FR0000097_7012_HSCEDM17D00009_7012,,,Contracts,,True,outside_pilot
DHS_FY2026P10_c:FY2026P01-P10_070_TAS_Contracts_AccountBreakdownByAward_2026-09-15_H22M13S36_01.csv:row:205032,DHS_FY2026P10_c/extracted/FY2026P01-P10_070_TAS_Contracts_AccountBreakdownByAward_2026-09-15_H22M13S36_01.csv,205032,25.4,070-0540,FY2026P03,,70CDCR25FR0000097,HSCEDM17D00009,7012,CONT_AWD_70CDCR25FR0000097_7012_HSCEDM17D00009_7012,,,Contracts,,True,outside_pilot
DHS_FY2026P10_c:FY2026P01-P10_070_TAS_Contracts_AccountBreakdownByAward_2026-09-15_H22M13S36_01.csv:row:205033,DHS_FY2026P10_c/extracted/FY2026P01-P10_070_TAS_Contracts_AccountBreakdownByAward_2026-09-15_H22M13S36_01.csv,205033,25.4,070-0540,FY2026P03,,70CDCR25FR0000097,HSCEDM17D00009,7012,CONT_AWD_70CDCR25FR0000097_7012_HSCEDM17D00009_7012,,,Contracts,,True,outside_pilot
DHS_FY2026P10_c:FY2026P01-P10_070_TAS_Contracts_AccountBreakdownByAward_2026-09-15_H22M13S36_01.csv:row:205035,DHS_FY2026P10_c/extracted/FY2026P01-P10_070_TAS_Contracts_AccountBreakdownByAward_2026-09-15_H22M13S36_01.csv,205035,25.4,070-0540,FY2026P03,,70CDCR25FR0000097,HSCEDM17D00009,7012,CONT_AWD_70CDCR25FR0000097_7012_HSCEDM17D00009_7012,,,Contracts,,True,outside_pilot
DHS_FY2026P10_c:FY2026P01-P10_070_TAS_Contracts_AccountBreakdownByAward_2026-09-15_H22M13S36_01.csv:row:205037,DHS_FY2026P10_c/extracted/FY2026P01-P10_070_TAS_Contracts_AccountBreakdownByAward_2026-09-15_H22M13S36_01.csv,205037,25.4,070-0540,FY2026P05,,70CDCR25FR0000097,HSCEDM17D00009,7012,CONT_AWD_70CDCR25FR0000097_7012_HSCEDM17D00009_7012,,,Contracts,,True,outside_pilot
DHS_FY2026P10_c:FY2026P01-P10_070_TAS_Contracts_AccountBreakdownByAward_2026-09-15_H22M13S36_01.csv:row:205038,DHS_FY2026P10_c/extracted/FY2026P01-P10_070_TAS_Contracts_AccountBreakdownByAward_2026-09-15_H22M13S36_01.csv,205038,25.4,070-0540,FY2026P05,,70CDCR25FR0000097,HSCEDM17D00009,7012,CONT_AWD_70CDCR25FR0000097_7012_HSCEDM17D00009_7012,,,Contracts,,True,outside_pilot
DHS_FY2026P10_c:FY2026P01-P10_070_TAS_Contracts_AccountBreakdownByAward_2026-09-15_H22M13S36_01.csv:row:205039,DHS_FY2026P10_c/extracted/FY2026P01-P10_070_TAS_Contracts_AccountBreakdownByAward_2026-09-15_H22M13S36_01.csv,205039,25.4,070-0540,FY2026P07,,70CDCR25FR0000097,HSCEDM17D00009,7012,CONT_AWD_70CDCR25FR0000097_7012_HSCEDM17D00009_7012,,,Contracts,,True,outside_pilot
DHS_FY2026P10_c:FY2026P01-P10_070_TAS_Contracts_AccountBreakdownByAward_2026-09-15_H22M13S36_01.csv:row:205040,DHS_FY2026P10_c/extracted/FY2026P01-P10_070_TAS_Contracts_AccountBreakdownByAward_2026-09-15_H22M13S36_01.csv,205040,25.4,070-0540,FY2026P07,,70CDCR25FR0000097,HSCEDM17D00009,7012,CONT_AWD_70CDCR25FR0000097_7012_HSCEDM17D00009_7012,,,Contracts,,True,outside_pilot
DHS_FY2026P10_c:FY2026P01-P10_070_TAS_Contracts_AccountBreakdownByAward_2026-09-15_H22M13S36_01.csv:row:205041,DHS_FY2026P10_c/extracted/FY2026P01-P10_070_TAS_Contracts_AccountBreakdownByAward_2026-09-15_H22M13S36_01.csv,205041,25.4,070-0540,FY2026P07,,70CDCR25FR0000097,HSCEDM17D00009,7012,CONT_AWD_70CDCR25FR0000097_7012_HSCEDM17D00009_7012,,,Contracts,,True,outside_pilot
DHS_FY2026P10_c:FY2026P01-P10_070_TAS_Contracts_AccountBreakdownByAward_2026-09-15_H22M13S36_01.csv:row:205042,DHS_FY2026P10_c/extracted/FY2026P01-P10_070_TAS_Contracts_AccountBreakdownByAward_2026-09-15_H22M13S36_01.csv,205042,25.4,070-0540,FY2026P10,,70CDCR25FR0000097,HSCEDM17D00009,7012,CONT_AWD_70CDCR25FR0000097_7012_HSCEDM17D00009_7012,,,Contracts,,True,outside_pilot
DHS_FY2026P10_c:FY2026P01-P10_070_TAS_Contracts_AccountBreakdownByAward_2026-09-15_H22M13S36_01.csv:row:205044,DHS_FY2026P10_c/extracted/FY2026P01-P10_070_TAS_Contracts_AccountBreakdownByAward_2026-09-15_H22M13S36_01.csv,205044,25.4,070-0540,FY2026P10,,70CDCR25FR0000097,HSCEDM17D00009,7012,CONT_AWD_70CDCR25FR0000097_7012_HSCEDM17D00009_7012,,,Contracts,,True,outside_pilot
DHS_FY2026P10_c:FY2026P01-P10_070_TAS_Contracts_AccountBreakdownByAward_2026-09-15_H22M13S36_01.csv:row:205045,DHS_FY2026P10_c/extracted/FY2026P01-P10_070_TAS_Contracts_AccountBreakdownByAward_2026-09-15_H22M13S36_01.csv,205045,25.4,070-0540,FY2026P10,,70CDCR25FR0000097,HSCEDM17D00009,7012,CONT_AWD_70CDCR25FR0000097_7012_HSCEDM17D00009_7012,,,Contracts,,True,outside_pilot
DHS_FY2026P10_c:FY2026P01-P10_070_TAS_Contracts_AccountBreakdownByAward_2026-09-15_H22M13S36_01.csv:row:205047,DHS_FY2026P10_c/extracted/FY2026P01-P10_070_TAS_Contracts_AccountBreakdownByAward_2026-09-15_H22M13S36_01.csv,205047,25.4,070-0540,FY2026P04,,70CDCR25FR0000097,HSCEDM17D00009,7012,CONT_AWD_70CDCR25FR0000097_7012_HSCEDM17D00009_7012,,,Contracts,,True,outside_pilot
DHS_FY2026P10_c:FY2026P01-P10_070_TAS_Contracts_AccountBreakdownByAward_2026-09-15_H22M13S36_01.csv:row:205048,DHS_FY2026P10_c/extracted/FY2026P01-P10_070_TAS_Contracts_AccountBreakdownByAward_2026-09-15_H22M13S36_01.csv,205048,25.4,070-0540,FY2026P04,,70CDCR25FR0000097,HSCEDM17D00009,7012,CONT_AWD_70CDCR25FR0000097_7012_HSCEDM17D00009_7012,,,Contracts,,True,outside_pilot
DHS_FY2026P10_c:FY2026P01-P10_070_TAS_Contracts_AccountBreakdownByAward_2026-09-15_H22M13S36_01.csv:row:205049,DHS_FY2026P10_c/extracted/FY2026P01-P10_070_TAS_Contracts_AccountBreakdownByAward_2026-09-15_H22M13S36_01.csv,205049,25.4,070-0540,FY2026P06,,70CDCR25FR0000097,HSCEDM17D00009,7012,CONT_AWD_70CDCR25FR0000097_7012_HSCEDM17D00009_7012,,,Contracts,,True,outside_pilot
DHS_FY2026P10_c:FY2026P01-P10_070_TAS_Contracts_AccountBreakdownByAward_2026-09-15_H22M13S36_01.csv:row:205050,DHS_FY2026P10_c/extracted/FY2026P01-P10_070_TAS_Contracts_AccountBreakdownByAward_2026-09-15_H22M13S36_01.csv,205050,25.4,070-0540,FY2026P08,,70CDCR25FR0000097,HSCEDM17D00009,7012,CONT_AWD_70CDCR25FR0000097_7012_HSCEDM17D00009_7012,,,Contracts,,True,outside_pilot
DHS_FY2026P10_c:FY2026P01-P10_070_TAS_Contracts_AccountBreakdownByAward_2026-09-15_H22M13S36_01.csv:row:205052,DHS_FY2026P10_c/extracted/FY2026P01-P10_070_TAS_Contracts_AccountBreakdownByAward_2026-09-15_H22M13S36_01.csv,205052,25.4,070-0540,FY2026P06,,70CDCR25FR0000097,HSCEDM17D00009,7012,CONT_AWD_70CDCR25FR0000097_7012_HSCEDM17D00009_7012,,,Contracts,,True,outside_pilot
DHS_FY2026P10_c:FY2026P01-P10_070_TAS_Contracts_AccountBreakdownByAward_2026-09-15_H22M13S36_01.csv:row:205053,DHS_FY2026P10_c/extracted/FY2026P01-P10_070_TAS_Contracts_AccountBreakdownByAward_2026-09-15_H22M13S36_01.csv,205053,25.4,070-0540,FY2026P06,,70CDCR25FR0000097,HSCEDM17D00009,7012,CONT_AWD_70CDCR25FR0000097_7012_HSCEDM17D00009_7012,,,Contracts,,True,outside_pilot
DHS_FY2026P10_c:FY2026P01-P10_070_TAS_Contracts_AccountBreakdownByAward_2026-09-15_H22M13S36_01.csv:row:205055,DHS_FY2026P10_c/extracted/FY2026P01-P10_070_TAS_Contracts_AccountBreakdownByAward_2026-09-15_H22M13S36_01.csv,205055,25.4,070-0540,FY2026P09,,70CDCR25FR0000097,HSCEDM17D00009,7012,CONT_AWD_70CDCR25FR0000097_7012_HSCEDM17D00009_7012,,,Contracts,,True,outside_pilot
DHS_FY2026P10_c:FY2026P01-P10_070_TAS_Contracts_AccountBreakdownByAward_2026-09-15_H22M13S36_01.csv:row:205057,DHS_FY2026P10_c/extracted/FY2026P01-P10_070_TAS_Contracts_AccountBreakdownByAward_2026-09-15_H22M13S36_01.csv,205057,25.4,070-0540,FY2026P09,,70CDCR25FR0000097,HSCEDM17D00009,7012,CONT_AWD_70CDCR25FR0000097_7012_HSCEDM17D00009_7012,,,Contracts,,True,outside_pilot
DHS_FY2026P10_c:FY2026P01-P10_070_TAS_Contracts_AccountBreakdownByAward_2026-09-15_H22M13S36_01.csv:row:205058,DHS_FY2026P10_c/extracted/FY2026P01-P10_070_TAS_Contracts_AccountBreakdownByAward_2026-09-15_H22M13S36_01.csv,205058,25.4,070-0540,FY2026P09,,70CDCR25FR0000097,HSCEDM17D00009,7012,CONT_AWD_70CDCR25FR0000097_7012_HSCEDM17D00009_7012,,,Contracts,,True,outside_pilot
DHS_FY2026P10_c:FY2026P01-P10_070_TAS_Contracts_AccountBreakdownByAward_2026-09-15_H22M13S36_01.csv:row:207863,DHS_FY2026P10_c/extracted/FY2026P01-P10_070_TAS_Contracts_AccountBreakdownByAward_2026-09-15_H22M13S36_01.csv,207863,25.4,070-0540,FY2026P05,,70CDCR25FR0000041,DJJODT9C0001,7012,CONT_AWD_70CDCR25FR0000041_7012_DJJODT9C0001_1501,7,AWARD:24ef55e6f7800109875b2352,Contracts,,True,confirmed
DHS_FY2026P10_c:FY2026P01-P10_070_TAS_Contracts_AccountBreakdownByAward_2026-09-15_H22M13S36_01.csv:row:207864,DHS_FY2026P10_c/extracted/FY2026P01-P10_070_TAS_Contracts_AccountBreakdownByAward_2026-09-15_H22M13S36_01.csv,207864,25.4,070-0540,FY2026P02,,70CDCR25FR0000041,DJJODT9C0001,7012,CONT_AWD_70CDCR25FR0000041_7012_DJJODT9C0001_1501,7,AWARD:cd0c779d21a202edd98f2b49,Contracts,,True,confirmed
DHS_FY2026P10_c:FY2026P01-P10_070_TAS_Contracts_AccountBreakdownByAward_2026-09-15_H22M13S36_01.csv:row:207865,DHS_FY2026P10_c/extracted/FY2026P01-P10_070_TAS_Contracts_AccountBreakdownByAward_2026-09-15_H22M13S36_01.csv,207865,25.4,070-0540,FY2026P03,,70CDCR25FR0000041,DJJODT9C0001,7012,CONT_AWD_70CDCR25FR0000041_7012_DJJODT9C0001_1501,7,AWARD:af8d7fb0b7d20515a1304f62,Contracts,,True,confirmed
DHS_FY2026P10_c:FY2026P01-P10_070_TAS_Contracts_AccountBreakdownByAward_2026-09-15_H22M13S36_01.csv:row:207866,DHS_FY2026P10_c/extracted/FY2026P01-P10_070_TAS_Contracts_AccountBreakdownByAward_2026-09-15_H22M13S36_01.csv,207866,25.4,070-0540,FY2026P08,,70CDCR25FR0000041,DJJODT9C0001,7012,CONT_AWD_70CDCR25FR0000041_7012_DJJODT9C0001_1501,7,AWARD:1ea162a5fe9acfcdd14c3bc4,Contracts,,True,confirmed
DHS_FY2026P10_c:FY2026P01-P10_070_TAS_Contracts_AccountBreakdownByAward_2026-09-15_H22M13S36_01.csv:row:207867,DHS_FY2026P10_c/extracted/FY2026P01-P10_070_TAS_Contracts_AccountBreakdownByAward_2026-09-15_H22M13S36_01.csv,207867,25.4,070-0540,FY2026P08,,70CDCR25FR0000041,DJJODT9C0001,7012,CONT_AWD_70CDCR25FR0000041_7012_DJJODT9C0001_1501,7,AWARD:1ea162a5fe9acfcdd14c3bc4,Contracts,,True,confirmed
DHS_FY2026P10_c:FY2026P01-P10_070_TAS_Contracts_AccountBreakdownByAward_2026-09-15_H22M13S36_01.csv:row:207869,DHS_FY2026P10_c/extracted/FY2026P01-P10_070_TAS_Contracts_AccountBreakdownByAward_2026-09-15_H22M13S36_01.csv,207869,25.4,070-0540,FY2026P06,,70CDCR25FR0000041,DJJODT9C0001,7012,CONT_AWD_70CDCR25FR0000041_7012_DJJODT9C0001_1501,7,AWARD:300567c874a0e0f1f0dfc62c,Contracts,,True,confirmed
DHS_FY2026P10_c:FY2026P01-P10_070_TAS_Contracts_AccountBreakdownByAward_2026-09-15_H22M13S36_01.csv:row:207870,DHS_FY2026P10_c/extracted/FY2026P01-P10_070_TAS_Contracts_AccountBreakdownByAward_2026-09-15_H22M13S36_01.csv,207870,25.4,070-0540,FY2026P06,,70CDCR25FR0000041,DJJODT9C0001,7012,CONT_AWD_70CDCR25FR0000041_7012_DJJODT9C0001_1501,7,AWARD:300567c874a0e0f1f0dfc62c,Contracts,,True,confirmed
DHS_FY2026P10_c:FY2026P01-P10_070_TAS_Contracts_AccountBreakdownByAward_2026-09-15_H22M13S36_01.csv:row:207871,DHS_FY2026P10_c/extracted/FY2026P01-P10_070_TAS_Contracts_AccountBreakdownByAward_2026-09-15_H22M13S36_01.csv,207871,25.4,070-0540,FY2026P09,,70CDCR25FR0000041,DJJODT9C0001,7012,CONT_AWD_70CDCR25FR0000041_7012_DJJODT9C0001_1501,7,AWARD:8ec29f3f200a9df17559c3af,Contracts,,True,confirmed
DHS_FY2026P10_c:FY2026P01-P10_070_TAS_Contracts_AccountBreakdownByAward_2026-09-15_H22M13S36_01.csv:row:207872,DHS_FY2026P10_c/extracted/FY2026P01-P10_070_TAS_Contracts_AccountBreakdownByAward_2026-09-15_H22M13S36_01.csv,207872,25.4,070-0540,FY2026P09,,70CDCR25FR0000041,DJJODT9C0001,7012,CONT_AWD_70CDCR25FR0000041_7012_DJJODT9C0001_1501,7,AWARD:8ec29f3f200a9df17559c3af,Contracts,,True,confirmed
DHS_FY2026P10_c:FY2026P01-P10_070_TAS_Contracts_AccountBreakdownByAward_2026-09-15_H22M13S36_01.csv:row:207874,DHS_FY2026P10_c/extracted/FY2026P01-P10_070_TAS_Contracts_AccountBreakdownByAward_2026-09-15_H22M13S36_01.csv,207874,25.4,070-0540,FY2026P10,2600000.00,70CDCR25FR0000041,DJJODT9C0001,7012,CONT_AWD_70CDCR25FR0000041_7012_DJJODT9C0001_1501,7,AWARD:87a5e37573e120000e188c1e,Contracts,2600000.00,False,confirmed
DHS_FY2026P10_c:FY2026P01-P10_070_TAS_Contracts_AccountBreakdownByAward_2026-09-15_H22M13S36_01.csv:row:207875,DHS_FY2026P10_c/extracted/FY2026P01-P10_070_TAS_Contracts_AccountBreakdownByAward_2026-09-15_H22M13S36_01.csv,207875,25.4,070-0540,FY2026P10,,70CDCR25FR0000041,DJJODT9C0001,7012,CONT_AWD_70CDCR25FR0000041_7012_DJJODT9C0001_1501,7,AWARD:87a5e37573e120000e188c1e,Contracts,,True,confirmed
DHS_FY2026P10_c:FY2026P01-P10_070_TAS_Contracts_AccountBreakdownByAward_2026-09-15_H22M13S36_01.csv:row:207876,DHS_FY2026P10_c/extracted/FY2026P01-P10_070_TAS_Contracts_AccountBreakdownByAward_2026-09-15_H22M13S36_01.csv,207876,25.4,070-0540,FY2026P10,,70CDCR25FR0000041,DJJODT9C0001,7012,CONT_AWD_70CDCR25FR0000041_7012_DJJODT9C0001_1501,7,AWARD:87a5e37573e120000e188c1e,Contracts,,True,confirmed
DHS_FY2026P10_c:FY2026P01-P10_070_TAS_Contracts_AccountBreakdownByAward_2026-09-15_H22M13S36_01.csv:row:207878,DHS_FY2026P10_c/extracted/FY2026P01-P10_070_TAS_Contracts_AccountBreakdownByAward_2026-09-15_H22M13S36_01.csv,207878,25.4,070-0540,FY2026P08,3627200.00,70CDCR25FR0000041,DJJODT9C0001,7012,CONT_AWD_70CDCR25FR0000041_7012_DJJODT9C0001_1501,7,AWARD:1ea162a5fe9acfcdd14c3bc4,Contracts,3627200.00,False,confirmed
DHS_FY2026P10_c:FY2026P01-P10_070_TAS_Contracts_AccountBreakdownByAward_2026-09-15_H22M13S36_01.csv:row:207879,DHS_FY2026P10_c/extracted/FY2026P01-P10_070_TAS_Contracts_AccountBreakdownByAward_2026-09-15_H22M13S36_01.csv,207879,25.4,070-0540,FY2026P05,,70CDCR25FR0000041,DJJODT9C0001,7012,CONT_AWD_70CDCR25FR0000041_7012_DJJODT9C0001_1501,7,AWARD:24ef55e6f7800109875b2352,Contracts,,True,confirmed
DHS_FY2026P10_c:FY2026P01-P10_070_TAS_Contracts_AccountBreakdownByAward_2026-09-15_H22M13S36_01.csv:row:207880,DHS_FY2026P10_c/extracted/FY2026P01-P10_070_TAS_Contracts_AccountBreakdownByAward_2026-09-15_H22M13S36_01.csv,207880,25.4,070-0540,FY2026P07,4600000.00,70CDCR25FR0000041,DJJODT9C0001,7012,CONT_AWD_70CDCR25FR0000041_7012_DJJODT9C0001_1501,7,AWARD:6483e0ffeb1c1579bd56dd5f,Contracts,4600000.00,False,confirmed
DHS_FY2026P10_c:FY2026P01-P10_070_TAS_Contracts_AccountBreakdownByAward_2026-09-15_H22M13S36_01.csv:row:207881,DHS_FY2026P10_c/extracted/FY2026P01-P10_070_TAS_Contracts_AccountBreakdownByAward_2026-09-15_H22M13S36_01.csv,207881,25.4,070-0540,FY2026P04,,70CDCR25FR0000041,DJJODT9C0001,7012,CONT_AWD_70CDCR25FR0000041_7012_DJJODT9C0001_1501,7,AWARD:63e34527fa880eecb32b5bc1,Contracts,,True,confirmed
DHS_FY2026P10_c:FY2026P01-P10_070_TAS_Contracts_AccountBreakdownByAward_2026-09-15_H22M13S36_01.csv:row:207882,DHS_FY2026P10_c/extracted/FY2026P01-P10_070_TAS_Contracts_AccountBreakdownByAward_2026-09-15_H22M13S36_01.csv,207882,25.4,070-0540,FY2026P04,,70CDCR25FR0000041,DJJODT9C0001,7012,CONT_AWD_70CDCR25FR0000041_7012_DJJODT9C0001_1501,7,AWARD:63e34527fa880eecb32b5bc1,Contracts,,True,confirmed
DHS_FY2026P10_c:FY2026P01-P10_070_TAS_Contracts_AccountBreakdownByAward_2026-09-15_H22M13S36_01.csv:row:207883,DHS_FY2026P10_c/extracted/FY2026P01-P10_070_TAS_Contracts_AccountBreakdownByAward_2026-09-15_H22M13S36_01.csv,207883,25.4,070-0540,FY2026P04,8657900.00,70CDCR25FR0000041,DJJODT9C0001,7012,CONT_AWD_70CDCR25FR0000041_7012_DJJODT9C0001_1501,7,AWARD:63e34527fa880eecb32b5bc1,Contracts,8657900.00,False,confirmed
DHS_FY2026P10_c:FY2026P01-P10_070_TAS_Contracts_AccountBreakdownByAward_2026-09-15_H22M13S36_01.csv:row:207884,DHS_FY2026P10_c/extracted/FY2026P01-P10_070_TAS_Contracts_AccountBreakdownByAward_2026-09-15_H22M13S36_01.csv,207884,25.4,070-0540,FY2026P07,,70CDCR25FR0000041,DJJODT9C0001,7012,CONT_AWD_70CDCR25FR0000041_7012_DJJODT9C0001_1501,7,AWARD:6483e0ffeb1c1579bd56dd5f,Contracts,,True,confirmed
DHS_FY2026P10_c:FY2026P01-P10_070_TAS_Contracts_AccountBreakdownByAward_2026-09-15_H22M13S36_01.csv:row:207885,DHS_FY2026P10_c/extracted/FY2026P01-P10_070_TAS_Contracts_AccountBreakdownByAward_2026-09-15_H22M13S36_01.csv,207885,25.4,070-0540,FY2026P07,,70CDCR25FR0000041,DJJODT9C0001,7012,CONT_AWD_70CDCR25FR0000041_7012_DJJODT9C0001_1501,7,AWARD:6483e0ffeb1c1579bd56dd5f,Contracts,,True,confirmed
DHS_FY2026P10_c:FY2026P01-P10_070_TAS_Contracts_AccountBreakdownByAward_2026-09-15_H22M13S36_01.csv:row:208079,DHS_FY2026P10_c/extracted/FY2026P01-P10_070_TAS_Contracts_AccountBreakdownByAward_2026-09-15_H22M13S36_01.csv,208079,25.4,070-0540,FY2026P08,,70CDCR26FR0000007,70CDCR22D00000002,7012,CONT_AWD_70CDCR26FR0000007_7012_70CDCR22D00000002_7012,,,Contracts,,True,outside_pilot
DHS_FY2026P10_c:FY2026P01-P10_070_TAS_Contracts_AccountBreakdownByAward_2026-09-15_H22M13S36_01.csv:row:208081,DHS_FY2026P10_c/extracted/FY2026P01-P10_070_TAS_Contracts_AccountBreakdownByAward_2026-09-15_H22M13S36_01.csv,208081,25.4,070-0540,FY2026P04,9524602.00,70CDCR26FR0000007,70CDCR22D00000002,7012,CONT_AWD_70CDCR26FR0000007_7012_70CDCR22D00000002_7012,,,Contracts,9524602.00,False,outside_pilot
DHS_FY2026P10_c:FY2026P01-P10_070_TAS_Contracts_AccountBreakdownByAward_2026-09-15_H22M13S36_01.csv:row:208082,DHS_FY2026P10_c/extracted/FY2026P01-P10_070_TAS_Contracts_AccountBreakdownByAward_2026-09-15_H22M13S36_01.csv,208082,25.4,070-0540,FY2026P07,,70CDCR26FR0000007,70CDCR22D00000002,7012,CONT_AWD_70CDCR26FR0000007_7012_70CDCR22D00000002_7012,,,Contracts,,True,outside_pilot
DHS_FY2026P10_c:FY2026P01-P10_070_TAS_Contracts_AccountBreakdownByAward_2026-09-15_H22M13S36_01.csv:row:208083,DHS_FY2026P10_c/extracted/FY2026P01-P10_070_TAS_Contracts_AccountBreakdownByAward_2026-09-15_H22M13S36_01.csv,208083,25.4,070-0540,FY2026P06,,70CDCR26FR0000007,70CDCR22D00000002,7012,CONT_AWD_70CDCR26FR0000007_7012_70CDCR22D00000002_7012,,,Contracts,,True,outside_pilot
DHS_FY2026P10_c:FY2026P01-P10_070_TAS_Contracts_AccountBreakdownByAward_2026-09-15_H22M13S36_01.csv:row:208085,DHS_FY2026P10_c/extracted/FY2026P01-P10_070_TAS_Contracts_AccountBreakdownByAward_2026-09-15_H22M13S36_01.csv,208085,25.4,070-0540,FY2026P06,,70CDCR26FR0000007,70CDCR22D00000002,7012,CONT_AWD_70CDCR26FR0000007_7012_70CDCR22D00000002_7012,,,Contracts,,True,outside_pilot
DHS_FY2026P10_c:FY2026P01-P10_070_TAS_Contracts_AccountBreakdownByAward_2026-09-15_H22M13S36_01.csv:row:208087,DHS_FY2026P10_c/extracted/FY2026P01-P10_070_TAS_Contracts_AccountBreakdownByAward_2026-09-15_H22M13S36_01.csv,208087,25.4,070-0540,FY2026P09,,70CDCR26FR0000007,70CDCR22D00000002,7012,CONT_AWD_70CDCR26FR0000007_7012_70CDCR22D00000002_7012,,,Contracts,,True,outside_pilot
DHS_FY2026P10_c:FY2026P01-P10_070_TAS_Contracts_AccountBreakdownByAward_2026-09-15_H22M13S36_01.csv:row:208089,DHS_FY2026P10_c/extracted/FY2026P01-P10_070_TAS_Contracts_AccountBreakdownByAward_2026-09-15_H22M13S36_01.csv,208089,25.4,070-0540,FY2026P09,,70CDCR26FR0000007,70CDCR22D00000002,7012,CONT_AWD_70CDCR26FR0000007_7012_70CDCR22D00000002_7012,,,Contracts,,True,outside_pilot
DHS_FY2026P10_c:FY2026P01-P10_070_TAS_Contracts_AccountBreakdownByAward_2026-09-15_H22M13S36_01.csv:row:208090,DHS_FY2026P10_c/extracted/FY2026P01-P10_070_TAS_Contracts_AccountBreakdownByAward_2026-09-15_H22M13S36_01.csv,208090,25.4,070-0540,FY2026P05,,70CDCR26FR0000007,70CDCR22D00000002,7012,CONT_AWD_70CDCR26FR0000007_7012_70CDCR22D00000002_7012,,,Contracts,,True,outside_pilot
DHS_FY2026P10_c:FY2026P01-P10_070_TAS_Contracts_AccountBreakdownByAward_2026-09-15_H22M13S36_01.csv:row:208093,DHS_FY2026P10_c/extracted/FY2026P01-P10_070_TAS_Contracts_AccountBreakdownByAward_2026-09-15_H22M13S36_01.csv,208093,25.4,070-0540,FY2026P10,,70CDCR26FR0000007,70CDCR22D00000002,7012,CONT_AWD_70CDCR26FR0000007_7012_70CDCR22D00000002_7012,,,Contracts,,True,outside_pilot
DHS_FY2026P10_c:FY2026P01-P10_070_TAS_Contracts_AccountBreakdownByAward_2026-09-15_H22M13S36_01.csv:row:208095,DHS_FY2026P10_c/extracted/FY2026P01-P10_070_TAS_Contracts_AccountBreakdownByAward_2026-09-15_H22M13S36_01.csv,208095,25.4,070-0540,FY2026P10,,70CDCR26FR0000007,70CDCR22D00000002,7012,CONT_AWD_70CDCR26FR0000007_7012_70CDCR22D00000002_7012,,,Contracts,,True,outside_pilot
DHS_FY2026P10_c:FY2026P01-P10_070_TAS_Contracts_AccountBreakdownByAward_2026-09-15_H22M13S36_01.csv:row:208097,DHS_FY2026P10_c/extracted/FY2026P01-P10_070_TAS_Contracts_AccountBreakdownByAward_2026-09-15_H22M13S36_01.csv,208097,25.4,070-0540,FY2026P08,2810000.00,70CDCR26FR0000007,70CDCR22D00000002,7012,CONT_AWD_70CDCR26FR0000007_7012_70CDCR22D00000002_7012,,,Contracts,2810000.00,False,outside_pilot
DHS_FY2026P10_c:FY2026P01-P10_070_TAS_Contracts_AccountBreakdownByAward_2026-09-15_H22M13S36_01.csv:row:208099,DHS_FY2026P10_c/extracted/FY2026P01-P10_070_TAS_Contracts_AccountBreakdownByAward_2026-09-15_H22M13S36_01.csv,208099,25.4,070-0540,FY2026P08,,70CDCR26FR0000007,70CDCR22D00000002,7012,CONT_AWD_70CDCR26FR0000007_7012_70CDCR22D00000002_7012,,,Contracts,,True,outside_pilot
DHS_FY2026P10_c:FY2026P01-P10_070_TAS_Contracts_AccountBreakdownByAward_2026-09-15_H22M13S36_01.csv:row:208100,DHS_FY2026P10_c/extracted/FY2026P01-P10_070_TAS_Contracts_AccountBreakdownByAward_2026-09-15_H22M13S36_01.csv,208100,25.4,070-0540,FY2026P07,,70CDCR26FR0000007,70CDCR22D00000002,7012,CONT_AWD_70CDCR26FR0000007_7012_70CDCR22D00000002_7012,,,Contracts,,True,outside_pilot
DHS_FY2026P10_c:FY2026P01-P10_070_TAS_Contracts_AccountBreakdownByAward_2026-09-15_H22M13S36_01.csv:row:208103,DHS_FY2026P10_c/extracted/FY2026P01-P10_070_TAS_Contracts_AccountBreakdownByAward_2026-09-15_H22M13S36_01.csv,208103,25.4,070-0540,FY2026P06,14983800.00,70CDCR26FR0000007,70CDCR22D00000002,7012,CONT_AWD_70CDCR26FR0000007_7012_70CDCR22D00000002_7012,,,Contracts,14983800.00,False,outside_pilot
DHS_FY2026P10_c:FY2026P01-P10_070_TAS_Contracts_AccountBreakdownByAward_2026-09-15_H22M13S36_01.csv:row:210348,DHS_FY2026P10_c/extracted/FY2026P01-P10_070_TAS_Contracts_AccountBreakdownByAward_2026-09-15_H22M13S36_01.csv,210348,25.4,070-0540,FY2026P04,22832335.00,70CDCR25FR0000100,70CDCR21D00000004,7012,CONT_AWD_70CDCR25FR0000100_7012_70CDCR21D00000004_7012,,,Contracts,22832335.00,False,outside_pilot
DHS_FY2026P10_c:FY2026P01-P10_070_TAS_Contracts_AccountBreakdownByAward_2026-09-15_H22M13S36_01.csv:row:210349,DHS_FY2026P10_c/extracted/FY2026P01-P10_070_TAS_Contracts_AccountBreakdownByAward_2026-09-15_H22M13S36_01.csv,210349,25.4,070-0540,FY2026P06,,70CDCR25FR0000100,70CDCR21D00000004,7012,CONT_AWD_70CDCR25FR0000100_7012_70CDCR21D00000004_7012,,,Contracts,,True,outside_pilot
DHS_FY2026P10_c:FY2026P01-P10_070_TAS_Contracts_AccountBreakdownByAward_2026-09-15_H22M13S36_01.csv:row:210350,DHS_FY2026P10_c/extracted/FY2026P01-P10_070_TAS_Contracts_AccountBreakdownByAward_2026-09-15_H22M13S36_01.csv,210350,25.4,070-0540,FY2026P07,,70CDCR25FR0000100,70CDCR21D00000004,7012,CONT_AWD_70CDCR25FR0000100_7012_70CDCR21D00000004_7012,,,Contracts,,True,outside_pilot
DHS_FY2026P10_c:FY2026P01-P10_070_TAS_Contracts_AccountBreakdownByAward_2026-09-15_H22M13S36_01.csv:row:210351,DHS_FY2026P10_c/extracted/FY2026P01-P10_070_TAS_Contracts_AccountBreakdownByAward_2026-09-15_H22M13S36_01.csv,210351,25.4,070-0540,FY2026P04,,70CDCR25FR0000100,70CDCR21D00000004,7012,CONT_AWD_70CDCR25FR0000100_7012_70CDCR21D00000004_7012,,,Contracts,,True,outside_pilot
DHS_FY2026P10_c:FY2026P01-P10_070_TAS_Contracts_AccountBreakdownByAward_2026-09-15_H22M13S36_01.csv:row:210354,DHS_FY2026P10_c/extracted/FY2026P01-P10_070_TAS_Contracts_AccountBreakdownByAward_2026-09-15_H22M13S36_01.csv,210354,25.4,070-0540,FY2026P07,,70CDCR25FR0000100,70CDCR21D00000004,7012,CONT_AWD_70CDCR25FR0000100_7012_70CDCR21D00000004_7012,,,Contracts,,True,outside_pilot
DHS_FY2026P10_c:FY2026P01-P10_070_TAS_Contracts_AccountBreakdownByAward_2026-09-15_H22M13S36_01.csv:row:210355,DHS_FY2026P10_c/extracted/FY2026P01-P10_070_TAS_Contracts_AccountBreakdownByAward_2026-09-15_H22M13S36_01.csv,210355,25.4,070-0540,FY2026P08,,70CDCR25FR0000100,70CDCR21D00000004,7012,CONT_AWD_70CDCR25FR0000100_7012_70CDCR21D00000004_7012,,,Contracts,,True,outside_pilot
DHS_FY2026P10_c:FY2026P01-P10_070_TAS_Contracts_AccountBreakdownByAward_2026-09-15_H22M13S36_01.csv:row:210359,DHS_FY2026P10_c/extracted/FY2026P01-P10_070_TAS_Contracts_AccountBreakdownByAward_2026-09-15_H22M13S36_01.csv,210359,25.4,070-0540,FY2026P05,,70CDCR25FR0000100,70CDCR21D00000004,7012,CONT_AWD_70CDCR25FR0000100_7012_70CDCR21D00000004_7012,,,Contracts,,True,outside_pilot
DHS_FY2026P10_c:FY2026P01-P10_070_TAS_Contracts_AccountBreakdownByAward_2026-09-15_H22M13S36_01.csv:row:210360,DHS_FY2026P10_c/extracted/FY2026P01-P10_070_TAS_Contracts_AccountBreakdownByAward_2026-09-15_H22M13S36_01.csv,210360,25.4,070-0540,FY2026P05,,70CDCR25FR0000100,70CDCR21D00000004,7012,CONT_AWD_70CDCR25FR0000100_7012_70CDCR21D00000004_7012,,,Contracts,,True,outside_pilot
DHS_FY2026P10_c:FY2026P01-P10_070_TAS_Contracts_AccountBreakdownByAward_2026-09-15_H22M13S36_01.csv:row:210361,DHS_FY2026P10_c/extracted/FY2026P01-P10_070_TAS_Contracts_AccountBreakdownByAward_2026-09-15_H22M13S36_01.csv,210361,25.4,070-0540,FY2026P07,,70CDCR25FR0000100,70CDCR21D00000004,7012,CONT_AWD_70CDCR25FR0000100_7012_70CDCR21D00000004_7012,,,Contracts,,True,outside_pilot
DHS_FY2026P10_c:FY2026P01-P10_070_TAS_Contracts_AccountBreakdownByAward_2026-09-15_H22M13S36_01.csv:row:210362,DHS_FY2026P10_c/extracted/FY2026P01-P10_070_TAS_Contracts_AccountBreakdownByAward_2026-09-15_H22M13S36_01.csv,210362,25.4,070-0540,FY2026P10,,70CDCR25FR0000100,70CDCR21D00000004,7012,CONT_AWD_70CDCR25FR0000100_7012_70CDCR21D00000004_7012,,,Contracts,,True,outside_pilot
DHS_FY2026P10_c:FY2026P01-P10_070_TAS_Contracts_AccountBreakdownByAward_2026-09-15_H22M13S36_01.csv:row:210365,DHS_FY2026P10_c/extracted/FY2026P01-P10_070_TAS_Contracts_AccountBreakdownByAward_2026-09-15_H22M13S36_01.csv,210365,25.4,070-0540,FY2026P05,,70CDCR25FR0000100,70CDCR21D00000004,7012,CONT_AWD_70CDCR25FR0000100_7012_70CDCR21D00000004_7012,,,Contracts,,True,outside_pilot
DHS_FY2026P10_c:FY2026P01-P10_070_TAS_Contracts_AccountBreakdownByAward_2026-09-15_H22M13S36_01.csv:row:210367,DHS_FY2026P10_c/extracted/FY2026P01-P10_070_TAS_Contracts_AccountBreakdownByAward_2026-09-15_H22M13S36_01.csv,210367,25.4,070-0540,FY2026P06,,70CDCR25FR0000100,70CDCR21D00000004,7012,CONT_AWD_70CDCR25FR0000100_7012_70CDCR21D00000004_7012,,,Contracts,,True,outside_pilot
DHS_FY2026P10_c:FY2026P01-P10_070_TAS_Contracts_AccountBreakdownByAward_2026-09-15_H22M13S36_01.csv:row:210368,DHS_FY2026P10_c/extracted/FY2026P01-P10_070_TAS_Contracts_AccountBreakdownByAward_2026-09-15_H22M13S36_01.csv,210368,25.4,070-0540,FY2026P06,,70CDCR25FR0000100,70CDCR21D00000004,7012,CONT_AWD_70CDCR25FR0000100_7012_70CDCR21D00000004_7012,,,Contracts,,True,outside_pilot
DHS_FY2026P10_c:FY2026P01-P10_070_TAS_Contracts_AccountBreakdownByAward_2026-09-15_H22M13S36_01.csv:row:210370,DHS_FY2026P10_c/extracted/FY2026P01-P10_070_TAS_Contracts_AccountBreakdownByAward_2026-09-15_H22M13S36_01.csv,210370,25.4,070-0540,FY2026P09,,70CDCR25FR0000100,70CDCR21D00000004,7012,CONT_AWD_70CDCR25FR0000100_7012_70CDCR21D00000004_7012,,,Contracts,,True,outside_pilot
DHS_FY2026P10_c:FY2026P01-P10_070_TAS_Contracts_AccountBreakdownByAward_2026-09-15_H22M13S36_01.csv:row:210372,DHS_FY2026P10_c/extracted/FY2026P01-P10_070_TAS_Contracts_AccountBreakdownByAward_2026-09-15_H22M13S36_01.csv,210372,25.4,070-0540,FY2026P09,,70CDCR25FR0000100,70CDCR21D00000004,7012,CONT_AWD_70CDCR25FR0000100_7012_70CDCR21D00000004_7012,,,Contracts,,True,outside_pilot
DHS_FY2026P10_c:FY2026P01-P10_070_TAS_Contracts_AccountBreakdownByAward_2026-09-15_H22M13S36_01.csv:row:210373,DHS_FY2026P10_c/extracted/FY2026P01-P10_070_TAS_Contracts_AccountBreakdownByAward_2026-09-15_H22M13S36_01.csv,210373,25.4,070-0540,FY2026P09,,70CDCR25FR0000100,70CDCR21D00000004,7012,CONT_AWD_70CDCR25FR0000100_7012_70CDCR21D00000004_7012,,,Contracts,,True,outside_pilot
DHS_FY2026P10_c:FY2026P01-P10_070_TAS_Contracts_AccountBreakdownByAward_2026-09-15_H22M13S36_01.csv:row:210375,DHS_FY2026P10_c/extracted/FY2026P01-P10_070_TAS_Contracts_AccountBreakdownByAward_2026-09-15_H22M13S36_01.csv,210375,25.4,070-0540,FY2026P10,,70CDCR25FR0000100,70CDCR21D00000004,7012,CONT_AWD_70CDCR25FR0000100_7012_70CDCR21D00000004_7012,,,Contracts,,True,outside_pilot
DHS_FY2026P10_c:FY2026P01-P10_070_TAS_Contracts_AccountBreakdownByAward_2026-09-15_H22M13S36_01.csv:row:210377,DHS_FY2026P10_c/extracted/FY2026P01-P10_070_TAS_Contracts_AccountBreakdownByAward_2026-09-15_H22M13S36_01.csv,210377,25.4,070-0540,FY2026P10,,70CDCR25FR0000100,70CDCR21D00000004,7012,CONT_AWD_70CDCR25FR0000100_7012_70CDCR21D00000004_7012,,,Contracts,,True,outside_pilot
DHS_FY2026P10_c:FY2026P01-P10_070_TAS_Contracts_AccountBreakdownByAward_2026-09-15_H22M13S36_01.csv:row:210378,DHS_FY2026P10_c/extracted/FY2026P01-P10_070_TAS_Contracts_AccountBreakdownByAward_2026-09-15_H22M13S36_01.csv,210378,25.4,070-0540,FY2026P08,,70CDCR25FR0000100,70CDCR21D00000004,7012,CONT_AWD_70CDCR25FR0000100_7012_70CDCR21D00000004_7012,,,Contracts,,True,outside_pilot
DHS_FY2026P10_c:FY2026P01-P10_070_TAS_Contracts_AccountBreakdownByAward_2026-09-15_H22M13S36_01.csv:row:210381,DHS_FY2026P10_c/extracted/FY2026P01-P10_070_TAS_Contracts_AccountBreakdownByAward_2026-09-15_H22M13S36_01.csv,210381,25.4,070-0540,FY2026P08,,70CDCR25FR0000100,70CDCR21D00000004,7012,CONT_AWD_70CDCR25FR0000100_7012_70CDCR21D00000004_7012,,,Contracts,,True,outside_pilot
DHS_FY2026P10_c:FY2026P01-P10_070_TAS_Contracts_AccountBreakdownByAward_2026-09-15_H22M13S36_01.csv:row:214728,DHS_FY2026P10_c/extracted/FY2026P01-P10_070_TAS_Contracts_AccountBreakdownByAward_2026-09-15_H22M13S36_01.csv,214728,25.4,070-0540,FY2026P05,,70CMSW25FR0000094,NNG15SD11B,7012,CONT_AWD_70CMSW25FR0000094_7012_NNG15SD11B_8000,,,Contracts,,True,outside_pilot
DHS_FY2026P10_c:FY2026P01-P10_070_TAS_Contracts_AccountBreakdownByAward_2026-09-15_H22M13S36_01.csv:row:214729,DHS_FY2026P10_c/extracted/FY2026P01-P10_070_TAS_Contracts_AccountBreakdownByAward_2026-09-15_H22M13S36_01.csv,214729,25.4,070-0540,FY2026P05,,70CMSW25FR0000094,NNG15SD11B,7012,CONT_AWD_70CMSW25FR0000094_7012_NNG15SD11B_8000,,,Contracts,,True,outside_pilot
DHS_FY2026P10_c:FY2026P01-P10_070_TAS_Contracts_AccountBreakdownByAward_2026-09-15_H22M13S36_01.csv:row:214730,DHS_FY2026P10_c/extracted/FY2026P01-P10_070_TAS_Contracts_AccountBreakdownByAward_2026-09-15_H22M13S36_01.csv,214730,25.4,070-0540,FY2026P04,,70CMSW25FR0000094,NNG15SD11B,7012,CONT_AWD_70CMSW25FR0000094_7012_NNG15SD11B_8000,,,Contracts,,True,outside_pilot
DHS_FY2026P10_c:FY2026P01-P10_070_TAS_Contracts_AccountBreakdownByAward_2026-09-15_H22M13S36_01.csv:row:214731,DHS_FY2026P10_c/extracted/FY2026P01-P10_070_TAS_Contracts_AccountBreakdownByAward_2026-09-15_H22M13S36_01.csv,214731,25.4,070-0540,FY2026P04,,70CMSW25FR0000094,NNG15SD11B,7012,CONT_AWD_70CMSW25FR0000094_7012_NNG15SD11B_8000,,,Contracts,,True,outside_pilot
DHS_FY2026P10_c:FY2026P01-P10_070_TAS_Contracts_AccountBreakdownByAward_2026-09-15_H22M13S36_01.csv:row:214732,DHS_FY2026P10_c/extracted/FY2026P01-P10_070_TAS_Contracts_AccountBreakdownByAward_2026-09-15_H22M13S36_01.csv,214732,25.4,070-0540,FY2026P07,,70CMSW25FR0000094,NNG15SD11B,7012,CONT_AWD_70CMSW25FR0000094_7012_NNG15SD11B_8000,,,Contracts,,True,outside_pilot
DHS_FY2026P10_c:FY2026P01-P10_070_TAS_Contracts_AccountBreakdownByAward_2026-09-15_H22M13S36_01.csv:row:214733,DHS_FY2026P10_c/extracted/FY2026P01-P10_070_TAS_Contracts_AccountBreakdownByAward_2026-09-15_H22M13S36_01.csv,214733,25.4,070-0540,FY2026P02,,70CMSW25FR0000094,NNG15SD11B,7012,CONT_AWD_70CMSW25FR0000094_7012_NNG15SD11B_8000,,,Contracts,,True,outside_pilot
DHS_FY2026P10_c:FY2026P01-P10_070_TAS_Contracts_AccountBreakdownByAward_2026-09-15_H22M13S36_01.csv:row:214734,DHS_FY2026P10_c/extracted/FY2026P01-P10_070_TAS_Contracts_AccountBreakdownByAward_2026-09-15_H22M13S36_01.csv,214734,25.4,070-0540,FY2026P03,,70CMSW25FR0000094,NNG15SD11B,7012,CONT_AWD_70CMSW25FR0000094_7012_NNG15SD11B_8000,,,Contracts,,True,outside_pilot
DHS_FY2026P10_c:FY2026P01-P10_070_TAS_Contracts_AccountBreakdownByAward_2026-09-15_H22M13S36_01.csv:row:214735,DHS_FY2026P10_c/extracted/FY2026P01-P10_070_TAS_Contracts_AccountBreakdownByAward_2026-09-15_H22M13S36_01.csv,214735,25.4,070-0540,FY2026P07,,70CMSW25FR0000094,NNG15SD11B,7012,CONT_AWD_70CMSW25FR0000094_7012_NNG15SD11B_8000,,,Contracts,,True,outside_pilot
DHS_FY2026P10_c:FY2026P01-P10_070_TAS_Contracts_AccountBreakdownByAward_2026-09-15_H22M13S36_01.csv:row:214736,DHS_FY2026P10_c/extracted/FY2026P01-P10_070_TAS_Contracts_AccountBreakdownByAward_2026-09-15_H22M13S36_01.csv,214736,25.4,070-0540,FY2026P08,,70CMSW25FR0000094,NNG15SD11B,7012,CONT_AWD_70CMSW25FR0000094_7012_NNG15SD11B_8000,,,Contracts,,True,outside_pilot
DHS_FY2026P10_c:FY2026P01-P10_070_TAS_Contracts_AccountBreakdownByAward_2026-09-15_H22M13S36_01.csv:row:214737,DHS_FY2026P10_c/extracted/FY2026P01-P10_070_TAS_Contracts_AccountBreakdownByAward_2026-09-15_H22M13S36_01.csv,214737,25.4,070-0540,FY2026P08,,70CMSW25FR0000094,NNG15SD11B,7012,CONT_AWD_70CMSW25FR0000094_7012_NNG15SD11B_8000,,,Contracts,,True,outside_pilot
DHS_FY2026P10_c:FY2026P01-P10_070_TAS_Contracts_AccountBreakdownByAward_2026-09-15_H22M13S36_01.csv:row:214738,DHS_FY2026P10_c/extracted/FY2026P01-P10_070_TAS_Contracts_AccountBreakdownByAward_2026-09-15_H22M13S36_01.csv,214738,25.4,070-0540,FY2026P10,,70CMSW25FR0000094,NNG15SD11B,7012,CONT_AWD_70CMSW25FR0000094_7012_NNG15SD11B_8000,,,Contracts,,True,outside_pilot
DHS_FY2026P10_c:FY2026P01-P10_070_TAS_Contracts_AccountBreakdownByAward_2026-09-15_H22M13S36_01.csv:row:214739,DHS_FY2026P10_c/extracted/FY2026P01-P10_070_TAS_Contracts_AccountBreakdownByAward_2026-09-15_H22M13S36_01.csv,214739,25.4,070-0540,FY2026P06,,70CMSW25FR0000094,NNG15SD11B,7012,CONT_AWD_70CMSW25FR0000094_7012_NNG15SD11B_8000,,,Contracts,,True,outside_pilot
DHS_FY2026P10_c:FY2026P01-P10_070_TAS_Contracts_AccountBreakdownByAward_2026-09-15_H22M13S36_01.csv:row:214740,DHS_FY2026P10_c/extracted/FY2026P01-P10_070_TAS_Contracts_AccountBreakdownByAward_2026-09-15_H22M13S36_01.csv,214740,25.4,070-0540,FY2026P06,,70CMSW25FR0000094,NNG15SD11B,7012,CONT_AWD_70CMSW25FR0000094_7012_NNG15SD11B_8000,,,Contracts,,True,outside_pilot
DHS_FY2026P10_c:FY2026P01-P10_070_TAS_Contracts_AccountBreakdownByAward_2026-09-15_H22M13S36_01.csv:row:214741,DHS_FY2026P10_c/extracted/FY2026P01-P10_070_TAS_Contracts_AccountBreakdownByAward_2026-09-15_H22M13S36_01.csv,214741,25.4,070-0540,FY2026P09,,70CMSW25FR0000094,NNG15SD11B,7012,CONT_AWD_70CMSW25FR0000094_7012_NNG15SD11B_8000,,,Contracts,,True,outside_pilot
DHS_FY2026P10_c:FY2026P01-P10_070_TAS_Contracts_AccountBreakdownByAward_2026-09-15_H22M13S36_01.csv:row:214742,DHS_FY2026P10_c/extracted/FY2026P01-P10_070_TAS_Contracts_AccountBreakdownByAward_2026-09-15_H22M13S36_01.csv,214742,25.4,070-0540,FY2026P09,,70CMSW25FR0000094,NNG15SD11B,7012,CONT_AWD_70CMSW25FR0000094_7012_NNG15SD11B_8000,,,Contracts,,True,outside_pilot
DHS_FY2026P10_c:FY2026P01-P10_070_TAS_Contracts_AccountBreakdownByAward_2026-09-15_H22M13S36_01.csv:row:214743,DHS_FY2026P10_c/extracted/FY2026P01-P10_070_TAS_Contracts_AccountBreakdownByAward_2026-09-15_H22M13S36_01.csv,214743,25.4,070-0540,FY2026P10,,70CMSW25FR0000094,NNG15SD11B,7012,CONT_AWD_70CMSW25FR0000094_7012_NNG15SD11B_8000,,,Contracts,,True,outside_pilot
DHS_FY2026P10_c:FY2026P01-P10_070_TAS_Contracts_AccountBreakdownByAward_2026-09-15_H22M13S36_01.csv:row:215715,DHS_FY2026P10_c/extracted/FY2026P01-P10_070_TAS_Contracts_AccountBreakdownByAward_2026-09-15_H22M13S36_01.csv,215715,25.4,070-0540,FY2026P09,,70CTD022FR0000018,75N98120D00162,7012,CONT_AWD_70CTD022FR0000018_7012_75N98120D00162_7529,,,Contracts,,True,outside_pilot
DHS_FY2026P10_c:FY2026P01-P10_070_TAS_Contracts_AccountBreakdownByAward_2026-09-15_H22M13S36_01.csv:row:215726,DHS_FY2026P10_c/extracted/FY2026P01-P10_070_TAS_Contracts_AccountBreakdownByAward_2026-09-15_H22M13S36_01.csv,215726,25.4,070-0540,FY2026P08,,70CTD022FR0000018,75N98120D00162,7012,CONT_AWD_70CTD022FR0000018_7012_75N98120D00162_7529,,,Contracts,,True,outside_pilot
DHS_FY2026P10_c:FY2026P01-P10_070_TAS_Contracts_AccountBreakdownByAward_2026-09-15_H22M13S36_01.csv:row:215741,DHS_FY2026P10_c/extracted/FY2026P01-P10_070_TAS_Contracts_AccountBreakdownByAward_2026-09-15_H22M13S36_01.csv,215741,25.4,070-0540,FY2026P03,15000.00,70CTD022FR0000018,75N98120D00162,7012,CONT_AWD_70CTD022FR0000018_7012_75N98120D00162_7529,,,Contracts,15000.00,False,outside_pilot
DHS_FY2026P10_c:FY2026P01-P10_070_TAS_Contracts_AccountBreakdownByAward_2026-09-15_H22M13S36_01.csv:row:215752,DHS_FY2026P10_c/extracted/FY2026P01-P10_070_TAS_Contracts_AccountBreakdownByAward_2026-09-15_H22M13S36_01.csv,215752,25.4,070-0540,FY2026P10,,70CTD022FR0000018,75N98120D00162,7012,CONT_AWD_70CTD022FR0000018_7012_75N98120D00162_7529,,,Contracts,,True,outside_pilot
DHS_FY2026P10_c:FY2026P01-P10_070_TAS_Contracts_AccountBreakdownByAward_2026-09-15_H22M13S36_01.csv:row:216702,DHS_FY2026P10_c/extracted/FY2026P01-P10_070_TAS_Contracts_AccountBreakdownByAward_2026-09-15_H22M13S36_01.csv,216702,25.4,070-0540,FY2026P07,,70CTD025FC0000025,70CTD022A00000002,7012,CONT_AWD_70CTD025FC0000025_7012_70CTD022A00000002_7012,,,Contracts,,True,outside_pilot
DHS_FY2026P10_c:FY2026P01-P10_070_TAS_Contracts_AccountBreakdownByAward_2026-09-15_H22M13S36_01.csv:row:216703,DHS_FY2026P10_c/extracted/FY2026P01-P10_070_TAS_Contracts_AccountBreakdownByAward_2026-09-15_H22M13S36_01.csv,216703,25.4,070-0540,FY2026P07,,70CTD025FC0000025,70CTD022A00000002,7012,CONT_AWD_70CTD025FC0000025_7012_70CTD022A00000002_7012,,,Contracts,,True,outside_pilot
DHS_FY2026P10_c:FY2026P01-P10_070_TAS_Contracts_AccountBreakdownByAward_2026-09-15_H22M13S36_01.csv:row:216704,DHS_FY2026P10_c/extracted/FY2026P01-P10_070_TAS_Contracts_AccountBreakdownByAward_2026-09-15_H22M13S36_01.csv,216704,25.4,070-0540,FY2026P07,,70CTD025FC0000025,70CTD022A00000002,7012,CONT_AWD_70CTD025FC0000025_7012_70CTD022A00000002_7012,,,Contracts,,True,outside_pilot
DHS_FY2026P10_c:FY2026P01-P10_070_TAS_Contracts_AccountBreakdownByAward_2026-09-15_H22M13S36_01.csv:row:216705,DHS_FY2026P10_c/extracted/FY2026P01-P10_070_TAS_Contracts_AccountBreakdownByAward_2026-09-15_H22M13S36_01.csv,216705,25.4,070-0540,FY2026P10,,70CTD025FC0000025,70CTD022A00000002,7012,CONT_AWD_70CTD025FC0000025_7012_70CTD022A00000002_7012,,,Contracts,,True,outside_pilot
DHS_FY2026P10_c:FY2026P01-P10_070_TAS_Contracts_AccountBreakdownByAward_2026-09-15_H22M13S36_01.csv:row:216706,DHS_FY2026P10_c/extracted/FY2026P01-P10_070_TAS_Contracts_AccountBreakdownByAward_2026-09-15_H22M13S36_01.csv,216706,25.4,070-0540,FY2026P10,,70CTD025FC0000025,70CTD022A00000002,7012,CONT_AWD_70CTD025FC0000025_7012_70CTD022A00000002_7012,,,Contracts,,True,outside_pilot
DHS_FY2026P10_c:FY2026P01-P10_070_TAS_Contracts_AccountBreakdownByAward_2026-09-15_H22M13S36_01.csv:row:216707,DHS_FY2026P10_c/extracted/FY2026P01-P10_070_TAS_Contracts_AccountBreakdownByAward_2026-09-15_H22M13S36_01.csv,216707,25.4,070-0540,FY2026P10,,70CTD025FC0000025,70CTD022A00000002,7012,CONT_AWD_70CTD025FC0000025_7012_70CTD022A00000002_7012,,,Contracts,,True,outside_pilot
DHS_FY2026P10_c:FY2026P01-P10_070_TAS_Contracts_AccountBreakdownByAward_2026-09-15_H22M13S36_01.csv:row:216708,DHS_FY2026P10_c/extracted/FY2026P01-P10_070_TAS_Contracts_AccountBreakdownByAward_2026-09-15_H22M13S36_01.csv,216708,25.4,070-0540,FY2026P10,,70CTD025FC0000025,70CTD022A00000002,7012,CONT_AWD_70CTD025FC0000025_7012_70CTD022A00000002_7012,,,Contracts,,True,outside_pilot
DHS_FY2026P10_c:FY2026P01-P10_070_TAS_Contracts_AccountBreakdownByAward_2026-09-15_H22M13S36_01.csv:row:216709,DHS_FY2026P10_c/extracted/FY2026P01-P10_070_TAS_Contracts_AccountBreakdownByAward_2026-09-15_H22M13S36_01.csv,216709,25.4,070-0540,FY2026P07,,70CTD025FC0000025,70CTD022A00000002,7012,CONT_AWD_70CTD025FC0000025_7012_70CTD022A00000002_7012,,,Contracts,,True,outside_pilot
DHS_FY2026P10_c:FY2026P01-P10_070_TAS_Contracts_AccountBreakdownByAward_2026-09-15_H22M13S36_01.csv:row:216710,DHS_FY2026P10_c/extracted/FY2026P01-P10_070_TAS_Contracts_AccountBreakdownByAward_2026-09-15_H22M13S36_01.csv,216710,25.4,070-0540,FY2026P08,,70CTD025FC0000025,70CTD022A00000002,7012,CONT_AWD_70CTD025FC0000025_7012_70CTD022A00000002_7012,,,Contracts,,True,outside_pilot
DHS_FY2026P10_c:FY2026P01-P10_070_TAS_Contracts_AccountBreakdownByAward_2026-09-15_H22M13S36_01.csv:row:216711,DHS_FY2026P10_c/extracted/FY2026P01-P10_070_TAS_Contracts_AccountBreakdownByAward_2026-09-15_H22M13S36_01.csv,216711,25.4,070-0540,FY2026P08,,70CTD025FC0000025,70CTD022A00000002,7012,CONT_AWD_70CTD025FC0000025_7012_70CTD022A00000002_7012,,,Contracts,,True,outside_pilot
DHS_FY2026P10_c:FY2026P01-P10_070_TAS_Contracts_AccountBreakdownByAward_2026-09-15_H22M13S36_01.csv:row:216712,DHS_FY2026P10_c/extracted/FY2026P01-P10_070_TAS_Contracts_AccountBreakdownByAward_2026-09-15_H22M13S36_01.csv,216712,25.4,070-0540,FY2026P08,,70CTD025FC0000025,70CTD022A00000002,7012,CONT_AWD_70CTD025FC0000025_7012_70CTD022A00000002_7012,,,Contracts,,True,outside_pilot
DHS_FY2026P10_c:FY2026P01-P10_070_TAS_Contracts_AccountBreakdownByAward_2026-09-15_H22M13S36_01.csv:row:216713,DHS_FY2026P10_c/extracted/FY2026P01-P10_070_TAS_Contracts_AccountBreakdownByAward_2026-09-15_H22M13S36_01.csv,216713,25.4,070-0540,FY2026P08,,70CTD025FC0000025,70CTD022A00000002,7012,CONT_AWD_70CTD025FC0000025_7012_70CTD022A00000002_7012,,,Contracts,,True,outside_pilot
DHS_FY2026P10_c:FY2026P01-P10_070_TAS_Contracts_AccountBreakdownByAward_2026-09-15_H22M13S36_01.csv:row:216714,DHS_FY2026P10_c/extracted/FY2026P01-P10_070_TAS_Contracts_AccountBreakdownByAward_2026-09-15_H22M13S36_01.csv,216714,25.4,070-0540,FY2026P05,,70CTD025FC0000025,70CTD022A00000002,7012,CONT_AWD_70CTD025FC0000025_7012_70CTD022A00000002_7012,,,Contracts,,True,outside_pilot
DHS_FY2026P10_c:FY2026P01-P10_070_TAS_Contracts_AccountBreakdownByAward_2026-09-15_H22M13S36_01.csv:row:216715,DHS_FY2026P10_c/extracted/FY2026P01-P10_070_TAS_Contracts_AccountBreakdownByAward_2026-09-15_H22M13S36_01.csv,216715,25.4,070-0540,FY2026P06,,70CTD025FC0000025,70CTD022A00000002,7012,CONT_AWD_70CTD025FC0000025_7012_70CTD022A00000002_7012,,,Contracts,,True,outside_pilot
DHS_FY2026P10_c:FY2026P01-P10_070_TAS_Contracts_AccountBreakdownByAward_2026-09-15_H22M13S36_01.csv:row:216716,DHS_FY2026P10_c/extracted/FY2026P01-P10_070_TAS_Contracts_AccountBreakdownByAward_2026-09-15_H22M13S36_01.csv,216716,25.4,070-0540,FY2026P06,,70CTD025FC0000025,70CTD022A00000002,7012,CONT_AWD_70CTD025FC0000025_7012_70CTD022A00000002_7012,,,Contracts,,True,outside_pilot
DHS_FY2026P10_c:FY2026P01-P10_070_TAS_Contracts_AccountBreakdownByAward_2026-09-15_H22M13S36_01.csv:row:216717,DHS_FY2026P10_c/extracted/FY2026P01-P10_070_TAS_Contracts_AccountBreakdownByAward_2026-09-15_H22M13S36_01.csv,216717,25.4,070-0540,FY2026P09,,70CTD025FC0000025,70CTD022A00000002,7012,CONT_AWD_70CTD025FC0000025_7012_70CTD022A00000002_7012,,,Contracts,,True,outside_pilot
DHS_FY2026P10_c:FY2026P01-P10_070_TAS_Contracts_AccountBreakdownByAward_2026-09-15_H22M13S36_01.csv:row:216718,DHS_FY2026P10_c/extracted/FY2026P01-P10_070_TAS_Contracts_AccountBreakdownByAward_2026-09-15_H22M13S36_01.csv,216718,25.4,070-0540,FY2026P09,,70CTD025FC0000025,70CTD022A00000002,7012,CONT_AWD_70CTD025FC0000025_7012_70CTD022A00000002_7012,,,Contracts,,True,outside_pilot
DHS_FY2026P10_c:FY2026P01-P10_070_TAS_Contracts_AccountBreakdownByAward_2026-09-15_H22M13S36_01.csv:row:216719,DHS_FY2026P10_c/extracted/FY2026P01-P10_070_TAS_Contracts_AccountBreakdownByAward_2026-09-15_H22M13S36_01.csv,216719,25.4,070-0540,FY2026P09,,70CTD025FC0000025,70CTD022A00000002,7012,CONT_AWD_70CTD025FC0000025_7012_70CTD022A00000002_7012,,,Contracts,,True,outside_pilot
DHS_FY2026P10_c:FY2026P01-P10_070_TAS_Contracts_AccountBreakdownByAward_2026-09-15_H22M13S36_01.csv:row:216720,DHS_FY2026P10_c/extracted/FY2026P01-P10_070_TAS_Contracts_AccountBreakdownByAward_2026-09-15_H22M13S36_01.csv,216720,25.4,070-0540,FY2026P09,,70CTD025FC0000025,70CTD022A00000002,7012,CONT_AWD_70CTD025FC0000025_7012_70CTD022A00000002_7012,,,Contracts,,True,outside_pilot
DHS_FY2026P10_c:FY2026P01-P10_070_TAS_Contracts_AccountBreakdownByAward_2026-09-15_H22M13S36_01.csv:row:216721,DHS_FY2026P10_c/extracted/FY2026P01-P10_070_TAS_Contracts_AccountBreakdownByAward_2026-09-15_H22M13S36_01.csv,216721,25.4,070-0540,FY2026P06,,70CTD025FC0000025,70CTD022A00000002,7012,CONT_AWD_70CTD025FC0000025_7012_70CTD022A00000002_7012,,,Contracts,,True,outside_pilot
DHS_FY2026P10_c:FY2026P01-P10_070_TAS_Contracts_AccountBreakdownByAward_2026-09-15_H22M13S36_01.csv:row:216722,DHS_FY2026P10_c/extracted/FY2026P01-P10_070_TAS_Contracts_AccountBreakdownByAward_2026-09-15_H22M13S36_01.csv,216722,25.4,070-0540,FY2026P06,,70CTD025FC0000025,70CTD022A00000002,7012,CONT_AWD_70CTD025FC0000025_7012_70CTD022A00000002_7012,,,Contracts,,True,outside_pilot
DHS_FY2026P10_c:FY2026P01-P10_070_TAS_Contracts_AccountBreakdownByAward_2026-09-15_H22M13S36_01.csv:row:216723,DHS_FY2026P10_c/extracted/FY2026P01-P10_070_TAS_Contracts_AccountBreakdownByAward_2026-09-15_H22M13S36_01.csv,216723,25.4,070-0540,FY2026P05,,70CTD025FC0000025,70CTD022A00000002,7012,CONT_AWD_70CTD025FC0000025_7012_70CTD022A00000002_7012,,,Contracts,,True,outside_pilot
DHS_FY2026P10_c:FY2026P01-P10_070_TAS_Contracts_AccountBreakdownByAward_2026-09-15_H22M13S36_01.csv:row:216724,DHS_FY2026P10_c/extracted/FY2026P01-P10_070_TAS_Contracts_AccountBreakdownByAward_2026-09-15_H22M13S36_01.csv,216724,25.4,070-0540,FY2026P05,,70CTD025FC0000025,70CTD022A00000002,7012,CONT_AWD_70CTD025FC0000025_7012_70CTD022A00000002_7012,,,Contracts,,True,outside_pilot
DHS_FY2026P10_c:FY2026P01-P10_070_TAS_Contracts_AccountBreakdownByAward_2026-09-15_H22M13S36_01.csv:row:216725,DHS_FY2026P10_c/extracted/FY2026P01-P10_070_TAS_Contracts_AccountBreakdownByAward_2026-09-15_H22M13S36_01.csv,216725,25.4,070-0540,FY2026P05,,70CTD025FC0000025,70CTD022A00000002,7012,CONT_AWD_70CTD025FC0000025_7012_70CTD022A00000002_7012,,,Contracts,,True,outside_pilot
DHS_FY2026P10_c:FY2026P01-P10_070_TAS_Contracts_AccountBreakdownByAward_2026-09-15_H22M13S36_01.csv:row:217284,DHS_FY2026P10_c/extracted/FY2026P01-P10_070_TAS_Contracts_AccountBreakdownByAward_2026-09-15_H22M13S36_01.csv,217284,25.4,070-0540,FY2026P08,,70CTD024FC0000017,70CTD022A00000004,7012,CONT_AWD_70CTD024FC0000017_7012_70CTD022A00000004_7012,,,Contracts,,True,outside_pilot
DHS_FY2026P10_c:FY2026P01-P10_070_TAS_Contracts_AccountBreakdownByAward_2026-09-15_H22M13S36_01.csv:row:217285,DHS_FY2026P10_c/extracted/FY2026P01-P10_070_TAS_Contracts_AccountBreakdownByAward_2026-09-15_H22M13S36_01.csv,217285,25.4,070-0540,FY2026P08,,70CTD024FC0000017,70CTD022A00000004,7012,CONT_AWD_70CTD024FC0000017_7012_70CTD022A00000004_7012,,,Contracts,,True,outside_pilot
DHS_FY2026P10_c:FY2026P01-P10_070_TAS_Contracts_AccountBreakdownByAward_2026-09-15_H22M13S36_01.csv:row:217286,DHS_FY2026P10_c/extracted/FY2026P01-P10_070_TAS_Contracts_AccountBreakdownByAward_2026-09-15_H22M13S36_01.csv,217286,25.4,070-0540,FY2026P03,,70CTD024FC0000017,70CTD022A00000004,7012,CONT_AWD_70CTD024FC0000017_7012_70CTD022A00000004_7012,,,Contracts,,True,outside_pilot
DHS_FY2026P10_c:FY2026P01-P10_070_TAS_Contracts_AccountBreakdownByAward_2026-09-15_H22M13S36_01.csv:row:217288,DHS_FY2026P10_c/extracted/FY2026P01-P10_070_TAS_Contracts_AccountBreakdownByAward_2026-09-15_H22M13S36_01.csv,217288,25.4,070-0540,FY2026P06,,70CTD024FC0000017,70CTD022A00000004,7012,CONT_AWD_70CTD024FC0000017_7012_70CTD022A00000004_7012,,,Contracts,,True,outside_pilot
DHS_FY2026P10_c:FY2026P01-P10_070_TAS_Contracts_AccountBreakdownByAward_2026-09-15_H22M13S36_01.csv:row:217291,DHS_FY2026P10_c/extracted/FY2026P01-P10_070_TAS_Contracts_AccountBreakdownByAward_2026-09-15_H22M13S36_01.csv,217291,25.4,070-0540,FY2026P09,,70CTD024FC0000017,70CTD022A00000004,7012,CONT_AWD_70CTD024FC0000017_7012_70CTD022A00000004_7012,,,Contracts,,True,outside_pilot
DHS_FY2026P10_c:FY2026P01-P10_070_TAS_Contracts_AccountBreakdownByAward_2026-09-15_H22M13S36_01.csv:row:217292,DHS_FY2026P10_c/extracted/FY2026P01-P10_070_TAS_Contracts_AccountBreakdownByAward_2026-09-15_H22M13S36_01.csv,217292,25.4,070-0540,FY2026P09,,70CTD024FC0000017,70CTD022A00000004,7012,CONT_AWD_70CTD024FC0000017_7012_70CTD022A00000004_7012,,,Contracts,,True,outside_pilot
DHS_FY2026P10_c:FY2026P01-P10_070_TAS_Contracts_AccountBreakdownByAward_2026-09-15_H22M13S36_01.csv:row:217293,DHS_FY2026P10_c/extracted/FY2026P01-P10_070_TAS_Contracts_AccountBreakdownByAward_2026-09-15_H22M13S36_01.csv,217293,25.4,070-0540,FY2026P05,,70CTD024FC0000017,70CTD022A00000004,7012,CONT_AWD_70CTD024FC0000017_7012_70CTD022A00000004_7012,,,Contracts,,True,outside_pilot
DHS_FY2026P10_c:FY2026P01-P10_070_TAS_Contracts_AccountBreakdownByAward_2026-09-15_H22M13S36_01.csv:row:217296,DHS_FY2026P10_c/extracted/FY2026P01-P10_070_TAS_Contracts_AccountBreakdownByAward_2026-09-15_H22M13S36_01.csv,217296,25.4,070-0540,FY2026P10,,70CTD024FC0000017,70CTD022A00000004,7012,CONT_AWD_70CTD024FC0000017_7012_70CTD022A00000004_7012,,,Contracts,,True,outside_pilot
DHS_FY2026P10_c:FY2026P01-P10_070_TAS_Contracts_AccountBreakdownByAward_2026-09-15_H22M13S36_01.csv:row:217297,DHS_FY2026P10_c/extracted/FY2026P01-P10_070_TAS_Contracts_AccountBreakdownByAward_2026-09-15_H22M13S36_01.csv,217297,25.4,070-0540,FY2026P06,,70CTD024FC0000017,70CTD022A00000004,7012,CONT_AWD_70CTD024FC0000017_7012_70CTD022A00000004_7012,,,Contracts,,True,outside_pilot
DHS_FY2026P10_c:FY2026P01-P10_070_TAS_Contracts_AccountBreakdownByAward_2026-09-15_H22M13S36_01.csv:row:217300,DHS_FY2026P10_c/extracted/FY2026P01-P10_070_TAS_Contracts_AccountBreakdownByAward_2026-09-15_H22M13S36_01.csv,217300,25.4,070-0540,FY2026P04,,70CTD024FC0000017,70CTD022A00000004,7012,CONT_AWD_70CTD024FC0000017_7012_70CTD022A00000004_7012,,,Contracts,,True,outside_pilot
DHS_FY2026P10_c:FY2026P01-P10_070_TAS_Contracts_AccountBreakdownByAward_2026-09-15_H22M13S36_01.csv:row:217301,DHS_FY2026P10_c/extracted/FY2026P01-P10_070_TAS_Contracts_AccountBreakdownByAward_2026-09-15_H22M13S36_01.csv,217301,25.4,070-0540,FY2026P05,,70CTD024FC0000017,70CTD022A00000004,7012,CONT_AWD_70CTD024FC0000017_7012_70CTD022A00000004_7012,,,Contracts,,True,outside_pilot
DHS_FY2026P10_c:FY2026P01-P10_070_TAS_Contracts_AccountBreakdownByAward_2026-09-15_H22M13S36_01.csv:row:217303,DHS_FY2026P10_c/extracted/FY2026P01-P10_070_TAS_Contracts_AccountBreakdownByAward_2026-09-15_H22M13S36_01.csv,217303,25.4,070-0540,FY2026P02,,70CTD024FC0000017,70CTD022A00000004,7012,CONT_AWD_70CTD024FC0000017_7012_70CTD022A00000004_7012,,,Contracts,,True,outside_pilot
DHS_FY2026P10_c:FY2026P01-P10_070_TAS_Contracts_AccountBreakdownByAward_2026-09-15_H22M13S36_01.csv:row:217305,DHS_FY2026P10_c/extracted/FY2026P01-P10_070_TAS_Contracts_AccountBreakdownByAward_2026-09-15_H22M13S36_01.csv,217305,25.4,070-0540,FY2026P07,,70CTD024FC0000017,70CTD022A00000004,7012,CONT_AWD_70CTD024FC0000017_7012_70CTD022A00000004_7012,,,Contracts,,True,outside_pilot
DHS_FY2026P10_c:FY2026P01-P10_070_TAS_Contracts_AccountBreakdownByAward_2026-09-15_H22M13S36_01.csv:row:217306,DHS_FY2026P10_c/extracted/FY2026P01-P10_070_TAS_Contracts_AccountBreakdownByAward_2026-09-15_H22M13S36_01.csv,217306,25.4,070-0540,FY2026P07,,70CTD024FC0000017,70CTD022A00000004,7012,CONT_AWD_70CTD024FC0000017_7012_70CTD022A00000004_7012,,,Contracts,,True,outside_pilot
DHS_FY2026P10_c:FY2026P01-P10_070_TAS_Contracts_AccountBreakdownByAward_2026-09-15_H22M13S36_01.csv:row:217307,DHS_FY2026P10_c/extracted/FY2026P01-P10_070_TAS_Contracts_AccountBreakdownByAward_2026-09-15_H22M13S36_01.csv,217307,25.4,070-0540,FY2026P10,,70CTD024FC0000017,70CTD022A00000004,7012,CONT_AWD_70CTD024FC0000017_7012_70CTD022A00000004_7012,,,Contracts,,True,outside_pilot
DHS_FY2026P10_c:FY2026P01-P10_070_TAS_Contracts_AccountBreakdownByAward_2026-09-15_H22M13S36_01.csv:row:225011,DHS_FY2026P10_c/extracted/FY2026P01-P10_070_TAS_Contracts_AccountBreakdownByAward_2026-09-15_H22M13S36_01.csv,225011,25.4,070-0540,FY2026P06,5440000.00,70CDCR26FR0000050,70CDCR25D00000007,7012,CONT_AWD_70CDCR26FR0000050_7012_70CDCR25D00000007_7012,,,Contracts,5440000.00,False,outside_pilot
DHS_FY2026P10_c:FY2026P01-P10_070_TAS_Contracts_AccountBreakdownByAward_2026-09-15_H22M13S36_01.csv:row:225013,DHS_FY2026P10_c/extracted/FY2026P01-P10_070_TAS_Contracts_AccountBreakdownByAward_2026-09-15_H22M13S36_01.csv,225013,25.4,070-0540,FY2026P09,,70CDCR26FR0000050,70CDCR25D00000007,7012,CONT_AWD_70CDCR26FR0000050_7012_70CDCR25D00000007_7012,,,Contracts,,True,outside_pilot
DHS_FY2026P10_c:FY2026P01-P10_070_TAS_Contracts_AccountBreakdownByAward_2026-09-15_H22M13S36_01.csv:row:225015,DHS_FY2026P10_c/extracted/FY2026P01-P10_070_TAS_Contracts_AccountBreakdownByAward_2026-09-15_H22M13S36_01.csv,225015,25.4,070-0540,FY2026P10,15354726.00,70CDCR26FR0000050,70CDCR25D00000007,7012,CONT_AWD_70CDCR26FR0000050_7012_70CDCR25D00000007_7012,,,Contracts,15354726.00,False,outside_pilot
DHS_FY2026P10_c:FY2026P01-P10_070_TAS_Contracts_AccountBreakdownByAward_2026-09-15_H22M13S36_01.csv:row:225017,DHS_FY2026P10_c/extracted/FY2026P01-P10_070_TAS_Contracts_AccountBreakdownByAward_2026-09-15_H22M13S36_01.csv,225017,25.4,070-0540,FY2026P10,,70CDCR26FR0000050,70CDCR25D00000007,7012,CONT_AWD_70CDCR26FR0000050_7012_70CDCR25D00000007_7012,,,Contracts,,True,outside_pilot
DHS_FY2026P10_c:FY2026P01-P10_070_TAS_Contracts_AccountBreakdownByAward_2026-09-15_H22M13S36_01.csv:row:225018,DHS_FY2026P10_c/extracted/FY2026P01-P10_070_TAS_Contracts_AccountBreakdownByAward_2026-09-15_H22M13S36_01.csv,225018,25.4,070-0540,FY2026P09,16260000.00,70CDCR26FR0000050,70CDCR25D00000007,7012,CONT_AWD_70CDCR26FR0000050_7012_70CDCR25D00000007_7012,,,Contracts,16260000.00,False,outside_pilot
DHS_FY2026P10_c:FY2026P01-P10_070_TAS_Contracts_AccountBreakdownByAward_2026-09-15_H22M13S36_01.csv:row:225802,DHS_FY2026P10_c/extracted/FY2026P01-P10_070_TAS_Contracts_AccountBreakdownByAward_2026-09-15_H22M13S36_01.csv,225802,25.4,070-0540,FY2026P07,,70CDCR25FR0000039,70CDCR25D00000010,7012,CONT_AWD_70CDCR25FR0000039_7012_70CDCR25D00000010_7012,,,Contracts,,True,outside_pilot
DHS_FY2026P10_c:FY2026P01-P10_070_TAS_Contracts_AccountBreakdownByAward_2026-09-15_H22M13S36_01.csv:row:225803,DHS_FY2026P10_c/extracted/FY2026P01-P10_070_TAS_Contracts_AccountBreakdownByAward_2026-09-15_H22M13S36_01.csv,225803,25.4,070-0540,FY2026P07,,70CDCR25FR0000039,70CDCR25D00000010,7012,CONT_AWD_70CDCR25FR0000039_7012_70CDCR25D00000010_7012,,,Contracts,,True,outside_pilot
DHS_FY2026P10_c:FY2026P01-P10_070_TAS_Contracts_AccountBreakdownByAward_2026-09-15_H22M13S36_01.csv:row:225804,DHS_FY2026P10_c/extracted/FY2026P01-P10_070_TAS_Contracts_AccountBreakdownByAward_2026-09-15_H22M13S36_01.csv,225804,25.4,070-0540,FY2026P04,,70CDCR25FR0000039,70CDCR25D00000010,7012,CONT_AWD_70CDCR25FR0000039_7012_70CDCR25D00000010_7012,,,Contracts,,True,outside_pilot
DHS_FY2026P10_c:FY2026P01-P10_070_TAS_Contracts_AccountBreakdownByAward_2026-09-15_H22M13S36_01.csv:row:225805,DHS_FY2026P10_c/extracted/FY2026P01-P10_070_TAS_Contracts_AccountBreakdownByAward_2026-09-15_H22M13S36_01.csv,225805,25.4,070-0540,FY2026P05,158622.28,70CDCR25FR0000039,70CDCR25D00000010,7012,CONT_AWD_70CDCR25FR0000039_7012_70CDCR25D00000010_7012,,,Contracts,158622.28,False,outside_pilot
DHS_FY2026P10_c:FY2026P01-P10_070_TAS_Contracts_AccountBreakdownByAward_2026-09-15_H22M13S36_01.csv:row:225806,DHS_FY2026P10_c/extracted/FY2026P01-P10_070_TAS_Contracts_AccountBreakdownByAward_2026-09-15_H22M13S36_01.csv,225806,25.4,070-0540,FY2026P05,,70CDCR25FR0000039,70CDCR25D00000010,7012,CONT_AWD_70CDCR25FR0000039_7012_70CDCR25D00000010_7012,,,Contracts,,True,outside_pilot
DHS_FY2026P10_c:FY2026P01-P10_070_TAS_Contracts_AccountBreakdownByAward_2026-09-15_H22M13S36_01.csv:row:225807,DHS_FY2026P10_c/extracted/FY2026P01-P10_070_TAS_Contracts_AccountBreakdownByAward_2026-09-15_H22M13S36_01.csv,225807,25.4,070-0540,FY2026P02,,70CDCR25FR0000039,70CDCR25D00000010,7012,CONT_AWD_70CDCR25FR0000039_7012_70CDCR25D00000010_7012,,,Contracts,,True,outside_pilot
DHS_FY2026P10_c:FY2026P01-P10_070_TAS_Contracts_AccountBreakdownByAward_2026-09-15_H22M13S36_01.csv:row:225808,DHS_FY2026P10_c/extracted/FY2026P01-P10_070_TAS_Contracts_AccountBreakdownByAward_2026-09-15_H22M13S36_01.csv,225808,25.4,070-0540,FY2026P03,,70CDCR25FR0000039,70CDCR25D00000010,7012,CONT_AWD_70CDCR25FR0000039_7012_70CDCR25D00000010_7012,,,Contracts,,True,outside_pilot
DHS_FY2026P10_c:FY2026P01-P10_070_TAS_Contracts_AccountBreakdownByAward_2026-09-15_H22M13S36_01.csv:row:225809,DHS_FY2026P10_c/extracted/FY2026P01-P10_070_TAS_Contracts_AccountBreakdownByAward_2026-09-15_H22M13S36_01.csv,225809,25.4,070-0540,FY2026P06,,70CDCR25FR0000039,70CDCR25D00000010,7012,CONT_AWD_70CDCR25FR0000039_7012_70CDCR25D00000010_7012,,,Contracts,,True,outside_pilot
DHS_FY2026P10_c:FY2026P01-P10_070_TAS_Contracts_AccountBreakdownByAward_2026-09-15_H22M13S36_01.csv:row:225810,DHS_FY2026P10_c/extracted/FY2026P01-P10_070_TAS_Contracts_AccountBreakdownByAward_2026-09-15_H22M13S36_01.csv,225810,25.4,070-0540,FY2026P09,,70CDCR25FR0000039,70CDCR25D00000010,7012,CONT_AWD_70CDCR25FR0000039_7012_70CDCR25D00000010_7012,,,Contracts,,True,outside_pilot
DHS_FY2026P10_c:FY2026P01-P10_070_TAS_Contracts_AccountBreakdownByAward_2026-09-15_H22M13S36_01.csv:row:225811,DHS_FY2026P10_c/extracted/FY2026P01-P10_070_TAS_Contracts_AccountBreakdownByAward_2026-09-15_H22M13S36_01.csv,225811,25.4,070-0540,FY2026P09,,70CDCR25FR0000039,70CDCR25D00000010,7012,CONT_AWD_70CDCR25FR0000039_7012_70CDCR25D00000010_7012,,,Contracts,,True,outside_pilot
DHS_FY2026P10_c:FY2026P01-P10_070_TAS_Contracts_AccountBreakdownByAward_2026-09-15_H22M13S36_01.csv:row:225812,DHS_FY2026P10_c/extracted/FY2026P01-P10_070_TAS_Contracts_AccountBreakdownByAward_2026-09-15_H22M13S36_01.csv,225812,25.4,070-0540,FY2026P08,,70CDCR25FR0000039,70CDCR25D00000010,7012,CONT_AWD_70CDCR25FR0000039_7012_70CDCR25D00000010_7012,,,Contracts,,True,outside_pilot
DHS_FY2026P10_c:FY2026P01-P10_070_TAS_Contracts_AccountBreakdownByAward_2026-09-15_H22M13S36_01.csv:row:225813,DHS_FY2026P10_c/extracted/FY2026P01-P10_070_TAS_Contracts_AccountBreakdownByAward_2026-09-15_H22M13S36_01.csv,225813,25.4,070-0540,FY2026P08,,70CDCR25FR0000039,70CDCR25D00000010,7012,CONT_AWD_70CDCR25FR0000039_7012_70CDCR25D00000010_7012,,,Contracts,,True,outside_pilot
DHS_FY2026P10_c:FY2026P01-P10_070_TAS_Contracts_AccountBreakdownByAward_2026-09-15_H22M13S36_01.csv:row:225814,DHS_FY2026P10_c/extracted/FY2026P01-P10_070_TAS_Contracts_AccountBreakdownByAward_2026-09-15_H22M13S36_01.csv,225814,25.4,070-0540,FY2026P06,,70CDCR25FR0000039,70CDCR25D00000010,7012,CONT_AWD_70CDCR25FR0000039_7012_70CDCR25D00000010_7012,,,Contracts,,True,outside_pilot
DHS_FY2026P10_c:FY2026P01-P10_070_TAS_Contracts_AccountBreakdownByAward_2026-09-15_H22M13S36_01.csv:row:225815,DHS_FY2026P10_c/extracted/FY2026P01-P10_070_TAS_Contracts_AccountBreakdownByAward_2026-09-15_H22M13S36_01.csv,225815,25.4,070-0540,FY2026P10,,70CDCR25FR0000039,70CDCR25D00000010,7012,CONT_AWD_70CDCR25FR0000039_7012_70CDCR25D00000010_7012,,,Contracts,,True,outside_pilot
DHS_FY2026P10_c:FY2026P01-P10_070_TAS_Contracts_AccountBreakdownByAward_2026-09-15_H22M13S36_01.csv:row:225816,DHS_FY2026P10_c/extracted/FY2026P01-P10_070_TAS_Contracts_AccountBreakdownByAward_2026-09-15_H22M13S36_01.csv,225816,25.4,070-0540,FY2026P10,,70CDCR25FR0000039,70CDCR25D00000010,7012,CONT_AWD_70CDCR25FR0000039_7012_70CDCR25D00000010_7012,,,Contracts,,True,outside_pilot
DHS_FY2026P10_c:FY2026P01-P10_070_TAS_Contracts_AccountBreakdownByAward_2026-09-15_H22M13S36_01.csv:row:228607,DHS_FY2026P10_c/extracted/FY2026P01-P10_070_TAS_Contracts_AccountBreakdownByAward_2026-09-15_H22M13S36_01.csv,228607,25.4,070-0540,FY2026P05,,70CDCR25FR0000029,70CDCR25D00000007,7012,CONT_AWD_70CDCR25FR0000029_7012_70CDCR25D00000007_7012,,,Contracts,,True,outside_pilot
DHS_FY2026P10_c:FY2026P01-P10_070_TAS_Contracts_AccountBreakdownByAward_2026-09-15_H22M13S36_01.csv:row:228611,DHS_FY2026P10_c/extracted/FY2026P01-P10_070_TAS_Contracts_AccountBreakdownByAward_2026-09-15_H22M13S36_01.csv,228611,25.4,070-0540,FY2026P05,,70CDCR25FR0000029,70CDCR25D00000007,7012,CONT_AWD_70CDCR25FR0000029_7012_70CDCR25D00000007_7012,,,Contracts,,True,outside_pilot
DHS_FY2026P10_c:FY2026P01-P10_070_TAS_Contracts_AccountBreakdownByAward_2026-09-15_H22M13S36_01.csv:row:228613,DHS_FY2026P10_c/extracted/FY2026P01-P10_070_TAS_Contracts_AccountBreakdownByAward_2026-09-15_H22M13S36_01.csv,228613,25.4,070-0540,FY2026P02,,70CDCR25FR0000029,70CDCR25D00000007,7012,CONT_AWD_70CDCR25FR0000029_7012_70CDCR25D00000007_7012,,,Contracts,,True,outside_pilot
DHS_FY2026P10_c:FY2026P01-P10_070_TAS_Contracts_AccountBreakdownByAward_2026-09-15_H22M13S36_01.csv:row:228614,DHS_FY2026P10_c/extracted/FY2026P01-P10_070_TAS_Contracts_AccountBreakdownByAward_2026-09-15_H22M13S36_01.csv,228614,25.4,070-0540,FY2026P03,,70CDCR25FR0000029,70CDCR25D00000007,7012,CONT_AWD_70CDCR25FR0000029_7012_70CDCR25D00000007_7012,,,Contracts,,True,outside_pilot
DHS_FY2026P10_c:FY2026P01-P10_070_TAS_Contracts_AccountBreakdownByAward_2026-09-15_H22M13S36_01.csv:row:228616,DHS_FY2026P10_c/extracted/FY2026P01-P10_070_TAS_Contracts_AccountBreakdownByAward_2026-09-15_H22M13S36_01.csv,228616,25.4,070-0540,FY2026P03,,70CDCR25FR0000029,70CDCR25D00000007,7012,CONT_AWD_70CDCR25FR0000029_7012_70CDCR25D00000007_7012,,,Contracts,,True,outside_pilot
DHS_FY2026P10_c:FY2026P01-P10_070_TAS_Contracts_AccountBreakdownByAward_2026-09-15_H22M13S36_01.csv:row:228618,DHS_FY2026P10_c/extracted/FY2026P01-P10_070_TAS_Contracts_AccountBreakdownByAward_2026-09-15_H22M13S36_01.csv,228618,25.4,070-0540,FY2026P03,,70CDCR25FR0000029,70CDCR25D00000007,7012,CONT_AWD_70CDCR25FR0000029_7012_70CDCR25D00000007_7012,,,Contracts,,True,outside_pilot
DHS_FY2026P10_c:FY2026P01-P10_070_TAS_Contracts_AccountBreakdownByAward_2026-09-15_H22M13S36_01.csv:row:228620,DHS_FY2026P10_c/extracted/FY2026P01-P10_070_TAS_Contracts_AccountBreakdownByAward_2026-09-15_H22M13S36_01.csv,228620,25.4,070-0540,FY2026P03,27012590.00,70CDCR25FR0000029,70CDCR25D00000007,7012,CONT_AWD_70CDCR25FR0000029_7012_70CDCR25D00000007_7012,,,Contracts,27012590.00,False,outside_pilot
DHS_FY2026P10_c:FY2026P01-P10_070_TAS_Contracts_AccountBreakdownByAward_2026-09-15_H22M13S36_01.csv:row:228622,DHS_FY2026P10_c/extracted/FY2026P01-P10_070_TAS_Contracts_AccountBreakdownByAward_2026-09-15_H22M13S36_01.csv,228622,25.4,070-0540,FY2026P06,,70CDCR25FR0000029,70CDCR25D00000007,7012,CONT_AWD_70CDCR25FR0000029_7012_70CDCR25D00000007_7012,,,Contracts,,True,outside_pilot
DHS_FY2026P10_c:FY2026P01-P10_070_TAS_Contracts_AccountBreakdownByAward_2026-09-15_H22M13S36_01.csv:row:228624,DHS_FY2026P10_c/extracted/FY2026P01-P10_070_TAS_Contracts_AccountBreakdownByAward_2026-09-15_H22M13S36_01.csv,228624,25.4,070-0540,FY2026P06,,70CDCR25FR0000029,70CDCR25D00000007,7012,CONT_AWD_70CDCR25FR0000029_7012_70CDCR25D00000007_7012,,,Contracts,,True,outside_pilot
DHS_FY2026P10_c:FY2026P01-P10_070_TAS_Contracts_AccountBreakdownByAward_2026-09-15_H22M13S36_01.csv:row:228627,DHS_FY2026P10_c/extracted/FY2026P01-P10_070_TAS_Contracts_AccountBreakdownByAward_2026-09-15_H22M13S36_01.csv,228627,25.4,070-0540,FY2026P09,,70CDCR25FR0000029,70CDCR25D00000007,7012,CONT_AWD_70CDCR25FR0000029_7012_70CDCR25D00000007_7012,,,Contracts,,True,outside_pilot
DHS_FY2026P10_c:FY2026P01-P10_070_TAS_Contracts_AccountBreakdownByAward_2026-09-15_H22M13S36_01.csv:row:228629,DHS_FY2026P10_c/extracted/FY2026P01-P10_070_TAS_Contracts_AccountBreakdownByAward_2026-09-15_H22M13S36_01.csv,228629,25.4,070-0540,FY2026P09,,70CDCR25FR0000029,70CDCR25D00000007,7012,CONT_AWD_70CDCR25FR0000029_7012_70CDCR25D00000007_7012,,,Contracts,,True,outside_pilot
DHS_FY2026P10_c:FY2026P01-P10_070_TAS_Contracts_AccountBreakdownByAward_2026-09-15_H22M13S36_01.csv:row:228631,DHS_FY2026P10_c/extracted/FY2026P01-P10_070_TAS_Contracts_AccountBreakdownByAward_2026-09-15_H22M13S36_01.csv,228631,25.4,070-0540,FY2026P09,,70CDCR25FR0000029,70CDCR25D00000007,7012,CONT_AWD_70CDCR25FR0000029_7012_70CDCR25D00000007_7012,,,Contracts,,True,outside_pilot
DHS_FY2026P10_c:FY2026P01-P10_070_TAS_Contracts_AccountBreakdownByAward_2026-09-15_H22M13S36_01.csv:row:228633,DHS_FY2026P10_c/extracted/FY2026P01-P10_070_TAS_Contracts_AccountBreakdownByAward_2026-09-15_H22M13S36_01.csv,228633,25.4,070-0540,FY2026P07,,70CDCR25FR0000029,70CDCR25D00000007,7012,CONT_AWD_70CDCR25FR0000029_7012_70CDCR25D00000007_7012,,,Contracts,,True,outside_pilot
DHS_FY2026P10_c:FY2026P01-P10_070_TAS_Contracts_AccountBreakdownByAward_2026-09-15_H22M13S36_01.csv:row:228635,DHS_FY2026P10_c/extracted/FY2026P01-P10_070_TAS_Contracts_AccountBreakdownByAward_2026-09-15_H22M13S36_01.csv,228635,25.4,070-0540,FY2026P08,,70CDCR25FR0000029,70CDCR25D00000007,7012,CONT_AWD_70CDCR25FR0000029_7012_70CDCR25D00000007_7012,,,Contracts,,True,outside_pilot
DHS_FY2026P10_c:FY2026P01-P10_070_TAS_Contracts_AccountBreakdownByAward_2026-09-15_H22M13S36_01.csv:row:228636,DHS_FY2026P10_c/extracted/FY2026P01-P10_070_TAS_Contracts_AccountBreakdownByAward_2026-09-15_H22M13S36_01.csv,228636,25.4,070-0540,FY2026P08,,70CDCR25FR0000029,70CDCR25D00000007,7012,CONT_AWD_70CDCR25FR0000029_7012_70CDCR25D00000007_7012,,,Contracts,,True,outside_pilot
DHS_FY2026P10_c:FY2026P01-P10_070_TAS_Contracts_AccountBreakdownByAward_2026-09-15_H22M13S36_01.csv:row:228637,DHS_FY2026P10_c/extracted/FY2026P01-P10_070_TAS_Contracts_AccountBreakdownByAward_2026-09-15_H22M13S36_01.csv,228637,25.4,070-0540,FY2026P08,,70CDCR25FR0000029,70CDCR25D00000007,7012,CONT_AWD_70CDCR25FR0000029_7012_70CDCR25D00000007_7012,,,Contracts,,True,outside_pilot
DHS_FY2026P10_c:FY2026P01-P10_070_TAS_Contracts_AccountBreakdownByAward_2026-09-15_H22M13S36_01.csv:row:228638,DHS_FY2026P10_c/extracted/FY2026P01-P10_070_TAS_Contracts_AccountBreakdownByAward_2026-09-15_H22M13S36_01.csv,228638,25.4,070-0540,FY2026P04,,70CDCR25FR0000029,70CDCR25D00000007,7012,CONT_AWD_70CDCR25FR0000029_7012_70CDCR25D00000007_7012,,,Contracts,,True,outside_pilot
DHS_FY2026P10_c:FY2026P01-P10_070_TAS_Contracts_AccountBreakdownByAward_2026-09-15_H22M13S36_01.csv:row:228640,DHS_FY2026P10_c/extracted/FY2026P01-P10_070_TAS_Contracts_AccountBreakdownByAward_2026-09-15_H22M13S36_01.csv,228640,25.4,070-0540,FY2026P06,,70CDCR25FR0000029,70CDCR25D00000007,7012,CONT_AWD_70CDCR25FR0000029_7012_70CDCR25D00000007_7012,,,Contracts,,True,outside_pilot
DHS_FY2026P10_c:FY2026P01-P10_070_TAS_Contracts_AccountBreakdownByAward_2026-09-15_H22M13S36_01.csv:row:228642,DHS_FY2026P10_c/extracted/FY2026P01-P10_070_TAS_Contracts_AccountBreakdownByAward_2026-09-15_H22M13S36_01.csv,228642,25.4,070-0540,FY2026P02,,70CDCR25FR0000029,70CDCR25D00000007,7012,CONT_AWD_70CDCR25FR0000029_7012_70CDCR25D00000007_7012,,,Contracts,,True,outside_pilot
DHS_FY2026P10_c:FY2026P01-P10_070_TAS_Contracts_AccountBreakdownByAward_2026-09-15_H22M13S36_01.csv:row:228644,DHS_FY2026P10_c/extracted/FY2026P01-P10_070_TAS_Contracts_AccountBreakdownByAward_2026-09-15_H22M13S36_01.csv,228644,25.4,070-0540,FY2026P10,,70CDCR25FR0000029,70CDCR25D00000007,7012,CONT_AWD_70CDCR25FR0000029_7012_70CDCR25D00000007_7012,,,Contracts,,True,outside_pilot
DHS_FY2026P10_c:FY2026P01-P10_070_TAS_Contracts_AccountBreakdownByAward_2026-09-15_H22M13S36_01.csv:row:228646,DHS_FY2026P10_c/extracted/FY2026P01-P10_070_TAS_Contracts_AccountBreakdownByAward_2026-09-15_H22M13S36_01.csv,228646,25.4,070-0540,FY2026P10,,70CDCR25FR0000029,70CDCR25D00000007,7012,CONT_AWD_70CDCR25FR0000029_7012_70CDCR25D00000007_7012,,,Contracts,,True,outside_pilot
DHS_FY2026P10_c:FY2026P01-P10_070_TAS_Contracts_AccountBreakdownByAward_2026-09-15_H22M13S36_01.csv:row:228648,DHS_FY2026P10_c/extracted/FY2026P01-P10_070_TAS_Contracts_AccountBreakdownByAward_2026-09-15_H22M13S36_01.csv,228648,25.4,070-0540,FY2026P10,,70CDCR25FR0000029,70CDCR25D00000007,7012,CONT_AWD_70CDCR25FR0000029_7012_70CDCR25D00000007_7012,,,Contracts,,True,outside_pilot
DHS_FY2026P10_c:FY2026P01-P10_070_TAS_Contracts_AccountBreakdownByAward_2026-09-15_H22M13S36_01.csv:row:228650,DHS_FY2026P10_c/extracted/FY2026P01-P10_070_TAS_Contracts_AccountBreakdownByAward_2026-09-15_H22M13S36_01.csv,228650,25.4,070-0540,FY2026P07,,70CDCR25FR0000029,70CDCR25D00000007,7012,CONT_AWD_70CDCR25FR0000029_7012_70CDCR25D00000007_7012,,,Contracts,,True,outside_pilot
DHS_FY2026P10_c:FY2026P01-P10_070_TAS_Contracts_AccountBreakdownByAward_2026-09-15_H22M13S36_01.csv:row:228651,DHS_FY2026P10_c/extracted/FY2026P01-P10_070_TAS_Contracts_AccountBreakdownByAward_2026-09-15_H22M13S36_01.csv,228651,25.4,070-0540,FY2026P04,,70CDCR25FR0000029,70CDCR25D00000007,7012,CONT_AWD_70CDCR25FR0000029_7012_70CDCR25D00000007_7012,,,Contracts,,True,outside_pilot
DHS_FY2026P10_c:FY2026P01-P10_070_TAS_Contracts_AccountBreakdownByAward_2026-09-15_H22M13S36_01.csv:row:228653,DHS_FY2026P10_c/extracted/FY2026P01-P10_070_TAS_Contracts_AccountBreakdownByAward_2026-09-15_H22M13S36_01.csv,228653,25.4,070-0540,FY2026P04,,70CDCR25FR0000029,70CDCR25D00000007,7012,CONT_AWD_70CDCR25FR0000029_7012_70CDCR25D00000007_7012,,,Contracts,,True,outside_pilot
DHS_FY2026P10_c:FY2026P01-P10_070_TAS_Contracts_AccountBreakdownByAward_2026-09-15_H22M13S36_01.csv:row:228655,DHS_FY2026P10_c/extracted/FY2026P01-P10_070_TAS_Contracts_AccountBreakdownByAward_2026-09-15_H22M13S36_01.csv,228655,25.4,070-0540,FY2026P05,,70CDCR25FR0000029,70CDCR25D00000007,7012,CONT_AWD_70CDCR25FR0000029_7012_70CDCR25D00000007_7012,,,Contracts,,True,outside_pilot
DHS_FY2026P10_c:FY2026P01-P10_070_TAS_Contracts_AccountBreakdownByAward_2026-09-15_H22M13S36_01.csv:row:228657,DHS_FY2026P10_c/extracted/FY2026P01-P10_070_TAS_Contracts_AccountBreakdownByAward_2026-09-15_H22M13S36_01.csv,228657,25.4,070-0540,FY2026P07,,70CDCR25FR0000029,70CDCR25D00000007,7012,CONT_AWD_70CDCR25FR0000029_7012_70CDCR25D00000007_7012,,,Contracts,,True,outside_pilot
DHS_FY2026P10_c:FY2026P01-P10_070_TAS_Contracts_AccountBreakdownByAward_2026-09-15_H22M13S36_01.csv:row:232412,DHS_FY2026P10_c/extracted/FY2026P01-P10_070_TAS_Contracts_AccountBreakdownByAward_2026-09-15_H22M13S36_01.csv,232412,25.4,070-0540,FY2026P05,,70CTD025FC0000026,70CTD022A00000003,7012,CONT_AWD_70CTD025FC0000026_7012_70CTD022A00000003_7012,,,Contracts,,True,outside_pilot
DHS_FY2026P10_c:FY2026P01-P10_070_TAS_Contracts_AccountBreakdownByAward_2026-09-15_H22M13S36_01.csv:row:232413,DHS_FY2026P10_c/extracted/FY2026P01-P10_070_TAS_Contracts_AccountBreakdownByAward_2026-09-15_H22M13S36_01.csv,232413,25.4,070-0540,FY2026P07,,70CTD025FC0000026,70CTD022A00000003,7012,CONT_AWD_70CTD025FC0000026_7012_70CTD022A00000003_7012,,,Contracts,,True,outside_pilot
DHS_FY2026P10_c:FY2026P01-P10_070_TAS_Contracts_AccountBreakdownByAward_2026-09-15_H22M13S36_01.csv:row:232414,DHS_FY2026P10_c/extracted/FY2026P01-P10_070_TAS_Contracts_AccountBreakdownByAward_2026-09-15_H22M13S36_01.csv,232414,25.4,070-0540,FY2026P06,,70CTD025FC0000026,70CTD022A00000003,7012,CONT_AWD_70CTD025FC0000026_7012_70CTD022A00000003_7012,,,Contracts,,True,outside_pilot
DHS_FY2026P10_c:FY2026P01-P10_070_TAS_Contracts_AccountBreakdownByAward_2026-09-15_H22M13S36_01.csv:row:232415,DHS_FY2026P10_c/extracted/FY2026P01-P10_070_TAS_Contracts_AccountBreakdownByAward_2026-09-15_H22M13S36_01.csv,232415,25.4,070-0540,FY2026P07,,70CTD025FC0000026,70CTD022A00000003,7012,CONT_AWD_70CTD025FC0000026_7012_70CTD022A00000003_7012,,,Contracts,,True,outside_pilot
DHS_FY2026P10_c:FY2026P01-P10_070_TAS_Contracts_AccountBreakdownByAward_2026-09-15_H22M13S36_01.csv:row:232416,DHS_FY2026P10_c/extracted/FY2026P01-P10_070_TAS_Contracts_AccountBreakdownByAward_2026-09-15_H22M13S36_01.csv,232416,25.4,070-0540,FY2026P07,,70CTD025FC0000026,70CTD022A00000003,7012,CONT_AWD_70CTD025FC0000026_7012_70CTD022A00000003_7012,,,Contracts,,True,outside_pilot
DHS_FY2026P10_c:FY2026P01-P10_070_TAS_Contracts_AccountBreakdownByAward_2026-09-15_H22M13S36_01.csv:row:232417,DHS_FY2026P10_c/extracted/FY2026P01-P10_070_TAS_Contracts_AccountBreakdownByAward_2026-09-15_H22M13S36_01.csv,232417,25.4,070-0540,FY2026P08,,70CTD025FC0000026,70CTD022A00000003,7012,CONT_AWD_70CTD025FC0000026_7012_70CTD022A00000003_7012,,,Contracts,,True,outside_pilot
DHS_FY2026P10_c:FY2026P01-P10_070_TAS_Contracts_AccountBreakdownByAward_2026-09-15_H22M13S36_01.csv:row:232418,DHS_FY2026P10_c/extracted/FY2026P01-P10_070_TAS_Contracts_AccountBreakdownByAward_2026-09-15_H22M13S36_01.csv,232418,25.4,070-0540,FY2026P08,,70CTD025FC0000026,70CTD022A00000003,7012,CONT_AWD_70CTD025FC0000026_7012_70CTD022A00000003_7012,,,Contracts,,True,outside_pilot
DHS_FY2026P10_c:FY2026P01-P10_070_TAS_Contracts_AccountBreakdownByAward_2026-09-15_H22M13S36_01.csv:row:232419,DHS_FY2026P10_c/extracted/FY2026P01-P10_070_TAS_Contracts_AccountBreakdownByAward_2026-09-15_H22M13S36_01.csv,232419,25.4,070-0540,FY2026P06,,70CTD025FC0000026,70CTD022A00000003,7012,CONT_AWD_70CTD025FC0000026_7012_70CTD022A00000003_7012,,,Contracts,,True,outside_pilot
DHS_FY2026P10_c:FY2026P01-P10_070_TAS_Contracts_AccountBreakdownByAward_2026-09-15_H22M13S36_01.csv:row:232420,DHS_FY2026P10_c/extracted/FY2026P01-P10_070_TAS_Contracts_AccountBreakdownByAward_2026-09-15_H22M13S36_01.csv,232420,25.4,070-0540,FY2026P09,,70CTD025FC0000026,70CTD022A00000003,7012,CONT_AWD_70CTD025FC0000026_7012_70CTD022A00000003_7012,,,Contracts,,True,outside_pilot
DHS_FY2026P10_c:FY2026P01-P10_070_TAS_Contracts_AccountBreakdownByAward_2026-09-15_H22M13S36_01.csv:row:232421,DHS_FY2026P10_c/extracted/FY2026P01-P10_070_TAS_Contracts_AccountBreakdownByAward_2026-09-15_H22M13S36_01.csv,232421,25.4,070-0540,FY2026P09,,70CTD025FC0000026,70CTD022A00000003,7012,CONT_AWD_70CTD025FC0000026_7012_70CTD022A00000003_7012,,,Contracts,,True,outside_pilot
DHS_FY2026P10_c:FY2026P01-P10_070_TAS_Contracts_AccountBreakdownByAward_2026-09-15_H22M13S36_01.csv:row:232422,DHS_FY2026P10_c/extracted/FY2026P01-P10_070_TAS_Contracts_AccountBreakdownByAward_2026-09-15_H22M13S36_01.csv,232422,25.4,070-0540,FY2026P09,,70CTD025FC0000026,70CTD022A00000003,7012,CONT_AWD_70CTD025FC0000026_7012_70CTD022A00000003_7012,,,Contracts,,True,outside_pilot
DHS_FY2026P10_c:FY2026P01-P10_070_TAS_Contracts_AccountBreakdownByAward_2026-09-15_H22M13S36_01.csv:row:232423,DHS_FY2026P10_c/extracted/FY2026P01-P10_070_TAS_Contracts_AccountBreakdownByAward_2026-09-15_H22M13S36_01.csv,232423,25.4,070-0540,FY2026P09,,70CTD025FC0000026,70CTD022A00000003,7012,CONT_AWD_70CTD025FC0000026_7012_70CTD022A00000003_7012,,,Contracts,,True,outside_pilot
DHS_FY2026P10_c:FY2026P01-P10_070_TAS_Contracts_AccountBreakdownByAward_2026-09-15_H22M13S36_01.csv:row:232424,DHS_FY2026P10_c/extracted/FY2026P01-P10_070_TAS_Contracts_AccountBreakdownByAward_2026-09-15_H22M13S36_01.csv,232424,25.4,070-0540,FY2026P10,,70CTD025FC0000026,70CTD022A00000003,7012,CONT_AWD_70CTD025FC0000026_7012_70CTD022A00000003_7012,,,Contracts,,True,outside_pilot
DHS_FY2026P10_c:FY2026P01-P10_070_TAS_Contracts_AccountBreakdownByAward_2026-09-15_H22M13S36_01.csv:row:232425,DHS_FY2026P10_c/extracted/FY2026P01-P10_070_TAS_Contracts_AccountBreakdownByAward_2026-09-15_H22M13S36_01.csv,232425,25.4,070-0540,FY2026P10,,70CTD025FC0000026,70CTD022A00000003,7012,CONT_AWD_70CTD025FC0000026_7012_70CTD022A00000003_7012,,,Contracts,,True,outside_pilot
DHS_FY2026P10_c:FY2026P01-P10_070_TAS_Contracts_AccountBreakdownByAward_2026-09-15_H22M13S36_01.csv:row:232426,DHS_FY2026P10_c/extracted/FY2026P01-P10_070_TAS_Contracts_AccountBreakdownByAward_2026-09-15_H22M13S36_01.csv,232426,25.4,070-0540,FY2026P08,,70CTD025FC0000026,70CTD022A00000003,7012,CONT_AWD_70CTD025FC0000026_7012_70CTD022A00000003_7012,,,Contracts,,True,outside_pilot
DHS_FY2026P10_c:FY2026P01-P10_070_TAS_Contracts_AccountBreakdownByAward_2026-09-15_H22M13S36_01.csv:row:232427,DHS_FY2026P10_c/extracted/FY2026P01-P10_070_TAS_Contracts_AccountBreakdownByAward_2026-09-15_H22M13S36_01.csv,232427,25.4,070-0540,FY2026P08,,70CTD025FC0000026,70CTD022A00000003,7012,CONT_AWD_70CTD025FC0000026_7012_70CTD022A00000003_7012,,,Contracts,,True,outside_pilot
DHS_FY2026P10_c:FY2026P01-P10_070_TAS_Contracts_AccountBreakdownByAward_2026-09-15_H22M13S36_01.csv:row:232428,DHS_FY2026P10_c/extracted/FY2026P01-P10_070_TAS_Contracts_AccountBreakdownByAward_2026-09-15_H22M13S36_01.csv,232428,25.4,070-0540,FY2026P10,,70CTD025FC0000026,70CTD022A00000003,7012,CONT_AWD_70CTD025FC0000026_7012_70CTD022A00000003_7012,,,Contracts,,True,outside_pilot
DHS_FY2026P10_c:FY2026P01-P10_070_TAS_Contracts_AccountBreakdownByAward_2026-09-15_H22M13S36_01.csv:row:232429,DHS_FY2026P10_c/extracted/FY2026P01-P10_070_TAS_Contracts_AccountBreakdownByAward_2026-09-15_H22M13S36_01.csv,232429,25.4,070-0540,FY2026P10,,70CTD025FC0000026,70CTD022A00000003,7012,CONT_AWD_70CTD025FC0000026_7012_70CTD022A00000003_7012,,,Contracts,,True,outside_pilot
DHS_FY2026P10_c:FY2026P01-P10_070_TAS_Contracts_AccountBreakdownByAward_2026-09-15_H22M13S36_01.csv:row:232430,DHS_FY2026P10_c/extracted/FY2026P01-P10_070_TAS_Contracts_AccountBreakdownByAward_2026-09-15_H22M13S36_01.csv,232430,25.4,070-0540,FY2026P05,,70CTD025FC0000026,70CTD022A00000003,7012,CONT_AWD_70CTD025FC0000026_7012_70CTD022A00000003_7012,,,Contracts,,True,outside_pilot
DHS_FY2026P10_c:FY2026P01-P10_070_TAS_Contracts_AccountBreakdownByAward_2026-09-15_H22M13S36_01.csv:row:234139,DHS_FY2026P10_c/extracted/FY2026P01-P10_070_TAS_Contracts_AccountBreakdownByAward_2026-09-15_H22M13S36_01.csv,234139,25.4,070-0545,FY2026P08,,70CTD026FC0000012,70RTAC26A00000001,7012,CONT_AWD_70CTD026FC0000012_7012_70RTAC26A00000001_7001,,,Contracts,,True,outside_pilot
DHS_FY2026P10_c:FY2026P01-P10_070_TAS_Contracts_AccountBreakdownByAward_2026-09-15_H22M13S36_01.csv:row:234140,DHS_FY2026P10_c/extracted/FY2026P01-P10_070_TAS_Contracts_AccountBreakdownByAward_2026-09-15_H22M13S36_01.csv,234140,25.4,070-0545,FY2026P10,,70CTD026FC0000012,70RTAC26A00000001,7012,CONT_AWD_70CTD026FC0000012_7012_70RTAC26A00000001_7001,,,Contracts,,True,outside_pilot
DHS_FY2026P10_c:FY2026P01-P10_070_TAS_Contracts_AccountBreakdownByAward_2026-09-15_H22M13S36_01.csv:row:234142,DHS_FY2026P10_c/extracted/FY2026P01-P10_070_TAS_Contracts_AccountBreakdownByAward_2026-09-15_H22M13S36_01.csv,234142,25.4,070-0545,FY2026P08,11252817.30,70CTD026FC0000012,70RTAC26A00000001,7012,CONT_AWD_70CTD026FC0000012_7012_70RTAC26A00000001_7001,,,Contracts,11252817.30,False,outside_pilot
DHS_FY2026P10_c:FY2026P01-P10_070_TAS_Contracts_AccountBreakdownByAward_2026-09-15_H22M13S36_01.csv:row:234144,DHS_FY2026P10_c/extracted/FY2026P01-P10_070_TAS_Contracts_AccountBreakdownByAward_2026-09-15_H22M13S36_01.csv,234144,25.4,070-0545,FY2026P09,,70CTD026FC0000012,70RTAC26A00000001,7012,CONT_AWD_70CTD026FC0000012_7012_70RTAC26A00000001_7001,,,Contracts,,True,outside_pilot
DHS_FY2026P10_c:FY2026P01-P10_070_TAS_Contracts_AccountBreakdownByAward_2026-09-15_H22M13S36_01.csv:row:235173,DHS_FY2026P10_c/extracted/FY2026P01-P10_070_TAS_Contracts_AccountBreakdownByAward_2026-09-15_H22M13S36_01.csv,235173,25.4,070-0540,FY2026P07,,70CDCR26FR0000030,70CDCR20D00000007,7012,CONT_AWD_70CDCR26FR0000030_7012_70CDCR20D00000007_7012,,,Contracts,,True,outside_pilot
DHS_FY2026P10_c:FY2026P01-P10_070_TAS_Contracts_AccountBreakdownByAward_2026-09-15_H22M13S36_01.csv:row:235176,DHS_FY2026P10_c/extracted/FY2026P01-P10_070_TAS_Contracts_AccountBreakdownByAward_2026-09-15_H22M13S36_01.csv,235176,25.4,070-0540,FY2026P06,,70CDCR26FR0000030,70CDCR20D00000007,7012,CONT_AWD_70CDCR26FR0000030_7012_70CDCR20D00000007_7012,,,Contracts,,True,outside_pilot
DHS_FY2026P10_c:FY2026P01-P10_070_TAS_Contracts_AccountBreakdownByAward_2026-09-15_H22M13S36_01.csv:row:235181,DHS_FY2026P10_c/extracted/FY2026P01-P10_070_TAS_Contracts_AccountBreakdownByAward_2026-09-15_H22M13S36_01.csv,235181,25.4,070-0540,FY2026P09,,70CDCR26FR0000030,70CDCR20D00000007,7012,CONT_AWD_70CDCR26FR0000030_7012_70CDCR20D00000007_7012,,,Contracts,,True,outside_pilot
DHS_FY2026P10_c:FY2026P01-P10_070_TAS_Contracts_AccountBreakdownByAward_2026-09-15_H22M13S36_01.csv:row:235187,DHS_FY2026P10_c/extracted/FY2026P01-P10_070_TAS_Contracts_AccountBreakdownByAward_2026-09-15_H22M13S36_01.csv,235187,25.4,070-0540,FY2026P09,,70CDCR26FR0000030,70CDCR20D00000007,7012,CONT_AWD_70CDCR26FR0000030_7012_70CDCR20D00000007_7012,,,Contracts,,True,outside_pilot
DHS_FY2026P10_c:FY2026P01-P10_070_TAS_Contracts_AccountBreakdownByAward_2026-09-15_H22M13S36_01.csv:row:235189,DHS_FY2026P10_c/extracted/FY2026P01-P10_070_TAS_Contracts_AccountBreakdownByAward_2026-09-15_H22M13S36_01.csv,235189,25.4,070-0540,FY2026P04,16727984.19,70CDCR26FR0000030,70CDCR20D00000007,7012,CONT_AWD_70CDCR26FR0000030_7012_70CDCR20D00000007_7012,,,Contracts,16727984.19,False,outside_pilot
DHS_FY2026P10_c:FY2026P01-P10_070_TAS_Contracts_AccountBreakdownByAward_2026-09-15_H22M13S36_01.csv:row:235194,DHS_FY2026P10_c/extracted/FY2026P01-P10_070_TAS_Contracts_AccountBreakdownByAward_2026-09-15_H22M13S36_01.csv,235194,25.4,070-0540,FY2026P08,,70CDCR26FR0000030,70CDCR20D00000007,7012,CONT_AWD_70CDCR26FR0000030_7012_70CDCR20D00000007_7012,,,Contracts,,True,outside_pilot
DHS_FY2026P10_c:FY2026P01-P10_070_TAS_Contracts_AccountBreakdownByAward_2026-09-15_H22M13S36_01.csv:row:235199,DHS_FY2026P10_c/extracted/FY2026P01-P10_070_TAS_Contracts_AccountBreakdownByAward_2026-09-15_H22M13S36_01.csv,235199,25.4,070-0540,FY2026P08,,70CDCR26FR0000030,70CDCR20D00000007,7012,CONT_AWD_70CDCR26FR0000030_7012_70CDCR20D00000007_7012,,,Contracts,,True,outside_pilot
DHS_FY2026P10_c:FY2026P01-P10_070_TAS_Contracts_AccountBreakdownByAward_2026-09-15_H22M13S36_01.csv:row:235202,DHS_FY2026P10_c/extracted/FY2026P01-P10_070_TAS_Contracts_AccountBreakdownByAward_2026-09-15_H22M13S36_01.csv,235202,25.4,070-0540,FY2026P07,,70CDCR26FR0000030,70CDCR20D00000007,7012,CONT_AWD_70CDCR26FR0000030_7012_70CDCR20D00000007_7012,,,Contracts,,True,outside_pilot
DHS_FY2026P10_c:FY2026P01-P10_070_TAS_Contracts_AccountBreakdownByAward_2026-09-15_H22M13S36_01.csv:row:235207,DHS_FY2026P10_c/extracted/FY2026P01-P10_070_TAS_Contracts_AccountBreakdownByAward_2026-09-15_H22M13S36_01.csv,235207,25.4,070-0540,FY2026P10,16366840.00,70CDCR26FR0000030,70CDCR20D00000007,7012,CONT_AWD_70CDCR26FR0000030_7012_70CDCR20D00000007_7012,,,Contracts,16366840.00,False,outside_pilot
DHS_FY2026P10_c:FY2026P01-P10_070_TAS_Contracts_AccountBreakdownByAward_2026-09-15_H22M13S36_01.csv:row:235210,DHS_FY2026P10_c/extracted/FY2026P01-P10_070_TAS_Contracts_AccountBreakdownByAward_2026-09-15_H22M13S36_01.csv,235210,25.4,070-0540,FY2026P10,18717890.43,70CDCR26FR0000030,70CDCR20D00000007,7012,CONT_AWD_70CDCR26FR0000030_7012_70CDCR20D00000007_7012,,,Contracts,18717890.43,False,outside_pilot
DHS_FY2026P10_c:FY2026P01-P10_070_TAS_Contracts_AccountBreakdownByAward_2026-09-15_H22M13S36_01.csv:row:235213,DHS_FY2026P10_c/extracted/FY2026P01-P10_070_TAS_Contracts_AccountBreakdownByAward_2026-09-15_H22M13S36_01.csv,235213,25.4,070-0540,FY2026P10,,70CDCR26FR0000030,70CDCR20D00000007,7012,CONT_AWD_70CDCR26FR0000030_7012_70CDCR20D00000007_7012,,,Contracts,,True,outside_pilot
DHS_FY2026P10_c:FY2026P01-P10_070_TAS_Contracts_AccountBreakdownByAward_2026-09-15_H22M13S36_01.csv:row:235218,DHS_FY2026P10_c/extracted/FY2026P01-P10_070_TAS_Contracts_AccountBreakdownByAward_2026-09-15_H22M13S36_01.csv,235218,25.4,070-0540,FY2026P10,,70CDCR26FR0000030,70CDCR20D00000007,7012,CONT_AWD_70CDCR26FR0000030_7012_70CDCR20D00000007_7012,,,Contracts,,True,outside_pilot
DHS_FY2026P10_c:FY2026P01-P10_070_TAS_Contracts_AccountBreakdownByAward_2026-09-15_H22M13S36_01.csv:row:235228,DHS_FY2026P10_c/extracted/FY2026P01-P10_070_TAS_Contracts_AccountBreakdownByAward_2026-09-15_H22M13S36_01.csv,235228,25.4,070-0540,FY2026P06,8546845.00,70CDCR26FR0000030,70CDCR20D00000007,7012,CONT_AWD_70CDCR26FR0000030_7012_70CDCR20D00000007_7012,,,Contracts,8546845.00,False,outside_pilot
DHS_FY2026P10_c:FY2026P01-P10_070_TAS_Contracts_AccountBreakdownByAward_2026-09-15_H22M13S36_01.csv:row:242517,DHS_FY2026P10_c/extracted/FY2026P01-P10_070_TAS_Contracts_AccountBreakdownByAward_2026-09-15_H22M13S36_01.csv,242517,25.4,070-0540,FY2026P08,,70CDCR24FR0000057,70CDCR24D00000009,7012,CONT_AWD_70CDCR24FR0000057_7012_70CDCR24D00000009_7012,2,AWARD:dfdb96b834ab2ac7cb6e79d3,Contracts,,True,confirmed
DHS_FY2026P10_c:FY2026P01-P10_070_TAS_Contracts_AccountBreakdownByAward_2026-09-15_H22M13S36_01.csv:row:242520,DHS_FY2026P10_c/extracted/FY2026P01-P10_070_TAS_Contracts_AccountBreakdownByAward_2026-09-15_H22M13S36_01.csv,242520,25.4,070-0540,FY2026P08,,70CDCR24FR0000057,70CDCR24D00000009,7012,CONT_AWD_70CDCR24FR0000057_7012_70CDCR24D00000009_7012,2,AWARD:dfdb96b834ab2ac7cb6e79d3,Contracts,,True,confirmed
DHS_FY2026P10_c:FY2026P01-P10_070_TAS_Contracts_AccountBreakdownByAward_2026-09-15_H22M13S36_01.csv:row:242521,DHS_FY2026P10_c/extracted/FY2026P01-P10_070_TAS_Contracts_AccountBreakdownByAward_2026-09-15_H22M13S36_01.csv,242521,25.4,070-0540,FY2026P08,,70CDCR24FR0000057,70CDCR24D00000009,7012,CONT_AWD_70CDCR24FR0000057_7012_70CDCR24D00000009_7012,2,AWARD:dfdb96b834ab2ac7cb6e79d3,Contracts,,True,confirmed
DHS_FY2026P10_c:FY2026P01-P10_070_TAS_Contracts_AccountBreakdownByAward_2026-09-15_H22M13S36_01.csv:row:242524,DHS_FY2026P10_c/extracted/FY2026P01-P10_070_TAS_Contracts_AccountBreakdownByAward_2026-09-15_H22M13S36_01.csv,242524,25.4,070-0540,FY2026P05,,70CDCR24FR0000057,70CDCR24D00000009,7012,CONT_AWD_70CDCR24FR0000057_7012_70CDCR24D00000009_7012,2,AWARD:2796cae9fa64aa6e229aaf39,Contracts,,True,confirmed
DHS_FY2026P10_c:FY2026P01-P10_070_TAS_Contracts_AccountBreakdownByAward_2026-09-15_H22M13S36_01.csv:row:242525,DHS_FY2026P10_c/extracted/FY2026P01-P10_070_TAS_Contracts_AccountBreakdownByAward_2026-09-15_H22M13S36_01.csv,242525,25.4,070-0540,FY2026P05,,70CDCR24FR0000057,70CDCR24D00000009,7012,CONT_AWD_70CDCR24FR0000057_7012_70CDCR24D00000009_7012,2,AWARD:2796cae9fa64aa6e229aaf39,Contracts,,True,confirmed
DHS_FY2026P10_c:FY2026P01-P10_070_TAS_Contracts_AccountBreakdownByAward_2026-09-15_H22M13S36_01.csv:row:242526,DHS_FY2026P10_c/extracted/FY2026P01-P10_070_TAS_Contracts_AccountBreakdownByAward_2026-09-15_H22M13S36_01.csv,242526,25.4,070-0540,FY2026P04,,70CDCR24FR0000057,70CDCR24D00000009,7012,CONT_AWD_70CDCR24FR0000057_7012_70CDCR24D00000009_7012,2,AWARD:09ac03df03804dad346ee6f4,Contracts,,True,confirmed
DHS_FY2026P10_c:FY2026P01-P10_070_TAS_Contracts_AccountBreakdownByAward_2026-09-15_H22M13S36_01.csv:row:242528,DHS_FY2026P10_c/extracted/FY2026P01-P10_070_TAS_Contracts_AccountBreakdownByAward_2026-09-15_H22M13S36_01.csv,242528,25.4,070-0540,FY2026P07,,70CDCR24FR0000057,70CDCR24D00000009,7012,CONT_AWD_70CDCR24FR0000057_7012_70CDCR24D00000009_7012,2,AWARD:d6c146b26ba524a832f9e6b4,Contracts,,True,confirmed
DHS_FY2026P10_c:FY2026P01-P10_070_TAS_Contracts_AccountBreakdownByAward_2026-09-15_H22M13S36_01.csv:row:242529,DHS_FY2026P10_c/extracted/FY2026P01-P10_070_TAS_Contracts_AccountBreakdownByAward_2026-09-15_H22M13S36_01.csv,242529,25.4,070-0540,FY2026P07,,70CDCR24FR0000057,70CDCR24D00000009,7012,CONT_AWD_70CDCR24FR0000057_7012_70CDCR24D00000009_7012,2,AWARD:d6c146b26ba524a832f9e6b4,Contracts,,True,confirmed
DHS_FY2026P10_c:FY2026P01-P10_070_TAS_Contracts_AccountBreakdownByAward_2026-09-15_H22M13S36_01.csv:row:242530,DHS_FY2026P10_c/extracted/FY2026P01-P10_070_TAS_Contracts_AccountBreakdownByAward_2026-09-15_H22M13S36_01.csv,242530,25.4,070-0540,FY2026P05,,70CDCR24FR0000057,70CDCR24D00000009,7012,CONT_AWD_70CDCR24FR0000057_7012_70CDCR24D00000009_7012,2,AWARD:2796cae9fa64aa6e229aaf39,Contracts,,True,confirmed
DHS_FY2026P10_c:FY2026P01-P10_070_TAS_Contracts_AccountBreakdownByAward_2026-09-15_H22M13S36_01.csv:row:242532,DHS_FY2026P10_c/extracted/FY2026P01-P10_070_TAS_Contracts_AccountBreakdownByAward_2026-09-15_H22M13S36_01.csv,242532,25.4,070-0540,FY2026P06,,70CDCR24FR0000057,70CDCR24D00000009,7012,CONT_AWD_70CDCR24FR0000057_7012_70CDCR24D00000009_7012,2,AWARD:215d4cac6a3354a521105c33,Contracts,,True,confirmed
DHS_FY2026P10_c:FY2026P01-P10_070_TAS_Contracts_AccountBreakdownByAward_2026-09-15_H22M13S36_01.csv:row:242534,DHS_FY2026P10_c/extracted/FY2026P01-P10_070_TAS_Contracts_AccountBreakdownByAward_2026-09-15_H22M13S36_01.csv,242534,25.4,070-0540,FY2026P06,,70CDCR24FR0000057,70CDCR24D00000009,7012,CONT_AWD_70CDCR24FR0000057_7012_70CDCR24D00000009_7012,2,AWARD:215d4cac6a3354a521105c33,Contracts,,True,confirmed
DHS_FY2026P10_c:FY2026P01-P10_070_TAS_Contracts_AccountBreakdownByAward_2026-09-15_H22M13S36_01.csv:row:242536,DHS_FY2026P10_c/extracted/FY2026P01-P10_070_TAS_Contracts_AccountBreakdownByAward_2026-09-15_H22M13S36_01.csv,242536,25.4,070-0540,FY2026P09,,70CDCR24FR0000057,70CDCR24D00000009,7012,CONT_AWD_70CDCR24FR0000057_7012_70CDCR24D00000009_7012,2,AWARD:b1379b714480f0460dc410cc,Contracts,,True,confirmed
DHS_FY2026P10_c:FY2026P01-P10_070_TAS_Contracts_AccountBreakdownByAward_2026-09-15_H22M13S36_01.csv:row:242538,DHS_FY2026P10_c/extracted/FY2026P01-P10_070_TAS_Contracts_AccountBreakdownByAward_2026-09-15_H22M13S36_01.csv,242538,25.4,070-0540,FY2026P09,,70CDCR24FR0000057,70CDCR24D00000009,7012,CONT_AWD_70CDCR24FR0000057_7012_70CDCR24D00000009_7012,2,AWARD:b1379b714480f0460dc410cc,Contracts,,True,confirmed
DHS_FY2026P10_c:FY2026P01-P10_070_TAS_Contracts_AccountBreakdownByAward_2026-09-15_H22M13S36_01.csv:row:242539,DHS_FY2026P10_c/extracted/FY2026P01-P10_070_TAS_Contracts_AccountBreakdownByAward_2026-09-15_H22M13S36_01.csv,242539,25.4,070-0540,FY2026P09,,70CDCR24FR0000057,70CDCR24D00000009,7012,CONT_AWD_70CDCR24FR0000057_7012_70CDCR24D00000009_7012,2,AWARD:b1379b714480f0460dc410cc,Contracts,,True,confirmed
DHS_FY2026P10_c:FY2026P01-P10_070_TAS_Contracts_AccountBreakdownByAward_2026-09-15_H22M13S36_01.csv:row:242540,DHS_FY2026P10_c/extracted/FY2026P01-P10_070_TAS_Contracts_AccountBreakdownByAward_2026-09-15_H22M13S36_01.csv,242540,25.4,070-0540,FY2026P10,,70CDCR24FR0000057,70CDCR24D00000009,7012,CONT_AWD_70CDCR24FR0000057_7012_70CDCR24D00000009_7012,2,AWARD:467cf5e5e2e859ea1e0424b8,Contracts,,True,confirmed
DHS_FY2026P10_c:FY2026P01-P10_070_TAS_Contracts_AccountBreakdownByAward_2026-09-15_H22M13S36_01.csv:row:242543,DHS_FY2026P10_c/extracted/FY2026P01-P10_070_TAS_Contracts_AccountBreakdownByAward_2026-09-15_H22M13S36_01.csv,242543,25.4,070-0540,FY2026P10,,70CDCR24FR0000057,70CDCR24D00000009,7012,CONT_AWD_70CDCR24FR0000057_7012_70CDCR24D00000009_7012,2,AWARD:467cf5e5e2e859ea1e0424b8,Contracts,,True,confirmed
DHS_FY2026P10_c:FY2026P01-P10_070_TAS_Contracts_AccountBreakdownByAward_2026-09-15_H22M13S36_01.csv:row:242544,DHS_FY2026P10_c/extracted/FY2026P01-P10_070_TAS_Contracts_AccountBreakdownByAward_2026-09-15_H22M13S36_01.csv,242544,25.4,070-0540,FY2026P10,,70CDCR24FR0000057,70CDCR24D00000009,7012,CONT_AWD_70CDCR24FR0000057_7012_70CDCR24D00000009_7012,2,AWARD:467cf5e5e2e859ea1e0424b8,Contracts,,True,confirmed
DHS_FY2026P10_c:FY2026P01-P10_070_TAS_Contracts_AccountBreakdownByAward_2026-09-15_H22M13S36_01.csv:row:242545,DHS_FY2026P10_c/extracted/FY2026P01-P10_070_TAS_Contracts_AccountBreakdownByAward_2026-09-15_H22M13S36_01.csv,242545,25.4,070-0540,FY2026P04,,70CDCR24FR0000057,70CDCR24D00000009,7012,CONT_AWD_70CDCR24FR0000057_7012_70CDCR24D00000009_7012,2,AWARD:09ac03df03804dad346ee6f4,Contracts,,True,confirmed
DHS_FY2026P10_c:FY2026P01-P10_070_TAS_Contracts_AccountBreakdownByAward_2026-09-15_H22M13S36_01.csv:row:242546,DHS_FY2026P10_c/extracted/FY2026P01-P10_070_TAS_Contracts_AccountBreakdownByAward_2026-09-15_H22M13S36_01.csv,242546,25.4,070-0540,FY2026P04,,70CDCR24FR0000057,70CDCR24D00000009,7012,CONT_AWD_70CDCR24FR0000057_7012_70CDCR24D00000009_7012,2,AWARD:09ac03df03804dad346ee6f4,Contracts,,True,confirmed
DHS_FY2026P10_c:FY2026P01-P10_070_TAS_Contracts_AccountBreakdownByAward_2026-09-15_H22M13S36_01.csv:row:242547,DHS_FY2026P10_c/extracted/FY2026P01-P10_070_TAS_Contracts_AccountBreakdownByAward_2026-09-15_H22M13S36_01.csv,242547,25.4,070-0540,FY2026P06,,70CDCR24FR0000057,70CDCR24D00000009,7012,CONT_AWD_70CDCR24FR0000057_7012_70CDCR24D00000009_7012,2,AWARD:215d4cac6a3354a521105c33,Contracts,,True,confirmed
DHS_FY2026P10_c:FY2026P01-P10_070_TAS_Contracts_AccountBreakdownByAward_2026-09-15_H22M13S36_01.csv:row:242549,DHS_FY2026P10_c/extracted/FY2026P01-P10_070_TAS_Contracts_AccountBreakdownByAward_2026-09-15_H22M13S36_01.csv,242549,25.4,070-0540,FY2026P02,,70CDCR24FR0000057,70CDCR24D00000009,7012,CONT_AWD_70CDCR24FR0000057_7012_70CDCR24D00000009_7012,2,AWARD:64cf96e0e20f0dd8bdaccf3c,Contracts,,True,confirmed
DHS_FY2026P10_c:FY2026P01-P10_070_TAS_Contracts_AccountBreakdownByAward_2026-09-15_H22M13S36_01.csv:row:242551,DHS_FY2026P10_c/extracted/FY2026P01-P10_070_TAS_Contracts_AccountBreakdownByAward_2026-09-15_H22M13S36_01.csv,242551,25.4,070-0540,FY2026P03,,70CDCR24FR0000057,70CDCR24D00000009,7012,CONT_AWD_70CDCR24FR0000057_7012_70CDCR24D00000009_7012,2,AWARD:e81a42251de8393046ad4a54,Contracts,,True,confirmed
DHS_FY2026P10_c:FY2026P01-P10_070_TAS_Contracts_AccountBreakdownByAward_2026-09-15_H22M13S36_01.csv:row:242552,DHS_FY2026P10_c/extracted/FY2026P01-P10_070_TAS_Contracts_AccountBreakdownByAward_2026-09-15_H22M13S36_01.csv,242552,25.4,070-0540,FY2026P03,,70CDCR24FR0000057,70CDCR24D00000009,7012,CONT_AWD_70CDCR24FR0000057_7012_70CDCR24D00000009_7012,2,AWARD:e81a42251de8393046ad4a54,Contracts,,True,confirmed
DHS_FY2026P10_c:FY2026P01-P10_070_TAS_Contracts_AccountBreakdownByAward_2026-09-15_H22M13S36_01.csv:row:242553,DHS_FY2026P10_c/extracted/FY2026P01-P10_070_TAS_Contracts_AccountBreakdownByAward_2026-09-15_H22M13S36_01.csv,242553,25.4,070-0540,FY2026P03,,70CDCR24FR0000057,70CDCR24D00000009,7012,CONT_AWD_70CDCR24FR0000057_7012_70CDCR24D00000009_7012,2,AWARD:e81a42251de8393046ad4a54,Contracts,,True,confirmed
DHS_FY2026P10_c:FY2026P01-P10_070_TAS_Contracts_AccountBreakdownByAward_2026-09-15_H22M13S36_01.csv:row:242556,DHS_FY2026P10_c/extracted/FY2026P01-P10_070_TAS_Contracts_AccountBreakdownByAward_2026-09-15_H22M13S36_01.csv,242556,25.4,070-0540,FY2026P07,,70CDCR24FR0000057,70CDCR24D00000009,7012,CONT_AWD_70CDCR24FR0000057_7012_70CDCR24D00000009_7012,2,AWARD:d6c146b26ba524a832f9e6b4,Contracts,,True,confirmed
DHS_FY2026P10_c:FY2026P01-P10_070_TAS_Contracts_AccountBreakdownByAward_2026-09-15_H22M13S36_01.csv:row:242618,DHS_FY2026P10_c/extracted/FY2026P01-P10_070_TAS_Contracts_AccountBreakdownByAward_2026-09-15_H22M13S36_01.csv,242618,25.4,070-0540,FY2026P10,,70CDCR25FR0000037,70CDCR25D00000009,7012,CONT_AWD_70CDCR25FR0000037_7012_70CDCR25D00000009_7012,,,Contracts,,True,outside_pilot
DHS_FY2026P10_c:FY2026P01-P10_070_TAS_Contracts_AccountBreakdownByAward_2026-09-15_H22M13S36_01.csv:row:242619,DHS_FY2026P10_c/extracted/FY2026P01-P10_070_TAS_Contracts_AccountBreakdownByAward_2026-09-15_H22M13S36_01.csv,242619,25.4,070-0540,FY2026P08,,70CDCR25FR0000037,70CDCR25D00000009,7012,CONT_AWD_70CDCR25FR0000037_7012_70CDCR25D00000009_7012,,,Contracts,,True,outside_pilot
DHS_FY2026P10_c:FY2026P01-P10_070_TAS_Contracts_AccountBreakdownByAward_2026-09-15_H22M13S36_01.csv:row:242620,DHS_FY2026P10_c/extracted/FY2026P01-P10_070_TAS_Contracts_AccountBreakdownByAward_2026-09-15_H22M13S36_01.csv,242620,25.4,070-0540,FY2026P06,,70CDCR25FR0000037,70CDCR25D00000009,7012,CONT_AWD_70CDCR25FR0000037_7012_70CDCR25D00000009_7012,,,Contracts,,True,outside_pilot
DHS_FY2026P10_c:FY2026P01-P10_070_TAS_Contracts_AccountBreakdownByAward_2026-09-15_H22M13S36_01.csv:row:242621,DHS_FY2026P10_c/extracted/FY2026P01-P10_070_TAS_Contracts_AccountBreakdownByAward_2026-09-15_H22M13S36_01.csv,242621,25.4,070-0540,FY2026P06,349371.31,70CDCR25FR0000037,70CDCR25D00000009,7012,CONT_AWD_70CDCR25FR0000037_7012_70CDCR25D00000009_7012,,,Contracts,349371.31,False,outside_pilot
DHS_FY2026P10_c:FY2026P01-P10_070_TAS_Contracts_AccountBreakdownByAward_2026-09-15_H22M13S36_01.csv:row:242622,DHS_FY2026P10_c/extracted/FY2026P01-P10_070_TAS_Contracts_AccountBreakdownByAward_2026-09-15_H22M13S36_01.csv,242622,25.4,070-0540,FY2026P09,,70CDCR25FR0000037,70CDCR25D00000009,7012,CONT_AWD_70CDCR25FR0000037_7012_70CDCR25D00000009_7012,,,Contracts,,True,outside_pilot
DHS_FY2026P10_c:FY2026P01-P10_070_TAS_Contracts_AccountBreakdownByAward_2026-09-15_H22M13S36_01.csv:row:242623,DHS_FY2026P10_c/extracted/FY2026P01-P10_070_TAS_Contracts_AccountBreakdownByAward_2026-09-15_H22M13S36_01.csv,242623,25.4,070-0540,FY2026P07,,70CDCR25FR0000037,70CDCR25D00000009,7012,CONT_AWD_70CDCR25FR0000037_7012_70CDCR25D00000009_7012,,,Contracts,,True,outside_pilot
DHS_FY2026P10_c:FY2026P01-P10_070_TAS_Contracts_AccountBreakdownByAward_2026-09-15_H22M13S36_01.csv:row:242624,DHS_FY2026P10_c/extracted/FY2026P01-P10_070_TAS_Contracts_AccountBreakdownByAward_2026-09-15_H22M13S36_01.csv,242624,25.4,070-0540,FY2026P05,-349371.31,70CDCR25FR0000037,70CDCR25D00000009,7012,CONT_AWD_70CDCR25FR0000037_7012_70CDCR25D00000009_7012,,,Contracts,-349371.31,False,outside_pilot
DHS_FY2026P10_c:FY2026P01-P10_070_TAS_Contracts_AccountBreakdownByAward_2026-09-15_H22M13S36_01.csv:row:242625,DHS_FY2026P10_c/extracted/FY2026P01-P10_070_TAS_Contracts_AccountBreakdownByAward_2026-09-15_H22M13S36_01.csv,242625,25.4,070-0540,FY2026P05,349371.31,70CDCR25FR0000037,70CDCR25D00000009,7012,CONT_AWD_70CDCR25FR0000037_7012_70CDCR25D00000009_7012,,,Contracts,349371.31,False,outside_pilot
DHS_FY2026P10_c:FY2026P01-P10_070_TAS_Contracts_AccountBreakdownByAward_2026-09-15_H22M13S36_01.csv:row:243849,DHS_FY2026P10_c/extracted/FY2026P01-P10_070_TAS_Contracts_AccountBreakdownByAward_2026-09-15_H22M13S36_01.csv,243849,25.4,070-0540,FY2026P07,,70CDCR24FR0000005,70CDCR22D00000002,7012,CONT_AWD_70CDCR24FR0000005_7012_70CDCR22D00000002_7012,,,Contracts,,True,outside_pilot
DHS_FY2026P10_c:FY2026P01-P10_070_TAS_Contracts_AccountBreakdownByAward_2026-09-15_H22M13S36_01.csv:row:243850,DHS_FY2026P10_c/extracted/FY2026P01-P10_070_TAS_Contracts_AccountBreakdownByAward_2026-09-15_H22M13S36_01.csv,243850,25.4,070-0540,FY2026P04,,70CDCR24FR0000005,70CDCR22D00000002,7012,CONT_AWD_70CDCR24FR0000005_7012_70CDCR22D00000002_7012,,,Contracts,,True,outside_pilot
DHS_FY2026P10_c:FY2026P01-P10_070_TAS_Contracts_AccountBreakdownByAward_2026-09-15_H22M13S36_01.csv:row:243851,DHS_FY2026P10_c/extracted/FY2026P01-P10_070_TAS_Contracts_AccountBreakdownByAward_2026-09-15_H22M13S36_01.csv,243851,25.4,070-0540,FY2026P05,,70CDCR24FR0000005,70CDCR22D00000002,7012,CONT_AWD_70CDCR24FR0000005_7012_70CDCR22D00000002_7012,,,Contracts,,True,outside_pilot
DHS_FY2026P10_c:FY2026P01-P10_070_TAS_Contracts_AccountBreakdownByAward_2026-09-15_H22M13S36_01.csv:row:243852,DHS_FY2026P10_c/extracted/FY2026P01-P10_070_TAS_Contracts_AccountBreakdownByAward_2026-09-15_H22M13S36_01.csv,243852,25.4,070-0540,FY2026P05,,70CDCR24FR0000005,70CDCR22D00000002,7012,CONT_AWD_70CDCR24FR0000005_7012_70CDCR22D00000002_7012,,,Contracts,,True,outside_pilot
DHS_FY2026P10_c:FY2026P01-P10_070_TAS_Contracts_AccountBreakdownByAward_2026-09-15_H22M13S36_01.csv:row:243853,DHS_FY2026P10_c/extracted/FY2026P01-P10_070_TAS_Contracts_AccountBreakdownByAward_2026-09-15_H22M13S36_01.csv,243853,25.4,070-0540,FY2026P09,,70CDCR24FR0000005,70CDCR22D00000002,7012,CONT_AWD_70CDCR24FR0000005_7012_70CDCR22D00000002_7012,,,Contracts,,True,outside_pilot
DHS_FY2026P10_c:FY2026P01-P10_070_TAS_Contracts_AccountBreakdownByAward_2026-09-15_H22M13S36_01.csv:row:243854,DHS_FY2026P10_c/extracted/FY2026P01-P10_070_TAS_Contracts_AccountBreakdownByAward_2026-09-15_H22M13S36_01.csv,243854,25.4,070-0540,FY2026P09,,70CDCR24FR0000005,70CDCR22D00000002,7012,CONT_AWD_70CDCR24FR0000005_7012_70CDCR22D00000002_7012,,,Contracts,,True,outside_pilot
DHS_FY2026P10_c:FY2026P01-P10_070_TAS_Contracts_AccountBreakdownByAward_2026-09-15_H22M13S36_01.csv:row:243856,DHS_FY2026P10_c/extracted/FY2026P01-P10_070_TAS_Contracts_AccountBreakdownByAward_2026-09-15_H22M13S36_01.csv,243856,25.4,070-0540,FY2026P07,,70CDCR24FR0000005,70CDCR22D00000002,7012,CONT_AWD_70CDCR24FR0000005_7012_70CDCR22D00000002_7012,,,Contracts,,True,outside_pilot
DHS_FY2026P10_c:FY2026P01-P10_070_TAS_Contracts_AccountBreakdownByAward_2026-09-15_H22M13S36_01.csv:row:243857,DHS_FY2026P10_c/extracted/FY2026P01-P10_070_TAS_Contracts_AccountBreakdownByAward_2026-09-15_H22M13S36_01.csv,243857,25.4,070-0540,FY2026P02,,70CDCR24FR0000005,70CDCR22D00000002,7012,CONT_AWD_70CDCR24FR0000005_7012_70CDCR22D00000002_7012,,,Contracts,,True,outside_pilot
DHS_FY2026P10_c:FY2026P01-P10_070_TAS_Contracts_AccountBreakdownByAward_2026-09-15_H22M13S36_01.csv:row:243858,DHS_FY2026P10_c/extracted/FY2026P01-P10_070_TAS_Contracts_AccountBreakdownByAward_2026-09-15_H22M13S36_01.csv,243858,25.4,070-0540,FY2026P02,,70CDCR24FR0000005,70CDCR22D00000002,7012,CONT_AWD_70CDCR24FR0000005_7012_70CDCR22D00000002_7012,,,Contracts,,True,outside_pilot
DHS_FY2026P10_c:FY2026P01-P10_070_TAS_Contracts_AccountBreakdownByAward_2026-09-15_H22M13S36_01.csv:row:243859,DHS_FY2026P10_c/extracted/FY2026P01-P10_070_TAS_Contracts_AccountBreakdownByAward_2026-09-15_H22M13S36_01.csv,243859,25.4,070-0540,FY2026P03,,70CDCR24FR0000005,70CDCR22D00000002,7012,CONT_AWD_70CDCR24FR0000005_7012_70CDCR22D00000002_7012,,,Contracts,,True,outside_pilot
DHS_FY2026P10_c:FY2026P01-P10_070_TAS_Contracts_AccountBreakdownByAward_2026-09-15_H22M13S36_01.csv:row:243860,DHS_FY2026P10_c/extracted/FY2026P01-P10_070_TAS_Contracts_AccountBreakdownByAward_2026-09-15_H22M13S36_01.csv,243860,25.4,070-0540,FY2026P03,,70CDCR24FR0000005,70CDCR22D00000002,7012,CONT_AWD_70CDCR24FR0000005_7012_70CDCR22D00000002_7012,,,Contracts,,True,outside_pilot
DHS_FY2026P10_c:FY2026P01-P10_070_TAS_Contracts_AccountBreakdownByAward_2026-09-15_H22M13S36_01.csv:row:243861,DHS_FY2026P10_c/extracted/FY2026P01-P10_070_TAS_Contracts_AccountBreakdownByAward_2026-09-15_H22M13S36_01.csv,243861,25.4,070-0540,FY2026P08,,70CDCR24FR0000005,70CDCR22D00000002,7012,CONT_AWD_70CDCR24FR0000005_7012_70CDCR22D00000002_7012,,,Contracts,,True,outside_pilot
DHS_FY2026P10_c:FY2026P01-P10_070_TAS_Contracts_AccountBreakdownByAward_2026-09-15_H22M13S36_01.csv:row:243862,DHS_FY2026P10_c/extracted/FY2026P01-P10_070_TAS_Contracts_AccountBreakdownByAward_2026-09-15_H22M13S36_01.csv,243862,25.4,070-0540,FY2026P10,,70CDCR24FR0000005,70CDCR22D00000002,7012,CONT_AWD_70CDCR24FR0000005_7012_70CDCR22D00000002_7012,,,Contracts,,True,outside_pilot
DHS_FY2026P10_c:FY2026P01-P10_070_TAS_Contracts_AccountBreakdownByAward_2026-09-15_H22M13S36_01.csv:row:243863,DHS_FY2026P10_c/extracted/FY2026P01-P10_070_TAS_Contracts_AccountBreakdownByAward_2026-09-15_H22M13S36_01.csv,243863,25.4,070-0540,FY2026P10,,70CDCR24FR0000005,70CDCR22D00000002,7012,CONT_AWD_70CDCR24FR0000005_7012_70CDCR22D00000002_7012,,,Contracts,,True,outside_pilot
DHS_FY2026P10_c:FY2026P01-P10_070_TAS_Contracts_AccountBreakdownByAward_2026-09-15_H22M13S36_01.csv:row:243865,DHS_FY2026P10_c/extracted/FY2026P01-P10_070_TAS_Contracts_AccountBreakdownByAward_2026-09-15_H22M13S36_01.csv,243865,25.4,070-0540,FY2026P08,,70CDCR24FR0000005,70CDCR22D00000002,7012,CONT_AWD_70CDCR24FR0000005_7012_70CDCR22D00000002_7012,,,Contracts,,True,outside_pilot
DHS_FY2026P10_c:FY2026P01-P10_070_TAS_Contracts_AccountBreakdownByAward_2026-09-15_H22M13S36_01.csv:row:243866,DHS_FY2026P10_c/extracted/FY2026P01-P10_070_TAS_Contracts_AccountBreakdownByAward_2026-09-15_H22M13S36_01.csv,243866,25.4,070-0540,FY2026P04,,70CDCR24FR0000005,70CDCR22D00000002,7012,CONT_AWD_70CDCR24FR0000005_7012_70CDCR22D00000002_7012,,,Contracts,,True,outside_pilot
DHS_FY2026P10_c:FY2026P01-P10_070_TAS_Contracts_AccountBreakdownByAward_2026-09-15_H22M13S36_01.csv:row:243867,DHS_FY2026P10_c/extracted/FY2026P01-P10_070_TAS_Contracts_AccountBreakdownByAward_2026-09-15_H22M13S36_01.csv,243867,25.4,070-0540,FY2026P02,4171951.33,70CDCR24FR0000005,70CDCR22D00000002,7012,CONT_AWD_70CDCR24FR0000005_7012_70CDCR22D00000002_7012,,,Contracts,4171951.33,False,outside_pilot
DHS_FY2026P10_c:FY2026P01-P10_070_TAS_Contracts_AccountBreakdownByAward_2026-09-15_H22M13S36_01.csv:row:243868,DHS_FY2026P10_c/extracted/FY2026P01-P10_070_TAS_Contracts_AccountBreakdownByAward_2026-09-15_H22M13S36_01.csv,243868,25.4,070-0540,FY2026P02,845241.73,70CDCR24FR0000005,70CDCR22D00000002,7012,CONT_AWD_70CDCR24FR0000005_7012_70CDCR22D00000002_7012,,,Contracts,845241.73,False,outside_pilot
DHS_FY2026P10_c:FY2026P01-P10_070_TAS_Contracts_AccountBreakdownByAward_2026-09-15_H22M13S36_01.csv:row:243869,DHS_FY2026P10_c/extracted/FY2026P01-P10_070_TAS_Contracts_AccountBreakdownByAward_2026-09-15_H22M13S36_01.csv,243869,25.4,070-0540,FY2026P06,,70CDCR24FR0000005,70CDCR22D00000002,7012,CONT_AWD_70CDCR24FR0000005_7012_70CDCR22D00000002_7012,,,Contracts,,True,outside_pilot
DHS_FY2026P10_c:FY2026P01-P10_070_TAS_Contracts_AccountBreakdownByAward_2026-09-15_H22M13S36_01.csv:row:243870,DHS_FY2026P10_c/extracted/FY2026P01-P10_070_TAS_Contracts_AccountBreakdownByAward_2026-09-15_H22M13S36_01.csv,243870,25.4,070-0540,FY2026P06,,70CDCR24FR0000005,70CDCR22D00000002,7012,CONT_AWD_70CDCR24FR0000005_7012_70CDCR22D00000002_7012,,,Contracts,,True,outside_pilot
DHS_FY2026P10_c:FY2026P01-P10_070_TAS_Contracts_AccountBreakdownByAward_2026-09-15_H22M13S36_01.csv:row:243871,DHS_FY2026P10_c/extracted/FY2026P01-P10_070_TAS_Contracts_AccountBreakdownByAward_2026-09-15_H22M13S36_01.csv,243871,25.4,070-0540,FY2026P06,-488848.94,70CDCR24FR0000005,70CDCR22D00000002,7012,CONT_AWD_70CDCR24FR0000005_7012_70CDCR22D00000002_7012,,,Contracts,-488848.94,False,outside_pilot
DHS_FY2026P10_c:FY2026P01-P10_070_TAS_Contracts_AccountBreakdownByAward_2026-09-15_H22M13S36_01.csv:row:243874,DHS_FY2026P10_c/extracted/FY2026P01-P10_070_TAS_Contracts_AccountBreakdownByAward_2026-09-15_H22M13S36_01.csv,243874,25.4,070-0540,FY2026P06,-20898.65,70CDCR24FR0000005,70CDCR22D00000002,7012,CONT_AWD_70CDCR24FR0000005_7012_70CDCR22D00000002_7012,,,Contracts,-20898.65,False,outside_pilot
DHS_FY2026P10_c:FY2026P01-P10_070_TAS_Contracts_AccountBreakdownByAward_2026-09-15_H22M13S36_01.csv:row:244553,DHS_FY2026P10_c/extracted/FY2026P01-P10_070_TAS_Contracts_AccountBreakdownByAward_2026-09-15_H22M13S36_01.csv,244553,25.4,070-0540,FY2026P10,588293.15,70CTD024FR0000007,70RDAD23D00000008,7012,CONT_AWD_70CTD024FR0000007_7012_70RDAD23D00000008_7001,,,Contracts,588293.15,False,outside_pilot
DHS_FY2026P10_c:FY2026P01-P10_070_TAS_Contracts_AccountBreakdownByAward_2026-09-15_H22M13S36_01.csv:row:249248,DHS_FY2026P10_c/extracted/FY2026P01-P10_070_TAS_Contracts_AccountBreakdownByAward_2026-09-15_H22M13S36_01.csv,249248,25.4,070-0540,FY2026P06,,70CDCR25FC0000002,HSCEDM14A00001,7012,CONT_AWD_70CDCR25FC0000002_7012_HSCEDM14A00001_7012,,,Contracts,,True,outside_pilot
DHS_FY2026P10_c:FY2026P01-P10_070_TAS_Contracts_AccountBreakdownByAward_2026-09-15_H22M13S36_01.csv:row:249250,DHS_FY2026P10_c/extracted/FY2026P01-P10_070_TAS_Contracts_AccountBreakdownByAward_2026-09-15_H22M13S36_01.csv,249250,25.4,070-0540,FY2026P07,,70CDCR25FC0000002,HSCEDM14A00001,7012,CONT_AWD_70CDCR25FC0000002_7012_HSCEDM14A00001_7012,,,Contracts,,True,outside_pilot
DHS_FY2026P10_c:FY2026P01-P10_070_TAS_Contracts_AccountBreakdownByAward_2026-09-15_H22M13S36_01.csv:row:249251,DHS_FY2026P10_c/extracted/FY2026P01-P10_070_TAS_Contracts_AccountBreakdownByAward_2026-09-15_H22M13S36_01.csv,249251,25.4,070-0540,FY2026P07,,70CDCR25FC0000002,HSCEDM14A00001,7012,CONT_AWD_70CDCR25FC0000002_7012_HSCEDM14A00001_7012,,,Contracts,,True,outside_pilot
DHS_FY2026P10_c:FY2026P01-P10_070_TAS_Contracts_AccountBreakdownByAward_2026-09-15_H22M13S36_01.csv:row:249253,DHS_FY2026P10_c/extracted/FY2026P01-P10_070_TAS_Contracts_AccountBreakdownByAward_2026-09-15_H22M13S36_01.csv,249253,25.4,070-0540,FY2026P09,,70CDCR25FC0000002,HSCEDM14A00001,7012,CONT_AWD_70CDCR25FC0000002_7012_HSCEDM14A00001_7012,,,Contracts,,True,outside_pilot
DHS_FY2026P10_c:FY2026P01-P10_070_TAS_Contracts_AccountBreakdownByAward_2026-09-15_H22M13S36_01.csv:row:249254,DHS_FY2026P10_c/extracted/FY2026P01-P10_070_TAS_Contracts_AccountBreakdownByAward_2026-09-15_H22M13S36_01.csv,249254,25.4,070-0540,FY2026P09,,70CDCR25FC0000002,HSCEDM14A00001,7012,CONT_AWD_70CDCR25FC0000002_7012_HSCEDM14A00001_7012,,,Contracts,,True,outside_pilot
DHS_FY2026P10_c:FY2026P01-P10_070_TAS_Contracts_AccountBreakdownByAward_2026-09-15_H22M13S36_01.csv:row:249256,DHS_FY2026P10_c/extracted/FY2026P01-P10_070_TAS_Contracts_AccountBreakdownByAward_2026-09-15_H22M13S36_01.csv,249256,25.4,070-0540,FY2026P09,,70CDCR25FC0000002,HSCEDM14A00001,7012,CONT_AWD_70CDCR25FC0000002_7012_HSCEDM14A00001_7012,,,Contracts,,True,outside_pilot
DHS_FY2026P10_c:FY2026P01-P10_070_TAS_Contracts_AccountBreakdownByAward_2026-09-15_H22M13S36_01.csv:row:249257,DHS_FY2026P10_c/extracted/FY2026P01-P10_070_TAS_Contracts_AccountBreakdownByAward_2026-09-15_H22M13S36_01.csv,249257,25.4,070-0540,FY2026P06,,70CDCR25FC0000002,HSCEDM14A00001,7012,CONT_AWD_70CDCR25FC0000002_7012_HSCEDM14A00001_7012,,,Contracts,,True,outside_pilot
DHS_FY2026P10_c:FY2026P01-P10_070_TAS_Contracts_AccountBreakdownByAward_2026-09-15_H22M13S36_01.csv:row:249260,DHS_FY2026P10_c/extracted/FY2026P01-P10_070_TAS_Contracts_AccountBreakdownByAward_2026-09-15_H22M13S36_01.csv,249260,25.4,070-0540,FY2026P05,,70CDCR25FC0000002,HSCEDM14A00001,7012,CONT_AWD_70CDCR25FC0000002_7012_HSCEDM14A00001_7012,,,Contracts,,True,outside_pilot
DHS_FY2026P10_c:FY2026P01-P10_070_TAS_Contracts_AccountBreakdownByAward_2026-09-15_H22M13S36_01.csv:row:249263,DHS_FY2026P10_c/extracted/FY2026P01-P10_070_TAS_Contracts_AccountBreakdownByAward_2026-09-15_H22M13S36_01.csv,249263,25.4,070-0540,FY2026P07,,70CDCR25FC0000002,HSCEDM14A00001,7012,CONT_AWD_70CDCR25FC0000002_7012_HSCEDM14A00001_7012,,,Contracts,,True,outside_pilot
DHS_FY2026P10_c:FY2026P01-P10_070_TAS_Contracts_AccountBreakdownByAward_2026-09-15_H22M13S36_01.csv:row:249264,DHS_FY2026P10_c/extracted/FY2026P01-P10_070_TAS_Contracts_AccountBreakdownByAward_2026-09-15_H22M13S36_01.csv,249264,25.4,070-0540,FY2026P08,,70CDCR25FC0000002,HSCEDM14A00001,7012,CONT_AWD_70CDCR25FC0000002_7012_HSCEDM14A00001_7012,,,Contracts,,True,outside_pilot
DHS_FY2026P10_c:FY2026P01-P10_070_TAS_Contracts_AccountBreakdownByAward_2026-09-15_H22M13S36_01.csv:row:249267,DHS_FY2026P10_c/extracted/FY2026P01-P10_070_TAS_Contracts_AccountBreakdownByAward_2026-09-15_H22M13S36_01.csv,249267,25.4,070-0540,FY2026P08,,70CDCR25FC0000002,HSCEDM14A00001,7012,CONT_AWD_70CDCR25FC0000002_7012_HSCEDM14A00001_7012,,,Contracts,,True,outside_pilot
DHS_FY2026P10_c:FY2026P01-P10_070_TAS_Contracts_AccountBreakdownByAward_2026-09-15_H22M13S36_01.csv:row:249269,DHS_FY2026P10_c/extracted/FY2026P01-P10_070_TAS_Contracts_AccountBreakdownByAward_2026-09-15_H22M13S36_01.csv,249269,25.4,070-0540,FY2026P04,2614100.00,70CDCR25FC0000002,HSCEDM14A00001,7012,CONT_AWD_70CDCR25FC0000002_7012_HSCEDM14A00001_7012,,,Contracts,2614100.00,False,outside_pilot
DHS_FY2026P10_c:FY2026P01-P10_070_TAS_Contracts_AccountBreakdownByAward_2026-09-15_H22M13S36_01.csv:row:249270,DHS_FY2026P10_c/extracted/FY2026P01-P10_070_TAS_Contracts_AccountBreakdownByAward_2026-09-15_H22M13S36_01.csv,249270,25.4,070-0540,FY2026P04,,70CDCR25FC0000002,HSCEDM14A00001,7012,CONT_AWD_70CDCR25FC0000002_7012_HSCEDM14A00001_7012,,,Contracts,,True,outside_pilot
DHS_FY2026P10_c:FY2026P01-P10_070_TAS_Contracts_AccountBreakdownByAward_2026-09-15_H22M13S36_01.csv:row:249271,DHS_FY2026P10_c/extracted/FY2026P01-P10_070_TAS_Contracts_AccountBreakdownByAward_2026-09-15_H22M13S36_01.csv,249271,25.4,070-0540,FY2026P04,,70CDCR25FC0000002,HSCEDM14A00001,7012,CONT_AWD_70CDCR25FC0000002_7012_HSCEDM14A00001_7012,,,Contracts,,True,outside_pilot
DHS_FY2026P10_c:FY2026P01-P10_070_TAS_Contracts_AccountBreakdownByAward_2026-09-15_H22M13S36_01.csv:row:249273,DHS_FY2026P10_c/extracted/FY2026P01-P10_070_TAS_Contracts_AccountBreakdownByAward_2026-09-15_H22M13S36_01.csv,249273,25.4,070-0540,FY2026P10,,70CDCR25FC0000002,HSCEDM14A00001,7012,CONT_AWD_70CDCR25FC0000002_7012_HSCEDM14A00001_7012,,,Contracts,,True,outside_pilot
DHS_FY2026P10_c:FY2026P01-P10_070_TAS_Contracts_AccountBreakdownByAward_2026-09-15_H22M13S36_01.csv:row:249274,DHS_FY2026P10_c/extracted/FY2026P01-P10_070_TAS_Contracts_AccountBreakdownByAward_2026-09-15_H22M13S36_01.csv,249274,25.4,070-0540,FY2026P10,,70CDCR25FC0000002,HSCEDM14A00001,7012,CONT_AWD_70CDCR25FC0000002_7012_HSCEDM14A00001_7012,,,Contracts,,True,outside_pilot
DHS_FY2026P10_c:FY2026P01-P10_070_TAS_Contracts_AccountBreakdownByAward_2026-09-15_H22M13S36_01.csv:row:249275,DHS_FY2026P10_c/extracted/FY2026P01-P10_070_TAS_Contracts_AccountBreakdownByAward_2026-09-15_H22M13S36_01.csv,249275,25.4,070-0540,FY2026P10,,70CDCR25FC0000002,HSCEDM14A00001,7012,CONT_AWD_70CDCR25FC0000002_7012_HSCEDM14A00001_7012,,,Contracts,,True,outside_pilot
DHS_FY2026P10_c:FY2026P01-P10_070_TAS_Contracts_AccountBreakdownByAward_2026-09-15_H22M13S36_01.csv:row:249277,DHS_FY2026P10_c/extracted/FY2026P01-P10_070_TAS_Contracts_AccountBreakdownByAward_2026-09-15_H22M13S36_01.csv,249277,25.4,070-0540,FY2026P08,,70CDCR25FC0000002,HSCEDM14A00001,7012,CONT_AWD_70CDCR25FC0000002_7012_HSCEDM14A00001_7012,,,Contracts,,True,outside_pilot
DHS_FY2026P10_c:FY2026P01-P10_070_TAS_Contracts_AccountBreakdownByAward_2026-09-15_H22M13S36_01.csv:row:249278,DHS_FY2026P10_c/extracted/FY2026P01-P10_070_TAS_Contracts_AccountBreakdownByAward_2026-09-15_H22M13S36_01.csv,249278,25.4,070-0540,FY2026P02,,70CDCR25FC0000002,HSCEDM14A00001,7012,CONT_AWD_70CDCR25FC0000002_7012_HSCEDM14A00001_7012,,,Contracts,,True,outside_pilot
DHS_FY2026P10_c:FY2026P01-P10_070_TAS_Contracts_AccountBreakdownByAward_2026-09-15_H22M13S36_01.csv:row:249279,DHS_FY2026P10_c/extracted/FY2026P01-P10_070_TAS_Contracts_AccountBreakdownByAward_2026-09-15_H22M13S36_01.csv,249279,25.4,070-0540,FY2026P03,,70CDCR25FC0000002,HSCEDM14A00001,7012,CONT_AWD_70CDCR25FC0000002_7012_HSCEDM14A00001_7012,,,Contracts,,True,outside_pilot
DHS_FY2026P10_c:FY2026P01-P10_070_TAS_Contracts_AccountBreakdownByAward_2026-09-15_H22M13S36_01.csv:row:249281,DHS_FY2026P10_c/extracted/FY2026P01-P10_070_TAS_Contracts_AccountBreakdownByAward_2026-09-15_H22M13S36_01.csv,249281,25.4,070-0540,FY2026P03,,70CDCR25FC0000002,HSCEDM14A00001,7012,CONT_AWD_70CDCR25FC0000002_7012_HSCEDM14A00001_7012,,,Contracts,,True,outside_pilot
DHS_FY2026P10_c:FY2026P01-P10_070_TAS_Contracts_AccountBreakdownByAward_2026-09-15_H22M13S36_01.csv:row:249283,DHS_FY2026P10_c/extracted/FY2026P01-P10_070_TAS_Contracts_AccountBreakdownByAward_2026-09-15_H22M13S36_01.csv,249283,25.4,070-0540,FY2026P05,,70CDCR25FC0000002,HSCEDM14A00001,7012,CONT_AWD_70CDCR25FC0000002_7012_HSCEDM14A00001_7012,,,Contracts,,True,outside_pilot
DHS_FY2026P10_c:FY2026P01-P10_070_TAS_Contracts_AccountBreakdownByAward_2026-09-15_H22M13S36_01.csv:row:249285,DHS_FY2026P10_c/extracted/FY2026P01-P10_070_TAS_Contracts_AccountBreakdownByAward_2026-09-15_H22M13S36_01.csv,249285,25.4,070-0540,FY2026P06,2082860.00,70CDCR25FC0000002,HSCEDM14A00001,7012,CONT_AWD_70CDCR25FC0000002_7012_HSCEDM14A00001_7012,,,Contracts,2082860.00,False,outside_pilot
DHS_FY2026P10_c:FY2026P01-P10_070_TAS_Contracts_AccountBreakdownByAward_2026-09-15_H22M13S36_01.csv:row:251828,DHS_FY2026P10_c/extracted/FY2026P01-P10_070_TAS_Contracts_AccountBreakdownByAward_2026-09-15_H22M13S36_01.csv,251828,25.4,070-0540,FY2026P10,3179558.00,70CDCR26FR0000108,70CDCR26D00000001,7012,CONT_AWD_70CDCR26FR0000108_7012_70CDCR26D00000001_7012,,,Contracts,3179558.00,False,outside_pilot
DHS_FY2026P10_c:FY2026P01-P10_070_TAS_Contracts_AccountBreakdownByAward_2026-09-15_H22M13S36_01.csv:row:252548,DHS_FY2026P10_c/extracted/FY2026P01-P10_070_TAS_Contracts_AccountBreakdownByAward_2026-09-15_H22M13S36_01.csv,252548,25.4,070-0540,FY2026P10,-14580.00,70CMSD23P00000069,,7012,CONT_AWD_70CMSD23P00000069_7012_-NONE-_-NONE-,,,Contracts,-14580.00,False,outside_pilot
DHS_FY2026P10_c:FY2026P01-P10_070_TAS_Contracts_AccountBreakdownByAward_2026-09-15_H22M13S36_01.csv:row:257026,DHS_FY2026P10_c/extracted/FY2026P01-P10_070_TAS_Contracts_AccountBreakdownByAward_2026-09-15_H22M13S36_01.csv,257026,25.4,070-0540,FY2026P07,,70CDCR25FR0000122,70CDCR25D00000010,7012,CONT_AWD_70CDCR25FR0000122_7012_70CDCR25D00000010_7012,,,Contracts,,True,outside_pilot
DHS_FY2026P10_c:FY2026P01-P10_070_TAS_Contracts_AccountBreakdownByAward_2026-09-15_H22M13S36_01.csv:row:257027,DHS_FY2026P10_c/extracted/FY2026P01-P10_070_TAS_Contracts_AccountBreakdownByAward_2026-09-15_H22M13S36_01.csv,257027,25.4,070-0540,FY2026P07,,70CDCR25FR0000122,70CDCR25D00000010,7012,CONT_AWD_70CDCR25FR0000122_7012_70CDCR25D00000010_7012,,,Contracts,,True,outside_pilot
DHS_FY2026P10_c:FY2026P01-P10_070_TAS_Contracts_AccountBreakdownByAward_2026-09-15_H22M13S36_01.csv:row:257029,DHS_FY2026P10_c/extracted/FY2026P01-P10_070_TAS_Contracts_AccountBreakdownByAward_2026-09-15_H22M13S36_01.csv,257029,25.4,070-0540,FY2026P04,,70CDCR25FR0000122,70CDCR25D00000010,7012,CONT_AWD_70CDCR25FR0000122_7012_70CDCR25D00000010_7012,,,Contracts,,True,outside_pilot
DHS_FY2026P10_c:FY2026P01-P10_070_TAS_Contracts_AccountBreakdownByAward_2026-09-15_H22M13S36_01.csv:row:257031,DHS_FY2026P10_c/extracted/FY2026P01-P10_070_TAS_Contracts_AccountBreakdownByAward_2026-09-15_H22M13S36_01.csv,257031,25.4,070-0540,FY2026P04,,70CDCR25FR0000122,70CDCR25D00000010,7012,CONT_AWD_70CDCR25FR0000122_7012_70CDCR25D00000010_7012,,,Contracts,,True,outside_pilot
DHS_FY2026P10_c:FY2026P01-P10_070_TAS_Contracts_AccountBreakdownByAward_2026-09-15_H22M13S36_01.csv:row:257034,DHS_FY2026P10_c/extracted/FY2026P01-P10_070_TAS_Contracts_AccountBreakdownByAward_2026-09-15_H22M13S36_01.csv,257034,25.4,070-0540,FY2026P06,,70CDCR25FR0000122,70CDCR25D00000010,7012,CONT_AWD_70CDCR25FR0000122_7012_70CDCR25D00000010_7012,,,Contracts,,True,outside_pilot
DHS_FY2026P10_c:FY2026P01-P10_070_TAS_Contracts_AccountBreakdownByAward_2026-09-15_H22M13S36_01.csv:row:257036,DHS_FY2026P10_c/extracted/FY2026P01-P10_070_TAS_Contracts_AccountBreakdownByAward_2026-09-15_H22M13S36_01.csv,257036,25.4,070-0540,FY2026P09,,70CDCR25FR0000122,70CDCR25D00000010,7012,CONT_AWD_70CDCR25FR0000122_7012_70CDCR25D00000010_7012,,,Contracts,,True,outside_pilot
DHS_FY2026P10_c:FY2026P01-P10_070_TAS_Contracts_AccountBreakdownByAward_2026-09-15_H22M13S36_01.csv:row:257038,DHS_FY2026P10_c/extracted/FY2026P01-P10_070_TAS_Contracts_AccountBreakdownByAward_2026-09-15_H22M13S36_01.csv,257038,25.4,070-0540,FY2026P09,,70CDCR25FR0000122,70CDCR25D00000010,7012,CONT_AWD_70CDCR25FR0000122_7012_70CDCR25D00000010_7012,,,Contracts,,True,outside_pilot
DHS_FY2026P10_c:FY2026P01-P10_070_TAS_Contracts_AccountBreakdownByAward_2026-09-15_H22M13S36_01.csv:row:257039,DHS_FY2026P10_c/extracted/FY2026P01-P10_070_TAS_Contracts_AccountBreakdownByAward_2026-09-15_H22M13S36_01.csv,257039,25.4,070-0540,FY2026P05,,70CDCR25FR0000122,70CDCR25D00000010,7012,CONT_AWD_70CDCR25FR0000122_7012_70CDCR25D00000010_7012,,,Contracts,,True,outside_pilot
DHS_FY2026P10_c:FY2026P01-P10_070_TAS_Contracts_AccountBreakdownByAward_2026-09-15_H22M13S36_01.csv:row:257042,DHS_FY2026P10_c/extracted/FY2026P01-P10_070_TAS_Contracts_AccountBreakdownByAward_2026-09-15_H22M13S36_01.csv,257042,25.4,070-0540,FY2026P06,,70CDCR25FR0000122,70CDCR25D00000010,7012,CONT_AWD_70CDCR25FR0000122_7012_70CDCR25D00000010_7012,,,Contracts,,True,outside_pilot
DHS_FY2026P10_c:FY2026P01-P10_070_TAS_Contracts_AccountBreakdownByAward_2026-09-15_H22M13S36_01.csv:row:257044,DHS_FY2026P10_c/extracted/FY2026P01-P10_070_TAS_Contracts_AccountBreakdownByAward_2026-09-15_H22M13S36_01.csv,257044,25.4,070-0540,FY2026P06,21330700.00,70CDCR25FR0000122,70CDCR25D00000010,7012,CONT_AWD_70CDCR25FR0000122_7012_70CDCR25D00000010_7012,,,Contracts,21330700.00,False,outside_pilot
DHS_FY2026P10_c:FY2026P01-P10_070_TAS_Contracts_AccountBreakdownByAward_2026-09-15_H22M13S36_01.csv:row:257045,DHS_FY2026P10_c/extracted/FY2026P01-P10_070_TAS_Contracts_AccountBreakdownByAward_2026-09-15_H22M13S36_01.csv,257045,25.4,070-0540,FY2026P08,,70CDCR25FR0000122,70CDCR25D00000010,7012,CONT_AWD_70CDCR25FR0000122_7012_70CDCR25D00000010_7012,,,Contracts,,True,outside_pilot
DHS_FY2026P10_c:FY2026P01-P10_070_TAS_Contracts_AccountBreakdownByAward_2026-09-15_H22M13S36_01.csv:row:257046,DHS_FY2026P10_c/extracted/FY2026P01-P10_070_TAS_Contracts_AccountBreakdownByAward_2026-09-15_H22M13S36_01.csv,257046,25.4,070-0540,FY2026P08,,70CDCR25FR0000122,70CDCR25D00000010,7012,CONT_AWD_70CDCR25FR0000122_7012_70CDCR25D00000010_7012,,,Contracts,,True,outside_pilot
DHS_FY2026P10_c:FY2026P01-P10_070_TAS_Contracts_AccountBreakdownByAward_2026-09-15_H22M13S36_01.csv:row:257047,DHS_FY2026P10_c/extracted/FY2026P01-P10_070_TAS_Contracts_AccountBreakdownByAward_2026-09-15_H22M13S36_01.csv,257047,25.4,070-0540,FY2026P03,,70CDCR25FR0000122,70CDCR25D00000010,7012,CONT_AWD_70CDCR25FR0000122_7012_70CDCR25D00000010_7012,,,Contracts,,True,outside_pilot
DHS_FY2026P10_c:FY2026P01-P10_070_TAS_Contracts_AccountBreakdownByAward_2026-09-15_H22M13S36_01.csv:row:257050,DHS_FY2026P10_c/extracted/FY2026P01-P10_070_TAS_Contracts_AccountBreakdownByAward_2026-09-15_H22M13S36_01.csv,257050,25.4,070-0540,FY2026P10,833417.82,70CDCR25FR0000122,70CDCR25D00000010,7012,CONT_AWD_70CDCR25FR0000122_7012_70CDCR25D00000010_7012,,,Contracts,833417.82,False,outside_pilot
DHS_FY2026P10_c:FY2026P01-P10_070_TAS_Contracts_AccountBreakdownByAward_2026-09-15_H22M13S36_01.csv:row:257052,DHS_FY2026P10_c/extracted/FY2026P01-P10_070_TAS_Contracts_AccountBreakdownByAward_2026-09-15_H22M13S36_01.csv,257052,25.4,070-0540,FY2026P10,36903343.89,70CDCR25FR0000122,70CDCR25D00000010,7012,CONT_AWD_70CDCR25FR0000122_7012_70CDCR25D00000010_7012,,,Contracts,36903343.89,False,outside_pilot
DHS_FY2026P10_c:FY2026P01-P10_070_TAS_Contracts_AccountBreakdownByAward_2026-09-15_H22M13S36_01.csv:row:257054,DHS_FY2026P10_c/extracted/FY2026P01-P10_070_TAS_Contracts_AccountBreakdownByAward_2026-09-15_H22M13S36_01.csv,257054,25.4,070-0540,FY2026P10,,70CDCR25FR0000122,70CDCR25D00000010,7012,CONT_AWD_70CDCR25FR0000122_7012_70CDCR25D00000010_7012,,,Contracts,,True,outside_pilot
DHS_FY2026P10_c:FY2026P01-P10_070_TAS_Contracts_AccountBreakdownByAward_2026-09-15_H22M13S36_01.csv:row:257056,DHS_FY2026P10_c/extracted/FY2026P01-P10_070_TAS_Contracts_AccountBreakdownByAward_2026-09-15_H22M13S36_01.csv,257056,25.4,070-0540,FY2026P10,,70CDCR25FR0000122,70CDCR25D00000010,7012,CONT_AWD_70CDCR25FR0000122_7012_70CDCR25D00000010_7012,,,Contracts,,True,outside_pilot
DHS_FY2026P10_c:FY2026P01-P10_070_TAS_Contracts_AccountBreakdownByAward_2026-09-15_H22M13S36_01.csv:row:257059,DHS_FY2026P10_c/extracted/FY2026P01-P10_070_TAS_Contracts_AccountBreakdownByAward_2026-09-15_H22M13S36_01.csv,257059,25.4,070-0540,FY2026P05,,70CDCR25FR0000122,70CDCR25D00000010,7012,CONT_AWD_70CDCR25FR0000122_7012_70CDCR25D00000010_7012,,,Contracts,,True,outside_pilot
DHS_FY2026P10_c:FY2026P01-P10_070_TAS_Contracts_AccountBreakdownByAward_2026-09-15_H22M13S36_01.csv:row:30795,DHS_FY2026P10_c/extracted/FY2026P01-P10_070_TAS_Contracts_AccountBreakdownByAward_2026-09-15_H22M13S36_01.csv,30795,25.4,070-0540,FY2026P06,,70CDCR25FR0000096,70CDCR25D00000009,7012,CONT_AWD_70CDCR25FR0000096_7012_70CDCR25D00000009_7012,,,Contracts,,True,outside_pilot
DHS_FY2026P10_c:FY2026P01-P10_070_TAS_Contracts_AccountBreakdownByAward_2026-09-15_H22M13S36_01.csv:row:30798,DHS_FY2026P10_c/extracted/FY2026P01-P10_070_TAS_Contracts_AccountBreakdownByAward_2026-09-15_H22M13S36_01.csv,30798,25.4,070-0540,FY2026P09,,70CDCR25FR0000096,70CDCR25D00000009,7012,CONT_AWD_70CDCR25FR0000096_7012_70CDCR25D00000009_7012,,,Contracts,,True,outside_pilot
DHS_FY2026P10_c:FY2026P01-P10_070_TAS_Contracts_AccountBreakdownByAward_2026-09-15_H22M13S36_01.csv:row:30800,DHS_FY2026P10_c/extracted/FY2026P01-P10_070_TAS_Contracts_AccountBreakdownByAward_2026-09-15_H22M13S36_01.csv,30800,25.4,070-0540,FY2026P09,,70CDCR25FR0000096,70CDCR25D00000009,7012,CONT_AWD_70CDCR25FR0000096_7012_70CDCR25D00000009_7012,,,Contracts,,True,outside_pilot
DHS_FY2026P10_c:FY2026P01-P10_070_TAS_Contracts_AccountBreakdownByAward_2026-09-15_H22M13S36_01.csv:row:30802,DHS_FY2026P10_c/extracted/FY2026P01-P10_070_TAS_Contracts_AccountBreakdownByAward_2026-09-15_H22M13S36_01.csv,30802,25.4,070-0540,FY2026P04,1157600.00,70CDCR25FR0000096,70CDCR25D00000009,7012,CONT_AWD_70CDCR25FR0000096_7012_70CDCR25D00000009_7012,,,Contracts,1157600.00,False,outside_pilot
DHS_FY2026P10_c:FY2026P01-P10_070_TAS_Contracts_AccountBreakdownByAward_2026-09-15_H22M13S36_01.csv:row:30805,DHS_FY2026P10_c/extracted/FY2026P01-P10_070_TAS_Contracts_AccountBreakdownByAward_2026-09-15_H22M13S36_01.csv,30805,25.4,070-0540,FY2026P04,,70CDCR25FR0000096,70CDCR25D00000009,7012,CONT_AWD_70CDCR25FR0000096_7012_70CDCR25D00000009_7012,,,Contracts,,True,outside_pilot
DHS_FY2026P10_c:FY2026P01-P10_070_TAS_Contracts_AccountBreakdownByAward_2026-09-15_H22M13S36_01.csv:row:30808,DHS_FY2026P10_c/extracted/FY2026P01-P10_070_TAS_Contracts_AccountBreakdownByAward_2026-09-15_H22M13S36_01.csv,30808,25.4,070-0540,FY2026P10,6210000.00,70CDCR25FR0000096,70CDCR25D00000009,7012,CONT_AWD_70CDCR25FR0000096_7012_70CDCR25D00000009_7012,,,Contracts,6210000.00,False,outside_pilot
DHS_FY2026P10_c:FY2026P01-P10_070_TAS_Contracts_AccountBreakdownByAward_2026-09-15_H22M13S36_01.csv:row:30809,DHS_FY2026P10_c/extracted/FY2026P01-P10_070_TAS_Contracts_AccountBreakdownByAward_2026-09-15_H22M13S36_01.csv,30809,25.4,070-0540,FY2026P04,43070943.00,70CDCR25FR0000096,70CDCR25D00000009,7012,CONT_AWD_70CDCR25FR0000096_7012_70CDCR25D00000009_7012,,,Contracts,43070943.00,False,outside_pilot
DHS_FY2026P10_c:FY2026P01-P10_070_TAS_Contracts_AccountBreakdownByAward_2026-09-15_H22M13S36_01.csv:row:30812,DHS_FY2026P10_c/extracted/FY2026P01-P10_070_TAS_Contracts_AccountBreakdownByAward_2026-09-15_H22M13S36_01.csv,30812,25.4,070-0540,FY2026P05,,70CDCR25FR0000096,70CDCR25D00000009,7012,CONT_AWD_70CDCR25FR0000096_7012_70CDCR25D00000009_7012,,,Contracts,,True,outside_pilot
DHS_FY2026P10_c:FY2026P01-P10_070_TAS_Contracts_AccountBreakdownByAward_2026-09-15_H22M13S36_01.csv:row:30816,DHS_FY2026P10_c/extracted/FY2026P01-P10_070_TAS_Contracts_AccountBreakdownByAward_2026-09-15_H22M13S36_01.csv,30816,25.4,070-0540,FY2026P08,12750000.00,70CDCR25FR0000096,70CDCR25D00000009,7012,CONT_AWD_70CDCR25FR0000096_7012_70CDCR25D00000009_7012,,,Contracts,12750000.00,False,outside_pilot
DHS_FY2026P10_c:FY2026P01-P10_070_TAS_Contracts_AccountBreakdownByAward_2026-09-15_H22M13S36_01.csv:row:30817,DHS_FY2026P10_c/extracted/FY2026P01-P10_070_TAS_Contracts_AccountBreakdownByAward_2026-09-15_H22M13S36_01.csv,30817,25.4,070-0540,FY2026P05,,70CDCR25FR0000096,70CDCR25D00000009,7012,CONT_AWD_70CDCR25FR0000096_7012_70CDCR25D00000009_7012,,,Contracts,,True,outside_pilot
DHS_FY2026P10_c:FY2026P01-P10_070_TAS_Contracts_AccountBreakdownByAward_2026-09-15_H22M13S36_01.csv:row:30820,DHS_FY2026P10_c/extracted/FY2026P01-P10_070_TAS_Contracts_AccountBreakdownByAward_2026-09-15_H22M13S36_01.csv,30820,25.4,070-0540,FY2026P08,,70CDCR25FR0000096,70CDCR25D00000009,7012,CONT_AWD_70CDCR25FR0000096_7012_70CDCR25D00000009_7012,,,Contracts,,True,outside_pilot
DHS_FY2026P10_c:FY2026P01-P10_070_TAS_Contracts_AccountBreakdownByAward_2026-09-15_H22M13S36_01.csv:row:30821,DHS_FY2026P10_c/extracted/FY2026P01-P10_070_TAS_Contracts_AccountBreakdownByAward_2026-09-15_H22M13S36_01.csv,30821,25.4,070-0540,FY2026P08,,70CDCR25FR0000096,70CDCR25D00000009,7012,CONT_AWD_70CDCR25FR0000096_7012_70CDCR25D00000009_7012,,,Contracts,,True,outside_pilot
DHS_FY2026P10_c:FY2026P01-P10_070_TAS_Contracts_AccountBreakdownByAward_2026-09-15_H22M13S36_01.csv:row:30823,DHS_FY2026P10_c/extracted/FY2026P01-P10_070_TAS_Contracts_AccountBreakdownByAward_2026-09-15_H22M13S36_01.csv,30823,25.4,070-0540,FY2026P10,,70CDCR25FR0000096,70CDCR25D00000009,7012,CONT_AWD_70CDCR25FR0000096_7012_70CDCR25D00000009_7012,,,Contracts,,True,outside_pilot
DHS_FY2026P10_c:FY2026P01-P10_070_TAS_Contracts_AccountBreakdownByAward_2026-09-15_H22M13S36_01.csv:row:30825,DHS_FY2026P10_c/extracted/FY2026P01-P10_070_TAS_Contracts_AccountBreakdownByAward_2026-09-15_H22M13S36_01.csv,30825,25.4,070-0540,FY2026P10,,70CDCR25FR0000096,70CDCR25D00000009,7012,CONT_AWD_70CDCR25FR0000096_7012_70CDCR25D00000009_7012,,,Contracts,,True,outside_pilot
DHS_FY2026P10_c:FY2026P01-P10_070_TAS_Contracts_AccountBreakdownByAward_2026-09-15_H22M13S36_01.csv:row:30829,DHS_FY2026P10_c/extracted/FY2026P01-P10_070_TAS_Contracts_AccountBreakdownByAward_2026-09-15_H22M13S36_01.csv,30829,25.4,070-0540,FY2026P04,,70CDCR25FR0000096,70CDCR25D00000009,7012,CONT_AWD_70CDCR25FR0000096_7012_70CDCR25D00000009_7012,,,Contracts,,True,outside_pilot
DHS_FY2026P10_c:FY2026P01-P10_070_TAS_Contracts_AccountBreakdownByAward_2026-09-15_H22M13S36_01.csv:row:30830,DHS_FY2026P10_c/extracted/FY2026P01-P10_070_TAS_Contracts_AccountBreakdownByAward_2026-09-15_H22M13S36_01.csv,30830,25.4,070-0540,FY2026P06,,70CDCR25FR0000096,70CDCR25D00000009,7012,CONT_AWD_70CDCR25FR0000096_7012_70CDCR25D00000009_7012,,,Contracts,,True,outside_pilot
DHS_FY2026P10_c:FY2026P01-P10_070_TAS_Contracts_AccountBreakdownByAward_2026-09-15_H22M13S36_01.csv:row:30832,DHS_FY2026P10_c/extracted/FY2026P01-P10_070_TAS_Contracts_AccountBreakdownByAward_2026-09-15_H22M13S36_01.csv,30832,25.4,070-0540,FY2026P07,,70CDCR25FR0000096,70CDCR25D00000009,7012,CONT_AWD_70CDCR25FR0000096_7012_70CDCR25D00000009_7012,,,Contracts,,True,outside_pilot
DHS_FY2026P10_c:FY2026P01-P10_070_TAS_Contracts_AccountBreakdownByAward_2026-09-15_H22M13S36_01.csv:row:30834,DHS_FY2026P10_c/extracted/FY2026P01-P10_070_TAS_Contracts_AccountBreakdownByAward_2026-09-15_H22M13S36_01.csv,30834,25.4,070-0540,FY2026P07,1000000.00,70CDCR25FR0000096,70CDCR25D00000009,7012,CONT_AWD_70CDCR25FR0000096_7012_70CDCR25D00000009_7012,,,Contracts,1000000.00,False,outside_pilot
DHS_FY2026P10_c:FY2026P01-P10_070_TAS_Contracts_AccountBreakdownByAward_2026-09-15_H22M13S36_01.csv:row:30835,DHS_FY2026P10_c/extracted/FY2026P01-P10_070_TAS_Contracts_AccountBreakdownByAward_2026-09-15_H22M13S36_01.csv,30835,25.4,070-0540,FY2026P07,,70CDCR25FR0000096,70CDCR25D00000009,7012,CONT_AWD_70CDCR25FR0000096_7012_70CDCR25D00000009_7012,,,Contracts,,True,outside_pilot
DHS_FY2026P10_c:FY2026P01-P10_070_TAS_Contracts_AccountBreakdownByAward_2026-09-15_H22M13S36_01.csv:row:33704,DHS_FY2026P10_c/extracted/FY2026P01-P10_070_TAS_Contracts_AccountBreakdownByAward_2026-09-15_H22M13S36_01.csv,33704,25.4,070-0540,FY2026P02,,70CDCR25FR0000004,HSCEDM15D00015,7012,CONT_AWD_70CDCR25FR0000004_7012_HSCEDM15D00015_7012,3,AWARD:f347e28fb2422c73ad8bead1,Contracts,,True,confirmed
DHS_FY2026P10_c:FY2026P01-P10_070_TAS_Contracts_AccountBreakdownByAward_2026-09-15_H22M13S36_01.csv:row:33706,DHS_FY2026P10_c/extracted/FY2026P01-P10_070_TAS_Contracts_AccountBreakdownByAward_2026-09-15_H22M13S36_01.csv,33706,25.4,070-0540,FY2026P04,,70CDCR25FR0000004,HSCEDM15D00015,7012,CONT_AWD_70CDCR25FR0000004_7012_HSCEDM15D00015_7012,3,AWARD:00091efbd258d0c3437fd1c5,Contracts,,True,confirmed
DHS_FY2026P10_c:FY2026P01-P10_070_TAS_Contracts_AccountBreakdownByAward_2026-09-15_H22M13S36_01.csv:row:33707,DHS_FY2026P10_c/extracted/FY2026P01-P10_070_TAS_Contracts_AccountBreakdownByAward_2026-09-15_H22M13S36_01.csv,33707,25.4,070-0540,FY2026P04,15559500.00,70CDCR25FR0000004,HSCEDM15D00015,7012,CONT_AWD_70CDCR25FR0000004_7012_HSCEDM15D00015_7012,3,AWARD:00091efbd258d0c3437fd1c5,Contracts,15559500.00,False,confirmed
DHS_FY2026P10_c:FY2026P01-P10_070_TAS_Contracts_AccountBreakdownByAward_2026-09-15_H22M13S36_01.csv:row:33710,DHS_FY2026P10_c/extracted/FY2026P01-P10_070_TAS_Contracts_AccountBreakdownByAward_2026-09-15_H22M13S36_01.csv,33710,25.4,070-0540,FY2026P08,,70CDCR25FR0000004,HSCEDM15D00015,7012,CONT_AWD_70CDCR25FR0000004_7012_HSCEDM15D00015_7012,3,AWARD:10c40f641add4ea68044c0b2,Contracts,,True,confirmed
DHS_FY2026P10_c:FY2026P01-P10_070_TAS_Contracts_AccountBreakdownByAward_2026-09-15_H22M13S36_01.csv:row:33711,DHS_FY2026P10_c/extracted/FY2026P01-P10_070_TAS_Contracts_AccountBreakdownByAward_2026-09-15_H22M13S36_01.csv,33711,25.4,070-0540,FY2026P08,,70CDCR25FR0000004,HSCEDM15D00015,7012,CONT_AWD_70CDCR25FR0000004_7012_HSCEDM15D00015_7012,3,AWARD:10c40f641add4ea68044c0b2,Contracts,,True,confirmed
DHS_FY2026P10_c:FY2026P01-P10_070_TAS_Contracts_AccountBreakdownByAward_2026-09-15_H22M13S36_01.csv:row:33712,DHS_FY2026P10_c/extracted/FY2026P01-P10_070_TAS_Contracts_AccountBreakdownByAward_2026-09-15_H22M13S36_01.csv,33712,25.4,070-0540,FY2026P08,,70CDCR25FR0000004,HSCEDM15D00015,7012,CONT_AWD_70CDCR25FR0000004_7012_HSCEDM15D00015_7012,3,AWARD:10c40f641add4ea68044c0b2,Contracts,,True,confirmed
DHS_FY2026P10_c:FY2026P01-P10_070_TAS_Contracts_AccountBreakdownByAward_2026-09-15_H22M13S36_01.csv:row:33716,DHS_FY2026P10_c/extracted/FY2026P01-P10_070_TAS_Contracts_AccountBreakdownByAward_2026-09-15_H22M13S36_01.csv,33716,25.4,070-0540,FY2026P07,,70CDCR25FR0000004,HSCEDM15D00015,7012,CONT_AWD_70CDCR25FR0000004_7012_HSCEDM15D00015_7012,3,AWARD:2df2387bcf71163a33bf02f6,Contracts,,True,confirmed
DHS_FY2026P10_c:FY2026P01-P10_070_TAS_Contracts_AccountBreakdownByAward_2026-09-15_H22M13S36_01.csv:row:33717,DHS_FY2026P10_c/extracted/FY2026P01-P10_070_TAS_Contracts_AccountBreakdownByAward_2026-09-15_H22M13S36_01.csv,33717,25.4,070-0540,FY2026P07,,70CDCR25FR0000004,HSCEDM15D00015,7012,CONT_AWD_70CDCR25FR0000004_7012_HSCEDM15D00015_7012,3,AWARD:2df2387bcf71163a33bf02f6,Contracts,,True,confirmed
DHS_FY2026P10_c:FY2026P01-P10_070_TAS_Contracts_AccountBreakdownByAward_2026-09-15_H22M13S36_01.csv:row:33719,DHS_FY2026P10_c/extracted/FY2026P01-P10_070_TAS_Contracts_AccountBreakdownByAward_2026-09-15_H22M13S36_01.csv,33719,25.4,070-0540,FY2026P06,,70CDCR25FR0000004,HSCEDM15D00015,7012,CONT_AWD_70CDCR25FR0000004_7012_HSCEDM15D00015_7012,3,AWARD:fafbf1d9069f811d0733bbf7,Contracts,,True,confirmed
DHS_FY2026P10_c:FY2026P01-P10_070_TAS_Contracts_AccountBreakdownByAward_2026-09-15_H22M13S36_01.csv:row:33721,DHS_FY2026P10_c/extracted/FY2026P01-P10_070_TAS_Contracts_AccountBreakdownByAward_2026-09-15_H22M13S36_01.csv,33721,25.4,070-0540,FY2026P06,18285390.31,70CDCR25FR0000004,HSCEDM15D00015,7012,CONT_AWD_70CDCR25FR0000004_7012_HSCEDM15D00015_7012,3,AWARD:fafbf1d9069f811d0733bbf7,Contracts,18285390.31,False,confirmed
DHS_FY2026P10_c:FY2026P01-P10_070_TAS_Contracts_AccountBreakdownByAward_2026-09-15_H22M13S36_01.csv:row:33725,DHS_FY2026P10_c/extracted/FY2026P01-P10_070_TAS_Contracts_AccountBreakdownByAward_2026-09-15_H22M13S36_01.csv,33725,25.4,070-0540,FY2026P10,,70CDCR25FR0000004,HSCEDM15D00015,7012,CONT_AWD_70CDCR25FR0000004_7012_HSCEDM15D00015_7012,3,AWARD:194cbd9aff3995b384fc5963,Contracts,,True,confirmed
DHS_FY2026P10_c:FY2026P01-P10_070_TAS_Contracts_AccountBreakdownByAward_2026-09-15_H22M13S36_01.csv:row:33728,DHS_FY2026P10_c/extracted/FY2026P01-P10_070_TAS_Contracts_AccountBreakdownByAward_2026-09-15_H22M13S36_01.csv,33728,25.4,070-0540,FY2026P10,,70CDCR25FR0000004,HSCEDM15D00015,7012,CONT_AWD_70CDCR25FR0000004_7012_HSCEDM15D00015_7012,3,AWARD:194cbd9aff3995b384fc5963,Contracts,,True,confirmed
DHS_FY2026P10_c:FY2026P01-P10_070_TAS_Contracts_AccountBreakdownByAward_2026-09-15_H22M13S36_01.csv:row:33731,DHS_FY2026P10_c/extracted/FY2026P01-P10_070_TAS_Contracts_AccountBreakdownByAward_2026-09-15_H22M13S36_01.csv,33731,25.4,070-0540,FY2026P10,,70CDCR25FR0000004,HSCEDM15D00015,7012,CONT_AWD_70CDCR25FR0000004_7012_HSCEDM15D00015_7012,3,AWARD:194cbd9aff3995b384fc5963,Contracts,,True,confirmed
DHS_FY2026P10_c:FY2026P01-P10_070_TAS_Contracts_AccountBreakdownByAward_2026-09-15_H22M13S36_01.csv:row:33739,DHS_FY2026P10_c/extracted/FY2026P01-P10_070_TAS_Contracts_AccountBreakdownByAward_2026-09-15_H22M13S36_01.csv,33739,25.4,070-0540,FY2026P06,,70CDCR25FR0000004,HSCEDM15D00015,7012,CONT_AWD_70CDCR25FR0000004_7012_HSCEDM15D00015_7012,3,AWARD:fafbf1d9069f811d0733bbf7,Contracts,,True,confirmed
DHS_FY2026P10_c:FY2026P01-P10_070_TAS_Contracts_AccountBreakdownByAward_2026-09-15_H22M13S36_01.csv:row:33741,DHS_FY2026P10_c/extracted/FY2026P01-P10_070_TAS_Contracts_AccountBreakdownByAward_2026-09-15_H22M13S36_01.csv,33741,25.4,070-0540,FY2026P06,,70CDCR25FR0000004,HSCEDM15D00015,7012,CONT_AWD_70CDCR25FR0000004_7012_HSCEDM15D00015_7012,3,AWARD:fafbf1d9069f811d0733bbf7,Contracts,,True,confirmed
DHS_FY2026P10_c:FY2026P01-P10_070_TAS_Contracts_AccountBreakdownByAward_2026-09-15_H22M13S36_01.csv:row:33744,DHS_FY2026P10_c/extracted/FY2026P01-P10_070_TAS_Contracts_AccountBreakdownByAward_2026-09-15_H22M13S36_01.csv,33744,25.4,070-0540,FY2026P09,,70CDCR25FR0000004,HSCEDM15D00015,7012,CONT_AWD_70CDCR25FR0000004_7012_HSCEDM15D00015_7012,3,AWARD:ff6bae79f5c053467d1cc835,Contracts,,True,confirmed
DHS_FY2026P10_c:FY2026P01-P10_070_TAS_Contracts_AccountBreakdownByAward_2026-09-15_H22M13S36_01.csv:row:33747,DHS_FY2026P10_c/extracted/FY2026P01-P10_070_TAS_Contracts_AccountBreakdownByAward_2026-09-15_H22M13S36_01.csv,33747,25.4,070-0540,FY2026P09,,70CDCR25FR0000004,HSCEDM15D00015,7012,CONT_AWD_70CDCR25FR0000004_7012_HSCEDM15D00015_7012,3,AWARD:ff6bae79f5c053467d1cc835,Contracts,,True,confirmed
DHS_FY2026P10_c:FY2026P01-P10_070_TAS_Contracts_AccountBreakdownByAward_2026-09-15_H22M13S36_01.csv:row:33750,DHS_FY2026P10_c/extracted/FY2026P01-P10_070_TAS_Contracts_AccountBreakdownByAward_2026-09-15_H22M13S36_01.csv,33750,25.4,070-0540,FY2026P09,,70CDCR25FR0000004,HSCEDM15D00015,7012,CONT_AWD_70CDCR25FR0000004_7012_HSCEDM15D00015_7012,3,AWARD:ff6bae79f5c053467d1cc835,Contracts,,True,confirmed
DHS_FY2026P10_c:FY2026P01-P10_070_TAS_Contracts_AccountBreakdownByAward_2026-09-15_H22M13S36_01.csv:row:33753,DHS_FY2026P10_c/extracted/FY2026P01-P10_070_TAS_Contracts_AccountBreakdownByAward_2026-09-15_H22M13S36_01.csv,33753,25.4,070-0540,FY2026P05,,70CDCR25FR0000004,HSCEDM15D00015,7012,CONT_AWD_70CDCR25FR0000004_7012_HSCEDM15D00015_7012,3,AWARD:5be02d0af4cdf6c3e24efc05,Contracts,,True,confirmed
DHS_FY2026P10_c:FY2026P01-P10_070_TAS_Contracts_AccountBreakdownByAward_2026-09-15_H22M13S36_01.csv:row:33756,DHS_FY2026P10_c/extracted/FY2026P01-P10_070_TAS_Contracts_AccountBreakdownByAward_2026-09-15_H22M13S36_01.csv,33756,25.4,070-0540,FY2026P05,,70CDCR25FR0000004,HSCEDM15D00015,7012,CONT_AWD_70CDCR25FR0000004_7012_HSCEDM15D00015_7012,3,AWARD:5be02d0af4cdf6c3e24efc05,Contracts,,True,confirmed
DHS_FY2026P10_c:FY2026P01-P10_070_TAS_Contracts_AccountBreakdownByAward_2026-09-15_H22M13S36_01.csv:row:33757,DHS_FY2026P10_c/extracted/FY2026P01-P10_070_TAS_Contracts_AccountBreakdownByAward_2026-09-15_H22M13S36_01.csv,33757,25.4,070-0540,FY2026P07,,70CDCR25FR0000004,HSCEDM15D00015,7012,CONT_AWD_70CDCR25FR0000004_7012_HSCEDM15D00015_7012,3,AWARD:2df2387bcf71163a33bf02f6,Contracts,,True,confirmed
DHS_FY2026P10_c:FY2026P01-P10_070_TAS_Contracts_AccountBreakdownByAward_2026-09-15_H22M13S36_01.csv:row:33761,DHS_FY2026P10_c/extracted/FY2026P01-P10_070_TAS_Contracts_AccountBreakdownByAward_2026-09-15_H22M13S36_01.csv,33761,25.4,070-0540,FY2026P04,,70CDCR25FR0000004,HSCEDM15D00015,7012,CONT_AWD_70CDCR25FR0000004_7012_HSCEDM15D00015_7012,3,AWARD:00091efbd258d0c3437fd1c5,Contracts,,True,confirmed
DHS_FY2026P10_c:FY2026P01-P10_070_TAS_Contracts_AccountBreakdownByAward_2026-09-15_H22M13S36_01.csv:row:33762,DHS_FY2026P10_c/extracted/FY2026P01-P10_070_TAS_Contracts_AccountBreakdownByAward_2026-09-15_H22M13S36_01.csv,33762,25.4,070-0540,FY2026P04,,70CDCR25FR0000004,HSCEDM15D00015,7012,CONT_AWD_70CDCR25FR0000004_7012_HSCEDM15D00015_7012,3,AWARD:00091efbd258d0c3437fd1c5,Contracts,,True,confirmed
DHS_FY2026P10_c:FY2026P01-P10_070_TAS_Contracts_AccountBreakdownByAward_2026-09-15_H22M13S36_01.csv:row:33765,DHS_FY2026P10_c/extracted/FY2026P01-P10_070_TAS_Contracts_AccountBreakdownByAward_2026-09-15_H22M13S36_01.csv,33765,25.4,070-0540,FY2026P05,,70CDCR25FR0000004,HSCEDM15D00015,7012,CONT_AWD_70CDCR25FR0000004_7012_HSCEDM15D00015_7012,3,AWARD:5be02d0af4cdf6c3e24efc05,Contracts,,True,confirmed
DHS_FY2026P10_c:FY2026P01-P10_070_TAS_Contracts_AccountBreakdownByAward_2026-09-15_H22M13S36_01.csv:row:33771,DHS_FY2026P10_c/extracted/FY2026P01-P10_070_TAS_Contracts_AccountBreakdownByAward_2026-09-15_H22M13S36_01.csv,33771,25.4,070-0540,FY2026P03,,70CDCR25FR0000004,HSCEDM15D00015,7012,CONT_AWD_70CDCR25FR0000004_7012_HSCEDM15D00015_7012,3,AWARD:41878cadd669a349c67da572,Contracts,,True,confirmed
DHS_FY2026P10_c:FY2026P01-P10_070_TAS_Contracts_AccountBreakdownByAward_2026-09-15_H22M13S36_01.csv:row:33774,DHS_FY2026P10_c/extracted/FY2026P01-P10_070_TAS_Contracts_AccountBreakdownByAward_2026-09-15_H22M13S36_01.csv,33774,25.4,070-0540,FY2026P03,,70CDCR25FR0000004,HSCEDM15D00015,7012,CONT_AWD_70CDCR25FR0000004_7012_HSCEDM15D00015_7012,3,AWARD:41878cadd669a349c67da572,Contracts,,True,confirmed
DHS_FY2026P10_c:FY2026P01-P10_070_TAS_Contracts_AccountBreakdownByAward_2026-09-15_H22M13S36_01.csv:row:34808,DHS_FY2026P10_c/extracted/FY2026P01-P10_070_TAS_Contracts_AccountBreakdownByAward_2026-09-15_H22M13S36_01.csv,34808,25.4,070-0540,FY2026P02,,70CDCR24FR0000053,70CDCR21D00000004,7012,CONT_AWD_70CDCR24FR0000053_7012_70CDCR21D00000004_7012,,,Contracts,,True,outside_pilot
DHS_FY2026P10_c:FY2026P01-P10_070_TAS_Contracts_AccountBreakdownByAward_2026-09-15_H22M13S36_01.csv:row:34809,DHS_FY2026P10_c/extracted/FY2026P01-P10_070_TAS_Contracts_AccountBreakdownByAward_2026-09-15_H22M13S36_01.csv,34809,25.4,070-0540,FY2026P02,,70CDCR24FR0000053,70CDCR21D00000004,7012,CONT_AWD_70CDCR24FR0000053_7012_70CDCR21D00000004_7012,,,Contracts,,True,outside_pilot
DHS_FY2026P10_c:FY2026P01-P10_070_TAS_Contracts_AccountBreakdownByAward_2026-09-15_H22M13S36_01.csv:row:34814,DHS_FY2026P10_c/extracted/FY2026P01-P10_070_TAS_Contracts_AccountBreakdownByAward_2026-09-15_H22M13S36_01.csv,34814,25.4,070-0540,FY2026P03,,70CDCR24FR0000053,70CDCR21D00000004,7012,CONT_AWD_70CDCR24FR0000053_7012_70CDCR21D00000004_7012,,,Contracts,,True,outside_pilot
DHS_FY2026P10_c:FY2026P01-P10_070_TAS_Contracts_AccountBreakdownByAward_2026-09-15_H22M13S36_01.csv:row:34816,DHS_FY2026P10_c/extracted/FY2026P01-P10_070_TAS_Contracts_AccountBreakdownByAward_2026-09-15_H22M13S36_01.csv,34816,25.4,070-0540,FY2026P03,,70CDCR24FR0000053,70CDCR21D00000004,7012,CONT_AWD_70CDCR24FR0000053_7012_70CDCR21D00000004_7012,,,Contracts,,True,outside_pilot
DHS_FY2026P10_c:FY2026P01-P10_070_TAS_Contracts_AccountBreakdownByAward_2026-09-15_H22M13S36_01.csv:row:34819,DHS_FY2026P10_c/extracted/FY2026P01-P10_070_TAS_Contracts_AccountBreakdownByAward_2026-09-15_H22M13S36_01.csv,34819,25.4,070-0540,FY2026P05,,70CDCR24FR0000053,70CDCR21D00000004,7012,CONT_AWD_70CDCR24FR0000053_7012_70CDCR21D00000004_7012,,,Contracts,,True,outside_pilot
DHS_FY2026P10_c:FY2026P01-P10_070_TAS_Contracts_AccountBreakdownByAward_2026-09-15_H22M13S36_01.csv:row:34822,DHS_FY2026P10_c/extracted/FY2026P01-P10_070_TAS_Contracts_AccountBreakdownByAward_2026-09-15_H22M13S36_01.csv,34822,25.4,070-0540,FY2026P04,,70CDCR24FR0000053,70CDCR21D00000004,7012,CONT_AWD_70CDCR24FR0000053_7012_70CDCR21D00000004_7012,,,Contracts,,True,outside_pilot
DHS_FY2026P10_c:FY2026P01-P10_070_TAS_Contracts_AccountBreakdownByAward_2026-09-15_H22M13S36_01.csv:row:34826,DHS_FY2026P10_c/extracted/FY2026P01-P10_070_TAS_Contracts_AccountBreakdownByAward_2026-09-15_H22M13S36_01.csv,34826,25.4,070-0540,FY2026P07,,70CDCR24FR0000053,70CDCR21D00000004,7012,CONT_AWD_70CDCR24FR0000053_7012_70CDCR21D00000004_7012,,,Contracts,,True,outside_pilot
DHS_FY2026P10_c:FY2026P01-P10_070_TAS_Contracts_AccountBreakdownByAward_2026-09-15_H22M13S36_01.csv:row:34833,DHS_FY2026P10_c/extracted/FY2026P01-P10_070_TAS_Contracts_AccountBreakdownByAward_2026-09-15_H22M13S36_01.csv,34833,25.4,070-0540,FY2026P08,,70CDCR24FR0000053,70CDCR21D00000004,7012,CONT_AWD_70CDCR24FR0000053_7012_70CDCR21D00000004_7012,,,Contracts,,True,outside_pilot
DHS_FY2026P10_c:FY2026P01-P10_070_TAS_Contracts_AccountBreakdownByAward_2026-09-15_H22M13S36_01.csv:row:34836,DHS_FY2026P10_c/extracted/FY2026P01-P10_070_TAS_Contracts_AccountBreakdownByAward_2026-09-15_H22M13S36_01.csv,34836,25.4,070-0540,FY2026P04,,70CDCR24FR0000053,70CDCR21D00000004,7012,CONT_AWD_70CDCR24FR0000053_7012_70CDCR21D00000004_7012,,,Contracts,,True,outside_pilot
DHS_FY2026P10_c:FY2026P01-P10_070_TAS_Contracts_AccountBreakdownByAward_2026-09-15_H22M13S36_01.csv:row:34837,DHS_FY2026P10_c/extracted/FY2026P01-P10_070_TAS_Contracts_AccountBreakdownByAward_2026-09-15_H22M13S36_01.csv,34837,25.4,070-0540,FY2026P08,,70CDCR24FR0000053,70CDCR21D00000004,7012,CONT_AWD_70CDCR24FR0000053_7012_70CDCR21D00000004_7012,,,Contracts,,True,outside_pilot
DHS_FY2026P10_c:FY2026P01-P10_070_TAS_Contracts_AccountBreakdownByAward_2026-09-15_H22M13S36_01.csv:row:34839,DHS_FY2026P10_c/extracted/FY2026P01-P10_070_TAS_Contracts_AccountBreakdownByAward_2026-09-15_H22M13S36_01.csv,34839,25.4,070-0540,FY2026P07,,70CDCR24FR0000053,70CDCR21D00000004,7012,CONT_AWD_70CDCR24FR0000053_7012_70CDCR21D00000004_7012,,,Contracts,,True,outside_pilot
DHS_FY2026P10_c:FY2026P01-P10_070_TAS_Contracts_AccountBreakdownByAward_2026-09-15_H22M13S36_01.csv:row:34840,DHS_FY2026P10_c/extracted/FY2026P01-P10_070_TAS_Contracts_AccountBreakdownByAward_2026-09-15_H22M13S36_01.csv,34840,25.4,070-0540,FY2026P05,,70CDCR24FR0000053,70CDCR21D00000004,7012,CONT_AWD_70CDCR24FR0000053_7012_70CDCR21D00000004_7012,,,Contracts,,True,outside_pilot
DHS_FY2026P10_c:FY2026P01-P10_070_TAS_Contracts_AccountBreakdownByAward_2026-09-15_H22M13S36_01.csv:row:34845,DHS_FY2026P10_c/extracted/FY2026P01-P10_070_TAS_Contracts_AccountBreakdownByAward_2026-09-15_H22M13S36_01.csv,34845,25.4,070-0540,FY2026P10,,70CDCR24FR0000053,70CDCR21D00000004,7012,CONT_AWD_70CDCR24FR0000053_7012_70CDCR21D00000004_7012,,,Contracts,,True,outside_pilot
DHS_FY2026P10_c:FY2026P01-P10_070_TAS_Contracts_AccountBreakdownByAward_2026-09-15_H22M13S36_01.csv:row:34848,DHS_FY2026P10_c/extracted/FY2026P01-P10_070_TAS_Contracts_AccountBreakdownByAward_2026-09-15_H22M13S36_01.csv,34848,25.4,070-0540,FY2026P10,,70CDCR24FR0000053,70CDCR21D00000004,7012,CONT_AWD_70CDCR24FR0000053_7012_70CDCR21D00000004_7012,,,Contracts,,True,outside_pilot
DHS_FY2026P10_c:FY2026P01-P10_070_TAS_Contracts_AccountBreakdownByAward_2026-09-15_H22M13S36_01.csv:row:34852,DHS_FY2026P10_c/extracted/FY2026P01-P10_070_TAS_Contracts_AccountBreakdownByAward_2026-09-15_H22M13S36_01.csv,34852,25.4,070-0540,FY2026P06,,70CDCR24FR0000053,70CDCR21D00000004,7012,CONT_AWD_70CDCR24FR0000053_7012_70CDCR21D00000004_7012,,,Contracts,,True,outside_pilot
DHS_FY2026P10_c:FY2026P01-P10_070_TAS_Contracts_AccountBreakdownByAward_2026-09-15_H22M13S36_01.csv:row:34855,DHS_FY2026P10_c/extracted/FY2026P01-P10_070_TAS_Contracts_AccountBreakdownByAward_2026-09-15_H22M13S36_01.csv,34855,25.4,070-0540,FY2026P09,,70CDCR24FR0000053,70CDCR21D00000004,7012,CONT_AWD_70CDCR24FR0000053_7012_70CDCR21D00000004_7012,,,Contracts,,True,outside_pilot
DHS_FY2026P10_c:FY2026P01-P10_070_TAS_Contracts_AccountBreakdownByAward_2026-09-15_H22M13S36_01.csv:row:34858,DHS_FY2026P10_c/extracted/FY2026P01-P10_070_TAS_Contracts_AccountBreakdownByAward_2026-09-15_H22M13S36_01.csv,34858,25.4,070-0540,FY2026P09,,70CDCR24FR0000053,70CDCR21D00000004,7012,CONT_AWD_70CDCR24FR0000053_7012_70CDCR21D00000004_7012,,,Contracts,,True,outside_pilot
DHS_FY2026P10_c:FY2026P01-P10_070_TAS_Contracts_AccountBreakdownByAward_2026-09-15_H22M13S36_01.csv:row:34860,DHS_FY2026P10_c/extracted/FY2026P01-P10_070_TAS_Contracts_AccountBreakdownByAward_2026-09-15_H22M13S36_01.csv,34860,25.4,070-0540,FY2026P06,,70CDCR24FR0000053,70CDCR21D00000004,7012,CONT_AWD_70CDCR24FR0000053_7012_70CDCR21D00000004_7012,,,Contracts,,True,outside_pilot
DHS_FY2026P10_c:FY2026P01-P10_070_TAS_Contracts_AccountBreakdownByAward_2026-09-15_H22M13S36_01.csv:row:38992,DHS_FY2026P10_c/extracted/FY2026P01-P10_070_TAS_Contracts_AccountBreakdownByAward_2026-09-15_H22M13S36_01.csv,38992,25.4,070-0540,FY2026P05,,70CDCR25FR0000019,HSCEDM15D00002,7012,CONT_AWD_70CDCR25FR0000019_7012_HSCEDM15D00002_7012,,,Contracts,,True,outside_pilot
DHS_FY2026P10_c:FY2026P01-P10_070_TAS_Contracts_AccountBreakdownByAward_2026-09-15_H22M13S36_01.csv:row:38994,DHS_FY2026P10_c/extracted/FY2026P01-P10_070_TAS_Contracts_AccountBreakdownByAward_2026-09-15_H22M13S36_01.csv,38994,25.4,070-0540,FY2026P04,,70CDCR25FR0000019,HSCEDM15D00002,7012,CONT_AWD_70CDCR25FR0000019_7012_HSCEDM15D00002_7012,,,Contracts,,True,outside_pilot
DHS_FY2026P10_c:FY2026P01-P10_070_TAS_Contracts_AccountBreakdownByAward_2026-09-15_H22M13S36_01.csv:row:38995,DHS_FY2026P10_c/extracted/FY2026P01-P10_070_TAS_Contracts_AccountBreakdownByAward_2026-09-15_H22M13S36_01.csv,38995,25.4,070-0540,FY2026P07,,70CDCR25FR0000019,HSCEDM15D00002,7012,CONT_AWD_70CDCR25FR0000019_7012_HSCEDM15D00002_7012,,,Contracts,,True,outside_pilot
DHS_FY2026P10_c:FY2026P01-P10_070_TAS_Contracts_AccountBreakdownByAward_2026-09-15_H22M13S36_01.csv:row:38996,DHS_FY2026P10_c/extracted/FY2026P01-P10_070_TAS_Contracts_AccountBreakdownByAward_2026-09-15_H22M13S36_01.csv,38996,25.4,070-0540,FY2026P07,,70CDCR25FR0000019,HSCEDM15D00002,7012,CONT_AWD_70CDCR25FR0000019_7012_HSCEDM15D00002_7012,,,Contracts,,True,outside_pilot
DHS_FY2026P10_c:FY2026P01-P10_070_TAS_Contracts_AccountBreakdownByAward_2026-09-15_H22M13S36_01.csv:row:38998,DHS_FY2026P10_c/extracted/FY2026P01-P10_070_TAS_Contracts_AccountBreakdownByAward_2026-09-15_H22M13S36_01.csv,38998,25.4,070-0540,FY2026P07,,70CDCR25FR0000019,HSCEDM15D00002,7012,CONT_AWD_70CDCR25FR0000019_7012_HSCEDM15D00002_7012,,,Contracts,,True,outside_pilot
DHS_FY2026P10_c:FY2026P01-P10_070_TAS_Contracts_AccountBreakdownByAward_2026-09-15_H22M13S36_01.csv:row:39001,DHS_FY2026P10_c/extracted/FY2026P01-P10_070_TAS_Contracts_AccountBreakdownByAward_2026-09-15_H22M13S36_01.csv,39001,25.4,070-0540,FY2026P04,,70CDCR25FR0000019,HSCEDM15D00002,7012,CONT_AWD_70CDCR25FR0000019_7012_HSCEDM15D00002_7012,,,Contracts,,True,outside_pilot
DHS_FY2026P10_c:FY2026P01-P10_070_TAS_Contracts_AccountBreakdownByAward_2026-09-15_H22M13S36_01.csv:row:39002,DHS_FY2026P10_c/extracted/FY2026P01-P10_070_TAS_Contracts_AccountBreakdownByAward_2026-09-15_H22M13S36_01.csv,39002,25.4,070-0540,FY2026P05,,70CDCR25FR0000019,HSCEDM15D00002,7012,CONT_AWD_70CDCR25FR0000019_7012_HSCEDM15D00002_7012,,,Contracts,,True,outside_pilot
DHS_FY2026P10_c:FY2026P01-P10_070_TAS_Contracts_AccountBreakdownByAward_2026-09-15_H22M13S36_01.csv:row:39003,DHS_FY2026P10_c/extracted/FY2026P01-P10_070_TAS_Contracts_AccountBreakdownByAward_2026-09-15_H22M13S36_01.csv,39003,25.4,070-0540,FY2026P02,,70CDCR25FR0000019,HSCEDM15D00002,7012,CONT_AWD_70CDCR25FR0000019_7012_HSCEDM15D00002_7012,,,Contracts,,True,outside_pilot
DHS_FY2026P10_c:FY2026P01-P10_070_TAS_Contracts_AccountBreakdownByAward_2026-09-15_H22M13S36_01.csv:row:39005,DHS_FY2026P10_c/extracted/FY2026P01-P10_070_TAS_Contracts_AccountBreakdownByAward_2026-09-15_H22M13S36_01.csv,39005,25.4,070-0540,FY2026P03,,70CDCR25FR0000019,HSCEDM15D00002,7012,CONT_AWD_70CDCR25FR0000019_7012_HSCEDM15D00002_7012,,,Contracts,,True,outside_pilot
DHS_FY2026P10_c:FY2026P01-P10_070_TAS_Contracts_AccountBreakdownByAward_2026-09-15_H22M13S36_01.csv:row:39006,DHS_FY2026P10_c/extracted/FY2026P01-P10_070_TAS_Contracts_AccountBreakdownByAward_2026-09-15_H22M13S36_01.csv,39006,25.4,070-0540,FY2026P03,,70CDCR25FR0000019,HSCEDM15D00002,7012,CONT_AWD_70CDCR25FR0000019_7012_HSCEDM15D00002_7012,,,Contracts,,True,outside_pilot
DHS_FY2026P10_c:FY2026P01-P10_070_TAS_Contracts_AccountBreakdownByAward_2026-09-15_H22M13S36_01.csv:row:39008,DHS_FY2026P10_c/extracted/FY2026P01-P10_070_TAS_Contracts_AccountBreakdownByAward_2026-09-15_H22M13S36_01.csv,39008,25.4,070-0540,FY2026P03,,70CDCR25FR0000019,HSCEDM15D00002,7012,CONT_AWD_70CDCR25FR0000019_7012_HSCEDM15D00002_7012,,,Contracts,,True,outside_pilot
DHS_FY2026P10_c:FY2026P01-P10_070_TAS_Contracts_AccountBreakdownByAward_2026-09-15_H22M13S36_01.csv:row:39012,DHS_FY2026P10_c/extracted/FY2026P01-P10_070_TAS_Contracts_AccountBreakdownByAward_2026-09-15_H22M13S36_01.csv,39012,25.4,070-0540,FY2026P08,,70CDCR25FR0000019,HSCEDM15D00002,7012,CONT_AWD_70CDCR25FR0000019_7012_HSCEDM15D00002_7012,,,Contracts,,True,outside_pilot
DHS_FY2026P10_c:FY2026P01-P10_070_TAS_Contracts_AccountBreakdownByAward_2026-09-15_H22M13S36_01.csv:row:39014,DHS_FY2026P10_c/extracted/FY2026P01-P10_070_TAS_Contracts_AccountBreakdownByAward_2026-09-15_H22M13S36_01.csv,39014,25.4,070-0540,FY2026P08,,70CDCR25FR0000019,HSCEDM15D00002,7012,CONT_AWD_70CDCR25FR0000019_7012_HSCEDM15D00002_7012,,,Contracts,,True,outside_pilot
DHS_FY2026P10_c:FY2026P01-P10_070_TAS_Contracts_AccountBreakdownByAward_2026-09-15_H22M13S36_01.csv:row:39017,DHS_FY2026P10_c/extracted/FY2026P01-P10_070_TAS_Contracts_AccountBreakdownByAward_2026-09-15_H22M13S36_01.csv,39017,25.4,070-0540,FY2026P08,,70CDCR25FR0000019,HSCEDM15D00002,7012,CONT_AWD_70CDCR25FR0000019_7012_HSCEDM15D00002_7012,,,Contracts,,True,outside_pilot
DHS_FY2026P10_c:FY2026P01-P10_070_TAS_Contracts_AccountBreakdownByAward_2026-09-15_H22M13S36_01.csv:row:39020,DHS_FY2026P10_c/extracted/FY2026P01-P10_070_TAS_Contracts_AccountBreakdownByAward_2026-09-15_H22M13S36_01.csv,39020,25.4,070-0540,FY2026P05,,70CDCR25FR0000019,HSCEDM15D00002,7012,CONT_AWD_70CDCR25FR0000019_7012_HSCEDM15D00002_7012,,,Contracts,,True,outside_pilot
DHS_FY2026P10_c:FY2026P01-P10_070_TAS_Contracts_AccountBreakdownByAward_2026-09-15_H22M13S36_01.csv:row:39022,DHS_FY2026P10_c/extracted/FY2026P01-P10_070_TAS_Contracts_AccountBreakdownByAward_2026-09-15_H22M13S36_01.csv,39022,25.4,070-0540,FY2026P06,,70CDCR25FR0000019,HSCEDM15D00002,7012,CONT_AWD_70CDCR25FR0000019_7012_HSCEDM15D00002_7012,,,Contracts,,True,outside_pilot
DHS_FY2026P10_c:FY2026P01-P10_070_TAS_Contracts_AccountBreakdownByAward_2026-09-15_H22M13S36_01.csv:row:39024,DHS_FY2026P10_c/extracted/FY2026P01-P10_070_TAS_Contracts_AccountBreakdownByAward_2026-09-15_H22M13S36_01.csv,39024,25.4,070-0540,FY2026P06,,70CDCR25FR0000019,HSCEDM15D00002,7012,CONT_AWD_70CDCR25FR0000019_7012_HSCEDM15D00002_7012,,,Contracts,,True,outside_pilot
DHS_FY2026P10_c:FY2026P01-P10_070_TAS_Contracts_AccountBreakdownByAward_2026-09-15_H22M13S36_01.csv:row:39026,DHS_FY2026P10_c/extracted/FY2026P01-P10_070_TAS_Contracts_AccountBreakdownByAward_2026-09-15_H22M13S36_01.csv,39026,25.4,070-0540,FY2026P09,,70CDCR25FR0000019,HSCEDM15D00002,7012,CONT_AWD_70CDCR25FR0000019_7012_HSCEDM15D00002_7012,,,Contracts,,True,outside_pilot
DHS_FY2026P10_c:FY2026P01-P10_070_TAS_Contracts_AccountBreakdownByAward_2026-09-15_H22M13S36_01.csv:row:39027,DHS_FY2026P10_c/extracted/FY2026P01-P10_070_TAS_Contracts_AccountBreakdownByAward_2026-09-15_H22M13S36_01.csv,39027,25.4,070-0540,FY2026P09,,70CDCR25FR0000019,HSCEDM15D00002,7012,CONT_AWD_70CDCR25FR0000019_7012_HSCEDM15D00002_7012,,,Contracts,,True,outside_pilot
DHS_FY2026P10_c:FY2026P01-P10_070_TAS_Contracts_AccountBreakdownByAward_2026-09-15_H22M13S36_01.csv:row:39029,DHS_FY2026P10_c/extracted/FY2026P01-P10_070_TAS_Contracts_AccountBreakdownByAward_2026-09-15_H22M13S36_01.csv,39029,25.4,070-0540,FY2026P09,,70CDCR25FR0000019,HSCEDM15D00002,7012,CONT_AWD_70CDCR25FR0000019_7012_HSCEDM15D00002_7012,,,Contracts,,True,outside_pilot
DHS_FY2026P10_c:FY2026P01-P10_070_TAS_Contracts_AccountBreakdownByAward_2026-09-15_H22M13S36_01.csv:row:39031,DHS_FY2026P10_c/extracted/FY2026P01-P10_070_TAS_Contracts_AccountBreakdownByAward_2026-09-15_H22M13S36_01.csv,39031,25.4,070-0540,FY2026P04,,70CDCR25FR0000019,HSCEDM15D00002,7012,CONT_AWD_70CDCR25FR0000019_7012_HSCEDM15D00002_7012,,,Contracts,,True,outside_pilot
DHS_FY2026P10_c:FY2026P01-P10_070_TAS_Contracts_AccountBreakdownByAward_2026-09-15_H22M13S36_01.csv:row:39032,DHS_FY2026P10_c/extracted/FY2026P01-P10_070_TAS_Contracts_AccountBreakdownByAward_2026-09-15_H22M13S36_01.csv,39032,25.4,070-0540,FY2026P06,,70CDCR25FR0000019,HSCEDM15D00002,7012,CONT_AWD_70CDCR25FR0000019_7012_HSCEDM15D00002_7012,,,Contracts,,True,outside_pilot
DHS_FY2026P10_c:FY2026P01-P10_070_TAS_Contracts_AccountBreakdownByAward_2026-09-15_H22M13S36_01.csv:row:39035,DHS_FY2026P10_c/extracted/FY2026P01-P10_070_TAS_Contracts_AccountBreakdownByAward_2026-09-15_H22M13S36_01.csv,39035,25.4,070-0540,FY2026P10,,70CDCR25FR0000019,HSCEDM15D00002,7012,CONT_AWD_70CDCR25FR0000019_7012_HSCEDM15D00002_7012,,,Contracts,,True,outside_pilot
DHS_FY2026P10_c:FY2026P01-P10_070_TAS_Contracts_AccountBreakdownByAward_2026-09-15_H22M13S36_01.csv:row:39036,DHS_FY2026P10_c/extracted/FY2026P01-P10_070_TAS_Contracts_AccountBreakdownByAward_2026-09-15_H22M13S36_01.csv,39036,25.4,070-0540,FY2026P10,,70CDCR25FR0000019,HSCEDM15D00002,7012,CONT_AWD_70CDCR25FR0000019_7012_HSCEDM15D00002_7012,,,Contracts,,True,outside_pilot
DHS_FY2026P10_c:FY2026P01-P10_070_TAS_Contracts_AccountBreakdownByAward_2026-09-15_H22M13S36_01.csv:row:39038,DHS_FY2026P10_c/extracted/FY2026P01-P10_070_TAS_Contracts_AccountBreakdownByAward_2026-09-15_H22M13S36_01.csv,39038,25.4,070-0540,FY2026P10,,70CDCR25FR0000019,HSCEDM15D00002,7012,CONT_AWD_70CDCR25FR0000019_7012_HSCEDM15D00002_7012,,,Contracts,,True,outside_pilot
DHS_FY2026P10_c:FY2026P01-P10_070_TAS_Contracts_AccountBreakdownByAward_2026-09-15_H22M13S36_01.csv:row:42154,DHS_FY2026P10_c/extracted/FY2026P01-P10_070_TAS_Contracts_AccountBreakdownByAward_2026-09-15_H22M13S36_01.csv,42154,25.4,070-0540,FY2026P04,,70CDCR25FR0000010,70CDCR20D00000009,7012,CONT_AWD_70CDCR25FR0000010_7012_70CDCR20D00000009_7012,,,Contracts,,True,outside_pilot
DHS_FY2026P10_c:FY2026P01-P10_070_TAS_Contracts_AccountBreakdownByAward_2026-09-15_H22M13S36_01.csv:row:42155,DHS_FY2026P10_c/extracted/FY2026P01-P10_070_TAS_Contracts_AccountBreakdownByAward_2026-09-15_H22M13S36_01.csv,42155,25.4,070-0540,FY2026P04,,70CDCR25FR0000010,70CDCR20D00000009,7012,CONT_AWD_70CDCR25FR0000010_7012_70CDCR20D00000009_7012,,,Contracts,,True,outside_pilot
DHS_FY2026P10_c:FY2026P01-P10_070_TAS_Contracts_AccountBreakdownByAward_2026-09-15_H22M13S36_01.csv:row:42157,DHS_FY2026P10_c/extracted/FY2026P01-P10_070_TAS_Contracts_AccountBreakdownByAward_2026-09-15_H22M13S36_01.csv,42157,25.4,070-0540,FY2026P07,,70CDCR25FR0000010,70CDCR20D00000009,7012,CONT_AWD_70CDCR25FR0000010_7012_70CDCR20D00000009_7012,,,Contracts,,True,outside_pilot
DHS_FY2026P10_c:FY2026P01-P10_070_TAS_Contracts_AccountBreakdownByAward_2026-09-15_H22M13S36_01.csv:row:42159,DHS_FY2026P10_c/extracted/FY2026P01-P10_070_TAS_Contracts_AccountBreakdownByAward_2026-09-15_H22M13S36_01.csv,42159,25.4,070-0540,FY2026P06,,70CDCR25FR0000010,70CDCR20D00000009,7012,CONT_AWD_70CDCR25FR0000010_7012_70CDCR20D00000009_7012,,,Contracts,,True,outside_pilot
DHS_FY2026P10_c:FY2026P01-P10_070_TAS_Contracts_AccountBreakdownByAward_2026-09-15_H22M13S36_01.csv:row:42161,DHS_FY2026P10_c/extracted/FY2026P01-P10_070_TAS_Contracts_AccountBreakdownByAward_2026-09-15_H22M13S36_01.csv,42161,25.4,070-0540,FY2026P09,,70CDCR25FR0000010,70CDCR20D00000009,7012,CONT_AWD_70CDCR25FR0000010_7012_70CDCR20D00000009_7012,,,Contracts,,True,outside_pilot
DHS_FY2026P10_c:FY2026P01-P10_070_TAS_Contracts_AccountBreakdownByAward_2026-09-15_H22M13S36_01.csv:row:42162,DHS_FY2026P10_c/extracted/FY2026P01-P10_070_TAS_Contracts_AccountBreakdownByAward_2026-09-15_H22M13S36_01.csv,42162,25.4,070-0540,FY2026P09,,70CDCR25FR0000010,70CDCR20D00000009,7012,CONT_AWD_70CDCR25FR0000010_7012_70CDCR20D00000009_7012,,,Contracts,,True,outside_pilot
DHS_FY2026P10_c:FY2026P01-P10_070_TAS_Contracts_AccountBreakdownByAward_2026-09-15_H22M13S36_01.csv:row:42164,DHS_FY2026P10_c/extracted/FY2026P01-P10_070_TAS_Contracts_AccountBreakdownByAward_2026-09-15_H22M13S36_01.csv,42164,25.4,070-0540,FY2026P09,,70CDCR25FR0000010,70CDCR20D00000009,7012,CONT_AWD_70CDCR25FR0000010_7012_70CDCR20D00000009_7012,,,Contracts,,True,outside_pilot
DHS_FY2026P10_c:FY2026P01-P10_070_TAS_Contracts_AccountBreakdownByAward_2026-09-15_H22M13S36_01.csv:row:42165,DHS_FY2026P10_c/extracted/FY2026P01-P10_070_TAS_Contracts_AccountBreakdownByAward_2026-09-15_H22M13S36_01.csv,42165,25.4,070-0540,FY2026P10,,70CDCR25FR0000010,70CDCR20D00000009,7012,CONT_AWD_70CDCR25FR0000010_7012_70CDCR20D00000009_7012,,,Contracts,,True,outside_pilot
DHS_FY2026P10_c:FY2026P01-P10_070_TAS_Contracts_AccountBreakdownByAward_2026-09-15_H22M13S36_01.csv:row:42166,DHS_FY2026P10_c/extracted/FY2026P01-P10_070_TAS_Contracts_AccountBreakdownByAward_2026-09-15_H22M13S36_01.csv,42166,25.4,070-0540,FY2026P10,,70CDCR25FR0000010,70CDCR20D00000009,7012,CONT_AWD_70CDCR25FR0000010_7012_70CDCR20D00000009_7012,,,Contracts,,True,outside_pilot
DHS_FY2026P10_c:FY2026P01-P10_070_TAS_Contracts_AccountBreakdownByAward_2026-09-15_H22M13S36_01.csv:row:42167,DHS_FY2026P10_c/extracted/FY2026P01-P10_070_TAS_Contracts_AccountBreakdownByAward_2026-09-15_H22M13S36_01.csv,42167,25.4,070-0540,FY2026P10,,70CDCR25FR0000010,70CDCR20D00000009,7012,CONT_AWD_70CDCR25FR0000010_7012_70CDCR20D00000009_7012,,,Contracts,,True,outside_pilot
DHS_FY2026P10_c:FY2026P01-P10_070_TAS_Contracts_AccountBreakdownByAward_2026-09-15_H22M13S36_01.csv:row:42169,DHS_FY2026P10_c/extracted/FY2026P01-P10_070_TAS_Contracts_AccountBreakdownByAward_2026-09-15_H22M13S36_01.csv,42169,25.4,070-0540,FY2026P05,,70CDCR25FR0000010,70CDCR20D00000009,7012,CONT_AWD_70CDCR25FR0000010_7012_70CDCR20D00000009_7012,,,Contracts,,True,outside_pilot
DHS_FY2026P10_c:FY2026P01-P10_070_TAS_Contracts_AccountBreakdownByAward_2026-09-15_H22M13S36_01.csv:row:42170,DHS_FY2026P10_c/extracted/FY2026P01-P10_070_TAS_Contracts_AccountBreakdownByAward_2026-09-15_H22M13S36_01.csv,42170,25.4,070-0540,FY2026P07,,70CDCR25FR0000010,70CDCR20D00000009,7012,CONT_AWD_70CDCR25FR0000010_7012_70CDCR20D00000009_7012,,,Contracts,,True,outside_pilot
DHS_FY2026P10_c:FY2026P01-P10_070_TAS_Contracts_AccountBreakdownByAward_2026-09-15_H22M13S36_01.csv:row:42171,DHS_FY2026P10_c/extracted/FY2026P01-P10_070_TAS_Contracts_AccountBreakdownByAward_2026-09-15_H22M13S36_01.csv,42171,25.4,070-0540,FY2026P05,,70CDCR25FR0000010,70CDCR20D00000009,7012,CONT_AWD_70CDCR25FR0000010_7012_70CDCR20D00000009_7012,,,Contracts,,True,outside_pilot
DHS_FY2026P10_c:FY2026P01-P10_070_TAS_Contracts_AccountBreakdownByAward_2026-09-15_H22M13S36_01.csv:row:42172,DHS_FY2026P10_c/extracted/FY2026P01-P10_070_TAS_Contracts_AccountBreakdownByAward_2026-09-15_H22M13S36_01.csv,42172,25.4,070-0540,FY2026P02,,70CDCR25FR0000010,70CDCR20D00000009,7012,CONT_AWD_70CDCR25FR0000010_7012_70CDCR20D00000009_7012,,,Contracts,,True,outside_pilot
DHS_FY2026P10_c:FY2026P01-P10_070_TAS_Contracts_AccountBreakdownByAward_2026-09-15_H22M13S36_01.csv:row:42173,DHS_FY2026P10_c/extracted/FY2026P01-P10_070_TAS_Contracts_AccountBreakdownByAward_2026-09-15_H22M13S36_01.csv,42173,25.4,070-0540,FY2026P03,,70CDCR25FR0000010,70CDCR20D00000009,7012,CONT_AWD_70CDCR25FR0000010_7012_70CDCR20D00000009_7012,,,Contracts,,True,outside_pilot
DHS_FY2026P10_c:FY2026P01-P10_070_TAS_Contracts_AccountBreakdownByAward_2026-09-15_H22M13S36_01.csv:row:42174,DHS_FY2026P10_c/extracted/FY2026P01-P10_070_TAS_Contracts_AccountBreakdownByAward_2026-09-15_H22M13S36_01.csv,42174,25.4,070-0540,FY2026P04,4646400.00,70CDCR25FR0000010,70CDCR20D00000009,7012,CONT_AWD_70CDCR25FR0000010_7012_70CDCR20D00000009_7012,,,Contracts,4646400.00,False,outside_pilot
DHS_FY2026P10_c:FY2026P01-P10_070_TAS_Contracts_AccountBreakdownByAward_2026-09-15_H22M13S36_01.csv:row:42176,DHS_FY2026P10_c/extracted/FY2026P01-P10_070_TAS_Contracts_AccountBreakdownByAward_2026-09-15_H22M13S36_01.csv,42176,25.4,070-0540,FY2026P08,,70CDCR25FR0000010,70CDCR20D00000009,7012,CONT_AWD_70CDCR25FR0000010_7012_70CDCR20D00000009_7012,,,Contracts,,True,outside_pilot
DHS_FY2026P10_c:FY2026P01-P10_070_TAS_Contracts_AccountBreakdownByAward_2026-09-15_H22M13S36_01.csv:row:42178,DHS_FY2026P10_c/extracted/FY2026P01-P10_070_TAS_Contracts_AccountBreakdownByAward_2026-09-15_H22M13S36_01.csv,42178,25.4,070-0540,FY2026P06,,70CDCR25FR0000010,70CDCR20D00000009,7012,CONT_AWD_70CDCR25FR0000010_7012_70CDCR20D00000009_7012,,,Contracts,,True,outside_pilot
DHS_FY2026P10_c:FY2026P01-P10_070_TAS_Contracts_AccountBreakdownByAward_2026-09-15_H22M13S36_01.csv:row:42179,DHS_FY2026P10_c/extracted/FY2026P01-P10_070_TAS_Contracts_AccountBreakdownByAward_2026-09-15_H22M13S36_01.csv,42179,25.4,070-0540,FY2026P08,,70CDCR25FR0000010,70CDCR20D00000009,7012,CONT_AWD_70CDCR25FR0000010_7012_70CDCR20D00000009_7012,,,Contracts,,True,outside_pilot
DHS_FY2026P10_c:FY2026P01-P10_070_TAS_Contracts_AccountBreakdownByAward_2026-09-15_H22M13S36_01.csv:row:42180,DHS_FY2026P10_c/extracted/FY2026P01-P10_070_TAS_Contracts_AccountBreakdownByAward_2026-09-15_H22M13S36_01.csv,42180,25.4,070-0540,FY2026P08,12562.39,70CDCR25FR0000010,70CDCR20D00000009,7012,CONT_AWD_70CDCR25FR0000010_7012_70CDCR20D00000009_7012,,,Contracts,12562.39,False,outside_pilot
DHS_FY2026P10_c:FY2026P01-P10_070_TAS_Contracts_AccountBreakdownByAward_2026-09-15_H22M13S36_01.csv:row:42181,DHS_FY2026P10_c/extracted/FY2026P01-P10_070_TAS_Contracts_AccountBreakdownByAward_2026-09-15_H22M13S36_01.csv,42181,25.4,070-0540,FY2026P08,,70CDCR25FR0000010,70CDCR20D00000009,7012,CONT_AWD_70CDCR25FR0000010_7012_70CDCR20D00000009_7012,,,Contracts,,True,outside_pilot
DHS_FY2026P10_c:FY2026P01-P10_070_TAS_Contracts_AccountBreakdownByAward_2026-09-15_H22M13S36_01.csv:row:45172,DHS_FY2026P10_c/extracted/FY2026P01-P10_070_TAS_Contracts_AccountBreakdownByAward_2026-09-15_H22M13S36_01.csv,45172,25.4,070-0540,FY2026P07,165000.00,70CDCR26FR0000054,70CDCR20D00000017,7012,CONT_AWD_70CDCR26FR0000054_7012_70CDCR20D00000017_7012,,,Contracts,165000.00,False,outside_pilot
DHS_FY2026P10_c:FY2026P01-P10_070_TAS_Contracts_AccountBreakdownByAward_2026-09-15_H22M13S36_01.csv:row:45175,DHS_FY2026P10_c/extracted/FY2026P01-P10_070_TAS_Contracts_AccountBreakdownByAward_2026-09-15_H22M13S36_01.csv,45175,25.4,070-0540,FY2026P10,,70CDCR26FR0000054,70CDCR20D00000017,7012,CONT_AWD_70CDCR26FR0000054_7012_70CDCR20D00000017_7012,,,Contracts,,True,outside_pilot
DHS_FY2026P10_c:FY2026P01-P10_070_TAS_Contracts_AccountBreakdownByAward_2026-09-15_H22M13S36_01.csv:row:45177,DHS_FY2026P10_c/extracted/FY2026P01-P10_070_TAS_Contracts_AccountBreakdownByAward_2026-09-15_H22M13S36_01.csv,45177,25.4,070-0540,FY2026P09,,70CDCR26FR0000054,70CDCR20D00000017,7012,CONT_AWD_70CDCR26FR0000054_7012_70CDCR20D00000017_7012,,,Contracts,,True,outside_pilot
DHS_FY2026P10_c:FY2026P01-P10_070_TAS_Contracts_AccountBreakdownByAward_2026-09-15_H22M13S36_01.csv:row:45179,DHS_FY2026P10_c/extracted/FY2026P01-P10_070_TAS_Contracts_AccountBreakdownByAward_2026-09-15_H22M13S36_01.csv,45179,25.4,070-0540,FY2026P08,151500.00,70CDCR26FR0000054,70CDCR20D00000017,7012,CONT_AWD_70CDCR26FR0000054_7012_70CDCR20D00000017_7012,,,Contracts,151500.00,False,outside_pilot
DHS_FY2026P10_c:FY2026P01-P10_070_TAS_Contracts_AccountBreakdownByAward_2026-09-15_H22M13S36_01.csv:row:45182,DHS_FY2026P10_c/extracted/FY2026P01-P10_070_TAS_Contracts_AccountBreakdownByAward_2026-09-15_H22M13S36_01.csv,45182,25.4,070-0540,FY2026P08,,70CDCR26FR0000054,70CDCR20D00000017,7012,CONT_AWD_70CDCR26FR0000054_7012_70CDCR20D00000017_7012,,,Contracts,,True,outside_pilot
DHS_FY2026P10_c:FY2026P01-P10_070_TAS_Contracts_AccountBreakdownByAward_2026-09-15_H22M13S36_01.csv:row:4564,DHS_FY2026P10_c/extracted/FY2026P01-P10_070_TAS_Contracts_AccountBreakdownByAward_2026-09-15_H22M13S36_01.csv,4564,25.4,070-0540,FY2026P04,,70CTD024FC0000016,70CTD022A00000003,7012,CONT_AWD_70CTD024FC0000016_7012_70CTD022A00000003_7012,,,Contracts,,True,outside_pilot
DHS_FY2026P10_c:FY2026P01-P10_070_TAS_Contracts_AccountBreakdownByAward_2026-09-15_H22M13S36_01.csv:row:4565,DHS_FY2026P10_c/extracted/FY2026P01-P10_070_TAS_Contracts_AccountBreakdownByAward_2026-09-15_H22M13S36_01.csv,4565,25.4,070-0540,FY2026P05,,70CTD024FC0000016,70CTD022A00000003,7012,CONT_AWD_70CTD024FC0000016_7012_70CTD022A00000003_7012,,,Contracts,,True,outside_pilot
DHS_FY2026P10_c:FY2026P01-P10_070_TAS_Contracts_AccountBreakdownByAward_2026-09-15_H22M13S36_01.csv:row:4566,DHS_FY2026P10_c/extracted/FY2026P01-P10_070_TAS_Contracts_AccountBreakdownByAward_2026-09-15_H22M13S36_01.csv,4566,25.4,070-0540,FY2026P05,,70CTD024FC0000016,70CTD022A00000003,7012,CONT_AWD_70CTD024FC0000016_7012_70CTD022A00000003_7012,,,Contracts,,True,outside_pilot
DHS_FY2026P10_c:FY2026P01-P10_070_TAS_Contracts_AccountBreakdownByAward_2026-09-15_H22M13S36_01.csv:row:4567,DHS_FY2026P10_c/extracted/FY2026P01-P10_070_TAS_Contracts_AccountBreakdownByAward_2026-09-15_H22M13S36_01.csv,4567,25.4,070-0540,FY2026P07,,70CTD024FC0000016,70CTD022A00000003,7012,CONT_AWD_70CTD024FC0000016_7012_70CTD022A00000003_7012,,,Contracts,,True,outside_pilot
DHS_FY2026P10_c:FY2026P01-P10_070_TAS_Contracts_AccountBreakdownByAward_2026-09-15_H22M13S36_01.csv:row:4568,DHS_FY2026P10_c/extracted/FY2026P01-P10_070_TAS_Contracts_AccountBreakdownByAward_2026-09-15_H22M13S36_01.csv,4568,25.4,070-0540,FY2026P07,,70CTD024FC0000016,70CTD022A00000003,7012,CONT_AWD_70CTD024FC0000016_7012_70CTD022A00000003_7012,,,Contracts,,True,outside_pilot
DHS_FY2026P10_c:FY2026P01-P10_070_TAS_Contracts_AccountBreakdownByAward_2026-09-15_H22M13S36_01.csv:row:4569,DHS_FY2026P10_c/extracted/FY2026P01-P10_070_TAS_Contracts_AccountBreakdownByAward_2026-09-15_H22M13S36_01.csv,4569,25.4,070-0540,FY2026P03,,70CTD024FC0000016,70CTD022A00000003,7012,CONT_AWD_70CTD024FC0000016_7012_70CTD022A00000003_7012,,,Contracts,,True,outside_pilot
DHS_FY2026P10_c:FY2026P01-P10_070_TAS_Contracts_AccountBreakdownByAward_2026-09-15_H22M13S36_01.csv:row:4570,DHS_FY2026P10_c/extracted/FY2026P01-P10_070_TAS_Contracts_AccountBreakdownByAward_2026-09-15_H22M13S36_01.csv,4570,25.4,070-0540,FY2026P06,,70CTD024FC0000016,70CTD022A00000003,7012,CONT_AWD_70CTD024FC0000016_7012_70CTD022A00000003_7012,,,Contracts,,True,outside_pilot
DHS_FY2026P10_c:FY2026P01-P10_070_TAS_Contracts_AccountBreakdownByAward_2026-09-15_H22M13S36_01.csv:row:4571,DHS_FY2026P10_c/extracted/FY2026P01-P10_070_TAS_Contracts_AccountBreakdownByAward_2026-09-15_H22M13S36_01.csv,4571,25.4,070-0540,FY2026P04,,70CTD024FC0000016,70CTD022A00000003,7012,CONT_AWD_70CTD024FC0000016_7012_70CTD022A00000003_7012,,,Contracts,,True,outside_pilot
DHS_FY2026P10_c:FY2026P01-P10_070_TAS_Contracts_AccountBreakdownByAward_2026-09-15_H22M13S36_01.csv:row:4572,DHS_FY2026P10_c/extracted/FY2026P01-P10_070_TAS_Contracts_AccountBreakdownByAward_2026-09-15_H22M13S36_01.csv,4572,25.4,070-0540,FY2026P06,,70CTD024FC0000016,70CTD022A00000003,7012,CONT_AWD_70CTD024FC0000016_7012_70CTD022A00000003_7012,,,Contracts,,True,outside_pilot
DHS_FY2026P10_c:FY2026P01-P10_070_TAS_Contracts_AccountBreakdownByAward_2026-09-15_H22M13S36_01.csv:row:4573,DHS_FY2026P10_c/extracted/FY2026P01-P10_070_TAS_Contracts_AccountBreakdownByAward_2026-09-15_H22M13S36_01.csv,4573,25.4,070-0540,FY2026P03,,70CTD024FC0000016,70CTD022A00000003,7012,CONT_AWD_70CTD024FC0000016_7012_70CTD022A00000003_7012,,,Contracts,,True,outside_pilot
DHS_FY2026P10_c:FY2026P01-P10_070_TAS_Contracts_AccountBreakdownByAward_2026-09-15_H22M13S36_01.csv:row:4574,DHS_FY2026P10_c/extracted/FY2026P01-P10_070_TAS_Contracts_AccountBreakdownByAward_2026-09-15_H22M13S36_01.csv,4574,25.4,070-0540,FY2026P10,,70CTD024FC0000016,70CTD022A00000003,7012,CONT_AWD_70CTD024FC0000016_7012_70CTD022A00000003_7012,,,Contracts,,True,outside_pilot
DHS_FY2026P10_c:FY2026P01-P10_070_TAS_Contracts_AccountBreakdownByAward_2026-09-15_H22M13S36_01.csv:row:4575,DHS_FY2026P10_c/extracted/FY2026P01-P10_070_TAS_Contracts_AccountBreakdownByAward_2026-09-15_H22M13S36_01.csv,4575,25.4,070-0540,FY2026P08,,70CTD024FC0000016,70CTD022A00000003,7012,CONT_AWD_70CTD024FC0000016_7012_70CTD022A00000003_7012,,,Contracts,,True,outside_pilot
DHS_FY2026P10_c:FY2026P01-P10_070_TAS_Contracts_AccountBreakdownByAward_2026-09-15_H22M13S36_01.csv:row:4576,DHS_FY2026P10_c/extracted/FY2026P01-P10_070_TAS_Contracts_AccountBreakdownByAward_2026-09-15_H22M13S36_01.csv,4576,25.4,070-0540,FY2026P08,,70CTD024FC0000016,70CTD022A00000003,7012,CONT_AWD_70CTD024FC0000016_7012_70CTD022A00000003_7012,,,Contracts,,True,outside_pilot
DHS_FY2026P10_c:FY2026P01-P10_070_TAS_Contracts_AccountBreakdownByAward_2026-09-15_H22M13S36_01.csv:row:4577,DHS_FY2026P10_c/extracted/FY2026P01-P10_070_TAS_Contracts_AccountBreakdownByAward_2026-09-15_H22M13S36_01.csv,4577,25.4,070-0540,FY2026P10,,70CTD024FC0000016,70CTD022A00000003,7012,CONT_AWD_70CTD024FC0000016_7012_70CTD022A00000003_7012,,,Contracts,,True,outside_pilot
DHS_FY2026P10_c:FY2026P01-P10_070_TAS_Contracts_AccountBreakdownByAward_2026-09-15_H22M13S36_01.csv:row:4578,DHS_FY2026P10_c/extracted/FY2026P01-P10_070_TAS_Contracts_AccountBreakdownByAward_2026-09-15_H22M13S36_01.csv,4578,25.4,070-0540,FY2026P09,,70CTD024FC0000016,70CTD022A00000003,7012,CONT_AWD_70CTD024FC0000016_7012_70CTD022A00000003_7012,,,Contracts,,True,outside_pilot
DHS_FY2026P10_c:FY2026P01-P10_070_TAS_Contracts_AccountBreakdownByAward_2026-09-15_H22M13S36_01.csv:row:4579,DHS_FY2026P10_c/extracted/FY2026P01-P10_070_TAS_Contracts_AccountBreakdownByAward_2026-09-15_H22M13S36_01.csv,4579,25.4,070-0540,FY2026P09,,70CTD024FC0000016,70CTD022A00000003,7012,CONT_AWD_70CTD024FC0000016_7012_70CTD022A00000003_7012,,,Contracts,,True,outside_pilot
DHS_FY2026P10_c:FY2026P01-P10_070_TAS_Contracts_AccountBreakdownByAward_2026-09-15_H22M13S36_01.csv:row:46698,DHS_FY2026P10_c/extracted/FY2026P01-P10_070_TAS_Contracts_AccountBreakdownByAward_2026-09-15_H22M13S36_01.csv,46698,25.4,070-0540,FY2026P06,452855435.04,70CDCR26C00000016,,7012,CONT_AWD_70CDCR26C00000016_7012_-NONE-_-NONE-,6,AWARD:e0f6ee9bbdd641e00491111f,Contracts,452855435.04,False,confirmed
DHS_FY2026P10_c:FY2026P01-P10_070_TAS_Contracts_AccountBreakdownByAward_2026-09-15_H22M13S36_01.csv:row:46699,DHS_FY2026P10_c/extracted/FY2026P01-P10_070_TAS_Contracts_AccountBreakdownByAward_2026-09-15_H22M13S36_01.csv,46699,25.4,070-0540,FY2026P10,,70CDCR26C00000016,,7012,CONT_AWD_70CDCR26C00000016_7012_-NONE-_-NONE-,6,AWARD:a20d0b75bf95c8c73fe0131e,Contracts,,True,confirmed
DHS_FY2026P10_c:FY2026P01-P10_070_TAS_Contracts_AccountBreakdownByAward_2026-09-15_H22M13S36_01.csv:row:48786,DHS_FY2026P10_c/extracted/FY2026P01-P10_070_TAS_Contracts_AccountBreakdownByAward_2026-09-15_H22M13S36_01.csv,48786,25.4,070-0540,FY2026P06,,70CDCR25FR0000099,70CDCR24D00000008,7012,CONT_AWD_70CDCR25FR0000099_7012_70CDCR24D00000008_7012,,,Contracts,,True,outside_pilot
DHS_FY2026P10_c:FY2026P01-P10_070_TAS_Contracts_AccountBreakdownByAward_2026-09-15_H22M13S36_01.csv:row:48787,DHS_FY2026P10_c/extracted/FY2026P01-P10_070_TAS_Contracts_AccountBreakdownByAward_2026-09-15_H22M13S36_01.csv,48787,25.4,070-0540,FY2026P09,,70CDCR25FR0000099,70CDCR24D00000008,7012,CONT_AWD_70CDCR25FR0000099_7012_70CDCR24D00000008_7012,,,Contracts,,True,outside_pilot
DHS_FY2026P10_c:FY2026P01-P10_070_TAS_Contracts_AccountBreakdownByAward_2026-09-15_H22M13S36_01.csv:row:48788,DHS_FY2026P10_c/extracted/FY2026P01-P10_070_TAS_Contracts_AccountBreakdownByAward_2026-09-15_H22M13S36_01.csv,48788,25.4,070-0540,FY2026P09,,70CDCR25FR0000099,70CDCR24D00000008,7012,CONT_AWD_70CDCR25FR0000099_7012_70CDCR24D00000008_7012,,,Contracts,,True,outside_pilot
DHS_FY2026P10_c:FY2026P01-P10_070_TAS_Contracts_AccountBreakdownByAward_2026-09-15_H22M13S36_01.csv:row:48790,DHS_FY2026P10_c/extracted/FY2026P01-P10_070_TAS_Contracts_AccountBreakdownByAward_2026-09-15_H22M13S36_01.csv,48790,25.4,070-0540,FY2026P07,,70CDCR25FR0000099,70CDCR24D00000008,7012,CONT_AWD_70CDCR25FR0000099_7012_70CDCR24D00000008_7012,,,Contracts,,True,outside_pilot
DHS_FY2026P10_c:FY2026P01-P10_070_TAS_Contracts_AccountBreakdownByAward_2026-09-15_H22M13S36_01.csv:row:48791,DHS_FY2026P10_c/extracted/FY2026P01-P10_070_TAS_Contracts_AccountBreakdownByAward_2026-09-15_H22M13S36_01.csv,48791,25.4,070-0540,FY2026P05,9255922.00,70CDCR25FR0000099,70CDCR24D00000008,7012,CONT_AWD_70CDCR25FR0000099_7012_70CDCR24D00000008_7012,,,Contracts,9255922.00,False,outside_pilot
DHS_FY2026P10_c:FY2026P01-P10_070_TAS_Contracts_AccountBreakdownByAward_2026-09-15_H22M13S36_01.csv:row:48792,DHS_FY2026P10_c/extracted/FY2026P01-P10_070_TAS_Contracts_AccountBreakdownByAward_2026-09-15_H22M13S36_01.csv,48792,25.4,070-0540,FY2026P10,1338250.00,70CDCR25FR0000099,70CDCR24D00000008,7012,CONT_AWD_70CDCR25FR0000099_7012_70CDCR24D00000008_7012,,,Contracts,1338250.00,False,outside_pilot
DHS_FY2026P10_c:FY2026P01-P10_070_TAS_Contracts_AccountBreakdownByAward_2026-09-15_H22M13S36_01.csv:row:48793,DHS_FY2026P10_c/extracted/FY2026P01-P10_070_TAS_Contracts_AccountBreakdownByAward_2026-09-15_H22M13S36_01.csv,48793,25.4,070-0540,FY2026P10,,70CDCR25FR0000099,70CDCR24D00000008,7012,CONT_AWD_70CDCR25FR0000099_7012_70CDCR24D00000008_7012,,,Contracts,,True,outside_pilot
DHS_FY2026P10_c:FY2026P01-P10_070_TAS_Contracts_AccountBreakdownByAward_2026-09-15_H22M13S36_01.csv:row:48794,DHS_FY2026P10_c/extracted/FY2026P01-P10_070_TAS_Contracts_AccountBreakdownByAward_2026-09-15_H22M13S36_01.csv,48794,25.4,070-0540,FY2026P10,,70CDCR25FR0000099,70CDCR24D00000008,7012,CONT_AWD_70CDCR25FR0000099_7012_70CDCR24D00000008_7012,,,Contracts,,True,outside_pilot
DHS_FY2026P10_c:FY2026P01-P10_070_TAS_Contracts_AccountBreakdownByAward_2026-09-15_H22M13S36_01.csv:row:48796,DHS_FY2026P10_c/extracted/FY2026P01-P10_070_TAS_Contracts_AccountBreakdownByAward_2026-09-15_H22M13S36_01.csv,48796,25.4,070-0540,FY2026P08,,70CDCR25FR0000099,70CDCR24D00000008,7012,CONT_AWD_70CDCR25FR0000099_7012_70CDCR24D00000008_7012,,,Contracts,,True,outside_pilot
DHS_FY2026P10_c:FY2026P01-P10_070_TAS_Contracts_AccountBreakdownByAward_2026-09-15_H22M13S36_01.csv:row:48797,DHS_FY2026P10_c/extracted/FY2026P01-P10_070_TAS_Contracts_AccountBreakdownByAward_2026-09-15_H22M13S36_01.csv,48797,25.4,070-0540,FY2026P06,,70CDCR25FR0000099,70CDCR24D00000008,7012,CONT_AWD_70CDCR25FR0000099_7012_70CDCR24D00000008_7012,,,Contracts,,True,outside_pilot
DHS_FY2026P10_c:FY2026P01-P10_070_TAS_Contracts_AccountBreakdownByAward_2026-09-15_H22M13S36_01.csv:row:48798,DHS_FY2026P10_c/extracted/FY2026P01-P10_070_TAS_Contracts_AccountBreakdownByAward_2026-09-15_H22M13S36_01.csv,48798,25.4,070-0540,FY2026P06,7234582.44,70CDCR25FR0000099,70CDCR24D00000008,7012,CONT_AWD_70CDCR25FR0000099_7012_70CDCR24D00000008_7012,,,Contracts,7234582.44,False,outside_pilot
DHS_FY2026P10_c:FY2026P01-P10_070_TAS_Contracts_AccountBreakdownByAward_2026-09-15_H22M13S36_01.csv:row:48799,DHS_FY2026P10_c/extracted/FY2026P01-P10_070_TAS_Contracts_AccountBreakdownByAward_2026-09-15_H22M13S36_01.csv,48799,25.4,070-0540,FY2026P07,,70CDCR25FR0000099,70CDCR24D00000008,7012,CONT_AWD_70CDCR25FR0000099_7012_70CDCR24D00000008_7012,,,Contracts,,True,outside_pilot
DHS_FY2026P10_c:FY2026P01-P10_070_TAS_Contracts_AccountBreakdownByAward_2026-09-15_H22M13S36_01.csv:row:48800,DHS_FY2026P10_c/extracted/FY2026P01-P10_070_TAS_Contracts_AccountBreakdownByAward_2026-09-15_H22M13S36_01.csv,48800,25.4,070-0540,FY2026P08,1090959.00,70CDCR25FR0000099,70CDCR24D00000008,7012,CONT_AWD_70CDCR25FR0000099_7012_70CDCR24D00000008_7012,,,Contracts,1090959.00,False,outside_pilot
DHS_FY2026P10_c:FY2026P01-P10_070_TAS_Contracts_AccountBreakdownByAward_2026-09-15_H22M13S36_01.csv:row:48801,DHS_FY2026P10_c/extracted/FY2026P01-P10_070_TAS_Contracts_AccountBreakdownByAward_2026-09-15_H22M13S36_01.csv,48801,25.4,070-0540,FY2026P08,,70CDCR25FR0000099,70CDCR24D00000008,7012,CONT_AWD_70CDCR25FR0000099_7012_70CDCR24D00000008_7012,,,Contracts,,True,outside_pilot
DHS_FY2026P10_c:FY2026P01-P10_070_TAS_Contracts_AccountBreakdownByAward_2026-09-15_H22M13S36_01.csv:row:51277,DHS_FY2026P10_c/extracted/FY2026P01-P10_070_TAS_Contracts_AccountBreakdownByAward_2026-09-15_H22M13S36_01.csv,51277,25.4,070-0540,FY2026P04,-339.09,70CDCR24FR0000039,70CDCR20D00000013,7012,CONT_AWD_70CDCR24FR0000039_7012_70CDCR20D00000013_7012,,,Contracts,-339.09,False,outside_pilot
DHS_FY2026P10_c:FY2026P01-P10_070_TAS_Contracts_AccountBreakdownByAward_2026-09-15_H22M13S36_01.csv:row:52411,DHS_FY2026P10_c/extracted/FY2026P01-P10_070_TAS_Contracts_AccountBreakdownByAward_2026-09-15_H22M13S36_01.csv,52411,25.4,070-0540,FY2026P07,,70CDCR26FR0000035,N0002325D0048,7012,CONT_AWD_70CDCR26FR0000035_7012_N0002325D0048_9700,,,Contracts,,True,outside_pilot
DHS_FY2026P10_c:FY2026P01-P10_070_TAS_Contracts_AccountBreakdownByAward_2026-09-15_H22M13S36_01.csv:row:52412,DHS_FY2026P10_c/extracted/FY2026P01-P10_070_TAS_Contracts_AccountBreakdownByAward_2026-09-15_H22M13S36_01.csv,52412,25.4,070-0540,FY2026P08,,70CDCR26FR0000035,N0002325D0048,7012,CONT_AWD_70CDCR26FR0000035_7012_N0002325D0048_9700,,,Contracts,,True,outside_pilot
DHS_FY2026P10_c:FY2026P01-P10_070_TAS_Contracts_AccountBreakdownByAward_2026-09-15_H22M13S36_01.csv:row:52414,DHS_FY2026P10_c/extracted/FY2026P01-P10_070_TAS_Contracts_AccountBreakdownByAward_2026-09-15_H22M13S36_01.csv,52414,25.4,070-0540,FY2026P10,,70CDCR26FR0000035,N0002325D0048,7012,CONT_AWD_70CDCR26FR0000035_7012_N0002325D0048_9700,,,Contracts,,True,outside_pilot
DHS_FY2026P10_c:FY2026P01-P10_070_TAS_Contracts_AccountBreakdownByAward_2026-09-15_H22M13S36_01.csv:row:52416,DHS_FY2026P10_c/extracted/FY2026P01-P10_070_TAS_Contracts_AccountBreakdownByAward_2026-09-15_H22M13S36_01.csv,52416,25.4,070-0540,FY2026P06,18988292.78,70CDCR26FR0000035,N0002325D0048,7012,CONT_AWD_70CDCR26FR0000035_7012_N0002325D0048_9700,,,Contracts,18988292.78,False,outside_pilot
DHS_FY2026P10_c:FY2026P01-P10_070_TAS_Contracts_AccountBreakdownByAward_2026-09-15_H22M13S36_01.csv:row:52417,DHS_FY2026P10_c/extracted/FY2026P01-P10_070_TAS_Contracts_AccountBreakdownByAward_2026-09-15_H22M13S36_01.csv,52417,25.4,070-0540,FY2026P09,,70CDCR26FR0000035,N0002325D0048,7012,CONT_AWD_70CDCR26FR0000035_7012_N0002325D0048_9700,,,Contracts,,True,outside_pilot
DHS_FY2026P10_c:FY2026P01-P10_070_TAS_Contracts_AccountBreakdownByAward_2026-09-15_H22M13S36_01.csv:row:57811,DHS_FY2026P10_c/extracted/FY2026P01-P10_070_TAS_Contracts_AccountBreakdownByAward_2026-09-15_H22M13S36_01.csv,57811,25.4,070-0540,FY2026P09,,70CDCR26FR0000042,70CDCR20D00000008,7012,CONT_AWD_70CDCR26FR0000042_7012_70CDCR20D00000008_7012,4,AWARD:c3191b1a482ab06b9264bd3c,Contracts,,True,confirmed
DHS_FY2026P10_c:FY2026P01-P10_070_TAS_Contracts_AccountBreakdownByAward_2026-09-15_H22M13S36_01.csv:row:57813,DHS_FY2026P10_c/extracted/FY2026P01-P10_070_TAS_Contracts_AccountBreakdownByAward_2026-09-15_H22M13S36_01.csv,57813,25.4,070-0540,FY2026P09,,70CDCR26FR0000042,70CDCR20D00000008,7012,CONT_AWD_70CDCR26FR0000042_7012_70CDCR20D00000008_7012,4,AWARD:c3191b1a482ab06b9264bd3c,Contracts,,True,confirmed
DHS_FY2026P10_c:FY2026P01-P10_070_TAS_Contracts_AccountBreakdownByAward_2026-09-15_H22M13S36_01.csv:row:57815,DHS_FY2026P10_c/extracted/FY2026P01-P10_070_TAS_Contracts_AccountBreakdownByAward_2026-09-15_H22M13S36_01.csv,57815,25.4,070-0540,FY2026P07,5869612.00,70CDCR26FR0000042,70CDCR20D00000008,7012,CONT_AWD_70CDCR26FR0000042_7012_70CDCR20D00000008_7012,4,AWARD:337ba9166375c3e2417ceb83,Contracts,5869612.00,False,confirmed
DHS_FY2026P10_c:FY2026P01-P10_070_TAS_Contracts_AccountBreakdownByAward_2026-09-15_H22M13S36_01.csv:row:57817,DHS_FY2026P10_c/extracted/FY2026P01-P10_070_TAS_Contracts_AccountBreakdownByAward_2026-09-15_H22M13S36_01.csv,57817,25.4,070-0540,FY2026P08,,70CDCR26FR0000042,70CDCR20D00000008,7012,CONT_AWD_70CDCR26FR0000042_7012_70CDCR20D00000008_7012,4,AWARD:8b76f411232d461aed567f58,Contracts,,True,confirmed
DHS_FY2026P10_c:FY2026P01-P10_070_TAS_Contracts_AccountBreakdownByAward_2026-09-15_H22M13S36_01.csv:row:57819,DHS_FY2026P10_c/extracted/FY2026P01-P10_070_TAS_Contracts_AccountBreakdownByAward_2026-09-15_H22M13S36_01.csv,57819,25.4,070-0540,FY2026P07,,70CDCR26FR0000042,70CDCR20D00000008,7012,CONT_AWD_70CDCR26FR0000042_7012_70CDCR20D00000008_7012,4,AWARD:337ba9166375c3e2417ceb83,Contracts,,True,confirmed
DHS_FY2026P10_c:FY2026P01-P10_070_TAS_Contracts_AccountBreakdownByAward_2026-09-15_H22M13S36_01.csv:row:57821,DHS_FY2026P10_c/extracted/FY2026P01-P10_070_TAS_Contracts_AccountBreakdownByAward_2026-09-15_H22M13S36_01.csv,57821,25.4,070-0540,FY2026P05,16359775.32,70CDCR26FR0000042,70CDCR20D00000008,7012,CONT_AWD_70CDCR26FR0000042_7012_70CDCR20D00000008_7012,4,AWARD:32525cd9edd03c4a47399321,Contracts,16359775.32,False,confirmed
DHS_FY2026P10_c:FY2026P01-P10_070_TAS_Contracts_AccountBreakdownByAward_2026-09-15_H22M13S36_01.csv:row:57824,DHS_FY2026P10_c/extracted/FY2026P01-P10_070_TAS_Contracts_AccountBreakdownByAward_2026-09-15_H22M13S36_01.csv,57824,25.4,070-0540,FY2026P06,10073576.00,70CDCR26FR0000042,70CDCR20D00000008,7012,CONT_AWD_70CDCR26FR0000042_7012_70CDCR20D00000008_7012,4,AWARD:65a4a1fd6a78c14310a7201e,Contracts,10073576.00,False,confirmed
DHS_FY2026P10_c:FY2026P01-P10_070_TAS_Contracts_AccountBreakdownByAward_2026-09-15_H22M13S36_01.csv:row:57825,DHS_FY2026P10_c/extracted/FY2026P01-P10_070_TAS_Contracts_AccountBreakdownByAward_2026-09-15_H22M13S36_01.csv,57825,25.4,070-0540,FY2026P09,4898964.63,70CDCR26FR0000042,70CDCR20D00000008,7012,CONT_AWD_70CDCR26FR0000042_7012_70CDCR20D00000008_7012,4,AWARD:c3191b1a482ab06b9264bd3c,Contracts,4898964.63,False,confirmed
DHS_FY2026P10_c:FY2026P01-P10_070_TAS_Contracts_AccountBreakdownByAward_2026-09-15_H22M13S36_01.csv:row:57826,DHS_FY2026P10_c/extracted/FY2026P01-P10_070_TAS_Contracts_AccountBreakdownByAward_2026-09-15_H22M13S36_01.csv,57826,25.4,070-0540,FY2026P10,35682865.67,70CDCR26FR0000042,70CDCR20D00000008,7012,CONT_AWD_70CDCR26FR0000042_7012_70CDCR20D00000008_7012,4,AWARD:d5396d8b9d094363c02a8ac0,Contracts,35682865.67,False,confirmed
DHS_FY2026P10_c:FY2026P01-P10_070_TAS_Contracts_AccountBreakdownByAward_2026-09-15_H22M13S36_01.csv:row:57827,DHS_FY2026P10_c/extracted/FY2026P01-P10_070_TAS_Contracts_AccountBreakdownByAward_2026-09-15_H22M13S36_01.csv,57827,25.4,070-0540,FY2026P10,-4898964.63,70CDCR26FR0000042,70CDCR20D00000008,7012,CONT_AWD_70CDCR26FR0000042_7012_70CDCR20D00000008_7012,4,AWARD:d5396d8b9d094363c02a8ac0,Contracts,-4898964.63,False,confirmed
DHS_FY2026P10_c:FY2026P01-P10_070_TAS_Contracts_AccountBreakdownByAward_2026-09-15_H22M13S36_01.csv:row:57828,DHS_FY2026P10_c/extracted/FY2026P01-P10_070_TAS_Contracts_AccountBreakdownByAward_2026-09-15_H22M13S36_01.csv,57828,25.4,070-0540,FY2026P10,,70CDCR26FR0000042,70CDCR20D00000008,7012,CONT_AWD_70CDCR26FR0000042_7012_70CDCR20D00000008_7012,4,AWARD:d5396d8b9d094363c02a8ac0,Contracts,,True,confirmed
DHS_FY2026P10_c:FY2026P01-P10_070_TAS_Contracts_AccountBreakdownByAward_2026-09-15_H22M13S36_01.csv:row:57830,DHS_FY2026P10_c/extracted/FY2026P01-P10_070_TAS_Contracts_AccountBreakdownByAward_2026-09-15_H22M13S36_01.csv,57830,25.4,070-0540,FY2026P10,,70CDCR26FR0000042,70CDCR20D00000008,7012,CONT_AWD_70CDCR26FR0000042_7012_70CDCR20D00000008_7012,4,AWARD:d5396d8b9d094363c02a8ac0,Contracts,,True,confirmed
DHS_FY2026P10_c:FY2026P01-P10_070_TAS_Contracts_AccountBreakdownByAward_2026-09-15_H22M13S36_01.csv:row:57831,DHS_FY2026P10_c/extracted/FY2026P01-P10_070_TAS_Contracts_AccountBreakdownByAward_2026-09-15_H22M13S36_01.csv,57831,25.4,070-0540,FY2026P08,3563193.60,70CDCR26FR0000042,70CDCR20D00000008,7012,CONT_AWD_70CDCR26FR0000042_7012_70CDCR20D00000008_7012,4,AWARD:8b76f411232d461aed567f58,Contracts,3563193.60,False,confirmed
DHS_FY2026P10_c:FY2026P01-P10_070_TAS_Contracts_AccountBreakdownByAward_2026-09-15_H22M13S36_01.csv:row:57833,DHS_FY2026P10_c/extracted/FY2026P01-P10_070_TAS_Contracts_AccountBreakdownByAward_2026-09-15_H22M13S36_01.csv,57833,25.4,070-0540,FY2026P08,,70CDCR26FR0000042,70CDCR20D00000008,7012,CONT_AWD_70CDCR26FR0000042_7012_70CDCR20D00000008_7012,4,AWARD:8b76f411232d461aed567f58,Contracts,,True,confirmed
DHS_FY2026P10_c:FY2026P01-P10_070_TAS_Contracts_AccountBreakdownByAward_2026-09-15_H22M13S36_01.csv:row:57834,DHS_FY2026P10_c/extracted/FY2026P01-P10_070_TAS_Contracts_AccountBreakdownByAward_2026-09-15_H22M13S36_01.csv,57834,25.4,070-0540,FY2026P10,4898964.63,70CDCR26FR0000042,70CDCR20D00000008,7012,CONT_AWD_70CDCR26FR0000042_7012_70CDCR20D00000008_7012,4,AWARD:d5396d8b9d094363c02a8ac0,Contracts,4898964.63,False,confirmed
DHS_FY2026P10_c:FY2026P01-P10_070_TAS_Contracts_AccountBreakdownByAward_2026-09-15_H22M13S36_01.csv:row:61994,DHS_FY2026P10_c/extracted/FY2026P01-P10_070_TAS_Contracts_AccountBreakdownByAward_2026-09-15_H22M13S36_01.csv,61994,25.4,070-0540,FY2026P07,,70CDCR24FR0000040,70CDCR22D00000012,7012,CONT_AWD_70CDCR24FR0000040_7012_70CDCR22D00000012_7012,,,Contracts,,True,outside_pilot
DHS_FY2026P10_c:FY2026P01-P10_070_TAS_Contracts_AccountBreakdownByAward_2026-09-15_H22M13S36_01.csv:row:61996,DHS_FY2026P10_c/extracted/FY2026P01-P10_070_TAS_Contracts_AccountBreakdownByAward_2026-09-15_H22M13S36_01.csv,61996,25.4,070-0540,FY2026P06,,70CDCR24FR0000040,70CDCR22D00000012,7012,CONT_AWD_70CDCR24FR0000040_7012_70CDCR22D00000012_7012,,,Contracts,,True,outside_pilot
DHS_FY2026P10_c:FY2026P01-P10_070_TAS_Contracts_AccountBreakdownByAward_2026-09-15_H22M13S36_01.csv:row:61999,DHS_FY2026P10_c/extracted/FY2026P01-P10_070_TAS_Contracts_AccountBreakdownByAward_2026-09-15_H22M13S36_01.csv,61999,25.4,070-0540,FY2026P03,,70CDCR24FR0000040,70CDCR22D00000012,7012,CONT_AWD_70CDCR24FR0000040_7012_70CDCR22D00000012_7012,,,Contracts,,True,outside_pilot
DHS_FY2026P10_c:FY2026P01-P10_070_TAS_Contracts_AccountBreakdownByAward_2026-09-15_H22M13S36_01.csv:row:62001,DHS_FY2026P10_c/extracted/FY2026P01-P10_070_TAS_Contracts_AccountBreakdownByAward_2026-09-15_H22M13S36_01.csv,62001,25.4,070-0540,FY2026P02,4384300.00,70CDCR24FR0000040,70CDCR22D00000012,7012,CONT_AWD_70CDCR24FR0000040_7012_70CDCR22D00000012_7012,,,Contracts,4384300.00,False,outside_pilot
DHS_FY2026P10_c:FY2026P01-P10_070_TAS_Contracts_AccountBreakdownByAward_2026-09-15_H22M13S36_01.csv:row:62003,DHS_FY2026P10_c/extracted/FY2026P01-P10_070_TAS_Contracts_AccountBreakdownByAward_2026-09-15_H22M13S36_01.csv,62003,25.4,070-0540,FY2026P08,,70CDCR24FR0000040,70CDCR22D00000012,7012,CONT_AWD_70CDCR24FR0000040_7012_70CDCR22D00000012_7012,,,Contracts,,True,outside_pilot
DHS_FY2026P10_c:FY2026P01-P10_070_TAS_Contracts_AccountBreakdownByAward_2026-09-15_H22M13S36_01.csv:row:62005,DHS_FY2026P10_c/extracted/FY2026P01-P10_070_TAS_Contracts_AccountBreakdownByAward_2026-09-15_H22M13S36_01.csv,62005,25.4,070-0540,FY2026P08,,70CDCR24FR0000040,70CDCR22D00000012,7012,CONT_AWD_70CDCR24FR0000040_7012_70CDCR22D00000012_7012,,,Contracts,,True,outside_pilot
DHS_FY2026P10_c:FY2026P01-P10_070_TAS_Contracts_AccountBreakdownByAward_2026-09-15_H22M13S36_01.csv:row:62007,DHS_FY2026P10_c/extracted/FY2026P01-P10_070_TAS_Contracts_AccountBreakdownByAward_2026-09-15_H22M13S36_01.csv,62007,25.4,070-0540,FY2026P09,,70CDCR24FR0000040,70CDCR22D00000012,7012,CONT_AWD_70CDCR24FR0000040_7012_70CDCR22D00000012_7012,,,Contracts,,True,outside_pilot
DHS_FY2026P10_c:FY2026P01-P10_070_TAS_Contracts_AccountBreakdownByAward_2026-09-15_H22M13S36_01.csv:row:62009,DHS_FY2026P10_c/extracted/FY2026P01-P10_070_TAS_Contracts_AccountBreakdownByAward_2026-09-15_H22M13S36_01.csv,62009,25.4,070-0540,FY2026P09,,70CDCR24FR0000040,70CDCR22D00000012,7012,CONT_AWD_70CDCR24FR0000040_7012_70CDCR22D00000012_7012,,,Contracts,,True,outside_pilot
DHS_FY2026P10_c:FY2026P01-P10_070_TAS_Contracts_AccountBreakdownByAward_2026-09-15_H22M13S36_01.csv:row:62012,DHS_FY2026P10_c/extracted/FY2026P01-P10_070_TAS_Contracts_AccountBreakdownByAward_2026-09-15_H22M13S36_01.csv,62012,25.4,070-0540,FY2026P05,,70CDCR24FR0000040,70CDCR22D00000012,7012,CONT_AWD_70CDCR24FR0000040_7012_70CDCR22D00000012_7012,,,Contracts,,True,outside_pilot
DHS_FY2026P10_c:FY2026P01-P10_070_TAS_Contracts_AccountBreakdownByAward_2026-09-15_H22M13S36_01.csv:row:62014,DHS_FY2026P10_c/extracted/FY2026P01-P10_070_TAS_Contracts_AccountBreakdownByAward_2026-09-15_H22M13S36_01.csv,62014,25.4,070-0540,FY2026P02,,70CDCR24FR0000040,70CDCR22D00000012,7012,CONT_AWD_70CDCR24FR0000040_7012_70CDCR22D00000012_7012,,,Contracts,,True,outside_pilot
DHS_FY2026P10_c:FY2026P01-P10_070_TAS_Contracts_AccountBreakdownByAward_2026-09-15_H22M13S36_01.csv:row:62016,DHS_FY2026P10_c/extracted/FY2026P01-P10_070_TAS_Contracts_AccountBreakdownByAward_2026-09-15_H22M13S36_01.csv,62016,25.4,070-0540,FY2026P10,,70CDCR24FR0000040,70CDCR22D00000012,7012,CONT_AWD_70CDCR24FR0000040_7012_70CDCR22D00000012_7012,,,Contracts,,True,outside_pilot
DHS_FY2026P10_c:FY2026P01-P10_070_TAS_Contracts_AccountBreakdownByAward_2026-09-15_H22M13S36_01.csv:row:62018,DHS_FY2026P10_c/extracted/FY2026P01-P10_070_TAS_Contracts_AccountBreakdownByAward_2026-09-15_H22M13S36_01.csv,62018,25.4,070-0540,FY2026P10,,70CDCR24FR0000040,70CDCR22D00000012,7012,CONT_AWD_70CDCR24FR0000040_7012_70CDCR22D00000012_7012,,,Contracts,,True,outside_pilot
DHS_FY2026P10_c:FY2026P01-P10_070_TAS_Contracts_AccountBreakdownByAward_2026-09-15_H22M13S36_01.csv:row:62020,DHS_FY2026P10_c/extracted/FY2026P01-P10_070_TAS_Contracts_AccountBreakdownByAward_2026-09-15_H22M13S36_01.csv,62020,25.4,070-0540,FY2026P04,,70CDCR24FR0000040,70CDCR22D00000012,7012,CONT_AWD_70CDCR24FR0000040_7012_70CDCR22D00000012_7012,,,Contracts,,True,outside_pilot
DHS_FY2026P10_c:FY2026P01-P10_070_TAS_Contracts_AccountBreakdownByAward_2026-09-15_H22M13S36_01.csv:row:62021,DHS_FY2026P10_c/extracted/FY2026P01-P10_070_TAS_Contracts_AccountBreakdownByAward_2026-09-15_H22M13S36_01.csv,62021,25.4,070-0540,FY2026P07,,70CDCR24FR0000040,70CDCR22D00000012,7012,CONT_AWD_70CDCR24FR0000040_7012_70CDCR22D00000012_7012,,,Contracts,,True,outside_pilot
DHS_FY2026P10_c:FY2026P01-P10_070_TAS_Contracts_AccountBreakdownByAward_2026-09-15_H22M13S36_01.csv:row:63048,DHS_FY2026P10_c/extracted/FY2026P01-P10_070_TAS_Contracts_AccountBreakdownByAward_2026-09-15_H22M13S36_01.csv,63048,25.4,070-0540,FY2026P08,,70CDCR24FR0000051,70CDCR20D00000014,7012,CONT_AWD_70CDCR24FR0000051_7012_70CDCR20D00000014_7012,,,Contracts,,True,outside_pilot
DHS_FY2026P10_c:FY2026P01-P10_070_TAS_Contracts_AccountBreakdownByAward_2026-09-15_H22M13S36_01.csv:row:63051,DHS_FY2026P10_c/extracted/FY2026P01-P10_070_TAS_Contracts_AccountBreakdownByAward_2026-09-15_H22M13S36_01.csv,63051,25.4,070-0540,FY2026P08,,70CDCR24FR0000051,70CDCR20D00000014,7012,CONT_AWD_70CDCR24FR0000051_7012_70CDCR20D00000014_7012,,,Contracts,,True,outside_pilot
DHS_FY2026P10_c:FY2026P01-P10_070_TAS_Contracts_AccountBreakdownByAward_2026-09-15_H22M13S36_01.csv:row:63052,DHS_FY2026P10_c/extracted/FY2026P01-P10_070_TAS_Contracts_AccountBreakdownByAward_2026-09-15_H22M13S36_01.csv,63052,25.4,070-0540,FY2026P08,,70CDCR24FR0000051,70CDCR20D00000014,7012,CONT_AWD_70CDCR24FR0000051_7012_70CDCR20D00000014_7012,,,Contracts,,True,outside_pilot
DHS_FY2026P10_c:FY2026P01-P10_070_TAS_Contracts_AccountBreakdownByAward_2026-09-15_H22M13S36_01.csv:row:63054,DHS_FY2026P10_c/extracted/FY2026P01-P10_070_TAS_Contracts_AccountBreakdownByAward_2026-09-15_H22M13S36_01.csv,63054,25.4,070-0540,FY2026P06,,70CDCR24FR0000051,70CDCR20D00000014,7012,CONT_AWD_70CDCR24FR0000051_7012_70CDCR20D00000014_7012,,,Contracts,,True,outside_pilot
DHS_FY2026P10_c:FY2026P01-P10_070_TAS_Contracts_AccountBreakdownByAward_2026-09-15_H22M13S36_01.csv:row:63057,DHS_FY2026P10_c/extracted/FY2026P01-P10_070_TAS_Contracts_AccountBreakdownByAward_2026-09-15_H22M13S36_01.csv,63057,25.4,070-0540,FY2026P02,,70CDCR24FR0000051,70CDCR20D00000014,7012,CONT_AWD_70CDCR24FR0000051_7012_70CDCR20D00000014_7012,,,Contracts,,True,outside_pilot
DHS_FY2026P10_c:FY2026P01-P10_070_TAS_Contracts_AccountBreakdownByAward_2026-09-15_H22M13S36_01.csv:row:63058,DHS_FY2026P10_c/extracted/FY2026P01-P10_070_TAS_Contracts_AccountBreakdownByAward_2026-09-15_H22M13S36_01.csv,63058,25.4,070-0540,FY2026P02,,70CDCR24FR0000051,70CDCR20D00000014,7012,CONT_AWD_70CDCR24FR0000051_7012_70CDCR20D00000014_7012,,,Contracts,,True,outside_pilot
DHS_FY2026P10_c:FY2026P01-P10_070_TAS_Contracts_AccountBreakdownByAward_2026-09-15_H22M13S36_01.csv:row:63059,DHS_FY2026P10_c/extracted/FY2026P01-P10_070_TAS_Contracts_AccountBreakdownByAward_2026-09-15_H22M13S36_01.csv,63059,25.4,070-0540,FY2026P09,,70CDCR24FR0000051,70CDCR20D00000014,7012,CONT_AWD_70CDCR24FR0000051_7012_70CDCR20D00000014_7012,,,Contracts,,True,outside_pilot
DHS_FY2026P10_c:FY2026P01-P10_070_TAS_Contracts_AccountBreakdownByAward_2026-09-15_H22M13S36_01.csv:row:63061,DHS_FY2026P10_c/extracted/FY2026P01-P10_070_TAS_Contracts_AccountBreakdownByAward_2026-09-15_H22M13S36_01.csv,63061,25.4,070-0540,FY2026P09,,70CDCR24FR0000051,70CDCR20D00000014,7012,CONT_AWD_70CDCR24FR0000051_7012_70CDCR20D00000014_7012,,,Contracts,,True,outside_pilot
DHS_FY2026P10_c:FY2026P01-P10_070_TAS_Contracts_AccountBreakdownByAward_2026-09-15_H22M13S36_01.csv:row:63063,DHS_FY2026P10_c/extracted/FY2026P01-P10_070_TAS_Contracts_AccountBreakdownByAward_2026-09-15_H22M13S36_01.csv,63063,25.4,070-0540,FY2026P09,,70CDCR24FR0000051,70CDCR20D00000014,7012,CONT_AWD_70CDCR24FR0000051_7012_70CDCR20D00000014_7012,,,Contracts,,True,outside_pilot
DHS_FY2026P10_c:FY2026P01-P10_070_TAS_Contracts_AccountBreakdownByAward_2026-09-15_H22M13S36_01.csv:row:63065,DHS_FY2026P10_c/extracted/FY2026P01-P10_070_TAS_Contracts_AccountBreakdownByAward_2026-09-15_H22M13S36_01.csv,63065,25.4,070-0540,FY2026P05,,70CDCR24FR0000051,70CDCR20D00000014,7012,CONT_AWD_70CDCR24FR0000051_7012_70CDCR20D00000014_7012,,,Contracts,,True,outside_pilot
DHS_FY2026P10_c:FY2026P01-P10_070_TAS_Contracts_AccountBreakdownByAward_2026-09-15_H22M13S36_01.csv:row:63067,DHS_FY2026P10_c/extracted/FY2026P01-P10_070_TAS_Contracts_AccountBreakdownByAward_2026-09-15_H22M13S36_01.csv,63067,25.4,070-0540,FY2026P05,,70CDCR24FR0000051,70CDCR20D00000014,7012,CONT_AWD_70CDCR24FR0000051_7012_70CDCR20D00000014_7012,,,Contracts,,True,outside_pilot
DHS_FY2026P10_c:FY2026P01-P10_070_TAS_Contracts_AccountBreakdownByAward_2026-09-15_H22M13S36_01.csv:row:63068,DHS_FY2026P10_c/extracted/FY2026P01-P10_070_TAS_Contracts_AccountBreakdownByAward_2026-09-15_H22M13S36_01.csv,63068,25.4,070-0540,FY2026P04,,70CDCR24FR0000051,70CDCR20D00000014,7012,CONT_AWD_70CDCR24FR0000051_7012_70CDCR20D00000014_7012,,,Contracts,,True,outside_pilot
DHS_FY2026P10_c:FY2026P01-P10_070_TAS_Contracts_AccountBreakdownByAward_2026-09-15_H22M13S36_01.csv:row:63069,DHS_FY2026P10_c/extracted/FY2026P01-P10_070_TAS_Contracts_AccountBreakdownByAward_2026-09-15_H22M13S36_01.csv,63069,25.4,070-0540,FY2026P04,,70CDCR24FR0000051,70CDCR20D00000014,7012,CONT_AWD_70CDCR24FR0000051_7012_70CDCR20D00000014_7012,,,Contracts,,True,outside_pilot
DHS_FY2026P10_c:FY2026P01-P10_070_TAS_Contracts_AccountBreakdownByAward_2026-09-15_H22M13S36_01.csv:row:63072,DHS_FY2026P10_c/extracted/FY2026P01-P10_070_TAS_Contracts_AccountBreakdownByAward_2026-09-15_H22M13S36_01.csv,63072,25.4,070-0540,FY2026P07,,70CDCR24FR0000051,70CDCR20D00000014,7012,CONT_AWD_70CDCR24FR0000051_7012_70CDCR20D00000014_7012,,,Contracts,,True,outside_pilot
DHS_FY2026P10_c:FY2026P01-P10_070_TAS_Contracts_AccountBreakdownByAward_2026-09-15_H22M13S36_01.csv:row:63073,DHS_FY2026P10_c/extracted/FY2026P01-P10_070_TAS_Contracts_AccountBreakdownByAward_2026-09-15_H22M13S36_01.csv,63073,25.4,070-0540,FY2026P04,-405840.00,70CDCR24FR0000051,70CDCR20D00000014,7012,CONT_AWD_70CDCR24FR0000051_7012_70CDCR20D00000014_7012,,,Contracts,-405840.00,False,outside_pilot
DHS_FY2026P10_c:FY2026P01-P10_070_TAS_Contracts_AccountBreakdownByAward_2026-09-15_H22M13S36_01.csv:row:63075,DHS_FY2026P10_c/extracted/FY2026P01-P10_070_TAS_Contracts_AccountBreakdownByAward_2026-09-15_H22M13S36_01.csv,63075,25.4,070-0540,FY2026P06,,70CDCR24FR0000051,70CDCR20D00000014,7012,CONT_AWD_70CDCR24FR0000051_7012_70CDCR20D00000014_7012,,,Contracts,,True,outside_pilot
DHS_FY2026P10_c:FY2026P01-P10_070_TAS_Contracts_AccountBreakdownByAward_2026-09-15_H22M13S36_01.csv:row:63077,DHS_FY2026P10_c/extracted/FY2026P01-P10_070_TAS_Contracts_AccountBreakdownByAward_2026-09-15_H22M13S36_01.csv,63077,25.4,070-0540,FY2026P06,,70CDCR24FR0000051,70CDCR20D00000014,7012,CONT_AWD_70CDCR24FR0000051_7012_70CDCR20D00000014_7012,,,Contracts,,True,outside_pilot
DHS_FY2026P10_c:FY2026P01-P10_070_TAS_Contracts_AccountBreakdownByAward_2026-09-15_H22M13S36_01.csv:row:63078,DHS_FY2026P10_c/extracted/FY2026P01-P10_070_TAS_Contracts_AccountBreakdownByAward_2026-09-15_H22M13S36_01.csv,63078,25.4,070-0540,FY2026P10,,70CDCR24FR0000051,70CDCR20D00000014,7012,CONT_AWD_70CDCR24FR0000051_7012_70CDCR20D00000014_7012,,,Contracts,,True,outside_pilot
DHS_FY2026P10_c:FY2026P01-P10_070_TAS_Contracts_AccountBreakdownByAward_2026-09-15_H22M13S36_01.csv:row:63080,DHS_FY2026P10_c/extracted/FY2026P01-P10_070_TAS_Contracts_AccountBreakdownByAward_2026-09-15_H22M13S36_01.csv,63080,25.4,070-0540,FY2026P10,,70CDCR24FR0000051,70CDCR20D00000014,7012,CONT_AWD_70CDCR24FR0000051_7012_70CDCR20D00000014_7012,,,Contracts,,True,outside_pilot
DHS_FY2026P10_c:FY2026P01-P10_070_TAS_Contracts_AccountBreakdownByAward_2026-09-15_H22M13S36_01.csv:row:63082,DHS_FY2026P10_c/extracted/FY2026P01-P10_070_TAS_Contracts_AccountBreakdownByAward_2026-09-15_H22M13S36_01.csv,63082,25.4,070-0540,FY2026P10,,70CDCR24FR0000051,70CDCR20D00000014,7012,CONT_AWD_70CDCR24FR0000051_7012_70CDCR20D00000014_7012,,,Contracts,,True,outside_pilot
DHS_FY2026P10_c:FY2026P01-P10_070_TAS_Contracts_AccountBreakdownByAward_2026-09-15_H22M13S36_01.csv:row:63083,DHS_FY2026P10_c/extracted/FY2026P01-P10_070_TAS_Contracts_AccountBreakdownByAward_2026-09-15_H22M13S36_01.csv,63083,25.4,070-0540,FY2026P10,,70CDCR24FR0000051,70CDCR20D00000014,7012,CONT_AWD_70CDCR24FR0000051_7012_70CDCR20D00000014_7012,,,Contracts,,True,outside_pilot
DHS_FY2026P10_c:FY2026P01-P10_070_TAS_Contracts_AccountBreakdownByAward_2026-09-15_H22M13S36_01.csv:row:63085,DHS_FY2026P10_c/extracted/FY2026P01-P10_070_TAS_Contracts_AccountBreakdownByAward_2026-09-15_H22M13S36_01.csv,63085,25.4,070-0540,FY2026P02,,70CDCR24FR0000051,70CDCR20D00000014,7012,CONT_AWD_70CDCR24FR0000051_7012_70CDCR20D00000014_7012,,,Contracts,,True,outside_pilot
DHS_FY2026P10_c:FY2026P01-P10_070_TAS_Contracts_AccountBreakdownByAward_2026-09-15_H22M13S36_01.csv:row:63086,DHS_FY2026P10_c/extracted/FY2026P01-P10_070_TAS_Contracts_AccountBreakdownByAward_2026-09-15_H22M13S36_01.csv,63086,25.4,070-0540,FY2026P03,,70CDCR24FR0000051,70CDCR20D00000014,7012,CONT_AWD_70CDCR24FR0000051_7012_70CDCR20D00000014_7012,,,Contracts,,True,outside_pilot
DHS_FY2026P10_c:FY2026P01-P10_070_TAS_Contracts_AccountBreakdownByAward_2026-09-15_H22M13S36_01.csv:row:63088,DHS_FY2026P10_c/extracted/FY2026P01-P10_070_TAS_Contracts_AccountBreakdownByAward_2026-09-15_H22M13S36_01.csv,63088,25.4,070-0540,FY2026P03,,70CDCR24FR0000051,70CDCR20D00000014,7012,CONT_AWD_70CDCR24FR0000051_7012_70CDCR20D00000014_7012,,,Contracts,,True,outside_pilot
DHS_FY2026P10_c:FY2026P01-P10_070_TAS_Contracts_AccountBreakdownByAward_2026-09-15_H22M13S36_01.csv:row:63089,DHS_FY2026P10_c/extracted/FY2026P01-P10_070_TAS_Contracts_AccountBreakdownByAward_2026-09-15_H22M13S36_01.csv,63089,25.4,070-0540,FY2026P03,,70CDCR24FR0000051,70CDCR20D00000014,7012,CONT_AWD_70CDCR24FR0000051_7012_70CDCR20D00000014_7012,,,Contracts,,True,outside_pilot
DHS_FY2026P10_c:FY2026P01-P10_070_TAS_Contracts_AccountBreakdownByAward_2026-09-15_H22M13S36_01.csv:row:63091,DHS_FY2026P10_c/extracted/FY2026P01-P10_070_TAS_Contracts_AccountBreakdownByAward_2026-09-15_H22M13S36_01.csv,63091,25.4,070-0540,FY2026P04,,70CDCR24FR0000051,70CDCR20D00000014,7012,CONT_AWD_70CDCR24FR0000051_7012_70CDCR20D00000014_7012,,,Contracts,,True,outside_pilot
DHS_FY2026P10_c:FY2026P01-P10_070_TAS_Contracts_AccountBreakdownByAward_2026-09-15_H22M13S36_01.csv:row:63092,DHS_FY2026P10_c/extracted/FY2026P01-P10_070_TAS_Contracts_AccountBreakdownByAward_2026-09-15_H22M13S36_01.csv,63092,25.4,070-0540,FY2026P05,,70CDCR24FR0000051,70CDCR20D00000014,7012,CONT_AWD_70CDCR24FR0000051_7012_70CDCR20D00000014_7012,,,Contracts,,True,outside_pilot
DHS_FY2026P10_c:FY2026P01-P10_070_TAS_Contracts_AccountBreakdownByAward_2026-09-15_H22M13S36_01.csv:row:63093,DHS_FY2026P10_c/extracted/FY2026P01-P10_070_TAS_Contracts_AccountBreakdownByAward_2026-09-15_H22M13S36_01.csv,63093,25.4,070-0540,FY2026P07,,70CDCR24FR0000051,70CDCR20D00000014,7012,CONT_AWD_70CDCR24FR0000051_7012_70CDCR20D00000014_7012,,,Contracts,,True,outside_pilot
DHS_FY2026P10_c:FY2026P01-P10_070_TAS_Contracts_AccountBreakdownByAward_2026-09-15_H22M13S36_01.csv:row:63094,DHS_FY2026P10_c/extracted/FY2026P01-P10_070_TAS_Contracts_AccountBreakdownByAward_2026-09-15_H22M13S36_01.csv,63094,25.4,070-0540,FY2026P07,,70CDCR24FR0000051,70CDCR20D00000014,7012,CONT_AWD_70CDCR24FR0000051_7012_70CDCR20D00000014_7012,,,Contracts,,True,outside_pilot
DHS_FY2026P10_c:FY2026P01-P10_070_TAS_Contracts_AccountBreakdownByAward_2026-09-15_H22M13S36_01.csv:row:65112,DHS_FY2026P10_c/extracted/FY2026P01-P10_070_TAS_Contracts_AccountBreakdownByAward_2026-09-15_H22M13S36_01.csv,65112,25.4,070-0540,FY2026P09,,70CDCR26FR0000043,N0002325D0032,7012,CONT_AWD_70CDCR26FR0000043_7012_N0002325D0032_9700,,,Contracts,,True,outside_pilot
DHS_FY2026P10_c:FY2026P01-P10_070_TAS_Contracts_AccountBreakdownByAward_2026-09-15_H22M13S36_01.csv:row:65113,DHS_FY2026P10_c/extracted/FY2026P01-P10_070_TAS_Contracts_AccountBreakdownByAward_2026-09-15_H22M13S36_01.csv,65113,25.4,070-0540,FY2026P06,7727705.96,70CDCR26FR0000043,N0002325D0032,7012,CONT_AWD_70CDCR26FR0000043_7012_N0002325D0032_9700,,,Contracts,7727705.96,False,outside_pilot
DHS_FY2026P10_c:FY2026P01-P10_070_TAS_Contracts_AccountBreakdownByAward_2026-09-15_H22M13S36_01.csv:row:65115,DHS_FY2026P10_c/extracted/FY2026P01-P10_070_TAS_Contracts_AccountBreakdownByAward_2026-09-15_H22M13S36_01.csv,65115,25.4,070-0540,FY2026P08,,70CDCR26FR0000043,N0002325D0032,7012,CONT_AWD_70CDCR26FR0000043_7012_N0002325D0032_9700,,,Contracts,,True,outside_pilot
DHS_FY2026P10_c:FY2026P01-P10_070_TAS_Contracts_AccountBreakdownByAward_2026-09-15_H22M13S36_01.csv:row:65116,DHS_FY2026P10_c/extracted/FY2026P01-P10_070_TAS_Contracts_AccountBreakdownByAward_2026-09-15_H22M13S36_01.csv,65116,25.4,070-0540,FY2026P07,,70CDCR26FR0000043,N0002325D0032,7012,CONT_AWD_70CDCR26FR0000043_7012_N0002325D0032_9700,,,Contracts,,True,outside_pilot
DHS_FY2026P10_c:FY2026P01-P10_070_TAS_Contracts_AccountBreakdownByAward_2026-09-15_H22M13S36_01.csv:row:65117,DHS_FY2026P10_c/extracted/FY2026P01-P10_070_TAS_Contracts_AccountBreakdownByAward_2026-09-15_H22M13S36_01.csv,65117,25.4,070-0540,FY2026P10,,70CDCR26FR0000043,N0002325D0032,7012,CONT_AWD_70CDCR26FR0000043_7012_N0002325D0032_9700,,,Contracts,,True,outside_pilot
DHS_FY2026P10_c:FY2026P01-P10_070_TAS_Contracts_AccountBreakdownByAward_2026-09-15_H22M13S36_01.csv:row:68884,DHS_FY2026P10_c/extracted/FY2026P01-P10_070_TAS_Contracts_AccountBreakdownByAward_2026-09-15_H22M13S36_01.csv,68884,25.4,070-0540,FY2026P09,,70CTD021FR0000018,GS00Q17NSD3000,7012,CONT_AWD_70CTD021FR0000018_7012_GS00Q17NSD3000_4732,,,Contracts,,True,outside_pilot
DHS_FY2026P10_c:FY2026P01-P10_070_TAS_Contracts_AccountBreakdownByAward_2026-09-15_H22M13S36_01.csv:row:68889,DHS_FY2026P10_c/extracted/FY2026P01-P10_070_TAS_Contracts_AccountBreakdownByAward_2026-09-15_H22M13S36_01.csv,68889,25.4,070-0540,FY2026P09,,70CTD021FR0000018,GS00Q17NSD3000,7012,CONT_AWD_70CTD021FR0000018_7012_GS00Q17NSD3000_4732,,,Contracts,,True,outside_pilot
DHS_FY2026P10_c:FY2026P01-P10_070_TAS_Contracts_AccountBreakdownByAward_2026-09-15_H22M13S36_01.csv:row:68890,DHS_FY2026P10_c/extracted/FY2026P01-P10_070_TAS_Contracts_AccountBreakdownByAward_2026-09-15_H22M13S36_01.csv,68890,25.4,070-0540,FY2026P09,,70CTD021FR0000018,GS00Q17NSD3000,7012,CONT_AWD_70CTD021FR0000018_7012_GS00Q17NSD3000_4732,,,Contracts,,True,outside_pilot
DHS_FY2026P10_c:FY2026P01-P10_070_TAS_Contracts_AccountBreakdownByAward_2026-09-15_H22M13S36_01.csv:row:68896,DHS_FY2026P10_c/extracted/FY2026P01-P10_070_TAS_Contracts_AccountBreakdownByAward_2026-09-15_H22M13S36_01.csv,68896,25.4,070-0540,FY2026P09,,70CTD021FR0000018,GS00Q17NSD3000,7012,CONT_AWD_70CTD021FR0000018_7012_GS00Q17NSD3000_4732,,,Contracts,,True,outside_pilot
DHS_FY2026P10_c:FY2026P01-P10_070_TAS_Contracts_AccountBreakdownByAward_2026-09-15_H22M13S36_01.csv:row:68913,DHS_FY2026P10_c/extracted/FY2026P01-P10_070_TAS_Contracts_AccountBreakdownByAward_2026-09-15_H22M13S36_01.csv,68913,25.4,070-0540,FY2026P04,,70CTD021FR0000018,GS00Q17NSD3000,7012,CONT_AWD_70CTD021FR0000018_7012_GS00Q17NSD3000_4732,,,Contracts,,True,outside_pilot
DHS_FY2026P10_c:FY2026P01-P10_070_TAS_Contracts_AccountBreakdownByAward_2026-09-15_H22M13S36_01.csv:row:68932,DHS_FY2026P10_c/extracted/FY2026P01-P10_070_TAS_Contracts_AccountBreakdownByAward_2026-09-15_H22M13S36_01.csv,68932,25.4,070-0540,FY2026P05,,70CTD021FR0000018,GS00Q17NSD3000,7012,CONT_AWD_70CTD021FR0000018_7012_GS00Q17NSD3000_4732,,,Contracts,,True,outside_pilot
DHS_FY2026P10_c:FY2026P01-P10_070_TAS_Contracts_AccountBreakdownByAward_2026-09-15_H22M13S36_01.csv:row:68958,DHS_FY2026P10_c/extracted/FY2026P01-P10_070_TAS_Contracts_AccountBreakdownByAward_2026-09-15_H22M13S36_01.csv,68958,25.4,070-0540,FY2026P05,,70CTD021FR0000018,GS00Q17NSD3000,7012,CONT_AWD_70CTD021FR0000018_7012_GS00Q17NSD3000_4732,,,Contracts,,True,outside_pilot
DHS_FY2026P10_c:FY2026P01-P10_070_TAS_Contracts_AccountBreakdownByAward_2026-09-15_H22M13S36_01.csv:row:68962,DHS_FY2026P10_c/extracted/FY2026P01-P10_070_TAS_Contracts_AccountBreakdownByAward_2026-09-15_H22M13S36_01.csv,68962,25.4,070-0540,FY2026P07,,70CTD021FR0000018,GS00Q17NSD3000,7012,CONT_AWD_70CTD021FR0000018_7012_GS00Q17NSD3000_4732,,,Contracts,,True,outside_pilot
DHS_FY2026P10_c:FY2026P01-P10_070_TAS_Contracts_AccountBreakdownByAward_2026-09-15_H22M13S36_01.csv:row:68965,DHS_FY2026P10_c/extracted/FY2026P01-P10_070_TAS_Contracts_AccountBreakdownByAward_2026-09-15_H22M13S36_01.csv,68965,25.4,070-0540,FY2026P07,,70CTD021FR0000018,GS00Q17NSD3000,7012,CONT_AWD_70CTD021FR0000018_7012_GS00Q17NSD3000_4732,,,Contracts,,True,outside_pilot
DHS_FY2026P10_c:FY2026P01-P10_070_TAS_Contracts_AccountBreakdownByAward_2026-09-15_H22M13S36_01.csv:row:68974,DHS_FY2026P10_c/extracted/FY2026P01-P10_070_TAS_Contracts_AccountBreakdownByAward_2026-09-15_H22M13S36_01.csv,68974,25.4,070-0540,FY2026P10,,70CTD021FR0000018,GS00Q17NSD3000,7012,CONT_AWD_70CTD021FR0000018_7012_GS00Q17NSD3000_4732,,,Contracts,,True,outside_pilot
DHS_FY2026P10_c:FY2026P01-P10_070_TAS_Contracts_AccountBreakdownByAward_2026-09-15_H22M13S36_01.csv:row:68991,DHS_FY2026P10_c/extracted/FY2026P01-P10_070_TAS_Contracts_AccountBreakdownByAward_2026-09-15_H22M13S36_01.csv,68991,25.4,070-0540,FY2026P06,,70CTD021FR0000018,GS00Q17NSD3000,7012,CONT_AWD_70CTD021FR0000018_7012_GS00Q17NSD3000_4732,,,Contracts,,True,outside_pilot
DHS_FY2026P10_c:FY2026P01-P10_070_TAS_Contracts_AccountBreakdownByAward_2026-09-15_H22M13S36_01.csv:row:69006,DHS_FY2026P10_c/extracted/FY2026P01-P10_070_TAS_Contracts_AccountBreakdownByAward_2026-09-15_H22M13S36_01.csv,69006,25.4,070-0540,FY2026P08,,70CTD021FR0000018,GS00Q17NSD3000,7012,CONT_AWD_70CTD021FR0000018_7012_GS00Q17NSD3000_4732,,,Contracts,,True,outside_pilot
DHS_FY2026P10_c:FY2026P01-P10_070_TAS_Contracts_AccountBreakdownByAward_2026-09-15_H22M13S36_01.csv:row:69027,DHS_FY2026P10_c/extracted/FY2026P01-P10_070_TAS_Contracts_AccountBreakdownByAward_2026-09-15_H22M13S36_01.csv,69027,25.4,070-0540,FY2026P10,,70CTD021FR0000018,GS00Q17NSD3000,7012,CONT_AWD_70CTD021FR0000018_7012_GS00Q17NSD3000_4732,,,Contracts,,True,outside_pilot
DHS_FY2026P10_c:FY2026P01-P10_070_TAS_Contracts_AccountBreakdownByAward_2026-09-15_H22M13S36_01.csv:row:69032,DHS_FY2026P10_c/extracted/FY2026P01-P10_070_TAS_Contracts_AccountBreakdownByAward_2026-09-15_H22M13S36_01.csv,69032,25.4,070-0540,FY2026P10,,70CTD021FR0000018,GS00Q17NSD3000,7012,CONT_AWD_70CTD021FR0000018_7012_GS00Q17NSD3000_4732,,,Contracts,,True,outside_pilot
DHS_FY2026P10_c:FY2026P01-P10_070_TAS_Contracts_AccountBreakdownByAward_2026-09-15_H22M13S36_01.csv:row:69033,DHS_FY2026P10_c/extracted/FY2026P01-P10_070_TAS_Contracts_AccountBreakdownByAward_2026-09-15_H22M13S36_01.csv,69033,25.4,070-0540,FY2026P10,,70CTD021FR0000018,GS00Q17NSD3000,7012,CONT_AWD_70CTD021FR0000018_7012_GS00Q17NSD3000_4732,,,Contracts,,True,outside_pilot
DHS_FY2026P10_c:FY2026P01-P10_070_TAS_Contracts_AccountBreakdownByAward_2026-09-15_H22M13S36_01.csv:row:69037,DHS_FY2026P10_c/extracted/FY2026P01-P10_070_TAS_Contracts_AccountBreakdownByAward_2026-09-15_H22M13S36_01.csv,69037,25.4,070-0540,FY2026P06,,70CTD021FR0000018,GS00Q17NSD3000,7012,CONT_AWD_70CTD021FR0000018_7012_GS00Q17NSD3000_4732,,,Contracts,,True,outside_pilot
DHS_FY2026P10_c:FY2026P01-P10_070_TAS_Contracts_AccountBreakdownByAward_2026-09-15_H22M13S36_01.csv:row:69069,DHS_FY2026P10_c/extracted/FY2026P01-P10_070_TAS_Contracts_AccountBreakdownByAward_2026-09-15_H22M13S36_01.csv,69069,25.4,070-0540,FY2026P08,,70CTD021FR0000018,GS00Q17NSD3000,7012,CONT_AWD_70CTD021FR0000018_7012_GS00Q17NSD3000_4732,,,Contracts,,True,outside_pilot
DHS_FY2026P10_c:FY2026P01-P10_070_TAS_Contracts_AccountBreakdownByAward_2026-09-15_H22M13S36_01.csv:row:69074,DHS_FY2026P10_c/extracted/FY2026P01-P10_070_TAS_Contracts_AccountBreakdownByAward_2026-09-15_H22M13S36_01.csv,69074,25.4,070-0540,FY2026P08,,70CTD021FR0000018,GS00Q17NSD3000,7012,CONT_AWD_70CTD021FR0000018_7012_GS00Q17NSD3000_4732,,,Contracts,,True,outside_pilot
DHS_FY2026P10_c:FY2026P01-P10_070_TAS_Contracts_AccountBreakdownByAward_2026-09-15_H22M13S36_01.csv:row:69078,DHS_FY2026P10_c/extracted/FY2026P01-P10_070_TAS_Contracts_AccountBreakdownByAward_2026-09-15_H22M13S36_01.csv,69078,25.4,070-0540,FY2026P08,,70CTD021FR0000018,GS00Q17NSD3000,7012,CONT_AWD_70CTD021FR0000018_7012_GS00Q17NSD3000_4732,,,Contracts,,True,outside_pilot
DHS_FY2026P10_c:FY2026P01-P10_070_TAS_Contracts_AccountBreakdownByAward_2026-09-15_H22M13S36_01.csv:row:69101,DHS_FY2026P10_c/extracted/FY2026P01-P10_070_TAS_Contracts_AccountBreakdownByAward_2026-09-15_H22M13S36_01.csv,69101,25.4,070-0540,FY2026P04,,70CTD021FR0000018,GS00Q17NSD3000,7012,CONT_AWD_70CTD021FR0000018_7012_GS00Q17NSD3000_4732,,,Contracts,,True,outside_pilot
DHS_FY2026P10_c:FY2026P01-P10_070_TAS_Contracts_AccountBreakdownByAward_2026-09-15_H22M13S36_01.csv:row:69108,DHS_FY2026P10_c/extracted/FY2026P01-P10_070_TAS_Contracts_AccountBreakdownByAward_2026-09-15_H22M13S36_01.csv,69108,25.4,070-0540,FY2026P07,,70CTD021FR0000018,GS00Q17NSD3000,7012,CONT_AWD_70CTD021FR0000018_7012_GS00Q17NSD3000_4732,,,Contracts,,True,outside_pilot
DHS_FY2026P10_c:FY2026P01-P10_070_TAS_Contracts_AccountBreakdownByAward_2026-09-15_H22M13S36_01.csv:row:69111,DHS_FY2026P10_c/extracted/FY2026P01-P10_070_TAS_Contracts_AccountBreakdownByAward_2026-09-15_H22M13S36_01.csv,69111,25.4,070-0540,FY2026P07,,70CTD021FR0000018,GS00Q17NSD3000,7012,CONT_AWD_70CTD021FR0000018_7012_GS00Q17NSD3000_4732,,,Contracts,,True,outside_pilot
DHS_FY2026P10_c:FY2026P01-P10_070_TAS_Contracts_AccountBreakdownByAward_2026-09-15_H22M13S36_01.csv:row:70134,DHS_FY2026P10_c/extracted/FY2026P01-P10_070_TAS_Contracts_AccountBreakdownByAward_2026-09-15_H22M13S36_01.csv,70134,25.4,070-0540,FY2026P10,2541200.00,70CDCR25FR0000094,70CDCR25D00000011,7012,CONT_AWD_70CDCR25FR0000094_7012_70CDCR25D00000011_7012,,,Contracts,2541200.00,False,outside_pilot
DHS_FY2026P10_c:FY2026P01-P10_070_TAS_Contracts_AccountBreakdownByAward_2026-09-15_H22M13S36_01.csv:row:70136,DHS_FY2026P10_c/extracted/FY2026P01-P10_070_TAS_Contracts_AccountBreakdownByAward_2026-09-15_H22M13S36_01.csv,70136,25.4,070-0540,FY2026P10,,70CDCR25FR0000094,70CDCR25D00000011,7012,CONT_AWD_70CDCR25FR0000094_7012_70CDCR25D00000011_7012,,,Contracts,,True,outside_pilot
DHS_FY2026P10_c:FY2026P01-P10_070_TAS_Contracts_AccountBreakdownByAward_2026-09-15_H22M13S36_01.csv:row:70138,DHS_FY2026P10_c/extracted/FY2026P01-P10_070_TAS_Contracts_AccountBreakdownByAward_2026-09-15_H22M13S36_01.csv,70138,25.4,070-0540,FY2026P10,,70CDCR25FR0000094,70CDCR25D00000011,7012,CONT_AWD_70CDCR25FR0000094_7012_70CDCR25D00000011_7012,,,Contracts,,True,outside_pilot
DHS_FY2026P10_c:FY2026P01-P10_070_TAS_Contracts_AccountBreakdownByAward_2026-09-15_H22M13S36_01.csv:row:70140,DHS_FY2026P10_c/extracted/FY2026P01-P10_070_TAS_Contracts_AccountBreakdownByAward_2026-09-15_H22M13S36_01.csv,70140,25.4,070-0540,FY2026P04,,70CDCR25FR0000094,70CDCR25D00000011,7012,CONT_AWD_70CDCR25FR0000094_7012_70CDCR25D00000011_7012,,,Contracts,,True,outside_pilot
DHS_FY2026P10_c:FY2026P01-P10_070_TAS_Contracts_AccountBreakdownByAward_2026-09-15_H22M13S36_01.csv:row:70142,DHS_FY2026P10_c/extracted/FY2026P01-P10_070_TAS_Contracts_AccountBreakdownByAward_2026-09-15_H22M13S36_01.csv,70142,25.4,070-0540,FY2026P09,,70CDCR25FR0000094,70CDCR25D00000011,7012,CONT_AWD_70CDCR25FR0000094_7012_70CDCR25D00000011_7012,,,Contracts,,True,outside_pilot
DHS_FY2026P10_c:FY2026P01-P10_070_TAS_Contracts_AccountBreakdownByAward_2026-09-15_H22M13S36_01.csv:row:70146,DHS_FY2026P10_c/extracted/FY2026P01-P10_070_TAS_Contracts_AccountBreakdownByAward_2026-09-15_H22M13S36_01.csv,70146,25.4,070-0540,FY2026P08,8050044.70,70CDCR25FR0000094,70CDCR25D00000011,7012,CONT_AWD_70CDCR25FR0000094_7012_70CDCR25D00000011_7012,,,Contracts,8050044.70,False,outside_pilot
DHS_FY2026P10_c:FY2026P01-P10_070_TAS_Contracts_AccountBreakdownByAward_2026-09-15_H22M13S36_01.csv:row:70147,DHS_FY2026P10_c/extracted/FY2026P01-P10_070_TAS_Contracts_AccountBreakdownByAward_2026-09-15_H22M13S36_01.csv,70147,25.4,070-0540,FY2026P08,,70CDCR25FR0000094,70CDCR25D00000011,7012,CONT_AWD_70CDCR25FR0000094_7012_70CDCR25D00000011_7012,,,Contracts,,True,outside_pilot
DHS_FY2026P10_c:FY2026P01-P10_070_TAS_Contracts_AccountBreakdownByAward_2026-09-15_H22M13S36_01.csv:row:70148,DHS_FY2026P10_c/extracted/FY2026P01-P10_070_TAS_Contracts_AccountBreakdownByAward_2026-09-15_H22M13S36_01.csv,70148,25.4,070-0540,FY2026P03,,70CDCR25FR0000094,70CDCR25D00000011,7012,CONT_AWD_70CDCR25FR0000094_7012_70CDCR25D00000011_7012,,,Contracts,,True,outside_pilot
DHS_FY2026P10_c:FY2026P01-P10_070_TAS_Contracts_AccountBreakdownByAward_2026-09-15_H22M13S36_01.csv:row:70150,DHS_FY2026P10_c/extracted/FY2026P01-P10_070_TAS_Contracts_AccountBreakdownByAward_2026-09-15_H22M13S36_01.csv,70150,25.4,070-0540,FY2026P07,,70CDCR25FR0000094,70CDCR25D00000011,7012,CONT_AWD_70CDCR25FR0000094_7012_70CDCR25D00000011_7012,,,Contracts,,True,outside_pilot
DHS_FY2026P10_c:FY2026P01-P10_070_TAS_Contracts_AccountBreakdownByAward_2026-09-15_H22M13S36_01.csv:row:70152,DHS_FY2026P10_c/extracted/FY2026P01-P10_070_TAS_Contracts_AccountBreakdownByAward_2026-09-15_H22M13S36_01.csv,70152,25.4,070-0540,FY2026P05,,70CDCR25FR0000094,70CDCR25D00000011,7012,CONT_AWD_70CDCR25FR0000094_7012_70CDCR25D00000011_7012,,,Contracts,,True,outside_pilot
DHS_FY2026P10_c:FY2026P01-P10_070_TAS_Contracts_AccountBreakdownByAward_2026-09-15_H22M13S36_01.csv:row:70154,DHS_FY2026P10_c/extracted/FY2026P01-P10_070_TAS_Contracts_AccountBreakdownByAward_2026-09-15_H22M13S36_01.csv,70154,25.4,070-0540,FY2026P09,7072481.70,70CDCR25FR0000094,70CDCR25D00000011,7012,CONT_AWD_70CDCR25FR0000094_7012_70CDCR25D00000011_7012,,,Contracts,7072481.70,False,outside_pilot
DHS_FY2026P10_c:FY2026P01-P10_070_TAS_Contracts_AccountBreakdownByAward_2026-09-15_H22M13S36_01.csv:row:70155,DHS_FY2026P10_c/extracted/FY2026P01-P10_070_TAS_Contracts_AccountBreakdownByAward_2026-09-15_H22M13S36_01.csv,70155,25.4,070-0540,FY2026P06,,70CDCR25FR0000094,70CDCR25D00000011,7012,CONT_AWD_70CDCR25FR0000094_7012_70CDCR25D00000011_7012,,,Contracts,,True,outside_pilot
DHS_FY2026P10_c:FY2026P01-P10_070_TAS_Contracts_AccountBreakdownByAward_2026-09-15_H22M13S36_01.csv:row:70938,DHS_FY2026P10_c/extracted/FY2026P01-P10_070_TAS_Contracts_AccountBreakdownByAward_2026-09-15_H22M13S36_01.csv,70938,25.4,070-0540,FY2026P08,6015650.00,70CDCR26FR0000058,70CDCR26D00000029,7012,CONT_AWD_70CDCR26FR0000058_7012_70CDCR26D00000029_7012,,,Contracts,6015650.00,False,outside_pilot
DHS_FY2026P10_c:FY2026P01-P10_070_TAS_Contracts_AccountBreakdownByAward_2026-09-15_H22M13S36_01.csv:row:70940,DHS_FY2026P10_c/extracted/FY2026P01-P10_070_TAS_Contracts_AccountBreakdownByAward_2026-09-15_H22M13S36_01.csv,70940,25.4,070-0540,FY2026P09,3007900.00,70CDCR26FR0000058,70CDCR26D00000029,7012,CONT_AWD_70CDCR26FR0000058_7012_70CDCR26D00000029_7012,,,Contracts,3007900.00,False,outside_pilot
DHS_FY2026P10_c:FY2026P01-P10_070_TAS_Contracts_AccountBreakdownByAward_2026-09-15_H22M13S36_01.csv:row:70942,DHS_FY2026P10_c/extracted/FY2026P01-P10_070_TAS_Contracts_AccountBreakdownByAward_2026-09-15_H22M13S36_01.csv,70942,25.4,070-0540,FY2026P10,,70CDCR26FR0000058,70CDCR26D00000029,7012,CONT_AWD_70CDCR26FR0000058_7012_70CDCR26D00000029_7012,,,Contracts,,True,outside_pilot
DHS_FY2026P10_c:FY2026P01-P10_070_TAS_Contracts_AccountBreakdownByAward_2026-09-15_H22M13S36_01.csv:row:73338,DHS_FY2026P10_c/extracted/FY2026P01-P10_070_TAS_Contracts_AccountBreakdownByAward_2026-09-15_H22M13S36_01.csv,73338,25.4,070-0540,FY2026P07,,70CDCR25FR0000014,70CDCR20D00000017,7012,CONT_AWD_70CDCR25FR0000014_7012_70CDCR20D00000017_7012,,,Contracts,,True,outside_pilot
DHS_FY2026P10_c:FY2026P01-P10_070_TAS_Contracts_AccountBreakdownByAward_2026-09-15_H22M13S36_01.csv:row:73339,DHS_FY2026P10_c/extracted/FY2026P01-P10_070_TAS_Contracts_AccountBreakdownByAward_2026-09-15_H22M13S36_01.csv,73339,25.4,070-0540,FY2026P07,,70CDCR25FR0000014,70CDCR20D00000017,7012,CONT_AWD_70CDCR25FR0000014_7012_70CDCR20D00000017_7012,,,Contracts,,True,outside_pilot
DHS_FY2026P10_c:FY2026P01-P10_070_TAS_Contracts_AccountBreakdownByAward_2026-09-15_H22M13S36_01.csv:row:73344,DHS_FY2026P10_c/extracted/FY2026P01-P10_070_TAS_Contracts_AccountBreakdownByAward_2026-09-15_H22M13S36_01.csv,73344,25.4,070-0540,FY2026P04,,70CDCR25FR0000014,70CDCR20D00000017,7012,CONT_AWD_70CDCR25FR0000014_7012_70CDCR20D00000017_7012,,,Contracts,,True,outside_pilot
DHS_FY2026P10_c:FY2026P01-P10_070_TAS_Contracts_AccountBreakdownByAward_2026-09-15_H22M13S36_01.csv:row:73347,DHS_FY2026P10_c/extracted/FY2026P01-P10_070_TAS_Contracts_AccountBreakdownByAward_2026-09-15_H22M13S36_01.csv,73347,25.4,070-0540,FY2026P05,,70CDCR25FR0000014,70CDCR20D00000017,7012,CONT_AWD_70CDCR25FR0000014_7012_70CDCR20D00000017_7012,,,Contracts,,True,outside_pilot
DHS_FY2026P10_c:FY2026P01-P10_070_TAS_Contracts_AccountBreakdownByAward_2026-09-15_H22M13S36_01.csv:row:73350,DHS_FY2026P10_c/extracted/FY2026P01-P10_070_TAS_Contracts_AccountBreakdownByAward_2026-09-15_H22M13S36_01.csv,73350,25.4,070-0540,FY2026P07,,70CDCR25FR0000014,70CDCR20D00000017,7012,CONT_AWD_70CDCR25FR0000014_7012_70CDCR20D00000017_7012,,,Contracts,,True,outside_pilot
DHS_FY2026P10_c:FY2026P01-P10_070_TAS_Contracts_AccountBreakdownByAward_2026-09-15_H22M13S36_01.csv:row:73355,DHS_FY2026P10_c/extracted/FY2026P01-P10_070_TAS_Contracts_AccountBreakdownByAward_2026-09-15_H22M13S36_01.csv,73355,25.4,070-0540,FY2026P05,,70CDCR25FR0000014,70CDCR20D00000017,7012,CONT_AWD_70CDCR25FR0000014_7012_70CDCR20D00000017_7012,,,Contracts,,True,outside_pilot
DHS_FY2026P10_c:FY2026P01-P10_070_TAS_Contracts_AccountBreakdownByAward_2026-09-15_H22M13S36_01.csv:row:73356,DHS_FY2026P10_c/extracted/FY2026P01-P10_070_TAS_Contracts_AccountBreakdownByAward_2026-09-15_H22M13S36_01.csv,73356,25.4,070-0540,FY2026P02,,70CDCR25FR0000014,70CDCR20D00000017,7012,CONT_AWD_70CDCR25FR0000014_7012_70CDCR20D00000017_7012,,,Contracts,,True,outside_pilot
DHS_FY2026P10_c:FY2026P01-P10_070_TAS_Contracts_AccountBreakdownByAward_2026-09-15_H22M13S36_01.csv:row:73359,DHS_FY2026P10_c/extracted/FY2026P01-P10_070_TAS_Contracts_AccountBreakdownByAward_2026-09-15_H22M13S36_01.csv,73359,25.4,070-0540,FY2026P06,,70CDCR25FR0000014,70CDCR20D00000017,7012,CONT_AWD_70CDCR25FR0000014_7012_70CDCR20D00000017_7012,,,Contracts,,True,outside_pilot
DHS_FY2026P10_c:FY2026P01-P10_070_TAS_Contracts_AccountBreakdownByAward_2026-09-15_H22M13S36_01.csv:row:73362,DHS_FY2026P10_c/extracted/FY2026P01-P10_070_TAS_Contracts_AccountBreakdownByAward_2026-09-15_H22M13S36_01.csv,73362,25.4,070-0540,FY2026P06,,70CDCR25FR0000014,70CDCR20D00000017,7012,CONT_AWD_70CDCR25FR0000014_7012_70CDCR20D00000017_7012,,,Contracts,,True,outside_pilot
DHS_FY2026P10_c:FY2026P01-P10_070_TAS_Contracts_AccountBreakdownByAward_2026-09-15_H22M13S36_01.csv:row:73365,DHS_FY2026P10_c/extracted/FY2026P01-P10_070_TAS_Contracts_AccountBreakdownByAward_2026-09-15_H22M13S36_01.csv,73365,25.4,070-0540,FY2026P09,,70CDCR25FR0000014,70CDCR20D00000017,7012,CONT_AWD_70CDCR25FR0000014_7012_70CDCR20D00000017_7012,,,Contracts,,True,outside_pilot
DHS_FY2026P10_c:FY2026P01-P10_070_TAS_Contracts_AccountBreakdownByAward_2026-09-15_H22M13S36_01.csv:row:73368,DHS_FY2026P10_c/extracted/FY2026P01-P10_070_TAS_Contracts_AccountBreakdownByAward_2026-09-15_H22M13S36_01.csv,73368,25.4,070-0540,FY2026P09,,70CDCR25FR0000014,70CDCR20D00000017,7012,CONT_AWD_70CDCR25FR0000014_7012_70CDCR20D00000017_7012,,,Contracts,,True,outside_pilot
DHS_FY2026P10_c:FY2026P01-P10_070_TAS_Contracts_AccountBreakdownByAward_2026-09-15_H22M13S36_01.csv:row:73371,DHS_FY2026P10_c/extracted/FY2026P01-P10_070_TAS_Contracts_AccountBreakdownByAward_2026-09-15_H22M13S36_01.csv,73371,25.4,070-0540,FY2026P09,,70CDCR25FR0000014,70CDCR20D00000017,7012,CONT_AWD_70CDCR25FR0000014_7012_70CDCR20D00000017_7012,,,Contracts,,True,outside_pilot
DHS_FY2026P10_c:FY2026P01-P10_070_TAS_Contracts_AccountBreakdownByAward_2026-09-15_H22M13S36_01.csv:row:73379,DHS_FY2026P10_c/extracted/FY2026P01-P10_070_TAS_Contracts_AccountBreakdownByAward_2026-09-15_H22M13S36_01.csv,73379,25.4,070-0540,FY2026P08,,70CDCR25FR0000014,70CDCR20D00000017,7012,CONT_AWD_70CDCR25FR0000014_7012_70CDCR20D00000017_7012,,,Contracts,,True,outside_pilot
DHS_FY2026P10_c:FY2026P01-P10_070_TAS_Contracts_AccountBreakdownByAward_2026-09-15_H22M13S36_01.csv:row:73380,DHS_FY2026P10_c/extracted/FY2026P01-P10_070_TAS_Contracts_AccountBreakdownByAward_2026-09-15_H22M13S36_01.csv,73380,25.4,070-0540,FY2026P08,,70CDCR25FR0000014,70CDCR20D00000017,7012,CONT_AWD_70CDCR25FR0000014_7012_70CDCR20D00000017_7012,,,Contracts,,True,outside_pilot
DHS_FY2026P10_c:FY2026P01-P10_070_TAS_Contracts_AccountBreakdownByAward_2026-09-15_H22M13S36_01.csv:row:73384,DHS_FY2026P10_c/extracted/FY2026P01-P10_070_TAS_Contracts_AccountBreakdownByAward_2026-09-15_H22M13S36_01.csv,73384,25.4,070-0540,FY2026P03,,70CDCR25FR0000014,70CDCR20D00000017,7012,CONT_AWD_70CDCR25FR0000014_7012_70CDCR20D00000017_7012,,,Contracts,,True,outside_pilot
DHS_FY2026P10_c:FY2026P01-P10_070_TAS_Contracts_AccountBreakdownByAward_2026-09-15_H22M13S36_01.csv:row:73388,DHS_FY2026P10_c/extracted/FY2026P01-P10_070_TAS_Contracts_AccountBreakdownByAward_2026-09-15_H22M13S36_01.csv,73388,25.4,070-0540,FY2026P04,,70CDCR25FR0000014,70CDCR20D00000017,7012,CONT_AWD_70CDCR25FR0000014_7012_70CDCR20D00000017_7012,,,Contracts,,True,outside_pilot
DHS_FY2026P10_c:FY2026P01-P10_070_TAS_Contracts_AccountBreakdownByAward_2026-09-15_H22M13S36_01.csv:row:73390,DHS_FY2026P10_c/extracted/FY2026P01-P10_070_TAS_Contracts_AccountBreakdownByAward_2026-09-15_H22M13S36_01.csv,73390,25.4,070-0540,FY2026P06,,70CDCR25FR0000014,70CDCR20D00000017,7012,CONT_AWD_70CDCR25FR0000014_7012_70CDCR20D00000017_7012,,,Contracts,,True,outside_pilot
DHS_FY2026P10_c:FY2026P01-P10_070_TAS_Contracts_AccountBreakdownByAward_2026-09-15_H22M13S36_01.csv:row:73393,DHS_FY2026P10_c/extracted/FY2026P01-P10_070_TAS_Contracts_AccountBreakdownByAward_2026-09-15_H22M13S36_01.csv,73393,25.4,070-0540,FY2026P06,55316.24,70CDCR25FR0000014,70CDCR20D00000017,7012,CONT_AWD_70CDCR25FR0000014_7012_70CDCR20D00000017_7012,,,Contracts,55316.24,False,outside_pilot
DHS_FY2026P10_c:FY2026P01-P10_070_TAS_Contracts_AccountBreakdownByAward_2026-09-15_H22M13S36_01.csv:row:73396,DHS_FY2026P10_c/extracted/FY2026P01-P10_070_TAS_Contracts_AccountBreakdownByAward_2026-09-15_H22M13S36_01.csv,73396,25.4,070-0540,FY2026P10,,70CDCR25FR0000014,70CDCR20D00000017,7012,CONT_AWD_70CDCR25FR0000014_7012_70CDCR20D00000017_7012,,,Contracts,,True,outside_pilot
DHS_FY2026P10_c:FY2026P01-P10_070_TAS_Contracts_AccountBreakdownByAward_2026-09-15_H22M13S36_01.csv:row:73399,DHS_FY2026P10_c/extracted/FY2026P01-P10_070_TAS_Contracts_AccountBreakdownByAward_2026-09-15_H22M13S36_01.csv,73399,25.4,070-0540,FY2026P10,,70CDCR25FR0000014,70CDCR20D00000017,7012,CONT_AWD_70CDCR25FR0000014_7012_70CDCR20D00000017_7012,,,Contracts,,True,outside_pilot
DHS_FY2026P10_c:FY2026P01-P10_070_TAS_Contracts_AccountBreakdownByAward_2026-09-15_H22M13S36_01.csv:row:73402,DHS_FY2026P10_c/extracted/FY2026P01-P10_070_TAS_Contracts_AccountBreakdownByAward_2026-09-15_H22M13S36_01.csv,73402,25.4,070-0540,FY2026P10,,70CDCR25FR0000014,70CDCR20D00000017,7012,CONT_AWD_70CDCR25FR0000014_7012_70CDCR20D00000017_7012,,,Contracts,,True,outside_pilot
DHS_FY2026P10_c:FY2026P01-P10_070_TAS_Contracts_AccountBreakdownByAward_2026-09-15_H22M13S36_01.csv:row:73406,DHS_FY2026P10_c/extracted/FY2026P01-P10_070_TAS_Contracts_AccountBreakdownByAward_2026-09-15_H22M13S36_01.csv,73406,25.4,070-0540,FY2026P08,,70CDCR25FR0000014,70CDCR20D00000017,7012,CONT_AWD_70CDCR25FR0000014_7012_70CDCR20D00000017_7012,,,Contracts,,True,outside_pilot
DHS_FY2026P10_c:FY2026P01-P10_070_TAS_Contracts_AccountBreakdownByAward_2026-09-15_H22M13S36_01.csv:row:73408,DHS_FY2026P10_c/extracted/FY2026P01-P10_070_TAS_Contracts_AccountBreakdownByAward_2026-09-15_H22M13S36_01.csv,73408,25.4,070-0540,FY2026P07,,70CDCR25FR0000006,70CDCR22D00000002,7012,CONT_AWD_70CDCR25FR0000006_7012_70CDCR22D00000002_7012,,,Contracts,,True,outside_pilot
DHS_FY2026P10_c:FY2026P01-P10_070_TAS_Contracts_AccountBreakdownByAward_2026-09-15_H22M13S36_01.csv:row:73409,DHS_FY2026P10_c/extracted/FY2026P01-P10_070_TAS_Contracts_AccountBreakdownByAward_2026-09-15_H22M13S36_01.csv,73409,25.4,070-0540,FY2026P07,,70CDCR25FR0000006,70CDCR22D00000002,7012,CONT_AWD_70CDCR25FR0000006_7012_70CDCR22D00000002_7012,,,Contracts,,True,outside_pilot
DHS_FY2026P10_c:FY2026P01-P10_070_TAS_Contracts_AccountBreakdownByAward_2026-09-15_H22M13S36_01.csv:row:73412,DHS_FY2026P10_c/extracted/FY2026P01-P10_070_TAS_Contracts_AccountBreakdownByAward_2026-09-15_H22M13S36_01.csv,73412,25.4,070-0540,FY2026P02,,70CDCR25FR0000006,70CDCR22D00000002,7012,CONT_AWD_70CDCR25FR0000006_7012_70CDCR22D00000002_7012,,,Contracts,,True,outside_pilot
DHS_FY2026P10_c:FY2026P01-P10_070_TAS_Contracts_AccountBreakdownByAward_2026-09-15_H22M13S36_01.csv:row:73413,DHS_FY2026P10_c/extracted/FY2026P01-P10_070_TAS_Contracts_AccountBreakdownByAward_2026-09-15_H22M13S36_01.csv,73413,25.4,070-0540,FY2026P02,,70CDCR25FR0000006,70CDCR22D00000002,7012,CONT_AWD_70CDCR25FR0000006_7012_70CDCR22D00000002_7012,,,Contracts,,True,outside_pilot
DHS_FY2026P10_c:FY2026P01-P10_070_TAS_Contracts_AccountBreakdownByAward_2026-09-15_H22M13S36_01.csv:row:73416,DHS_FY2026P10_c/extracted/FY2026P01-P10_070_TAS_Contracts_AccountBreakdownByAward_2026-09-15_H22M13S36_01.csv,73416,25.4,070-0540,FY2026P03,,70CDCR25FR0000006,70CDCR22D00000002,7012,CONT_AWD_70CDCR25FR0000006_7012_70CDCR22D00000002_7012,,,Contracts,,True,outside_pilot
DHS_FY2026P10_c:FY2026P01-P10_070_TAS_Contracts_AccountBreakdownByAward_2026-09-15_H22M13S36_01.csv:row:73418,DHS_FY2026P10_c/extracted/FY2026P01-P10_070_TAS_Contracts_AccountBreakdownByAward_2026-09-15_H22M13S36_01.csv,73418,25.4,070-0540,FY2026P03,,70CDCR25FR0000006,70CDCR22D00000002,7012,CONT_AWD_70CDCR25FR0000006_7012_70CDCR22D00000002_7012,,,Contracts,,True,outside_pilot
DHS_FY2026P10_c:FY2026P01-P10_070_TAS_Contracts_AccountBreakdownByAward_2026-09-15_H22M13S36_01.csv:row:73419,DHS_FY2026P10_c/extracted/FY2026P01-P10_070_TAS_Contracts_AccountBreakdownByAward_2026-09-15_H22M13S36_01.csv,73419,25.4,070-0540,FY2026P03,,70CDCR25FR0000006,70CDCR22D00000002,7012,CONT_AWD_70CDCR25FR0000006_7012_70CDCR22D00000002_7012,,,Contracts,,True,outside_pilot
DHS_FY2026P10_c:FY2026P01-P10_070_TAS_Contracts_AccountBreakdownByAward_2026-09-15_H22M13S36_01.csv:row:73427,DHS_FY2026P10_c/extracted/FY2026P01-P10_070_TAS_Contracts_AccountBreakdownByAward_2026-09-15_H22M13S36_01.csv,73427,25.4,070-0540,FY2026P07,,70CDCR25FR0000006,70CDCR22D00000002,7012,CONT_AWD_70CDCR25FR0000006_7012_70CDCR22D00000002_7012,,,Contracts,,True,outside_pilot
DHS_FY2026P10_c:FY2026P01-P10_070_TAS_Contracts_AccountBreakdownByAward_2026-09-15_H22M13S36_01.csv:row:73430,DHS_FY2026P10_c/extracted/FY2026P01-P10_070_TAS_Contracts_AccountBreakdownByAward_2026-09-15_H22M13S36_01.csv,73430,25.4,070-0540,FY2026P05,,70CDCR25FR0000006,70CDCR22D00000002,7012,CONT_AWD_70CDCR25FR0000006_7012_70CDCR22D00000002_7012,,,Contracts,,True,outside_pilot
DHS_FY2026P10_c:FY2026P01-P10_070_TAS_Contracts_AccountBreakdownByAward_2026-09-15_H22M13S36_01.csv:row:73431,DHS_FY2026P10_c/extracted/FY2026P01-P10_070_TAS_Contracts_AccountBreakdownByAward_2026-09-15_H22M13S36_01.csv,73431,25.4,070-0540,FY2026P05,,70CDCR25FR0000006,70CDCR22D00000002,7012,CONT_AWD_70CDCR25FR0000006_7012_70CDCR22D00000002_7012,,,Contracts,,True,outside_pilot
DHS_FY2026P10_c:FY2026P01-P10_070_TAS_Contracts_AccountBreakdownByAward_2026-09-15_H22M13S36_01.csv:row:73433,DHS_FY2026P10_c/extracted/FY2026P01-P10_070_TAS_Contracts_AccountBreakdownByAward_2026-09-15_H22M13S36_01.csv,73433,25.4,070-0540,FY2026P05,,70CDCR25FR0000006,70CDCR22D00000002,7012,CONT_AWD_70CDCR25FR0000006_7012_70CDCR22D00000002_7012,,,Contracts,,True,outside_pilot
DHS_FY2026P10_c:FY2026P01-P10_070_TAS_Contracts_AccountBreakdownByAward_2026-09-15_H22M13S36_01.csv:row:73436,DHS_FY2026P10_c/extracted/FY2026P01-P10_070_TAS_Contracts_AccountBreakdownByAward_2026-09-15_H22M13S36_01.csv,73436,25.4,070-0540,FY2026P06,,70CDCR25FR0000006,70CDCR22D00000002,7012,CONT_AWD_70CDCR25FR0000006_7012_70CDCR22D00000002_7012,,,Contracts,,True,outside_pilot
DHS_FY2026P10_c:FY2026P01-P10_070_TAS_Contracts_AccountBreakdownByAward_2026-09-15_H22M13S36_01.csv:row:73438,DHS_FY2026P10_c/extracted/FY2026P01-P10_070_TAS_Contracts_AccountBreakdownByAward_2026-09-15_H22M13S36_01.csv,73438,25.4,070-0540,FY2026P06,,70CDCR25FR0000006,70CDCR22D00000002,7012,CONT_AWD_70CDCR25FR0000006_7012_70CDCR22D00000002_7012,,,Contracts,,True,outside_pilot
DHS_FY2026P10_c:FY2026P01-P10_070_TAS_Contracts_AccountBreakdownByAward_2026-09-15_H22M13S36_01.csv:row:73440,DHS_FY2026P10_c/extracted/FY2026P01-P10_070_TAS_Contracts_AccountBreakdownByAward_2026-09-15_H22M13S36_01.csv,73440,25.4,070-0540,FY2026P06,,70CDCR25FR0000006,70CDCR22D00000002,7012,CONT_AWD_70CDCR25FR0000006_7012_70CDCR22D00000002_7012,,,Contracts,,True,outside_pilot
DHS_FY2026P10_c:FY2026P01-P10_070_TAS_Contracts_AccountBreakdownByAward_2026-09-15_H22M13S36_01.csv:row:73445,DHS_FY2026P10_c/extracted/FY2026P01-P10_070_TAS_Contracts_AccountBreakdownByAward_2026-09-15_H22M13S36_01.csv,73445,25.4,070-0540,FY2026P09,,70CDCR25FR0000006,70CDCR22D00000002,7012,CONT_AWD_70CDCR25FR0000006_7012_70CDCR22D00000002_7012,,,Contracts,,True,outside_pilot
DHS_FY2026P10_c:FY2026P01-P10_070_TAS_Contracts_AccountBreakdownByAward_2026-09-15_H22M13S36_01.csv:row:73447,DHS_FY2026P10_c/extracted/FY2026P01-P10_070_TAS_Contracts_AccountBreakdownByAward_2026-09-15_H22M13S36_01.csv,73447,25.4,070-0540,FY2026P09,,70CDCR25FR0000006,70CDCR22D00000002,7012,CONT_AWD_70CDCR25FR0000006_7012_70CDCR22D00000002_7012,,,Contracts,,True,outside_pilot
DHS_FY2026P10_c:FY2026P01-P10_070_TAS_Contracts_AccountBreakdownByAward_2026-09-15_H22M13S36_01.csv:row:73449,DHS_FY2026P10_c/extracted/FY2026P01-P10_070_TAS_Contracts_AccountBreakdownByAward_2026-09-15_H22M13S36_01.csv,73449,25.4,070-0540,FY2026P09,,70CDCR25FR0000006,70CDCR22D00000002,7012,CONT_AWD_70CDCR25FR0000006_7012_70CDCR22D00000002_7012,,,Contracts,,True,outside_pilot
DHS_FY2026P10_c:FY2026P01-P10_070_TAS_Contracts_AccountBreakdownByAward_2026-09-15_H22M13S36_01.csv:row:73451,DHS_FY2026P10_c/extracted/FY2026P01-P10_070_TAS_Contracts_AccountBreakdownByAward_2026-09-15_H22M13S36_01.csv,73451,25.4,070-0540,FY2026P10,2837666.46,70CDCR25FR0000006,70CDCR22D00000002,7012,CONT_AWD_70CDCR25FR0000006_7012_70CDCR22D00000002_7012,,,Contracts,2837666.46,False,outside_pilot
DHS_FY2026P10_c:FY2026P01-P10_070_TAS_Contracts_AccountBreakdownByAward_2026-09-15_H22M13S36_01.csv:row:73454,DHS_FY2026P10_c/extracted/FY2026P01-P10_070_TAS_Contracts_AccountBreakdownByAward_2026-09-15_H22M13S36_01.csv,73454,25.4,070-0540,FY2026P10,,70CDCR25FR0000006,70CDCR22D00000002,7012,CONT_AWD_70CDCR25FR0000006_7012_70CDCR22D00000002_7012,,,Contracts,,True,outside_pilot
DHS_FY2026P10_c:FY2026P01-P10_070_TAS_Contracts_AccountBreakdownByAward_2026-09-15_H22M13S36_01.csv:row:73456,DHS_FY2026P10_c/extracted/FY2026P01-P10_070_TAS_Contracts_AccountBreakdownByAward_2026-09-15_H22M13S36_01.csv,73456,25.4,070-0540,FY2026P10,,70CDCR25FR0000006,70CDCR22D00000002,7012,CONT_AWD_70CDCR25FR0000006_7012_70CDCR22D00000002_7012,,,Contracts,,True,outside_pilot
DHS_FY2026P10_c:FY2026P01-P10_070_TAS_Contracts_AccountBreakdownByAward_2026-09-15_H22M13S36_01.csv:row:73458,DHS_FY2026P10_c/extracted/FY2026P01-P10_070_TAS_Contracts_AccountBreakdownByAward_2026-09-15_H22M13S36_01.csv,73458,25.4,070-0540,FY2026P10,,70CDCR25FR0000006,70CDCR22D00000002,7012,CONT_AWD_70CDCR25FR0000006_7012_70CDCR22D00000002_7012,,,Contracts,,True,outside_pilot
DHS_FY2026P10_c:FY2026P01-P10_070_TAS_Contracts_AccountBreakdownByAward_2026-09-15_H22M13S36_01.csv:row:73462,DHS_FY2026P10_c/extracted/FY2026P01-P10_070_TAS_Contracts_AccountBreakdownByAward_2026-09-15_H22M13S36_01.csv,73462,25.4,070-0540,FY2026P04,,70CDCR25FR0000006,70CDCR22D00000002,7012,CONT_AWD_70CDCR25FR0000006_7012_70CDCR22D00000002_7012,,,Contracts,,True,outside_pilot
DHS_FY2026P10_c:FY2026P01-P10_070_TAS_Contracts_AccountBreakdownByAward_2026-09-15_H22M13S36_01.csv:row:73463,DHS_FY2026P10_c/extracted/FY2026P01-P10_070_TAS_Contracts_AccountBreakdownByAward_2026-09-15_H22M13S36_01.csv,73463,25.4,070-0540,FY2026P04,,70CDCR25FR0000006,70CDCR22D00000002,7012,CONT_AWD_70CDCR25FR0000006_7012_70CDCR22D00000002_7012,,,Contracts,,True,outside_pilot
DHS_FY2026P10_c:FY2026P01-P10_070_TAS_Contracts_AccountBreakdownByAward_2026-09-15_H22M13S36_01.csv:row:73464,DHS_FY2026P10_c/extracted/FY2026P01-P10_070_TAS_Contracts_AccountBreakdownByAward_2026-09-15_H22M13S36_01.csv,73464,25.4,070-0540,FY2026P04,,70CDCR25FR0000006,70CDCR22D00000002,7012,CONT_AWD_70CDCR25FR0000006_7012_70CDCR22D00000002_7012,,,Contracts,,True,outside_pilot
DHS_FY2026P10_c:FY2026P01-P10_070_TAS_Contracts_AccountBreakdownByAward_2026-09-15_H22M13S36_01.csv:row:73467,DHS_FY2026P10_c/extracted/FY2026P01-P10_070_TAS_Contracts_AccountBreakdownByAward_2026-09-15_H22M13S36_01.csv,73467,25.4,070-0540,FY2026P08,,70CDCR25FR0000006,70CDCR22D00000002,7012,CONT_AWD_70CDCR25FR0000006_7012_70CDCR22D00000002_7012,,,Contracts,,True,outside_pilot
DHS_FY2026P10_c:FY2026P01-P10_070_TAS_Contracts_AccountBreakdownByAward_2026-09-15_H22M13S36_01.csv:row:73468,DHS_FY2026P10_c/extracted/FY2026P01-P10_070_TAS_Contracts_AccountBreakdownByAward_2026-09-15_H22M13S36_01.csv,73468,25.4,070-0540,FY2026P08,,70CDCR25FR0000006,70CDCR22D00000002,7012,CONT_AWD_70CDCR25FR0000006_7012_70CDCR22D00000002_7012,,,Contracts,,True,outside_pilot
DHS_FY2026P10_c:FY2026P01-P10_070_TAS_Contracts_AccountBreakdownByAward_2026-09-15_H22M13S36_01.csv:row:73471,DHS_FY2026P10_c/extracted/FY2026P01-P10_070_TAS_Contracts_AccountBreakdownByAward_2026-09-15_H22M13S36_01.csv,73471,25.4,070-0540,FY2026P08,,70CDCR25FR0000006,70CDCR22D00000002,7012,CONT_AWD_70CDCR25FR0000006_7012_70CDCR22D00000002_7012,,,Contracts,,True,outside_pilot
DHS_FY2026P10_c:FY2026P01-P10_070_TAS_Contracts_AccountBreakdownByAward_2026-09-15_H22M13S36_01.csv:row:73545,DHS_FY2026P10_c/extracted/FY2026P01-P10_070_TAS_Contracts_AccountBreakdownByAward_2026-09-15_H22M13S36_01.csv,73545,25.4,070-0540,FY2026P10,300000.00,70CDCR26FC0000004,70CDCR18A00000007,7012,CONT_AWD_70CDCR26FC0000004_7012_70CDCR18A00000007_7012,,,Contracts,300000.00,False,outside_pilot
DHS_FY2026P10_c:FY2026P01-P10_070_TAS_Contracts_AccountBreakdownByAward_2026-09-15_H22M13S36_01.csv:row:75048,DHS_FY2026P10_c/extracted/FY2026P01-P10_070_TAS_Contracts_AccountBreakdownByAward_2026-09-15_H22M13S36_01.csv,75048,25.4,070-0540,FY2026P05,,70CDCR25FC0000007,70CDCR18A00000007,7012,CONT_AWD_70CDCR25FC0000007_7012_70CDCR18A00000007_7012,,,Contracts,,True,outside_pilot
DHS_FY2026P10_c:FY2026P01-P10_070_TAS_Contracts_AccountBreakdownByAward_2026-09-15_H22M13S36_01.csv:row:75049,DHS_FY2026P10_c/extracted/FY2026P01-P10_070_TAS_Contracts_AccountBreakdownByAward_2026-09-15_H22M13S36_01.csv,75049,25.4,070-0540,FY2026P05,,70CDCR25FC0000007,70CDCR18A00000007,7012,CONT_AWD_70CDCR25FC0000007_7012_70CDCR18A00000007_7012,,,Contracts,,True,outside_pilot
DHS_FY2026P10_c:FY2026P01-P10_070_TAS_Contracts_AccountBreakdownByAward_2026-09-15_H22M13S36_01.csv:row:75050,DHS_FY2026P10_c/extracted/FY2026P01-P10_070_TAS_Contracts_AccountBreakdownByAward_2026-09-15_H22M13S36_01.csv,75050,25.4,070-0540,FY2026P03,,70CDCR25FC0000007,70CDCR18A00000007,7012,CONT_AWD_70CDCR25FC0000007_7012_70CDCR18A00000007_7012,,,Contracts,,True,outside_pilot
DHS_FY2026P10_c:FY2026P01-P10_070_TAS_Contracts_AccountBreakdownByAward_2026-09-15_H22M13S36_01.csv:row:75051,DHS_FY2026P10_c/extracted/FY2026P01-P10_070_TAS_Contracts_AccountBreakdownByAward_2026-09-15_H22M13S36_01.csv,75051,25.4,070-0540,FY2026P03,,70CDCR25FC0000007,70CDCR18A00000007,7012,CONT_AWD_70CDCR25FC0000007_7012_70CDCR18A00000007_7012,,,Contracts,,True,outside_pilot
DHS_FY2026P10_c:FY2026P01-P10_070_TAS_Contracts_AccountBreakdownByAward_2026-09-15_H22M13S36_01.csv:row:75052,DHS_FY2026P10_c/extracted/FY2026P01-P10_070_TAS_Contracts_AccountBreakdownByAward_2026-09-15_H22M13S36_01.csv,75052,25.4,070-0540,FY2026P03,56000.00,70CDCR25FC0000007,70CDCR18A00000007,7012,CONT_AWD_70CDCR25FC0000007_7012_70CDCR18A00000007_7012,,,Contracts,56000.00,False,outside_pilot
DHS_FY2026P10_c:FY2026P01-P10_070_TAS_Contracts_AccountBreakdownByAward_2026-09-15_H22M13S36_01.csv:row:75053,DHS_FY2026P10_c/extracted/FY2026P01-P10_070_TAS_Contracts_AccountBreakdownByAward_2026-09-15_H22M13S36_01.csv,75053,25.4,070-0540,FY2026P06,,70CDCR25FC0000007,70CDCR18A00000007,7012,CONT_AWD_70CDCR25FC0000007_7012_70CDCR18A00000007_7012,,,Contracts,,True,outside_pilot
DHS_FY2026P10_c:FY2026P01-P10_070_TAS_Contracts_AccountBreakdownByAward_2026-09-15_H22M13S36_01.csv:row:75054,DHS_FY2026P10_c/extracted/FY2026P01-P10_070_TAS_Contracts_AccountBreakdownByAward_2026-09-15_H22M13S36_01.csv,75054,25.4,070-0540,FY2026P09,,70CDCR25FC0000007,70CDCR18A00000007,7012,CONT_AWD_70CDCR25FC0000007_7012_70CDCR18A00000007_7012,,,Contracts,,True,outside_pilot
DHS_FY2026P10_c:FY2026P01-P10_070_TAS_Contracts_AccountBreakdownByAward_2026-09-15_H22M13S36_01.csv:row:75055,DHS_FY2026P10_c/extracted/FY2026P01-P10_070_TAS_Contracts_AccountBreakdownByAward_2026-09-15_H22M13S36_01.csv,75055,25.4,070-0540,FY2026P09,,70CDCR25FC0000007,70CDCR18A00000007,7012,CONT_AWD_70CDCR25FC0000007_7012_70CDCR18A00000007_7012,,,Contracts,,True,outside_pilot
DHS_FY2026P10_c:FY2026P01-P10_070_TAS_Contracts_AccountBreakdownByAward_2026-09-15_H22M13S36_01.csv:row:75056,DHS_FY2026P10_c/extracted/FY2026P01-P10_070_TAS_Contracts_AccountBreakdownByAward_2026-09-15_H22M13S36_01.csv,75056,25.4,070-0540,FY2026P09,,70CDCR25FC0000007,70CDCR18A00000007,7012,CONT_AWD_70CDCR25FC0000007_7012_70CDCR18A00000007_7012,,,Contracts,,True,outside_pilot
DHS_FY2026P10_c:FY2026P01-P10_070_TAS_Contracts_AccountBreakdownByAward_2026-09-15_H22M13S36_01.csv:row:75057,DHS_FY2026P10_c/extracted/FY2026P01-P10_070_TAS_Contracts_AccountBreakdownByAward_2026-09-15_H22M13S36_01.csv,75057,25.4,070-0540,FY2026P08,,70CDCR25FC0000007,70CDCR18A00000007,7012,CONT_AWD_70CDCR25FC0000007_7012_70CDCR18A00000007_7012,,,Contracts,,True,outside_pilot
DHS_FY2026P10_c:FY2026P01-P10_070_TAS_Contracts_AccountBreakdownByAward_2026-09-15_H22M13S36_01.csv:row:75058,DHS_FY2026P10_c/extracted/FY2026P01-P10_070_TAS_Contracts_AccountBreakdownByAward_2026-09-15_H22M13S36_01.csv,75058,25.4,070-0540,FY2026P08,,70CDCR25FC0000007,70CDCR18A00000007,7012,CONT_AWD_70CDCR25FC0000007_7012_70CDCR18A00000007_7012,,,Contracts,,True,outside_pilot
DHS_FY2026P10_c:FY2026P01-P10_070_TAS_Contracts_AccountBreakdownByAward_2026-09-15_H22M13S36_01.csv:row:75059,DHS_FY2026P10_c/extracted/FY2026P01-P10_070_TAS_Contracts_AccountBreakdownByAward_2026-09-15_H22M13S36_01.csv,75059,25.4,070-0540,FY2026P02,97300.00,70CDCR25FC0000007,70CDCR18A00000007,7012,CONT_AWD_70CDCR25FC0000007_7012_70CDCR18A00000007_7012,,,Contracts,97300.00,False,outside_pilot
DHS_FY2026P10_c:FY2026P01-P10_070_TAS_Contracts_AccountBreakdownByAward_2026-09-15_H22M13S36_01.csv:row:75060,DHS_FY2026P10_c/extracted/FY2026P01-P10_070_TAS_Contracts_AccountBreakdownByAward_2026-09-15_H22M13S36_01.csv,75060,25.4,070-0540,FY2026P10,,70CDCR25FC0000007,70CDCR18A00000007,7012,CONT_AWD_70CDCR25FC0000007_7012_70CDCR18A00000007_7012,,,Contracts,,True,outside_pilot
DHS_FY2026P10_c:FY2026P01-P10_070_TAS_Contracts_AccountBreakdownByAward_2026-09-15_H22M13S36_01.csv:row:75061,DHS_FY2026P10_c/extracted/FY2026P01-P10_070_TAS_Contracts_AccountBreakdownByAward_2026-09-15_H22M13S36_01.csv,75061,25.4,070-0540,FY2026P10,,70CDCR25FC0000007,70CDCR18A00000007,7012,CONT_AWD_70CDCR25FC0000007_7012_70CDCR18A00000007_7012,,,Contracts,,True,outside_pilot
DHS_FY2026P10_c:FY2026P01-P10_070_TAS_Contracts_AccountBreakdownByAward_2026-09-15_H22M13S36_01.csv:row:75062,DHS_FY2026P10_c/extracted/FY2026P01-P10_070_TAS_Contracts_AccountBreakdownByAward_2026-09-15_H22M13S36_01.csv,75062,25.4,070-0540,FY2026P10,,70CDCR25FC0000007,70CDCR18A00000007,7012,CONT_AWD_70CDCR25FC0000007_7012_70CDCR18A00000007_7012,,,Contracts,,True,outside_pilot
DHS_FY2026P10_c:FY2026P01-P10_070_TAS_Contracts_AccountBreakdownByAward_2026-09-15_H22M13S36_01.csv:row:75063,DHS_FY2026P10_c/extracted/FY2026P01-P10_070_TAS_Contracts_AccountBreakdownByAward_2026-09-15_H22M13S36_01.csv,75063,25.4,070-0540,FY2026P07,,70CDCR25FC0000007,70CDCR18A00000007,7012,CONT_AWD_70CDCR25FC0000007_7012_70CDCR18A00000007_7012,,,Contracts,,True,outside_pilot
DHS_FY2026P10_c:FY2026P01-P10_070_TAS_Contracts_AccountBreakdownByAward_2026-09-15_H22M13S36_01.csv:row:75064,DHS_FY2026P10_c/extracted/FY2026P01-P10_070_TAS_Contracts_AccountBreakdownByAward_2026-09-15_H22M13S36_01.csv,75064,25.4,070-0540,FY2026P07,95000.00,70CDCR25FC0000007,70CDCR18A00000007,7012,CONT_AWD_70CDCR25FC0000007_7012_70CDCR18A00000007_7012,,,Contracts,95000.00,False,outside_pilot
DHS_FY2026P10_c:FY2026P01-P10_070_TAS_Contracts_AccountBreakdownByAward_2026-09-15_H22M13S36_01.csv:row:75065,DHS_FY2026P10_c/extracted/FY2026P01-P10_070_TAS_Contracts_AccountBreakdownByAward_2026-09-15_H22M13S36_01.csv,75065,25.4,070-0540,FY2026P07,,70CDCR25FC0000007,70CDCR18A00000007,7012,CONT_AWD_70CDCR25FC0000007_7012_70CDCR18A00000007_7012,,,Contracts,,True,outside_pilot
DHS_FY2026P10_c:FY2026P01-P10_070_TAS_Contracts_AccountBreakdownByAward_2026-09-15_H22M13S36_01.csv:row:75066,DHS_FY2026P10_c/extracted/FY2026P01-P10_070_TAS_Contracts_AccountBreakdownByAward_2026-09-15_H22M13S36_01.csv,75066,25.4,070-0540,FY2026P09,750000.00,70CDCR25FC0000007,70CDCR18A00000007,7012,CONT_AWD_70CDCR25FC0000007_7012_70CDCR18A00000007_7012,,,Contracts,750000.00,False,outside_pilot
DHS_FY2026P10_c:FY2026P01-P10_070_TAS_Contracts_AccountBreakdownByAward_2026-09-15_H22M13S36_01.csv:row:75067,DHS_FY2026P10_c/extracted/FY2026P01-P10_070_TAS_Contracts_AccountBreakdownByAward_2026-09-15_H22M13S36_01.csv,75067,25.4,070-0540,FY2026P04,,70CDCR25FC0000007,70CDCR18A00000007,7012,CONT_AWD_70CDCR25FC0000007_7012_70CDCR18A00000007_7012,,,Contracts,,True,outside_pilot
DHS_FY2026P10_c:FY2026P01-P10_070_TAS_Contracts_AccountBreakdownByAward_2026-09-15_H22M13S36_01.csv:row:75068,DHS_FY2026P10_c/extracted/FY2026P01-P10_070_TAS_Contracts_AccountBreakdownByAward_2026-09-15_H22M13S36_01.csv,75068,25.4,070-0540,FY2026P08,863000.00,70CDCR25FC0000007,70CDCR18A00000007,7012,CONT_AWD_70CDCR25FC0000007_7012_70CDCR18A00000007_7012,,,Contracts,863000.00,False,outside_pilot
DHS_FY2026P10_c:FY2026P01-P10_070_TAS_Contracts_AccountBreakdownByAward_2026-09-15_H22M13S36_01.csv:row:75069,DHS_FY2026P10_c/extracted/FY2026P01-P10_070_TAS_Contracts_AccountBreakdownByAward_2026-09-15_H22M13S36_01.csv,75069,25.4,070-0540,FY2026P08,,70CDCR25FC0000007,70CDCR18A00000007,7012,CONT_AWD_70CDCR25FC0000007_7012_70CDCR18A00000007_7012,,,Contracts,,True,outside_pilot
DHS_FY2026P10_c:FY2026P01-P10_070_TAS_Contracts_AccountBreakdownByAward_2026-09-15_H22M13S36_01.csv:row:75070,DHS_FY2026P10_c/extracted/FY2026P01-P10_070_TAS_Contracts_AccountBreakdownByAward_2026-09-15_H22M13S36_01.csv,75070,25.4,070-0540,FY2026P06,,70CDCR25FC0000007,70CDCR18A00000007,7012,CONT_AWD_70CDCR25FC0000007_7012_70CDCR18A00000007_7012,,,Contracts,,True,outside_pilot
DHS_FY2026P10_c:FY2026P01-P10_070_TAS_Contracts_AccountBreakdownByAward_2026-09-15_H22M13S36_01.csv:row:75071,DHS_FY2026P10_c/extracted/FY2026P01-P10_070_TAS_Contracts_AccountBreakdownByAward_2026-09-15_H22M13S36_01.csv,75071,25.4,070-0540,FY2026P04,,70CDCR25FC0000007,70CDCR18A00000007,7012,CONT_AWD_70CDCR25FC0000007_7012_70CDCR18A00000007_7012,,,Contracts,,True,outside_pilot
DHS_FY2026P10_c:FY2026P01-P10_070_TAS_Contracts_AccountBreakdownByAward_2026-09-15_H22M13S36_01.csv:row:75155,DHS_FY2026P10_c/extracted/FY2026P01-P10_070_TAS_Contracts_AccountBreakdownByAward_2026-09-15_H22M13S36_01.csv,75155,25.4,070-0540,FY2026P04,,70CDCR24FR0000065,70CDCR20D00000004,7012,CONT_AWD_70CDCR24FR0000065_7012_70CDCR20D00000004_7012,,,Contracts,,True,outside_pilot
DHS_FY2026P10_c:FY2026P01-P10_070_TAS_Contracts_AccountBreakdownByAward_2026-09-15_H22M13S36_01.csv:row:75156,DHS_FY2026P10_c/extracted/FY2026P01-P10_070_TAS_Contracts_AccountBreakdownByAward_2026-09-15_H22M13S36_01.csv,75156,25.4,070-0540,FY2026P04,,70CDCR24FR0000065,70CDCR20D00000004,7012,CONT_AWD_70CDCR24FR0000065_7012_70CDCR20D00000004_7012,,,Contracts,,True,outside_pilot
DHS_FY2026P10_c:FY2026P01-P10_070_TAS_Contracts_AccountBreakdownByAward_2026-09-15_H22M13S36_01.csv:row:75157,DHS_FY2026P10_c/extracted/FY2026P01-P10_070_TAS_Contracts_AccountBreakdownByAward_2026-09-15_H22M13S36_01.csv,75157,25.4,070-0540,FY2026P04,,70CDCR24FR0000065,70CDCR20D00000004,7012,CONT_AWD_70CDCR24FR0000065_7012_70CDCR20D00000004_7012,,,Contracts,,True,outside_pilot
DHS_FY2026P10_c:FY2026P01-P10_070_TAS_Contracts_AccountBreakdownByAward_2026-09-15_H22M13S36_01.csv:row:75160,DHS_FY2026P10_c/extracted/FY2026P01-P10_070_TAS_Contracts_AccountBreakdownByAward_2026-09-15_H22M13S36_01.csv,75160,25.4,070-0540,FY2026P07,,70CDCR24FR0000065,70CDCR20D00000004,7012,CONT_AWD_70CDCR24FR0000065_7012_70CDCR20D00000004_7012,,,Contracts,,True,outside_pilot
DHS_FY2026P10_c:FY2026P01-P10_070_TAS_Contracts_AccountBreakdownByAward_2026-09-15_H22M13S36_01.csv:row:75162,DHS_FY2026P10_c/extracted/FY2026P01-P10_070_TAS_Contracts_AccountBreakdownByAward_2026-09-15_H22M13S36_01.csv,75162,25.4,070-0540,FY2026P05,,70CDCR24FR0000065,70CDCR20D00000004,7012,CONT_AWD_70CDCR24FR0000065_7012_70CDCR20D00000004_7012,,,Contracts,,True,outside_pilot
DHS_FY2026P10_c:FY2026P01-P10_070_TAS_Contracts_AccountBreakdownByAward_2026-09-15_H22M13S36_01.csv:row:75163,DHS_FY2026P10_c/extracted/FY2026P01-P10_070_TAS_Contracts_AccountBreakdownByAward_2026-09-15_H22M13S36_01.csv,75163,25.4,070-0540,FY2026P05,,70CDCR24FR0000065,70CDCR20D00000004,7012,CONT_AWD_70CDCR24FR0000065_7012_70CDCR20D00000004_7012,,,Contracts,,True,outside_pilot
DHS_FY2026P10_c:FY2026P01-P10_070_TAS_Contracts_AccountBreakdownByAward_2026-09-15_H22M13S36_01.csv:row:75164,DHS_FY2026P10_c/extracted/FY2026P01-P10_070_TAS_Contracts_AccountBreakdownByAward_2026-09-15_H22M13S36_01.csv,75164,25.4,070-0540,FY2026P05,,70CDCR24FR0000065,70CDCR20D00000004,7012,CONT_AWD_70CDCR24FR0000065_7012_70CDCR20D00000004_7012,,,Contracts,,True,outside_pilot
DHS_FY2026P10_c:FY2026P01-P10_070_TAS_Contracts_AccountBreakdownByAward_2026-09-15_H22M13S36_01.csv:row:75167,DHS_FY2026P10_c/extracted/FY2026P01-P10_070_TAS_Contracts_AccountBreakdownByAward_2026-09-15_H22M13S36_01.csv,75167,25.4,070-0540,FY2026P08,,70CDCR24FR0000065,70CDCR20D00000004,7012,CONT_AWD_70CDCR24FR0000065_7012_70CDCR20D00000004_7012,,,Contracts,,True,outside_pilot
DHS_FY2026P10_c:FY2026P01-P10_070_TAS_Contracts_AccountBreakdownByAward_2026-09-15_H22M13S36_01.csv:row:75168,DHS_FY2026P10_c/extracted/FY2026P01-P10_070_TAS_Contracts_AccountBreakdownByAward_2026-09-15_H22M13S36_01.csv,75168,25.4,070-0540,FY2026P08,,70CDCR24FR0000065,70CDCR20D00000004,7012,CONT_AWD_70CDCR24FR0000065_7012_70CDCR20D00000004_7012,,,Contracts,,True,outside_pilot
DHS_FY2026P10_c:FY2026P01-P10_070_TAS_Contracts_AccountBreakdownByAward_2026-09-15_H22M13S36_01.csv:row:75169,DHS_FY2026P10_c/extracted/FY2026P01-P10_070_TAS_Contracts_AccountBreakdownByAward_2026-09-15_H22M13S36_01.csv,75169,25.4,070-0540,FY2026P02,,70CDCR24FR0000065,70CDCR20D00000004,7012,CONT_AWD_70CDCR24FR0000065_7012_70CDCR20D00000004_7012,,,Contracts,,True,outside_pilot
DHS_FY2026P10_c:FY2026P01-P10_070_TAS_Contracts_AccountBreakdownByAward_2026-09-15_H22M13S36_01.csv:row:75171,DHS_FY2026P10_c/extracted/FY2026P01-P10_070_TAS_Contracts_AccountBreakdownByAward_2026-09-15_H22M13S36_01.csv,75171,25.4,070-0540,FY2026P03,,70CDCR24FR0000065,70CDCR20D00000004,7012,CONT_AWD_70CDCR24FR0000065_7012_70CDCR20D00000004_7012,,,Contracts,,True,outside_pilot
DHS_FY2026P10_c:FY2026P01-P10_070_TAS_Contracts_AccountBreakdownByAward_2026-09-15_H22M13S36_01.csv:row:75173,DHS_FY2026P10_c/extracted/FY2026P01-P10_070_TAS_Contracts_AccountBreakdownByAward_2026-09-15_H22M13S36_01.csv,75173,25.4,070-0540,FY2026P03,,70CDCR24FR0000065,70CDCR20D00000004,7012,CONT_AWD_70CDCR24FR0000065_7012_70CDCR20D00000004_7012,,,Contracts,,True,outside_pilot
DHS_FY2026P10_c:FY2026P01-P10_070_TAS_Contracts_AccountBreakdownByAward_2026-09-15_H22M13S36_01.csv:row:75174,DHS_FY2026P10_c/extracted/FY2026P01-P10_070_TAS_Contracts_AccountBreakdownByAward_2026-09-15_H22M13S36_01.csv,75174,25.4,070-0540,FY2026P03,,70CDCR24FR0000065,70CDCR20D00000004,7012,CONT_AWD_70CDCR24FR0000065_7012_70CDCR20D00000004_7012,,,Contracts,,True,outside_pilot
DHS_FY2026P10_c:FY2026P01-P10_070_TAS_Contracts_AccountBreakdownByAward_2026-09-15_H22M13S36_01.csv:row:75177,DHS_FY2026P10_c/extracted/FY2026P01-P10_070_TAS_Contracts_AccountBreakdownByAward_2026-09-15_H22M13S36_01.csv,75177,25.4,070-0540,FY2026P07,,70CDCR24FR0000065,70CDCR20D00000004,7012,CONT_AWD_70CDCR24FR0000065_7012_70CDCR20D00000004_7012,,,Contracts,,True,outside_pilot
DHS_FY2026P10_c:FY2026P01-P10_070_TAS_Contracts_AccountBreakdownByAward_2026-09-15_H22M13S36_01.csv:row:75178,DHS_FY2026P10_c/extracted/FY2026P01-P10_070_TAS_Contracts_AccountBreakdownByAward_2026-09-15_H22M13S36_01.csv,75178,25.4,070-0540,FY2026P07,,70CDCR24FR0000065,70CDCR20D00000004,7012,CONT_AWD_70CDCR24FR0000065_7012_70CDCR20D00000004_7012,,,Contracts,,True,outside_pilot
DHS_FY2026P10_c:FY2026P01-P10_070_TAS_Contracts_AccountBreakdownByAward_2026-09-15_H22M13S36_01.csv:row:75179,DHS_FY2026P10_c/extracted/FY2026P01-P10_070_TAS_Contracts_AccountBreakdownByAward_2026-09-15_H22M13S36_01.csv,75179,25.4,070-0540,FY2026P06,,70CDCR24FR0000065,70CDCR20D00000004,7012,CONT_AWD_70CDCR24FR0000065_7012_70CDCR20D00000004_7012,,,Contracts,,True,outside_pilot
DHS_FY2026P10_c:FY2026P01-P10_070_TAS_Contracts_AccountBreakdownByAward_2026-09-15_H22M13S36_01.csv:row:75181,DHS_FY2026P10_c/extracted/FY2026P01-P10_070_TAS_Contracts_AccountBreakdownByAward_2026-09-15_H22M13S36_01.csv,75181,25.4,070-0540,FY2026P06,,70CDCR24FR0000065,70CDCR20D00000004,7012,CONT_AWD_70CDCR24FR0000065_7012_70CDCR20D00000004_7012,,,Contracts,,True,outside_pilot
DHS_FY2026P10_c:FY2026P01-P10_070_TAS_Contracts_AccountBreakdownByAward_2026-09-15_H22M13S36_01.csv:row:75183,DHS_FY2026P10_c/extracted/FY2026P01-P10_070_TAS_Contracts_AccountBreakdownByAward_2026-09-15_H22M13S36_01.csv,75183,25.4,070-0540,FY2026P09,,70CDCR24FR0000065,70CDCR20D00000004,7012,CONT_AWD_70CDCR24FR0000065_7012_70CDCR20D00000004_7012,,,Contracts,,True,outside_pilot
DHS_FY2026P10_c:FY2026P01-P10_070_TAS_Contracts_AccountBreakdownByAward_2026-09-15_H22M13S36_01.csv:row:75185,DHS_FY2026P10_c/extracted/FY2026P01-P10_070_TAS_Contracts_AccountBreakdownByAward_2026-09-15_H22M13S36_01.csv,75185,25.4,070-0540,FY2026P09,,70CDCR24FR0000065,70CDCR20D00000004,7012,CONT_AWD_70CDCR24FR0000065_7012_70CDCR20D00000004_7012,,,Contracts,,True,outside_pilot
DHS_FY2026P10_c:FY2026P01-P10_070_TAS_Contracts_AccountBreakdownByAward_2026-09-15_H22M13S36_01.csv:row:75186,DHS_FY2026P10_c/extracted/FY2026P01-P10_070_TAS_Contracts_AccountBreakdownByAward_2026-09-15_H22M13S36_01.csv,75186,25.4,070-0540,FY2026P09,,70CDCR24FR0000065,70CDCR20D00000004,7012,CONT_AWD_70CDCR24FR0000065_7012_70CDCR20D00000004_7012,,,Contracts,,True,outside_pilot
DHS_FY2026P10_c:FY2026P01-P10_070_TAS_Contracts_AccountBreakdownByAward_2026-09-15_H22M13S36_01.csv:row:75188,DHS_FY2026P10_c/extracted/FY2026P01-P10_070_TAS_Contracts_AccountBreakdownByAward_2026-09-15_H22M13S36_01.csv,75188,25.4,070-0540,FY2026P06,,70CDCR24FR0000065,70CDCR20D00000004,7012,CONT_AWD_70CDCR24FR0000065_7012_70CDCR20D00000004_7012,,,Contracts,,True,outside_pilot
DHS_FY2026P10_c:FY2026P01-P10_070_TAS_Contracts_AccountBreakdownByAward_2026-09-15_H22M13S36_01.csv:row:75190,DHS_FY2026P10_c/extracted/FY2026P01-P10_070_TAS_Contracts_AccountBreakdownByAward_2026-09-15_H22M13S36_01.csv,75190,25.4,070-0540,FY2026P08,,70CDCR24FR0000065,70CDCR20D00000004,7012,CONT_AWD_70CDCR24FR0000065_7012_70CDCR20D00000004_7012,,,Contracts,,True,outside_pilot
DHS_FY2026P10_c:FY2026P01-P10_070_TAS_Contracts_AccountBreakdownByAward_2026-09-15_H22M13S36_01.csv:row:75193,DHS_FY2026P10_c/extracted/FY2026P01-P10_070_TAS_Contracts_AccountBreakdownByAward_2026-09-15_H22M13S36_01.csv,75193,25.4,070-0540,FY2026P02,,70CDCR24FR0000065,70CDCR20D00000004,7012,CONT_AWD_70CDCR24FR0000065_7012_70CDCR20D00000004_7012,,,Contracts,,True,outside_pilot
DHS_FY2026P10_c:FY2026P01-P10_070_TAS_Contracts_AccountBreakdownByAward_2026-09-15_H22M13S36_01.csv:row:75195,DHS_FY2026P10_c/extracted/FY2026P01-P10_070_TAS_Contracts_AccountBreakdownByAward_2026-09-15_H22M13S36_01.csv,75195,25.4,070-0540,FY2026P10,,70CDCR24FR0000065,70CDCR20D00000004,7012,CONT_AWD_70CDCR24FR0000065_7012_70CDCR20D00000004_7012,,,Contracts,,True,outside_pilot
DHS_FY2026P10_c:FY2026P01-P10_070_TAS_Contracts_AccountBreakdownByAward_2026-09-15_H22M13S36_01.csv:row:75197,DHS_FY2026P10_c/extracted/FY2026P01-P10_070_TAS_Contracts_AccountBreakdownByAward_2026-09-15_H22M13S36_01.csv,75197,25.4,070-0540,FY2026P10,,70CDCR24FR0000065,70CDCR20D00000004,7012,CONT_AWD_70CDCR24FR0000065_7012_70CDCR20D00000004_7012,,,Contracts,,True,outside_pilot
DHS_FY2026P10_c:FY2026P01-P10_070_TAS_Contracts_AccountBreakdownByAward_2026-09-15_H22M13S36_01.csv:row:75198,DHS_FY2026P10_c/extracted/FY2026P01-P10_070_TAS_Contracts_AccountBreakdownByAward_2026-09-15_H22M13S36_01.csv,75198,25.4,070-0540,FY2026P10,,70CDCR24FR0000065,70CDCR20D00000004,7012,CONT_AWD_70CDCR24FR0000065_7012_70CDCR20D00000004_7012,,,Contracts,,True,outside_pilot
DHS_FY2026P10_c:FY2026P01-P10_070_TAS_Contracts_AccountBreakdownByAward_2026-09-15_H22M13S36_01.csv:row:77316,DHS_FY2026P10_c/extracted/FY2026P01-P10_070_TAS_Contracts_AccountBreakdownByAward_2026-09-15_H22M13S36_01.csv,77316,25.4,070-0540,FY2026P10,20825000.00,70CDCR26FR0000105,70CDCR25D00000009,7012,CONT_AWD_70CDCR26FR0000105_7012_70CDCR25D00000009_7012,,,Contracts,20825000.00,False,outside_pilot
DHS_FY2026P10_c:FY2026P01-P10_070_TAS_Contracts_AccountBreakdownByAward_2026-09-15_H22M13S36_01.csv:row:7766,DHS_FY2026P10_c/extracted/FY2026P01-P10_070_TAS_Contracts_AccountBreakdownByAward_2026-09-15_H22M13S36_01.csv,7766,25.4,070-0540,FY2026P05,,70CDCR25FR0000005,70CDCR22D00000001,7012,CONT_AWD_70CDCR25FR0000005_7012_70CDCR22D00000001_7012,,,Contracts,,True,outside_pilot
DHS_FY2026P10_c:FY2026P01-P10_070_TAS_Contracts_AccountBreakdownByAward_2026-09-15_H22M13S36_01.csv:row:7768,DHS_FY2026P10_c/extracted/FY2026P01-P10_070_TAS_Contracts_AccountBreakdownByAward_2026-09-15_H22M13S36_01.csv,7768,25.4,070-0540,FY2026P05,,70CDCR25FR0000005,70CDCR22D00000001,7012,CONT_AWD_70CDCR25FR0000005_7012_70CDCR22D00000001_7012,,,Contracts,,True,outside_pilot
DHS_FY2026P10_c:FY2026P01-P10_070_TAS_Contracts_AccountBreakdownByAward_2026-09-15_H22M13S36_01.csv:row:7770,DHS_FY2026P10_c/extracted/FY2026P01-P10_070_TAS_Contracts_AccountBreakdownByAward_2026-09-15_H22M13S36_01.csv,7770,25.4,070-0540,FY2026P04,,70CDCR25FR0000005,70CDCR22D00000001,7012,CONT_AWD_70CDCR25FR0000005_7012_70CDCR22D00000001_7012,,,Contracts,,True,outside_pilot
DHS_FY2026P10_c:FY2026P01-P10_070_TAS_Contracts_AccountBreakdownByAward_2026-09-15_H22M13S36_01.csv:row:7771,DHS_FY2026P10_c/extracted/FY2026P01-P10_070_TAS_Contracts_AccountBreakdownByAward_2026-09-15_H22M13S36_01.csv,7771,25.4,070-0540,FY2026P04,,70CDCR25FR0000005,70CDCR22D00000001,7012,CONT_AWD_70CDCR25FR0000005_7012_70CDCR22D00000001_7012,,,Contracts,,True,outside_pilot
DHS_FY2026P10_c:FY2026P01-P10_070_TAS_Contracts_AccountBreakdownByAward_2026-09-15_H22M13S36_01.csv:row:7774,DHS_FY2026P10_c/extracted/FY2026P01-P10_070_TAS_Contracts_AccountBreakdownByAward_2026-09-15_H22M13S36_01.csv,7774,25.4,070-0540,FY2026P08,,70CDCR25FR0000005,70CDCR22D00000001,7012,CONT_AWD_70CDCR25FR0000005_7012_70CDCR22D00000001_7012,,,Contracts,,True,outside_pilot
DHS_FY2026P10_c:FY2026P01-P10_070_TAS_Contracts_AccountBreakdownByAward_2026-09-15_H22M13S36_01.csv:row:7775,DHS_FY2026P10_c/extracted/FY2026P01-P10_070_TAS_Contracts_AccountBreakdownByAward_2026-09-15_H22M13S36_01.csv,7775,25.4,070-0540,FY2026P08,,70CDCR25FR0000005,70CDCR22D00000001,7012,CONT_AWD_70CDCR25FR0000005_7012_70CDCR22D00000001_7012,,,Contracts,,True,outside_pilot
DHS_FY2026P10_c:FY2026P01-P10_070_TAS_Contracts_AccountBreakdownByAward_2026-09-15_H22M13S36_01.csv:row:7777,DHS_FY2026P10_c/extracted/FY2026P01-P10_070_TAS_Contracts_AccountBreakdownByAward_2026-09-15_H22M13S36_01.csv,7777,25.4,070-0540,FY2026P02,,70CDCR25FR0000005,70CDCR22D00000001,7012,CONT_AWD_70CDCR25FR0000005_7012_70CDCR22D00000001_7012,,,Contracts,,True,outside_pilot
DHS_FY2026P10_c:FY2026P01-P10_070_TAS_Contracts_AccountBreakdownByAward_2026-09-15_H22M13S36_01.csv:row:7779,DHS_FY2026P10_c/extracted/FY2026P01-P10_070_TAS_Contracts_AccountBreakdownByAward_2026-09-15_H22M13S36_01.csv,7779,25.4,070-0540,FY2026P03,,70CDCR25FR0000005,70CDCR22D00000001,7012,CONT_AWD_70CDCR25FR0000005_7012_70CDCR22D00000001_7012,,,Contracts,,True,outside_pilot
DHS_FY2026P10_c:FY2026P01-P10_070_TAS_Contracts_AccountBreakdownByAward_2026-09-15_H22M13S36_01.csv:row:7782,DHS_FY2026P10_c/extracted/FY2026P01-P10_070_TAS_Contracts_AccountBreakdownByAward_2026-09-15_H22M13S36_01.csv,7782,25.4,070-0540,FY2026P03,,70CDCR25FR0000005,70CDCR22D00000001,7012,CONT_AWD_70CDCR25FR0000005_7012_70CDCR22D00000001_7012,,,Contracts,,True,outside_pilot
DHS_FY2026P10_c:FY2026P01-P10_070_TAS_Contracts_AccountBreakdownByAward_2026-09-15_H22M13S36_01.csv:row:7785,DHS_FY2026P10_c/extracted/FY2026P01-P10_070_TAS_Contracts_AccountBreakdownByAward_2026-09-15_H22M13S36_01.csv,7785,25.4,070-0540,FY2026P03,,70CDCR25FR0000005,70CDCR22D00000001,7012,CONT_AWD_70CDCR25FR0000005_7012_70CDCR22D00000001_7012,,,Contracts,,True,outside_pilot
DHS_FY2026P10_c:FY2026P01-P10_070_TAS_Contracts_AccountBreakdownByAward_2026-09-15_H22M13S36_01.csv:row:7791,DHS_FY2026P10_c/extracted/FY2026P01-P10_070_TAS_Contracts_AccountBreakdownByAward_2026-09-15_H22M13S36_01.csv,7791,25.4,070-0540,FY2026P05,,70CDCR25FR0000005,70CDCR22D00000001,7012,CONT_AWD_70CDCR25FR0000005_7012_70CDCR22D00000001_7012,,,Contracts,,True,outside_pilot
DHS_FY2026P10_c:FY2026P01-P10_070_TAS_Contracts_AccountBreakdownByAward_2026-09-15_H22M13S36_01.csv:row:7793,DHS_FY2026P10_c/extracted/FY2026P01-P10_070_TAS_Contracts_AccountBreakdownByAward_2026-09-15_H22M13S36_01.csv,7793,25.4,070-0540,FY2026P06,,70CDCR25FR0000005,70CDCR22D00000001,7012,CONT_AWD_70CDCR25FR0000005_7012_70CDCR22D00000001_7012,,,Contracts,,True,outside_pilot
DHS_FY2026P10_c:FY2026P01-P10_070_TAS_Contracts_AccountBreakdownByAward_2026-09-15_H22M13S36_01.csv:row:7795,DHS_FY2026P10_c/extracted/FY2026P01-P10_070_TAS_Contracts_AccountBreakdownByAward_2026-09-15_H22M13S36_01.csv,7795,25.4,070-0540,FY2026P06,,70CDCR25FR0000005,70CDCR22D00000001,7012,CONT_AWD_70CDCR25FR0000005_7012_70CDCR22D00000001_7012,,,Contracts,,True,outside_pilot
DHS_FY2026P10_c:FY2026P01-P10_070_TAS_Contracts_AccountBreakdownByAward_2026-09-15_H22M13S36_01.csv:row:7798,DHS_FY2026P10_c/extracted/FY2026P01-P10_070_TAS_Contracts_AccountBreakdownByAward_2026-09-15_H22M13S36_01.csv,7798,25.4,070-0540,FY2026P09,,70CDCR25FR0000005,70CDCR22D00000001,7012,CONT_AWD_70CDCR25FR0000005_7012_70CDCR22D00000001_7012,,,Contracts,,True,outside_pilot
DHS_FY2026P10_c:FY2026P01-P10_070_TAS_Contracts_AccountBreakdownByAward_2026-09-15_H22M13S36_01.csv:row:7801,DHS_FY2026P10_c/extracted/FY2026P01-P10_070_TAS_Contracts_AccountBreakdownByAward_2026-09-15_H22M13S36_01.csv,7801,25.4,070-0540,FY2026P09,,70CDCR25FR0000005,70CDCR22D00000001,7012,CONT_AWD_70CDCR25FR0000005_7012_70CDCR22D00000001_7012,,,Contracts,,True,outside_pilot
DHS_FY2026P10_c:FY2026P01-P10_070_TAS_Contracts_AccountBreakdownByAward_2026-09-15_H22M13S36_01.csv:row:7803,DHS_FY2026P10_c/extracted/FY2026P01-P10_070_TAS_Contracts_AccountBreakdownByAward_2026-09-15_H22M13S36_01.csv,7803,25.4,070-0540,FY2026P09,,70CDCR25FR0000005,70CDCR22D00000001,7012,CONT_AWD_70CDCR25FR0000005_7012_70CDCR22D00000001_7012,,,Contracts,,True,outside_pilot
DHS_FY2026P10_c:FY2026P01-P10_070_TAS_Contracts_AccountBreakdownByAward_2026-09-15_H22M13S36_01.csv:row:7805,DHS_FY2026P10_c/extracted/FY2026P01-P10_070_TAS_Contracts_AccountBreakdownByAward_2026-09-15_H22M13S36_01.csv,7805,25.4,070-0540,FY2026P04,,70CDCR25FR0000005,70CDCR22D00000001,7012,CONT_AWD_70CDCR25FR0000005_7012_70CDCR22D00000001_7012,,,Contracts,,True,outside_pilot
DHS_FY2026P10_c:FY2026P01-P10_070_TAS_Contracts_AccountBreakdownByAward_2026-09-15_H22M13S36_01.csv:row:7806,DHS_FY2026P10_c/extracted/FY2026P01-P10_070_TAS_Contracts_AccountBreakdownByAward_2026-09-15_H22M13S36_01.csv,7806,25.4,070-0540,FY2026P07,,70CDCR25FR0000005,70CDCR22D00000001,7012,CONT_AWD_70CDCR25FR0000005_7012_70CDCR22D00000001_7012,,,Contracts,,True,outside_pilot
DHS_FY2026P10_c:FY2026P01-P10_070_TAS_Contracts_AccountBreakdownByAward_2026-09-15_H22M13S36_01.csv:row:7808,DHS_FY2026P10_c/extracted/FY2026P01-P10_070_TAS_Contracts_AccountBreakdownByAward_2026-09-15_H22M13S36_01.csv,7808,25.4,070-0540,FY2026P07,,70CDCR25FR0000005,70CDCR22D00000001,7012,CONT_AWD_70CDCR25FR0000005_7012_70CDCR22D00000001_7012,,,Contracts,,True,outside_pilot
DHS_FY2026P10_c:FY2026P01-P10_070_TAS_Contracts_AccountBreakdownByAward_2026-09-15_H22M13S36_01.csv:row:7809,DHS_FY2026P10_c/extracted/FY2026P01-P10_070_TAS_Contracts_AccountBreakdownByAward_2026-09-15_H22M13S36_01.csv,7809,25.4,070-0540,FY2026P07,,70CDCR25FR0000005,70CDCR22D00000001,7012,CONT_AWD_70CDCR25FR0000005_7012_70CDCR22D00000001_7012,,,Contracts,,True,outside_pilot
DHS_FY2026P10_c:FY2026P01-P10_070_TAS_Contracts_AccountBreakdownByAward_2026-09-15_H22M13S36_01.csv:row:7814,DHS_FY2026P10_c/extracted/FY2026P01-P10_070_TAS_Contracts_AccountBreakdownByAward_2026-09-15_H22M13S36_01.csv,7814,25.4,070-0540,FY2026P07,-16966.40,70CDCR25FR0000005,70CDCR22D00000001,7012,CONT_AWD_70CDCR25FR0000005_7012_70CDCR22D00000001_7012,,,Contracts,-16966.40,False,outside_pilot
DHS_FY2026P10_c:FY2026P01-P10_070_TAS_Contracts_AccountBreakdownByAward_2026-09-15_H22M13S36_01.csv:row:7815,DHS_FY2026P10_c/extracted/FY2026P01-P10_070_TAS_Contracts_AccountBreakdownByAward_2026-09-15_H22M13S36_01.csv,7815,25.4,070-0540,FY2026P07,-1608054.97,70CDCR25FR0000005,70CDCR22D00000001,7012,CONT_AWD_70CDCR25FR0000005_7012_70CDCR22D00000001_7012,,,Contracts,-1608054.97,False,outside_pilot
DHS_FY2026P10_c:FY2026P01-P10_070_TAS_Contracts_AccountBreakdownByAward_2026-09-15_H22M13S36_01.csv:row:7821,DHS_FY2026P10_c/extracted/FY2026P01-P10_070_TAS_Contracts_AccountBreakdownByAward_2026-09-15_H22M13S36_01.csv,7821,25.4,070-0540,FY2026P06,,70CDCR25FR0000005,70CDCR22D00000001,7012,CONT_AWD_70CDCR25FR0000005_7012_70CDCR22D00000001_7012,,,Contracts,,True,outside_pilot
DHS_FY2026P10_c:FY2026P01-P10_070_TAS_Contracts_AccountBreakdownByAward_2026-09-15_H22M13S36_01.csv:row:7825,DHS_FY2026P10_c/extracted/FY2026P01-P10_070_TAS_Contracts_AccountBreakdownByAward_2026-09-15_H22M13S36_01.csv,7825,25.4,070-0540,FY2026P10,,70CDCR25FR0000005,70CDCR22D00000001,7012,CONT_AWD_70CDCR25FR0000005_7012_70CDCR22D00000001_7012,,,Contracts,,True,outside_pilot
DHS_FY2026P10_c:FY2026P01-P10_070_TAS_Contracts_AccountBreakdownByAward_2026-09-15_H22M13S36_01.csv:row:7828,DHS_FY2026P10_c/extracted/FY2026P01-P10_070_TAS_Contracts_AccountBreakdownByAward_2026-09-15_H22M13S36_01.csv,7828,25.4,070-0540,FY2026P10,,70CDCR25FR0000005,70CDCR22D00000001,7012,CONT_AWD_70CDCR25FR0000005_7012_70CDCR22D00000001_7012,,,Contracts,,True,outside_pilot
DHS_FY2026P10_c:FY2026P01-P10_070_TAS_Contracts_AccountBreakdownByAward_2026-09-15_H22M13S36_01.csv:row:7830,DHS_FY2026P10_c/extracted/FY2026P01-P10_070_TAS_Contracts_AccountBreakdownByAward_2026-09-15_H22M13S36_01.csv,7830,25.4,070-0540,FY2026P10,,70CDCR25FR0000005,70CDCR22D00000001,7012,CONT_AWD_70CDCR25FR0000005_7012_70CDCR22D00000001_7012,,,Contracts,,True,outside_pilot
DHS_FY2026P10_c:FY2026P01-P10_070_TAS_Contracts_AccountBreakdownByAward_2026-09-15_H22M13S36_01.csv:row:7832,DHS_FY2026P10_c/extracted/FY2026P01-P10_070_TAS_Contracts_AccountBreakdownByAward_2026-09-15_H22M13S36_01.csv,7832,25.4,070-0540,FY2026P08,,70CDCR25FR0000005,70CDCR22D00000001,7012,CONT_AWD_70CDCR25FR0000005_7012_70CDCR22D00000001_7012,,,Contracts,,True,outside_pilot
DHS_FY2026P10_c:FY2026P01-P10_070_TAS_Contracts_AccountBreakdownByAward_2026-09-15_H22M13S36_01.csv:row:80580,DHS_FY2026P10_c/extracted/FY2026P01-P10_070_TAS_Contracts_AccountBreakdownByAward_2026-09-15_H22M13S36_01.csv,80580,25.4,070-0540,FY2026P06,2661900.00,70CDCR26FC0000002,HSCEDM14A00001,7012,CONT_AWD_70CDCR26FC0000002_7012_HSCEDM14A00001_7012,,,Contracts,2661900.00,False,outside_pilot
DHS_FY2026P10_c:FY2026P01-P10_070_TAS_Contracts_AccountBreakdownByAward_2026-09-15_H22M13S36_01.csv:row:80583,DHS_FY2026P10_c/extracted/FY2026P01-P10_070_TAS_Contracts_AccountBreakdownByAward_2026-09-15_H22M13S36_01.csv,80583,25.4,070-0540,FY2026P10,,70CDCR26FC0000002,HSCEDM14A00001,7012,CONT_AWD_70CDCR26FC0000002_7012_HSCEDM14A00001_7012,,,Contracts,,True,outside_pilot
DHS_FY2026P10_c:FY2026P01-P10_070_TAS_Contracts_AccountBreakdownByAward_2026-09-15_H22M13S36_01.csv:row:80584,DHS_FY2026P10_c/extracted/FY2026P01-P10_070_TAS_Contracts_AccountBreakdownByAward_2026-09-15_H22M13S36_01.csv,80584,25.4,070-0540,FY2026P08,,70CDCR26FC0000002,HSCEDM14A00001,7012,CONT_AWD_70CDCR26FC0000002_7012_HSCEDM14A00001_7012,,,Contracts,,True,outside_pilot
DHS_FY2026P10_c:FY2026P01-P10_070_TAS_Contracts_AccountBreakdownByAward_2026-09-15_H22M13S36_01.csv:row:80585,DHS_FY2026P10_c/extracted/FY2026P01-P10_070_TAS_Contracts_AccountBreakdownByAward_2026-09-15_H22M13S36_01.csv,80585,25.4,070-0540,FY2026P08,562000.00,70CDCR26FC0000002,HSCEDM14A00001,7012,CONT_AWD_70CDCR26FC0000002_7012_HSCEDM14A00001_7012,,,Contracts,562000.00,False,outside_pilot
DHS_FY2026P10_c:FY2026P01-P10_070_TAS_Contracts_AccountBreakdownByAward_2026-09-15_H22M13S36_01.csv:row:80587,DHS_FY2026P10_c/extracted/FY2026P01-P10_070_TAS_Contracts_AccountBreakdownByAward_2026-09-15_H22M13S36_01.csv,80587,25.4,070-0540,FY2026P09,,70CDCR26FC0000002,HSCEDM14A00001,7012,CONT_AWD_70CDCR26FC0000002_7012_HSCEDM14A00001_7012,,,Contracts,,True,outside_pilot
DHS_FY2026P10_c:FY2026P01-P10_070_TAS_Contracts_AccountBreakdownByAward_2026-09-15_H22M13S36_01.csv:row:81855,DHS_FY2026P10_c/extracted/FY2026P01-P10_070_TAS_Contracts_AccountBreakdownByAward_2026-09-15_H22M13S36_01.csv,81855,25.4,070-0540,FY2026P09,,70CDCR23FR0000063,70CDCR22D00000012,7012,CONT_AWD_70CDCR23FR0000063_7012_70CDCR22D00000012_7012,,,Contracts,,True,outside_pilot
DHS_FY2026P10_c:FY2026P01-P10_070_TAS_Contracts_AccountBreakdownByAward_2026-09-15_H22M13S36_01.csv:row:81857,DHS_FY2026P10_c/extracted/FY2026P01-P10_070_TAS_Contracts_AccountBreakdownByAward_2026-09-15_H22M13S36_01.csv,81857,25.4,070-0540,FY2026P10,,70CDCR23FR0000063,70CDCR22D00000012,7012,CONT_AWD_70CDCR23FR0000063_7012_70CDCR22D00000012_7012,,,Contracts,,True,outside_pilot
DHS_FY2026P10_c:FY2026P01-P10_070_TAS_Contracts_AccountBreakdownByAward_2026-09-15_H22M13S36_01.csv:row:81859,DHS_FY2026P10_c/extracted/FY2026P01-P10_070_TAS_Contracts_AccountBreakdownByAward_2026-09-15_H22M13S36_01.csv,81859,25.4,070-0540,FY2026P02,1713680.13,70CDCR23FR0000063,70CDCR22D00000012,7012,CONT_AWD_70CDCR23FR0000063_7012_70CDCR22D00000012_7012,,,Contracts,1713680.13,False,outside_pilot
DHS_FY2026P10_c:FY2026P01-P10_070_TAS_Contracts_AccountBreakdownByAward_2026-09-15_H22M13S36_01.csv:row:84657,DHS_FY2026P10_c/extracted/FY2026P01-P10_070_TAS_Contracts_AccountBreakdownByAward_2026-09-15_H22M13S36_01.csv,84657,25.4,070-0540,FY2026P04,5872900.00,70CDCR25FR0000110,70CDCR20D00000004,7012,CONT_AWD_70CDCR25FR0000110_7012_70CDCR20D00000004_7012,,,Contracts,5872900.00,False,outside_pilot
DHS_FY2026P10_c:FY2026P01-P10_070_TAS_Contracts_AccountBreakdownByAward_2026-09-15_H22M13S36_01.csv:row:84660,DHS_FY2026P10_c/extracted/FY2026P01-P10_070_TAS_Contracts_AccountBreakdownByAward_2026-09-15_H22M13S36_01.csv,84660,25.4,070-0540,FY2026P04,,70CDCR25FR0000110,70CDCR20D00000004,7012,CONT_AWD_70CDCR25FR0000110_7012_70CDCR20D00000004_7012,,,Contracts,,True,outside_pilot
DHS_FY2026P10_c:FY2026P01-P10_070_TAS_Contracts_AccountBreakdownByAward_2026-09-15_H22M13S36_01.csv:row:84663,DHS_FY2026P10_c/extracted/FY2026P01-P10_070_TAS_Contracts_AccountBreakdownByAward_2026-09-15_H22M13S36_01.csv,84663,25.4,070-0540,FY2026P10,,70CDCR25FR0000110,70CDCR20D00000004,7012,CONT_AWD_70CDCR25FR0000110_7012_70CDCR20D00000004_7012,,,Contracts,,True,outside_pilot
DHS_FY2026P10_c:FY2026P01-P10_070_TAS_Contracts_AccountBreakdownByAward_2026-09-15_H22M13S36_01.csv:row:84669,DHS_FY2026P10_c/extracted/FY2026P01-P10_070_TAS_Contracts_AccountBreakdownByAward_2026-09-15_H22M13S36_01.csv,84669,25.4,070-0540,FY2026P06,,70CDCR25FR0000110,70CDCR20D00000004,7012,CONT_AWD_70CDCR25FR0000110_7012_70CDCR20D00000004_7012,,,Contracts,,True,outside_pilot
DHS_FY2026P10_c:FY2026P01-P10_070_TAS_Contracts_AccountBreakdownByAward_2026-09-15_H22M13S36_01.csv:row:84671,DHS_FY2026P10_c/extracted/FY2026P01-P10_070_TAS_Contracts_AccountBreakdownByAward_2026-09-15_H22M13S36_01.csv,84671,25.4,070-0540,FY2026P06,,70CDCR25FR0000110,70CDCR20D00000004,7012,CONT_AWD_70CDCR25FR0000110_7012_70CDCR20D00000004_7012,,,Contracts,,True,outside_pilot
DHS_FY2026P10_c:FY2026P01-P10_070_TAS_Contracts_AccountBreakdownByAward_2026-09-15_H22M13S36_01.csv:row:84677,DHS_FY2026P10_c/extracted/FY2026P01-P10_070_TAS_Contracts_AccountBreakdownByAward_2026-09-15_H22M13S36_01.csv,84677,25.4,070-0540,FY2026P09,,70CDCR25FR0000110,70CDCR20D00000004,7012,CONT_AWD_70CDCR25FR0000110_7012_70CDCR20D00000004_7012,,,Contracts,,True,outside_pilot
DHS_FY2026P10_c:FY2026P01-P10_070_TAS_Contracts_AccountBreakdownByAward_2026-09-15_H22M13S36_01.csv:row:84680,DHS_FY2026P10_c/extracted/FY2026P01-P10_070_TAS_Contracts_AccountBreakdownByAward_2026-09-15_H22M13S36_01.csv,84680,25.4,070-0540,FY2026P09,,70CDCR25FR0000110,70CDCR20D00000004,7012,CONT_AWD_70CDCR25FR0000110_7012_70CDCR20D00000004_7012,,,Contracts,,True,outside_pilot
DHS_FY2026P10_c:FY2026P01-P10_070_TAS_Contracts_AccountBreakdownByAward_2026-09-15_H22M13S36_01.csv:row:84684,DHS_FY2026P10_c/extracted/FY2026P01-P10_070_TAS_Contracts_AccountBreakdownByAward_2026-09-15_H22M13S36_01.csv,84684,25.4,070-0540,FY2026P03,,70CDCR25FR0000110,70CDCR20D00000004,7012,CONT_AWD_70CDCR25FR0000110_7012_70CDCR20D00000004_7012,,,Contracts,,True,outside_pilot
DHS_FY2026P10_c:FY2026P01-P10_070_TAS_Contracts_AccountBreakdownByAward_2026-09-15_H22M13S36_01.csv:row:84692,DHS_FY2026P10_c/extracted/FY2026P01-P10_070_TAS_Contracts_AccountBreakdownByAward_2026-09-15_H22M13S36_01.csv,84692,25.4,070-0540,FY2026P08,,70CDCR25FR0000110,70CDCR20D00000004,7012,CONT_AWD_70CDCR25FR0000110_7012_70CDCR20D00000004_7012,,,Contracts,,True,outside_pilot
DHS_FY2026P10_c:FY2026P01-P10_070_TAS_Contracts_AccountBreakdownByAward_2026-09-15_H22M13S36_01.csv:row:84693,DHS_FY2026P10_c/extracted/FY2026P01-P10_070_TAS_Contracts_AccountBreakdownByAward_2026-09-15_H22M13S36_01.csv,84693,25.4,070-0540,FY2026P08,,70CDCR25FR0000110,70CDCR20D00000004,7012,CONT_AWD_70CDCR25FR0000110_7012_70CDCR20D00000004_7012,,,Contracts,,True,outside_pilot
DHS_FY2026P10_c:FY2026P01-P10_070_TAS_Contracts_AccountBreakdownByAward_2026-09-15_H22M13S36_01.csv:row:84695,DHS_FY2026P10_c/extracted/FY2026P01-P10_070_TAS_Contracts_AccountBreakdownByAward_2026-09-15_H22M13S36_01.csv,84695,25.4,070-0540,FY2026P07,,70CDCR25FR0000110,70CDCR20D00000004,7012,CONT_AWD_70CDCR25FR0000110_7012_70CDCR20D00000004_7012,,,Contracts,,True,outside_pilot
DHS_FY2026P10_c:FY2026P01-P10_070_TAS_Contracts_AccountBreakdownByAward_2026-09-15_H22M13S36_01.csv:row:84700,DHS_FY2026P10_c/extracted/FY2026P01-P10_070_TAS_Contracts_AccountBreakdownByAward_2026-09-15_H22M13S36_01.csv,84700,25.4,070-0540,FY2026P05,6589400.00,70CDCR25FR0000110,70CDCR20D00000004,7012,CONT_AWD_70CDCR25FR0000110_7012_70CDCR20D00000004_7012,,,Contracts,6589400.00,False,outside_pilot
DHS_FY2026P10_c:FY2026P01-P10_070_TAS_Contracts_AccountBreakdownByAward_2026-09-15_H22M13S36_01.csv:row:84701,DHS_FY2026P10_c/extracted/FY2026P01-P10_070_TAS_Contracts_AccountBreakdownByAward_2026-09-15_H22M13S36_01.csv,84701,25.4,070-0540,FY2026P05,,70CDCR25FR0000110,70CDCR20D00000004,7012,CONT_AWD_70CDCR25FR0000110_7012_70CDCR20D00000004_7012,,,Contracts,,True,outside_pilot
DHS_FY2026P10_c:FY2026P01-P10_070_TAS_Contracts_AccountBreakdownByAward_2026-09-15_H22M13S36_01.csv:row:84702,DHS_FY2026P10_c/extracted/FY2026P01-P10_070_TAS_Contracts_AccountBreakdownByAward_2026-09-15_H22M13S36_01.csv,84702,25.4,070-0540,FY2026P05,,70CDCR25FR0000110,70CDCR20D00000004,7012,CONT_AWD_70CDCR25FR0000110_7012_70CDCR20D00000004_7012,,,Contracts,,True,outside_pilot
DHS_FY2026P10_c:FY2026P01-P10_070_TAS_Contracts_AccountBreakdownByAward_2026-09-15_H22M13S36_01.csv:row:84703,DHS_FY2026P10_c/extracted/FY2026P01-P10_070_TAS_Contracts_AccountBreakdownByAward_2026-09-15_H22M13S36_01.csv,84703,25.4,070-0540,FY2026P07,,70CDCR25FR0000110,70CDCR20D00000004,7012,CONT_AWD_70CDCR25FR0000110_7012_70CDCR20D00000004_7012,,,Contracts,,True,outside_pilot
DHS_FY2026P10_c:FY2026P01-P10_070_TAS_Contracts_AccountBreakdownByAward_2026-09-15_H22M13S36_01.csv:row:84704,DHS_FY2026P10_c/extracted/FY2026P01-P10_070_TAS_Contracts_AccountBreakdownByAward_2026-09-15_H22M13S36_01.csv,84704,25.4,070-0540,FY2026P10,11025576.00,70CDCR25FR0000110,70CDCR20D00000004,7012,CONT_AWD_70CDCR25FR0000110_7012_70CDCR20D00000004_7012,,,Contracts,11025576.00,False,outside_pilot
DHS_FY2026P10_c:FY2026P01-P10_070_TAS_Contracts_AccountBreakdownByAward_2026-09-15_H22M13S36_01.csv:row:84707,DHS_FY2026P10_c/extracted/FY2026P01-P10_070_TAS_Contracts_AccountBreakdownByAward_2026-09-15_H22M13S36_01.csv,84707,25.4,070-0540,FY2026P10,,70CDCR25FR0000110,70CDCR20D00000004,7012,CONT_AWD_70CDCR25FR0000110_7012_70CDCR20D00000004_7012,,,Contracts,,True,outside_pilot
DHS_FY2026P10_c:FY2026P01-P10_070_TAS_Contracts_AccountBreakdownByAward_2026-09-15_H22M13S36_01.csv:row:85775,DHS_FY2026P10_c/extracted/FY2026P01-P10_070_TAS_Contracts_AccountBreakdownByAward_2026-09-15_H22M13S36_01.csv,85775,25.4,070-0540,FY2026P02,-450942.96,70CDCR24FR0000038,70CDCR20D00000012,7012,CONT_AWD_70CDCR24FR0000038_7012_70CDCR20D00000012_7012,,,Contracts,-450942.96,False,outside_pilot
DHS_FY2026P10_c:FY2026P01-P10_070_TAS_Contracts_AccountBreakdownByAward_2026-09-15_H22M13S36_01.csv:row:85780,DHS_FY2026P10_c/extracted/FY2026P01-P10_070_TAS_Contracts_AccountBreakdownByAward_2026-09-15_H22M13S36_01.csv,85780,25.4,070-0540,FY2026P02,-16937.96,70CDCR24FR0000038,70CDCR20D00000012,7012,CONT_AWD_70CDCR24FR0000038_7012_70CDCR20D00000012_7012,,,Contracts,-16937.96,False,outside_pilot
DHS_FY2026P10_c:FY2026P01-P10_070_TAS_Contracts_AccountBreakdownByAward_2026-09-15_H22M13S36_01.csv:row:85783,DHS_FY2026P10_c/extracted/FY2026P01-P10_070_TAS_Contracts_AccountBreakdownByAward_2026-09-15_H22M13S36_01.csv,85783,25.4,070-0540,FY2026P02,16937.96,70CDCR24FR0000038,70CDCR20D00000012,7012,CONT_AWD_70CDCR24FR0000038_7012_70CDCR20D00000012_7012,,,Contracts,16937.96,False,outside_pilot
DHS_FY2026P10_c:FY2026P01-P10_070_TAS_Contracts_AccountBreakdownByAward_2026-09-15_H22M13S36_01.csv:row:92498,DHS_FY2026P10_c/extracted/FY2026P01-P10_070_TAS_Contracts_AccountBreakdownByAward_2026-09-15_H22M13S36_01.csv,92498,25.4,070-0540,FY2026P09,2000000.00,70CDCR26FR0000099,70CDCR26D00000025,7012,CONT_AWD_70CDCR26FR0000099_7012_70CDCR26D00000025_7012,,,Contracts,2000000.00,False,outside_pilot
DHS_FY2026P10_c:FY2026P01-P10_070_TAS_Contracts_AccountBreakdownByAward_2026-09-15_H22M13S36_01.csv:row:92525,DHS_FY2026P10_c/extracted/FY2026P01-P10_070_TAS_Contracts_AccountBreakdownByAward_2026-09-15_H22M13S36_01.csv,92525,25.4,070-0540,FY2026P08,,70CDCR25FR0000112,70CDCR22D00000012,7012,CONT_AWD_70CDCR25FR0000112_7012_70CDCR22D00000012_7012,,,Contracts,,True,outside_pilot
DHS_FY2026P10_c:FY2026P01-P10_070_TAS_Contracts_AccountBreakdownByAward_2026-09-15_H22M13S36_01.csv:row:92527,DHS_FY2026P10_c/extracted/FY2026P01-P10_070_TAS_Contracts_AccountBreakdownByAward_2026-09-15_H22M13S36_01.csv,92527,25.4,070-0540,FY2026P08,4453147.00,70CDCR25FR0000112,70CDCR22D00000012,7012,CONT_AWD_70CDCR25FR0000112_7012_70CDCR22D00000012_7012,,,Contracts,4453147.00,False,outside_pilot
DHS_FY2026P10_c:FY2026P01-P10_070_TAS_Contracts_AccountBreakdownByAward_2026-09-15_H22M13S36_01.csv:row:92528,DHS_FY2026P10_c/extracted/FY2026P01-P10_070_TAS_Contracts_AccountBreakdownByAward_2026-09-15_H22M13S36_01.csv,92528,25.4,070-0540,FY2026P04,,70CDCR25FR0000112,70CDCR22D00000012,7012,CONT_AWD_70CDCR25FR0000112_7012_70CDCR22D00000012_7012,,,Contracts,,True,outside_pilot
DHS_FY2026P10_c:FY2026P01-P10_070_TAS_Contracts_AccountBreakdownByAward_2026-09-15_H22M13S36_01.csv:row:92533,DHS_FY2026P10_c/extracted/FY2026P01-P10_070_TAS_Contracts_AccountBreakdownByAward_2026-09-15_H22M13S36_01.csv,92533,25.4,070-0540,FY2026P06,,70CDCR25FR0000112,70CDCR22D00000012,7012,CONT_AWD_70CDCR25FR0000112_7012_70CDCR22D00000012_7012,,,Contracts,,True,outside_pilot
DHS_FY2026P10_c:FY2026P01-P10_070_TAS_Contracts_AccountBreakdownByAward_2026-09-15_H22M13S36_01.csv:row:92536,DHS_FY2026P10_c/extracted/FY2026P01-P10_070_TAS_Contracts_AccountBreakdownByAward_2026-09-15_H22M13S36_01.csv,92536,25.4,070-0540,FY2026P07,,70CDCR25FR0000112,70CDCR22D00000012,7012,CONT_AWD_70CDCR25FR0000112_7012_70CDCR22D00000012_7012,,,Contracts,,True,outside_pilot
DHS_FY2026P10_c:FY2026P01-P10_070_TAS_Contracts_AccountBreakdownByAward_2026-09-15_H22M13S36_01.csv:row:92537,DHS_FY2026P10_c/extracted/FY2026P01-P10_070_TAS_Contracts_AccountBreakdownByAward_2026-09-15_H22M13S36_01.csv,92537,25.4,070-0540,FY2026P09,,70CDCR25FR0000112,70CDCR22D00000012,7012,CONT_AWD_70CDCR25FR0000112_7012_70CDCR22D00000012_7012,,,Contracts,,True,outside_pilot
DHS_FY2026P10_c:FY2026P01-P10_070_TAS_Contracts_AccountBreakdownByAward_2026-09-15_H22M13S36_01.csv:row:92540,DHS_FY2026P10_c/extracted/FY2026P01-P10_070_TAS_Contracts_AccountBreakdownByAward_2026-09-15_H22M13S36_01.csv,92540,25.4,070-0540,FY2026P10,,70CDCR25FR0000112,70CDCR22D00000012,7012,CONT_AWD_70CDCR25FR0000112_7012_70CDCR22D00000012_7012,,,Contracts,,True,outside_pilot
DHS_FY2026P10_c:FY2026P01-P10_070_TAS_Contracts_AccountBreakdownByAward_2026-09-15_H22M13S36_01.csv:row:92541,DHS_FY2026P10_c/extracted/FY2026P01-P10_070_TAS_Contracts_AccountBreakdownByAward_2026-09-15_H22M13S36_01.csv,92541,25.4,070-0540,FY2026P05,,70CDCR25FR0000112,70CDCR22D00000012,7012,CONT_AWD_70CDCR25FR0000112_7012_70CDCR22D00000012_7012,,,Contracts,,True,outside_pilot
DHS_FY2026P10_c:FY2026P01-P10_070_TAS_Contracts_AccountBreakdownByAward_2026-09-15_H22M13S36_01.csv:row:92542,DHS_FY2026P10_c/extracted/FY2026P01-P10_070_TAS_Contracts_AccountBreakdownByAward_2026-09-15_H22M13S36_01.csv,92542,25.4,070-0540,FY2026P06,44485781.71,70CDCR25FR0000112,70CDCR22D00000012,7012,CONT_AWD_70CDCR25FR0000112_7012_70CDCR22D00000012_7012,,,Contracts,44485781.71,False,outside_pilot
DHS_FY2026P10_c:FY2026P01-P10_070_TAS_Contracts_AccountBreakdownByAward_2026-09-15_H22M13S36_01.csv:row:92898,DHS_FY2026P10_c/extracted/FY2026P01-P10_070_TAS_Contracts_AccountBreakdownByAward_2026-09-15_H22M13S36_01.csv,92898,25.4,070-0540,FY2026P04,,70CDCR25FR0000090,70CDCR20D00000013,7012,CONT_AWD_70CDCR25FR0000090_7012_70CDCR20D00000013_7012,,,Contracts,,True,outside_pilot
DHS_FY2026P10_c:FY2026P01-P10_070_TAS_Contracts_AccountBreakdownByAward_2026-09-15_H22M13S36_01.csv:row:92899,DHS_FY2026P10_c/extracted/FY2026P01-P10_070_TAS_Contracts_AccountBreakdownByAward_2026-09-15_H22M13S36_01.csv,92899,25.4,070-0540,FY2026P06,,70CDCR25FR0000090,70CDCR20D00000013,7012,CONT_AWD_70CDCR25FR0000090_7012_70CDCR20D00000013_7012,,,Contracts,,True,outside_pilot
DHS_FY2026P10_c:FY2026P01-P10_070_TAS_Contracts_AccountBreakdownByAward_2026-09-15_H22M13S36_01.csv:row:92903,DHS_FY2026P10_c/extracted/FY2026P01-P10_070_TAS_Contracts_AccountBreakdownByAward_2026-09-15_H22M13S36_01.csv,92903,25.4,070-0540,FY2026P06,3980198.00,70CDCR25FR0000090,70CDCR20D00000013,7012,CONT_AWD_70CDCR25FR0000090_7012_70CDCR20D00000013_7012,,,Contracts,3980198.00,False,outside_pilot
DHS_FY2026P10_c:FY2026P01-P10_070_TAS_Contracts_AccountBreakdownByAward_2026-09-15_H22M13S36_01.csv:row:92910,DHS_FY2026P10_c/extracted/FY2026P01-P10_070_TAS_Contracts_AccountBreakdownByAward_2026-09-15_H22M13S36_01.csv,92910,25.4,070-0540,FY2026P07,,70CDCR25FR0000090,70CDCR20D00000013,7012,CONT_AWD_70CDCR25FR0000090_7012_70CDCR20D00000013_7012,,,Contracts,,True,outside_pilot
DHS_FY2026P10_c:FY2026P01-P10_070_TAS_Contracts_AccountBreakdownByAward_2026-09-15_H22M13S36_01.csv:row:92911,DHS_FY2026P10_c/extracted/FY2026P01-P10_070_TAS_Contracts_AccountBreakdownByAward_2026-09-15_H22M13S36_01.csv,92911,25.4,070-0540,FY2026P07,,70CDCR25FR0000090,70CDCR20D00000013,7012,CONT_AWD_70CDCR25FR0000090_7012_70CDCR20D00000013_7012,,,Contracts,,True,outside_pilot
DHS_FY2026P10_c:FY2026P01-P10_070_TAS_Contracts_AccountBreakdownByAward_2026-09-15_H22M13S36_01.csv:row:92913,DHS_FY2026P10_c/extracted/FY2026P01-P10_070_TAS_Contracts_AccountBreakdownByAward_2026-09-15_H22M13S36_01.csv,92913,25.4,070-0540,FY2026P04,,70CDCR25FR0000090,70CDCR20D00000013,7012,CONT_AWD_70CDCR25FR0000090_7012_70CDCR20D00000013_7012,,,Contracts,,True,outside_pilot
DHS_FY2026P10_c:FY2026P01-P10_070_TAS_Contracts_AccountBreakdownByAward_2026-09-15_H22M13S36_01.csv:row:92914,DHS_FY2026P10_c/extracted/FY2026P01-P10_070_TAS_Contracts_AccountBreakdownByAward_2026-09-15_H22M13S36_01.csv,92914,25.4,070-0540,FY2026P06,,70CDCR25FR0000090,70CDCR20D00000013,7012,CONT_AWD_70CDCR25FR0000090_7012_70CDCR20D00000013_7012,,,Contracts,,True,outside_pilot
DHS_FY2026P10_c:FY2026P01-P10_070_TAS_Contracts_AccountBreakdownByAward_2026-09-15_H22M13S36_01.csv:row:92919,DHS_FY2026P10_c/extracted/FY2026P01-P10_070_TAS_Contracts_AccountBreakdownByAward_2026-09-15_H22M13S36_01.csv,92919,25.4,070-0540,FY2026P09,,70CDCR25FR0000090,70CDCR20D00000013,7012,CONT_AWD_70CDCR25FR0000090_7012_70CDCR20D00000013_7012,,,Contracts,,True,outside_pilot
DHS_FY2026P10_c:FY2026P01-P10_070_TAS_Contracts_AccountBreakdownByAward_2026-09-15_H22M13S36_01.csv:row:92922,DHS_FY2026P10_c/extracted/FY2026P01-P10_070_TAS_Contracts_AccountBreakdownByAward_2026-09-15_H22M13S36_01.csv,92922,25.4,070-0540,FY2026P09,,70CDCR25FR0000090,70CDCR20D00000013,7012,CONT_AWD_70CDCR25FR0000090_7012_70CDCR20D00000013_7012,,,Contracts,,True,outside_pilot
DHS_FY2026P10_c:FY2026P01-P10_070_TAS_Contracts_AccountBreakdownByAward_2026-09-15_H22M13S36_01.csv:row:92925,DHS_FY2026P10_c/extracted/FY2026P01-P10_070_TAS_Contracts_AccountBreakdownByAward_2026-09-15_H22M13S36_01.csv,92925,25.4,070-0540,FY2026P09,,70CDCR25FR0000090,70CDCR20D00000013,7012,CONT_AWD_70CDCR25FR0000090_7012_70CDCR20D00000013_7012,,,Contracts,,True,outside_pilot
DHS_FY2026P10_c:FY2026P01-P10_070_TAS_Contracts_AccountBreakdownByAward_2026-09-15_H22M13S36_01.csv:row:92927,DHS_FY2026P10_c/extracted/FY2026P01-P10_070_TAS_Contracts_AccountBreakdownByAward_2026-09-15_H22M13S36_01.csv,92927,25.4,070-0540,FY2026P10,1799567.00,70CDCR25FR0000090,70CDCR20D00000013,7012,CONT_AWD_70CDCR25FR0000090_7012_70CDCR20D00000013_7012,,,Contracts,1799567.00,False,outside_pilot
DHS_FY2026P10_c:FY2026P01-P10_070_TAS_Contracts_AccountBreakdownByAward_2026-09-15_H22M13S36_01.csv:row:92930,DHS_FY2026P10_c/extracted/FY2026P01-P10_070_TAS_Contracts_AccountBreakdownByAward_2026-09-15_H22M13S36_01.csv,92930,25.4,070-0540,FY2026P10,,70CDCR25FR0000090,70CDCR20D00000013,7012,CONT_AWD_70CDCR25FR0000090_7012_70CDCR20D00000013_7012,,,Contracts,,True,outside_pilot
DHS_FY2026P10_c:FY2026P01-P10_070_TAS_Contracts_AccountBreakdownByAward_2026-09-15_H22M13S36_01.csv:row:92933,DHS_FY2026P10_c/extracted/FY2026P01-P10_070_TAS_Contracts_AccountBreakdownByAward_2026-09-15_H22M13S36_01.csv,92933,25.4,070-0540,FY2026P10,,70CDCR25FR0000090,70CDCR20D00000013,7012,CONT_AWD_70CDCR25FR0000090_7012_70CDCR20D00000013_7012,,,Contracts,,True,outside_pilot
DHS_FY2026P10_c:FY2026P01-P10_070_TAS_Contracts_AccountBreakdownByAward_2026-09-15_H22M13S36_01.csv:row:92936,DHS_FY2026P10_c/extracted/FY2026P01-P10_070_TAS_Contracts_AccountBreakdownByAward_2026-09-15_H22M13S36_01.csv,92936,25.4,070-0540,FY2026P10,,70CDCR25FR0000090,70CDCR20D00000013,7012,CONT_AWD_70CDCR25FR0000090_7012_70CDCR20D00000013_7012,,,Contracts,,True,outside_pilot
DHS_FY2026P10_c:FY2026P01-P10_070_TAS_Contracts_AccountBreakdownByAward_2026-09-15_H22M13S36_01.csv:row:92944,DHS_FY2026P10_c/extracted/FY2026P01-P10_070_TAS_Contracts_AccountBreakdownByAward_2026-09-15_H22M13S36_01.csv,92944,25.4,070-0540,FY2026P08,6438420.00,70CDCR25FR0000090,70CDCR20D00000013,7012,CONT_AWD_70CDCR25FR0000090_7012_70CDCR20D00000013_7012,,,Contracts,6438420.00,False,outside_pilot
DHS_FY2026P10_c:FY2026P01-P10_070_TAS_Contracts_AccountBreakdownByAward_2026-09-15_H22M13S36_01.csv:row:92945,DHS_FY2026P10_c/extracted/FY2026P01-P10_070_TAS_Contracts_AccountBreakdownByAward_2026-09-15_H22M13S36_01.csv,92945,25.4,070-0540,FY2026P08,,70CDCR25FR0000090,70CDCR20D00000013,7012,CONT_AWD_70CDCR25FR0000090_7012_70CDCR20D00000013_7012,,,Contracts,,True,outside_pilot
DHS_FY2026P10_c:FY2026P01-P10_070_TAS_Contracts_AccountBreakdownByAward_2026-09-15_H22M13S36_01.csv:row:92946,DHS_FY2026P10_c/extracted/FY2026P01-P10_070_TAS_Contracts_AccountBreakdownByAward_2026-09-15_H22M13S36_01.csv,92946,25.4,070-0540,FY2026P05,,70CDCR25FR0000090,70CDCR20D00000013,7012,CONT_AWD_70CDCR25FR0000090_7012_70CDCR20D00000013_7012,,,Contracts,,True,outside_pilot
DHS_FY2026P10_c:FY2026P01-P10_070_TAS_Contracts_AccountBreakdownByAward_2026-09-15_H22M13S36_01.csv:row:92949,DHS_FY2026P10_c/extracted/FY2026P01-P10_070_TAS_Contracts_AccountBreakdownByAward_2026-09-15_H22M13S36_01.csv,92949,25.4,070-0540,FY2026P05,,70CDCR25FR0000090,70CDCR20D00000013,7012,CONT_AWD_70CDCR25FR0000090_7012_70CDCR20D00000013_7012,,,Contracts,,True,outside_pilot
DHS_FY2026P10_c:FY2026P01-P10_070_TAS_Contracts_AccountBreakdownByAward_2026-09-15_H22M13S36_01.csv:row:92951,DHS_FY2026P10_c/extracted/FY2026P01-P10_070_TAS_Contracts_AccountBreakdownByAward_2026-09-15_H22M13S36_01.csv,92951,25.4,070-0540,FY2026P08,,70CDCR25FR0000090,70CDCR20D00000013,7012,CONT_AWD_70CDCR25FR0000090_7012_70CDCR20D00000013_7012,,,Contracts,,True,outside_pilot
DHS_FY2026P10_c:FY2026P01-P10_070_TAS_Contracts_AccountBreakdownByAward_2026-09-15_H22M13S36_01.csv:row:92956,DHS_FY2026P10_c/extracted/FY2026P01-P10_070_TAS_Contracts_AccountBreakdownByAward_2026-09-15_H22M13S36_01.csv,92956,25.4,070-0540,FY2026P08,,70CDCR25FR0000090,70CDCR20D00000013,7012,CONT_AWD_70CDCR25FR0000090_7012_70CDCR20D00000013_7012,,,Contracts,,True,outside_pilot
DHS_FY2026P10_c:FY2026P01-P10_070_TAS_Contracts_AccountBreakdownByAward_2026-09-15_H22M13S36_01.csv:row:92958,DHS_FY2026P10_c/extracted/FY2026P01-P10_070_TAS_Contracts_AccountBreakdownByAward_2026-09-15_H22M13S36_01.csv,92958,25.4,070-0540,FY2026P02,,70CDCR25FR0000090,70CDCR20D00000013,7012,CONT_AWD_70CDCR25FR0000090_7012_70CDCR20D00000013_7012,,,Contracts,,True,outside_pilot
DHS_FY2026P10_c:FY2026P01-P10_070_TAS_Contracts_AccountBreakdownByAward_2026-09-15_H22M13S36_01.csv:row:92960,DHS_FY2026P10_c/extracted/FY2026P01-P10_070_TAS_Contracts_AccountBreakdownByAward_2026-09-15_H22M13S36_01.csv,92960,25.4,070-0540,FY2026P03,,70CDCR25FR0000090,70CDCR20D00000013,7012,CONT_AWD_70CDCR25FR0000090_7012_70CDCR20D00000013_7012,,,Contracts,,True,outside_pilot
DHS_FY2026P10_c:FY2026P01-P10_070_TAS_Contracts_AccountBreakdownByAward_2026-09-15_H22M13S36_01.csv:row:92963,DHS_FY2026P10_c/extracted/FY2026P01-P10_070_TAS_Contracts_AccountBreakdownByAward_2026-09-15_H22M13S36_01.csv,92963,25.4,070-0540,FY2026P03,6278400.00,70CDCR25FR0000090,70CDCR20D00000013,7012,CONT_AWD_70CDCR25FR0000090_7012_70CDCR20D00000013_7012,,,Contracts,6278400.00,False,outside_pilot
DHS_FY2026P10_c:FY2026P01-P10_070_TAS_Contracts_AccountBreakdownByAward_2026-09-15_H22M13S36_01.csv:row:92968,DHS_FY2026P10_c/extracted/FY2026P01-P10_070_TAS_Contracts_AccountBreakdownByAward_2026-09-15_H22M13S36_01.csv,92968,25.4,070-0540,FY2026P07,,70CDCR25FR0000090,70CDCR20D00000013,7012,CONT_AWD_70CDCR25FR0000090_7012_70CDCR20D00000013_7012,,,Contracts,,True,outside_pilot
DHS_FY2026P10_c:FY2026P01-P10_070_TAS_Contracts_AccountBreakdownByAward_2026-09-15_H22M13S36_01.csv:row:94093,DHS_FY2026P10_c/extracted/FY2026P01-P10_070_TAS_Contracts_AccountBreakdownByAward_2026-09-15_H22M13S36_01.csv,94093,25.4,070-0540,FY2026P06,,70CTD024FC0000015,70CTD022A00000002,7012,CONT_AWD_70CTD024FC0000015_7012_70CTD022A00000002_7012,,,Contracts,,True,outside_pilot
DHS_FY2026P10_c:FY2026P01-P10_070_TAS_Contracts_AccountBreakdownByAward_2026-09-15_H22M13S36_01.csv:row:94094,DHS_FY2026P10_c/extracted/FY2026P01-P10_070_TAS_Contracts_AccountBreakdownByAward_2026-09-15_H22M13S36_01.csv,94094,25.4,070-0540,FY2026P09,,70CTD024FC0000015,70CTD022A00000002,7012,CONT_AWD_70CTD024FC0000015_7012_70CTD022A00000002_7012,,,Contracts,,True,outside_pilot
DHS_FY2026P10_c:FY2026P01-P10_070_TAS_Contracts_AccountBreakdownByAward_2026-09-15_H22M13S36_01.csv:row:94095,DHS_FY2026P10_c/extracted/FY2026P01-P10_070_TAS_Contracts_AccountBreakdownByAward_2026-09-15_H22M13S36_01.csv,94095,25.4,070-0540,FY2026P09,,70CTD024FC0000015,70CTD022A00000002,7012,CONT_AWD_70CTD024FC0000015_7012_70CTD022A00000002_7012,,,Contracts,,True,outside_pilot
DHS_FY2026P10_c:FY2026P01-P10_070_TAS_Contracts_AccountBreakdownByAward_2026-09-15_H22M13S36_01.csv:row:94096,DHS_FY2026P10_c/extracted/FY2026P01-P10_070_TAS_Contracts_AccountBreakdownByAward_2026-09-15_H22M13S36_01.csv,94096,25.4,070-0540,FY2026P09,,70CTD024FC0000015,70CTD022A00000002,7012,CONT_AWD_70CTD024FC0000015_7012_70CTD022A00000002_7012,,,Contracts,,True,outside_pilot
DHS_FY2026P10_c:FY2026P01-P10_070_TAS_Contracts_AccountBreakdownByAward_2026-09-15_H22M13S36_01.csv:row:94097,DHS_FY2026P10_c/extracted/FY2026P01-P10_070_TAS_Contracts_AccountBreakdownByAward_2026-09-15_H22M13S36_01.csv,94097,25.4,070-0540,FY2026P09,,70CTD024FC0000015,70CTD022A00000002,7012,CONT_AWD_70CTD024FC0000015_7012_70CTD022A00000002_7012,,,Contracts,,True,outside_pilot
DHS_FY2026P10_c:FY2026P01-P10_070_TAS_Contracts_AccountBreakdownByAward_2026-09-15_H22M13S36_01.csv:row:94098,DHS_FY2026P10_c/extracted/FY2026P01-P10_070_TAS_Contracts_AccountBreakdownByAward_2026-09-15_H22M13S36_01.csv,94098,25.4,070-0540,FY2026P05,,70CTD024FC0000015,70CTD022A00000002,7012,CONT_AWD_70CTD024FC0000015_7012_70CTD022A00000002_7012,,,Contracts,,True,outside_pilot
DHS_FY2026P10_c:FY2026P01-P10_070_TAS_Contracts_AccountBreakdownByAward_2026-09-15_H22M13S36_01.csv:row:94099,DHS_FY2026P10_c/extracted/FY2026P01-P10_070_TAS_Contracts_AccountBreakdownByAward_2026-09-15_H22M13S36_01.csv,94099,25.4,070-0540,FY2026P05,,70CTD024FC0000015,70CTD022A00000002,7012,CONT_AWD_70CTD024FC0000015_7012_70CTD022A00000002_7012,,,Contracts,,True,outside_pilot
DHS_FY2026P10_c:FY2026P01-P10_070_TAS_Contracts_AccountBreakdownByAward_2026-09-15_H22M13S36_01.csv:row:94100,DHS_FY2026P10_c/extracted/FY2026P01-P10_070_TAS_Contracts_AccountBreakdownByAward_2026-09-15_H22M13S36_01.csv,94100,25.4,070-0540,FY2026P05,,70CTD024FC0000015,70CTD022A00000002,7012,CONT_AWD_70CTD024FC0000015_7012_70CTD022A00000002_7012,,,Contracts,,True,outside_pilot
DHS_FY2026P10_c:FY2026P01-P10_070_TAS_Contracts_AccountBreakdownByAward_2026-09-15_H22M13S36_01.csv:row:94101,DHS_FY2026P10_c/extracted/FY2026P01-P10_070_TAS_Contracts_AccountBreakdownByAward_2026-09-15_H22M13S36_01.csv,94101,25.4,070-0540,FY2026P08,,70CTD024FC0000015,70CTD022A00000002,7012,CONT_AWD_70CTD024FC0000015_7012_70CTD022A00000002_7012,,,Contracts,,True,outside_pilot
DHS_FY2026P10_c:FY2026P01-P10_070_TAS_Contracts_AccountBreakdownByAward_2026-09-15_H22M13S36_01.csv:row:94102,DHS_FY2026P10_c/extracted/FY2026P01-P10_070_TAS_Contracts_AccountBreakdownByAward_2026-09-15_H22M13S36_01.csv,94102,25.4,070-0540,FY2026P08,,70CTD024FC0000015,70CTD022A00000002,7012,CONT_AWD_70CTD024FC0000015_7012_70CTD022A00000002_7012,,,Contracts,,True,outside_pilot
DHS_FY2026P10_c:FY2026P01-P10_070_TAS_Contracts_AccountBreakdownByAward_2026-09-15_H22M13S36_01.csv:row:94103,DHS_FY2026P10_c/extracted/FY2026P01-P10_070_TAS_Contracts_AccountBreakdownByAward_2026-09-15_H22M13S36_01.csv,94103,25.4,070-0540,FY2026P08,,70CTD024FC0000015,70CTD022A00000002,7012,CONT_AWD_70CTD024FC0000015_7012_70CTD022A00000002_7012,,,Contracts,,True,outside_pilot
DHS_FY2026P10_c:FY2026P01-P10_070_TAS_Contracts_AccountBreakdownByAward_2026-09-15_H22M13S36_01.csv:row:94104,DHS_FY2026P10_c/extracted/FY2026P01-P10_070_TAS_Contracts_AccountBreakdownByAward_2026-09-15_H22M13S36_01.csv,94104,25.4,070-0540,FY2026P08,,70CTD024FC0000015,70CTD022A00000002,7012,CONT_AWD_70CTD024FC0000015_7012_70CTD022A00000002_7012,,,Contracts,,True,outside_pilot
DHS_FY2026P10_c:FY2026P01-P10_070_TAS_Contracts_AccountBreakdownByAward_2026-09-15_H22M13S36_01.csv:row:94105,DHS_FY2026P10_c/extracted/FY2026P01-P10_070_TAS_Contracts_AccountBreakdownByAward_2026-09-15_H22M13S36_01.csv,94105,25.4,070-0540,FY2026P07,,70CTD024FC0000015,70CTD022A00000002,7012,CONT_AWD_70CTD024FC0000015_7012_70CTD022A00000002_7012,,,Contracts,,True,outside_pilot
DHS_FY2026P10_c:FY2026P01-P10_070_TAS_Contracts_AccountBreakdownByAward_2026-09-15_H22M13S36_01.csv:row:94106,DHS_FY2026P10_c/extracted/FY2026P01-P10_070_TAS_Contracts_AccountBreakdownByAward_2026-09-15_H22M13S36_01.csv,94106,25.4,070-0540,FY2026P07,,70CTD024FC0000015,70CTD022A00000002,7012,CONT_AWD_70CTD024FC0000015_7012_70CTD022A00000002_7012,,,Contracts,,True,outside_pilot
DHS_FY2026P10_c:FY2026P01-P10_070_TAS_Contracts_AccountBreakdownByAward_2026-09-15_H22M13S36_01.csv:row:94107,DHS_FY2026P10_c/extracted/FY2026P01-P10_070_TAS_Contracts_AccountBreakdownByAward_2026-09-15_H22M13S36_01.csv,94107,25.4,070-0540,FY2026P02,,70CTD024FC0000015,70CTD022A00000002,7012,CONT_AWD_70CTD024FC0000015_7012_70CTD022A00000002_7012,,,Contracts,,True,outside_pilot
DHS_FY2026P10_c:FY2026P01-P10_070_TAS_Contracts_AccountBreakdownByAward_2026-09-15_H22M13S36_01.csv:row:94108,DHS_FY2026P10_c/extracted/FY2026P01-P10_070_TAS_Contracts_AccountBreakdownByAward_2026-09-15_H22M13S36_01.csv,94108,25.4,070-0540,FY2026P03,,70CTD024FC0000015,70CTD022A00000002,7012,CONT_AWD_70CTD024FC0000015_7012_70CTD022A00000002_7012,,,Contracts,,True,outside_pilot
DHS_FY2026P10_c:FY2026P01-P10_070_TAS_Contracts_AccountBreakdownByAward_2026-09-15_H22M13S36_01.csv:row:94109,DHS_FY2026P10_c/extracted/FY2026P01-P10_070_TAS_Contracts_AccountBreakdownByAward_2026-09-15_H22M13S36_01.csv,94109,25.4,070-0540,FY2026P10,,70CTD024FC0000015,70CTD022A00000002,7012,CONT_AWD_70CTD024FC0000015_7012_70CTD022A00000002_7012,,,Contracts,,True,outside_pilot
DHS_FY2026P10_c:FY2026P01-P10_070_TAS_Contracts_AccountBreakdownByAward_2026-09-15_H22M13S36_01.csv:row:94110,DHS_FY2026P10_c/extracted/FY2026P01-P10_070_TAS_Contracts_AccountBreakdownByAward_2026-09-15_H22M13S36_01.csv,94110,25.4,070-0540,FY2026P10,,70CTD024FC0000015,70CTD022A00000002,7012,CONT_AWD_70CTD024FC0000015_7012_70CTD022A00000002_7012,,,Contracts,,True,outside_pilot
DHS_FY2026P10_c:FY2026P01-P10_070_TAS_Contracts_AccountBreakdownByAward_2026-09-15_H22M13S36_01.csv:row:94111,DHS_FY2026P10_c/extracted/FY2026P01-P10_070_TAS_Contracts_AccountBreakdownByAward_2026-09-15_H22M13S36_01.csv,94111,25.4,070-0540,FY2026P07,,70CTD024FC0000015,70CTD022A00000002,7012,CONT_AWD_70CTD024FC0000015_7012_70CTD022A00000002_7012,,,Contracts,,True,outside_pilot
DHS_FY2026P10_c:FY2026P01-P10_070_TAS_Contracts_AccountBreakdownByAward_2026-09-15_H22M13S36_01.csv:row:94112,DHS_FY2026P10_c/extracted/FY2026P01-P10_070_TAS_Contracts_AccountBreakdownByAward_2026-09-15_H22M13S36_01.csv,94112,25.4,070-0540,FY2026P04,,70CTD024FC0000015,70CTD022A00000002,7012,CONT_AWD_70CTD024FC0000015_7012_70CTD022A00000002_7012,,,Contracts,,True,outside_pilot
DHS_FY2026P10_c:FY2026P01-P10_070_TAS_Contracts_AccountBreakdownByAward_2026-09-15_H22M13S36_01.csv:row:94113,DHS_FY2026P10_c/extracted/FY2026P01-P10_070_TAS_Contracts_AccountBreakdownByAward_2026-09-15_H22M13S36_01.csv,94113,25.4,070-0540,FY2026P06,,70CTD024FC0000015,70CTD022A00000002,7012,CONT_AWD_70CTD024FC0000015_7012_70CTD022A00000002_7012,,,Contracts,,True,outside_pilot
DHS_FY2026P10_c:FY2026P01-P10_070_TAS_Contracts_AccountBreakdownByAward_2026-09-15_H22M13S36_01.csv:row:94114,DHS_FY2026P10_c/extracted/FY2026P01-P10_070_TAS_Contracts_AccountBreakdownByAward_2026-09-15_H22M13S36_01.csv,94114,25.4,070-0540,FY2026P06,,70CTD024FC0000015,70CTD022A00000002,7012,CONT_AWD_70CTD024FC0000015_7012_70CTD022A00000002_7012,,,Contracts,,True,outside_pilot
DHS_FY2026P10_c:FY2026P01-P10_070_TAS_Contracts_AccountBreakdownByAward_2026-09-15_H22M13S36_01.csv:row:94115,DHS_FY2026P10_c/extracted/FY2026P01-P10_070_TAS_Contracts_AccountBreakdownByAward_2026-09-15_H22M13S36_01.csv,94115,25.4,070-0540,FY2026P10,,70CTD024FC0000015,70CTD022A00000002,7012,CONT_AWD_70CTD024FC0000015_7012_70CTD022A00000002_7012,,,Contracts,,True,outside_pilot
DHS_FY2026P10_c:FY2026P01-P10_070_TAS_Contracts_AccountBreakdownByAward_2026-09-15_H22M13S36_01.csv:row:94116,DHS_FY2026P10_c/extracted/FY2026P01-P10_070_TAS_Contracts_AccountBreakdownByAward_2026-09-15_H22M13S36_01.csv,94116,25.4,070-0540,FY2026P10,,70CTD024FC0000015,70CTD022A00000002,7012,CONT_AWD_70CTD024FC0000015_7012_70CTD022A00000002_7012,,,Contracts,,True,outside_pilot
DHS_FY2026P10_c:FY2026P01-P10_070_TAS_Contracts_AccountBreakdownByAward_2026-09-15_H22M13S36_01.csv:row:96703,DHS_FY2026P10_c/extracted/FY2026P01-P10_070_TAS_Contracts_AccountBreakdownByAward_2026-09-15_H22M13S36_01.csv,96703,25.4,070-0540,FY2026P07,,70CDCR26FR0000031,70CDCR20D00000009,7012,CONT_AWD_70CDCR26FR0000031_7012_70CDCR20D00000009_7012,,,Contracts,,True,outside_pilot
DHS_FY2026P10_c:FY2026P01-P10_070_TAS_Contracts_AccountBreakdownByAward_2026-09-15_H22M13S36_01.csv:row:96704,DHS_FY2026P10_c/extracted/FY2026P01-P10_070_TAS_Contracts_AccountBreakdownByAward_2026-09-15_H22M13S36_01.csv,96704,25.4,070-0540,FY2026P10,9315100.00,70CDCR26FR0000031,70CDCR20D00000009,7012,CONT_AWD_70CDCR26FR0000031_7012_70CDCR20D00000009_7012,,,Contracts,9315100.00,False,outside_pilot
DHS_FY2026P10_c:FY2026P01-P10_070_TAS_Contracts_AccountBreakdownByAward_2026-09-15_H22M13S36_01.csv:row:96705,DHS_FY2026P10_c/extracted/FY2026P01-P10_070_TAS_Contracts_AccountBreakdownByAward_2026-09-15_H22M13S36_01.csv,96705,25.4,070-0540,FY2026P05,,70CDCR26FR0000031,70CDCR20D00000009,7012,CONT_AWD_70CDCR26FR0000031_7012_70CDCR20D00000009_7012,,,Contracts,,True,outside_pilot
DHS_FY2026P10_c:FY2026P01-P10_070_TAS_Contracts_AccountBreakdownByAward_2026-09-15_H22M13S36_01.csv:row:96706,DHS_FY2026P10_c/extracted/FY2026P01-P10_070_TAS_Contracts_AccountBreakdownByAward_2026-09-15_H22M13S36_01.csv,96706,25.4,070-0540,FY2026P06,,70CDCR26FR0000031,70CDCR20D00000009,7012,CONT_AWD_70CDCR26FR0000031_7012_70CDCR20D00000009_7012,,,Contracts,,True,outside_pilot
DHS_FY2026P10_c:FY2026P01-P10_070_TAS_Contracts_AccountBreakdownByAward_2026-09-15_H22M13S36_01.csv:row:96707,DHS_FY2026P10_c/extracted/FY2026P01-P10_070_TAS_Contracts_AccountBreakdownByAward_2026-09-15_H22M13S36_01.csv,96707,25.4,070-0540,FY2026P10,,70CDCR26FR0000031,70CDCR20D00000009,7012,CONT_AWD_70CDCR26FR0000031_7012_70CDCR20D00000009_7012,,,Contracts,,True,outside_pilot
DHS_FY2026P10_c:FY2026P01-P10_070_TAS_Contracts_AccountBreakdownByAward_2026-09-15_H22M13S36_01.csv:row:96708,DHS_FY2026P10_c/extracted/FY2026P01-P10_070_TAS_Contracts_AccountBreakdownByAward_2026-09-15_H22M13S36_01.csv,96708,25.4,070-0540,FY2026P10,,70CDCR26FR0000031,70CDCR20D00000009,7012,CONT_AWD_70CDCR26FR0000031_7012_70CDCR20D00000009_7012,,,Contracts,,True,outside_pilot
DHS_FY2026P10_c:FY2026P01-P10_070_TAS_Contracts_AccountBreakdownByAward_2026-09-15_H22M13S36_01.csv:row:96709,DHS_FY2026P10_c/extracted/FY2026P01-P10_070_TAS_Contracts_AccountBreakdownByAward_2026-09-15_H22M13S36_01.csv,96709,25.4,070-0540,FY2026P09,,70CDCR26FR0000031,70CDCR20D00000009,7012,CONT_AWD_70CDCR26FR0000031_7012_70CDCR20D00000009_7012,,,Contracts,,True,outside_pilot
DHS_FY2026P10_c:FY2026P01-P10_070_TAS_Contracts_AccountBreakdownByAward_2026-09-15_H22M13S36_01.csv:row:96710,DHS_FY2026P10_c/extracted/FY2026P01-P10_070_TAS_Contracts_AccountBreakdownByAward_2026-09-15_H22M13S36_01.csv,96710,25.4,070-0540,FY2026P09,,70CDCR26FR0000031,70CDCR20D00000009,7012,CONT_AWD_70CDCR26FR0000031_7012_70CDCR20D00000009_7012,,,Contracts,,True,outside_pilot
DHS_FY2026P10_c:FY2026P01-P10_070_TAS_Contracts_AccountBreakdownByAward_2026-09-15_H22M13S36_01.csv:row:96711,DHS_FY2026P10_c/extracted/FY2026P01-P10_070_TAS_Contracts_AccountBreakdownByAward_2026-09-15_H22M13S36_01.csv,96711,25.4,070-0540,FY2026P08,,70CDCR26FR0000031,70CDCR20D00000009,7012,CONT_AWD_70CDCR26FR0000031_7012_70CDCR20D00000009_7012,,,Contracts,,True,outside_pilot
DHS_FY2026P10_c:FY2026P01-P10_070_TAS_Contracts_AccountBreakdownByAward_2026-09-15_H22M13S36_01.csv:row:96712,DHS_FY2026P10_c/extracted/FY2026P01-P10_070_TAS_Contracts_AccountBreakdownByAward_2026-09-15_H22M13S36_01.csv,96712,25.4,070-0540,FY2026P08,8680100.00,70CDCR26FR0000031,70CDCR20D00000009,7012,CONT_AWD_70CDCR26FR0000031_7012_70CDCR20D00000009_7012,,,Contracts,8680100.00,False,outside_pilot
DHS_FY2026P10_c:FY2026P01-P10_070_TAS_Contracts_AccountBreakdownByAward_2026-09-15_H22M13S36_01.csv:row:96713,DHS_FY2026P10_c/extracted/FY2026P01-P10_070_TAS_Contracts_AccountBreakdownByAward_2026-09-15_H22M13S36_01.csv,96713,25.4,070-0540,FY2026P08,,70CDCR26FR0000031,70CDCR20D00000009,7012,CONT_AWD_70CDCR26FR0000031_7012_70CDCR20D00000009_7012,,,Contracts,,True,outside_pilot
DHS_FY2026P10_c:FY2026P01-P10_070_TAS_Contracts_AccountBreakdownByAward_2026-09-15_H22M13S36_01.csv:row:96714,DHS_FY2026P10_c/extracted/FY2026P01-P10_070_TAS_Contracts_AccountBreakdownByAward_2026-09-15_H22M13S36_01.csv,96714,25.4,070-0540,FY2026P04,9292800.00,70CDCR26FR0000031,70CDCR20D00000009,7012,CONT_AWD_70CDCR26FR0000031_7012_70CDCR20D00000009_7012,,,Contracts,9292800.00,False,outside_pilot
DHS_FY2026P10_c:FY2026P01-P10_070_TAS_Unlinked_AccountBreakdownByAward_2026-09-15_H22M13S36_01.csv:row:2324,DHS_FY2026P10_c/extracted/FY2026P01-P10_070_TAS_Unlinked_AccountBreakdownByAward_2026-09-15_H22M13S36_01.csv,2324,25.4,070-0540,FY2026P02,,70CDCR25FR0000108,,,,9,EXCEPTION:DHS_FY2026P10_c:FY2026P01-P10_070_TAS_Unlinked_AccountBreakdownByAward_2026-09-15_H22M13S36_01.csv:row:2324,Unlinked,,True,unresolved
DHS_FY2026P10_c:FY2026P01-P10_070_TAS_Unlinked_AccountBreakdownByAward_2026-09-15_H22M13S36_01.csv:row:2855,DHS_FY2026P10_c/extracted/FY2026P01-P10_070_TAS_Unlinked_AccountBreakdownByAward_2026-09-15_H22M13S36_01.csv,2855,25.4,070-0540,FY2026P05,,70CDCR25FR0000108,,,,9,EXCEPTION:DHS_FY2026P10_c:FY2026P01-P10_070_TAS_Unlinked_AccountBreakdownByAward_2026-09-15_H22M13S36_01.csv:row:2855,Unlinked,,True,unresolved
DHS_FY2026P10_c:FY2026P01-P10_070_TAS_Unlinked_AccountBreakdownByAward_2026-09-15_H22M13S36_01.csv:row:4691,DHS_FY2026P10_c/extracted/FY2026P01-P10_070_TAS_Unlinked_AccountBreakdownByAward_2026-09-15_H22M13S36_01.csv,4691,25.4,070-0540,FY2026P04,,70CDCR25FR0000108,,,,9,EXCEPTION:DHS_FY2026P10_c:FY2026P01-P10_070_TAS_Unlinked_AccountBreakdownByAward_2026-09-15_H22M13S36_01.csv:row:4691,Unlinked,,True,unresolved
DHS_FY2026P10_c:FY2026P01-P10_070_TAS_Unlinked_AccountBreakdownByAward_2026-09-15_H22M13S36_01.csv:row:5570,DHS_FY2026P10_c/extracted/FY2026P01-P10_070_TAS_Unlinked_AccountBreakdownByAward_2026-09-15_H22M13S36_01.csv,5570,25.4,070-0540,FY2026P05,1500000.00,70CDCR26FIGR00056,,,,10,EXCEPTION:DHS_FY2026P10_c:FY2026P01-P10_070_TAS_Unlinked_AccountBreakdownByAward_2026-09-15_H22M13S36_01.csv:row:5570,Unlinked,1500000.00,False,unresolved
DHS_FY2026P10_c:FY2026P01-P10_070_TAS_Unlinked_AccountBreakdownByAward_2026-09-15_H22M13S36_01.csv:row:5582,DHS_FY2026P10_c/extracted/FY2026P01-P10_070_TAS_Unlinked_AccountBreakdownByAward_2026-09-15_H22M13S36_01.csv,5582,25.4,070-0540,FY2026P05,6800100.00,70CDCR25FR0000108,,,,9,EXCEPTION:DHS_FY2026P10_c:FY2026P01-P10_070_TAS_Unlinked_AccountBreakdownByAward_2026-09-15_H22M13S36_01.csv:row:5582,Unlinked,6800100.00,False,unresolved
DHS_FY2026P10_c:FY2026P01-P10_070_TAS_Unlinked_AccountBreakdownByAward_2026-09-15_H22M13S36_01.csv:row:5589,DHS_FY2026P10_c/extracted/FY2026P01-P10_070_TAS_Unlinked_AccountBreakdownByAward_2026-09-15_H22M13S36_01.csv,5589,25.4,070-0540,FY2026P05,-6800100.00,70CDCR25FR0000108,,,,9,EXCEPTION:DHS_FY2026P10_c:FY2026P01-P10_070_TAS_Unlinked_AccountBreakdownByAward_2026-09-15_H22M13S36_01.csv:row:5589,Unlinked,-6800100.00,False,unresolved
