key,recipient_uei,recipient_name,entity_type,selected_detention_contractor,review_status,basis,evidence_url,relationship_url,checked_date,decision_origin,proposed_entity_type,reviewed_diagnostic_sha256,classification_rule_id,classification_evidence_sha256
missing,,,unresolved,false,pending,API proposal only: evidence_unavailable; award evidence: evidence_unavailable,,,,missing_identity,unresolved,,,
uei:C182PM2K1463,C182PM2K1463,LEMOINE DISASTER RECOVERY LLC,private,false,reviewed,Official recipient business categories support private entity; not in the approved selected detention contractor list. This is not a finding of no detention role.,https://api.usaspending.gov/api/v2/awards/CONT_AWD_70CDCR25FR0000055_7012_70CDCR25D00000048_7012/,,2026-09-23,chart_2_review,,,,
uei:C19UCN8MLRE5,C19UCN8MLRE5,ADVANTIX ENGINEERING CORP,private,false,rule_approved,"Kevin-approved rule private_entity_strong_labels_v1: exact UEI and award identities match; every checked award has a stronger private-form or small-business label and an available private proposal, with no conflicting category. Batch rule application, not individual human review. See provenance/private_entity_rule_v1.json.",https://api.usaspending.gov/api/v2/awards/CONT_AWD_70CMSW22P00000023_7012_-NONE-_-NONE-/,,2026-09-25,approved_rule,private,,private_entity_strong_labels_v1,842e33327468fac7b7e9a83864230b913f3ed0a8d6953fb6968158d4a04a1b46
uei:C1G6S1HJFEQ4,C1G6S1HJFEQ4,RESPONSIVE DEPLOYMENT LLC,private,false,reviewed,Official recipient business categories support private entity; not in the approved selected detention contractor list. This is not a finding of no detention role.,https://api.usaspending.gov/api/v2/awards/CONT_AWD_70CDCR25FR0000074_7012_70CDCR25D00000027_7012/,,2026-09-23,chart_2_review,,,,
uei:C2NPR6G6LU55,C2NPR6G6LU55,"COX VIRGINIA TELCOM, L.L.C",private,false,reviewed,Official recipient business categories support private entity; not in the approved selected detention contractor list. This is not a finding of no detention role.,https://api.usaspending.gov/api/v2/awards/CONT_AWD_70CMSD25P00000103_7012_-NONE-_-NONE-/,,2026-09-23,chart_2_review,,,,
uei:C31LV42GMGK9,C31LV42GMGK9,"MAYHEW TECHNOLOGY SOLUTIONS, LLC",private,false,rule_approved,"Kevin-approved rule private_entity_strong_labels_v1: exact UEI and award identities match; every checked award has a stronger private-form or small-business label and an available private proposal, with no conflicting category. Batch rule application, not individual human review. See provenance/private_entity_rule_v1.json.",https://api.usaspending.gov/api/v2/awards/CONT_AWD_70CMSW23C00000022_7012_-NONE-_-NONE-/,,2026-09-25,approved_rule,private,,private_entity_strong_labels_v1,94d1b5674814bcec439166f2f8f3fe8926cc583f3b4b1942a0f728de14276b8b
uei:C37ENC5C1WV5,C37ENC5C1WV5,CLOVER SUNRISE LP,private,false,rule_approved,"Kevin-approved rule private_entity_strong_labels_v1: exact UEI and award identities match; every checked award has a stronger private-form or small-business label and an available private proposal, with no conflicting category. Batch rule application, not individual human review. See provenance/private_entity_rule_v1.json.",https://api.usaspending.gov/api/v2/awards/CONT_AWD_70CMSD26P00000043_7012_-NONE-_-NONE-/,,2026-09-25,approved_rule,private,,private_entity_strong_labels_v1,3492a066a62f9313d45497090681063abc218e0a10bbbd6b519ccb6617fc8745
uei:C3X8QMRJVJH5,C3X8QMRJVJH5,THE DISTRICT COMMUNICATIONS GROUP LLC,private,false,rule_approved,"Kevin-approved rule private_entity_strong_labels_v1: exact UEI and award identities match; every checked award has a stronger private-form or small-business label and an available private proposal, with no conflicting category. Batch rule application, not individual human review. See provenance/private_entity_rule_v1.json.",https://api.usaspending.gov/api/v2/awards/CONT_AWD_70CMSD23FC0000044_7012_70RDAD20A00000012_7001/,,2026-09-25,approved_rule,private,,private_entity_strong_labels_v1,9eb2edc261a74bb67d217f260d2ccc12cf01c7c66e116e3950ea05c8a75e9540
uei:C5C8XHL7ZCY5,C5C8XHL7ZCY5,"KCI-ACUITY, LLC",private,false,rule_approved,"Kevin-approved rule private_entity_strong_labels_v1: exact UEI and award identities match; every checked award has a stronger private-form or small-business label and an available private proposal, with no conflicting category. Batch rule application, not individual human review. See provenance/private_entity_rule_v1.json.",https://api.usaspending.gov/api/v2/awards/CONT_AWD_70CMSD24FR0000022_7012_75N98118D00022_7529/,,2026-09-25,approved_rule,private,,private_entity_strong_labels_v1,c6b23154d9f1649fefe492e9a3c8290aef8cf22bc0bfbe0dc2275867162d7811
uei:CAC3MNMJG748,CAC3MNMJG748,ASET PARTNERS CORP.,private,false,rule_approved,"Kevin-approved rule private_entity_strong_labels_v1: exact UEI and award identities match; every checked award has a stronger private-form or small-business label and an available private proposal, with no conflicting category. Batch rule application, not individual human review. See provenance/private_entity_rule_v1.json.",https://api.usaspending.gov/api/v2/awards/CONT_AWD_70CMSW25FC0000092_7012_70RTAC25A00000001_7001/,,2026-09-25,approved_rule,private,,private_entity_strong_labels_v1,b453f0684080e570ff8ca470fc2fa5db0f3115d118b4946770ed58d6f79482cb
uei:CAC9P6VWBYL9,CAC9P6VWBYL9,MYSTAIRE INC,private,false,rule_approved,"Kevin-approved rule private_entity_strong_labels_v1: exact UEI and award identities match; every checked award has a stronger private-form or small-business label and an available private proposal, with no conflicting category. Batch rule application, not individual human review. See provenance/private_entity_rule_v1.json.",https://api.usaspending.gov/api/v2/awards/CONT_AWD_70CMSD23P00000005_7012_-NONE-_-NONE-/,,2026-09-25,approved_rule,private,,private_entity_strong_labels_v1,1c7cd00abf2d9323974617d9f2aed6bda96f09b61ca7d9329f994594b09ab9ba
uei:CBHQBYK7BBN4,CBHQBYK7BBN4,"GEM TECHNOLOGY INTERNATIONAL, CORP",private,false,reviewed,Official recipient business categories support private entity; not in the approved selected detention contractor list. This is not a finding of no detention role.,https://api.usaspending.gov/api/v2/awards/CONT_AWD_70CMSD23FR0000080_7012_47QRAA22D008D_4732/,,2026-09-23,chart_2_review,,,,
uei:CBT3S6NH8KH8,CBT3S6NH8KH8,"A-1 SCALE SERVICE, INC.",private,false,rule_approved,"Kevin-approved rule private_entity_strong_labels_v1: exact UEI and award identities match; every checked award has a stronger private-form or small-business label and an available private proposal, with no conflicting category. Batch rule application, not individual human review. See provenance/private_entity_rule_v1.json.",https://api.usaspending.gov/api/v2/awards/CONT_AWD_70CMSD24P00000056_7012_-NONE-_-NONE-/,,2026-09-25,approved_rule,private,,private_entity_strong_labels_v1,56cf9bdeb9e284e484d4bd739ff6d750c69caa63ac22c53a4d584b841ba15981
uei:CENDVN52EDB7,CENDVN52EDB7,"APL ACCESS & SECURITY, INC.",private,false,rule_approved,"Kevin-approved rule private_entity_strong_labels_v1: exact UEI and award identities match; every checked award has a stronger private-form or small-business label and an available private proposal, with no conflicting category. Batch rule application, not individual human review. See provenance/private_entity_rule_v1.json.",https://api.usaspending.gov/api/v2/awards/CONT_AWD_70CMSW25FR0000116_7012_GS07F0017V_4730/,,2026-09-25,approved_rule,private,,private_entity_strong_labels_v1,a3b843fe8006953050cd7fc7500b88b84fc2433063aa74728115a57c0046b37f
uei:CEXNR21WHYJ8,CEXNR21WHYJ8,SOUTHSIDE GARAGE AND USED AUTO PARTS LLC,private,false,rule_approved,"Kevin-approved rule private_entity_strong_labels_v1: exact UEI and award identities match; every checked award has a stronger private-form or small-business label and an available private proposal, with no conflicting category. Batch rule application, not individual human review. See provenance/private_entity_rule_v1.json.",https://api.usaspending.gov/api/v2/awards/CONT_AWD_70CMSW25P00000039_7012_-NONE-_-NONE-/,,2026-09-25,approved_rule,private,,private_entity_strong_labels_v1,adc61a23f9a464f3c16c5c65b82291df541ce2ee1a0dcac105de298855671aed
uei:CFMHAEJVU8H1,CFMHAEJVU8H1,FLIGHTWAVE AEROSPACE SYSTEMS CORPORATION,private,false,rule_approved,"Kevin-approved rule private_entity_strong_labels_v1: exact UEI and award identities match; every checked award has a stronger private-form or small-business label and an available private proposal, with no conflicting category. Batch rule application, not individual human review. See provenance/private_entity_rule_v1.json.",https://api.usaspending.gov/api/v2/awards/CONT_AWD_70CMSD24P00000095_7012_-NONE-_-NONE-/,,2026-09-25,approved_rule,private,,private_entity_strong_labels_v1,5ac2b001d3cd8612fc46b4462ffd0a2d51d9071b664806168f6b3f8a443795d2
uei:CG1QDKZ6GDE4,CG1QDKZ6GDE4,"ALL AMERICAN CABLING, LLC",private,false,rule_approved,"Kevin-approved rule private_entity_strong_labels_v1: exact UEI and award identities match; every checked award has a stronger private-form or small-business label and an available private proposal, with no conflicting category. Batch rule application, not individual human review. See provenance/private_entity_rule_v1.json.",https://api.usaspending.gov/api/v2/awards/CONT_AWD_70CMSD25P00000156_7012_-NONE-_-NONE-/,,2026-09-25,approved_rule,private,,private_entity_strong_labels_v1,e65df1a170e978634d07736eb293aea28dfb2b0c516acb0f02a1f8ab302ea3f3
uei:CGE8ABMZLZN9,CGE8ABMZLZN9,"ADVANCED COMPUTER CONCEPTS, INC.",private,false,rule_approved,"Kevin-approved rule private_entity_strong_labels_v1: exact UEI and award identities match; every checked award has a stronger private-form or small-business label and an available private proposal, with no conflicting category. Batch rule application, not individual human review. See provenance/private_entity_rule_v1.json.",https://api.usaspending.gov/api/v2/awards/CONT_AWD_70CDCR24FR0000064_7012_47QTCA19D00JU_4732/,,2026-09-25,approved_rule,private,,private_entity_strong_labels_v1,e5b8ef66cff2204e215852ca73e51d9c2954ca831da265da72cc20908189e114
uei:CH9XY8AX7BD8,CH9XY8AX7BD8,"ESCONDIDO, CITY OF",unresolved,false,pending,API proposal only: conflict; award evidence: conflict,https://api.usaspending.gov/api/v2/awards/CONT_AWD_70CMSD25P00000004_7012_-NONE-_-NONE-/,,,api_proposal,unresolved,,,
uei:CJMQQJZ325N4,CJMQQJZ325N4,"GEORGE J. PETRONIS ENTERPRISES, INC.",private,false,reviewed,Official recipient business categories support private entity; not in the approved selected detention contractor list. This is not a finding of no detention role.,https://api.usaspending.gov/api/v2/awards/CONT_AWD_70CMSW25FR0000140_7012_70LGLY25DGLB00008_7015/,,2026-09-23,chart_2_review,,,,
uei:CJN6YQNAKHQ1,CJN6YQNAKHQ1,"ARETEC, INC",private,false,rule_approved,"Kevin-approved rule private_entity_strong_labels_v1: exact UEI and award identities match; every checked award has a stronger private-form or small-business label and an available private proposal, with no conflicting category. Batch rule application, not individual human review. See provenance/private_entity_rule_v1.json.",https://api.usaspending.gov/api/v2/awards/CONT_AWD_70CTD020FR0000187_7012_75N98119D00012_7529/,,2026-09-25,approved_rule,private,,private_entity_strong_labels_v1,346020a43c1b731648a31f76c347638f06b13810c525197a5b4b3854cee20738
uei:CJTFSCZB1MM4,CJTFSCZB1MM4,SORINEX EXERCISE EQUIPMENT INC,private,false,rule_approved,"Kevin-approved rule private_entity_strong_labels_v1: exact UEI and award identities match; every checked award has a stronger private-form or small-business label and an available private proposal, with no conflicting category. Batch rule application, not individual human review. See provenance/private_entity_rule_v1.json.",https://api.usaspending.gov/api/v2/awards/CONT_AWD_70CMSD24P00000162_7012_-NONE-_-NONE-/,,2026-09-25,approved_rule,private,,private_entity_strong_labels_v1,8479b5966d2766179c428f7a82f7ab6849a469f3758032917c8b88e8714de4ff
uei:CKCJJHXUF288,CKCJJHXUF288,AIRLINES REPORTING CORPORATION,private,false,rule_approved,"Kevin-approved rule private_entity_strong_labels_v1: exact UEI and award identities match; every checked award has a stronger private-form or small-business label and an available private proposal, with no conflicting category. Batch rule application, not individual human review. See provenance/private_entity_rule_v1.json.",https://api.usaspending.gov/api/v2/awards/CONT_AWD_70CMSD22P00000137_7012_-NONE-_-NONE-/,,2026-09-25,approved_rule,private,,private_entity_strong_labels_v1,d0fa8aa45a5d46dff1228aec0afae328bf7d64b0d90cfbaaf5f47f1ad4086a18
uei:CKV2L9GZKJK3,CKV2L9GZKJK3,DELOITTE CONSULTING LLP,private,false,rule_approved,"Kevin-approved rule private_entity_strong_labels_v1: exact UEI and award identities match; every checked award has a stronger private-form or small-business label and an available private proposal, with no conflicting category. Batch rule application, not individual human review. See provenance/private_entity_rule_v1.json.",https://api.usaspending.gov/api/v2/awards/CONT_AWD_70CDCR24FR0000002_7012_GS00Q14OADU113_4732/,,2026-09-25,approved_rule,private,,private_entity_strong_labels_v1,c94ec8c82f086cf7e043180ea4a21680d57b14fd6d69b3da573cc412b88c1530
uei:CL84PKGLECJ4,CL84PKGLECJ4,"VERITAS MANAGEMENT GROUP, INC.",private,false,rule_approved,"Kevin-approved rule private_entity_strong_labels_v1: exact UEI and award identities match; every checked award has a stronger private-form or small-business label and an available private proposal, with no conflicting category. Batch rule application, not individual human review. See provenance/private_entity_rule_v1.json.",https://api.usaspending.gov/api/v2/awards/CONT_AWD_70CDCR26P00000002_7012_-NONE-_-NONE-/,,2026-09-25,approved_rule,private,,private_entity_strong_labels_v1,0b7265820cf2d49e1113b65d605a1f4865a792c3fff2e6613023bdf977827fa5
uei:CM3CXMWM13T5,CM3CXMWM13T5,JTF BUSINESS SYSTEMS CORPORATION,private,false,rule_approved,"Kevin-approved rule private_entity_strong_labels_v1: exact UEI and award identities match; every checked award has a stronger private-form or small-business label and an available private proposal, with no conflicting category. Batch rule application, not individual human review. See provenance/private_entity_rule_v1.json.",https://api.usaspending.gov/api/v2/awards/CONT_AWD_70CMSD26FC0000009_7012_70CMSD24A00000003_7012/,,2026-09-25,approved_rule,private,,private_entity_strong_labels_v1,4a2303fac15b3c7a4b707346f2c8e1f8c88926629b0890282a3038128b22132b
uei:CMJDW5CP7WA8,CMJDW5CP7WA8,HUDSON RIVER PARK TRUST,state_local_government,false,reviewed,Official recipient categories identify state/local government; exclude hospitals and universities into the separate public/nonprofit type.,https://api.usaspending.gov/api/v2/awards/CONT_AWD_70CDCR21P00000035_7012_-NONE-_-NONE-/,,2026-09-23,chart_2_review,,,,
uei:CN1DHDM1HDZ5,CN1DHDM1HDZ5,"THOMAS SCIENTIFIC, LLC",private,false,reviewed,Official recipient business categories support private entity; not in the approved selected detention contractor list. This is not a finding of no detention role.,https://api.usaspending.gov/api/v2/awards/CONT_AWD_70CMSD24P00000175_7012_-NONE-_-NONE-/,,2026-09-23,chart_2_review,,,,
uei:CN3ZSPPKHLH5,CN3ZSPPKHLH5,"COMCAST BUSINESS COMMUNICATIONS, LLC",private,false,rule_approved,"Kevin-approved rule private_entity_strong_labels_v1: exact UEI and award identities match; every checked award has a stronger private-form or small-business label and an available private proposal, with no conflicting category. Batch rule application, not individual human review. See provenance/private_entity_rule_v1.json.",https://api.usaspending.gov/api/v2/awards/CONT_AWD_70CMSD23FR0000084_7012_GS35F184BA_4732/,,2026-09-25,approved_rule,private,,private_entity_strong_labels_v1,67a2ba941cb013b78ec915d257b79c75f090ef510871a6497d9ed7d689d2118d
uei:CN4KSKX2UQY5,CN4KSKX2UQY5,"COUNTERTRADE PRODUCTS, INC.",private,false,rule_approved,"Kevin-approved rule private_entity_strong_labels_v1: exact UEI and award identities match; every checked award has a stronger private-form or small-business label and an available private proposal, with no conflicting category. Batch rule application, not individual human review. See provenance/private_entity_rule_v1.json.",https://api.usaspending.gov/api/v2/awards/CONT_AWD_70CMSD25FR0000117_7012_NNG15SC65B_8000/,,2026-09-25,approved_rule,private,,private_entity_strong_labels_v1,432355b13361687f54ed5a9afffd4866dc383280b7e9ab89e445710928a6b7f0
uei:CN6JHWKMSCD5,CN6JHWKMSCD5,ISS ACTION INC,private,false,reviewed,Official recipient business categories support private entity; not in the approved selected detention contractor list. This is not a finding of no detention role.,https://api.usaspending.gov/api/v2/awards/CONT_AWD_70CDCR25FR0000082_7012_70CDCR25D00000056_7012/,,2026-09-23,chart_2_review,,,,
uei:CNLGWCBZ3K95,CNLGWCBZ3K95,SONIAT & WILLOW INC,private,false,rule_approved,"Kevin-approved rule private_entity_strong_labels_v1: exact UEI and award identities match; every checked award has a stronger private-form or small-business label and an available private proposal, with no conflicting category. Batch rule application, not individual human review. See provenance/private_entity_rule_v1.json.",https://api.usaspending.gov/api/v2/awards/CONT_AWD_70CDCR24P00000024_7012_-NONE-_-NONE-/,,2026-09-25,approved_rule,private,,private_entity_strong_labels_v1,413b079121ee856a8f34d2c79a7a6c0160e79d677cc4f1d4021d3395f6c501e0
uei:CNM4U3TPGUE7,CNM4U3TPGUE7,"LONGVIEW INTERNATIONAL TECHNOLOGY SOLUTIONS, INC.",private,false,reviewed,Official recipient business categories support private entity; not in the approved selected detention contractor list. This is not a finding of no detention role.,https://api.usaspending.gov/api/v2/awards/CONT_AWD_70CDCR25FR0000045_7012_70CDCR25D00000053_7012/,,2026-09-23,chart_2_review,,,,
uei:CNT4P9MU2N33,CNT4P9MU2N33,"AUCTANE, INC.",private,false,rule_approved,"Kevin-approved rule private_entity_strong_labels_v1: exact UEI and award identities match; every checked award has a stronger private-form or small-business label and an available private proposal, with no conflicting category. Batch rule application, not individual human review. See provenance/private_entity_rule_v1.json.",https://api.usaspending.gov/api/v2/awards/CONT_AWD_70CMSW22FR0000123_7012_GS03F0052V_4730/,,2026-09-25,approved_rule,private,,private_entity_strong_labels_v1,f25213c3034e3adee0a355fa4b269fb5994f176a00bc7da90259e7d7a02f4795
uei:CPGMXKRJM7P6,CPGMXKRJM7P6,"MOI, INC.",private,false,rule_approved,"Kevin-approved rule private_entity_strong_labels_v1: exact UEI and award identities match; every checked award has a stronger private-form or small-business label and an available private proposal, with no conflicting category. Batch rule application, not individual human review. See provenance/private_entity_rule_v1.json.",https://api.usaspending.gov/api/v2/awards/CONT_AWD_70CMSW26FC0000048_7012_70RDAD22A00000002_7001/,,2026-09-25,approved_rule,private,,private_entity_strong_labels_v1,32791a8116625b0a8a7a06b8dd3b71e8c4d7acde0107a4d2fa5b2cb4c98f12b1
uei:CRKJNWWDZKA8,CRKJNWWDZKA8,GLOBAL RESOURCE SOLUTIONS INC,private,false,rule_approved,"Kevin-approved rule private_entity_strong_labels_v1: exact UEI and award identities match; every checked award has a stronger private-form or small-business label and an available private proposal, with no conflicting category. Batch rule application, not individual human review. See provenance/private_entity_rule_v1.json.",https://api.usaspending.gov/api/v2/awards/CONT_AWD_70CMSD22FR0000063_7012_GS07F0071X_4732/,,2026-09-25,approved_rule,private,,private_entity_strong_labels_v1,435db485de9be5b9c866968c1691a66073ca23b56d2297964985c9216fb01904
uei:CU82DUZEEL81,CU82DUZEEL81,SAN DIEGO ASSOCIATION OF GOVERNMENTS,state_local_government,false,reviewed,Official recipient categories identify state/local government; exclude hospitals and universities into the separate public/nonprofit type.,https://api.usaspending.gov/api/v2/awards/CONT_AWD_70CMSD25P00000044_7012_-NONE-_-NONE-/,,2026-09-23,chart_2_review,,,,
uei:CUK4ZTMXBJ76,CUK4ZTMXBJ76,"RAE SECURITY, INC.",private,false,rule_approved,"Kevin-approved rule private_entity_strong_labels_v1: exact UEI and award identities match; every checked award has a stronger private-form or small-business label and an available private proposal, with no conflicting category. Batch rule application, not individual human review. See provenance/private_entity_rule_v1.json.",https://api.usaspending.gov/api/v2/awards/CONT_AWD_70CMSD26P00000036_7012_-NONE-_-NONE-/,,2026-09-25,approved_rule,private,,private_entity_strong_labels_v1,3c473c67d775124396d5d7a3fe02581f5b075522489d006034f3fa45c34ee6a0
uei:CWBBTJLJJM54,CWBBTJLJJM54,"ACCESS COMMUNICATIONS GROUP, LLC",private,false,rule_approved,"Kevin-approved rule private_entity_strong_labels_v1: exact UEI and award identities match; every checked award has a stronger private-form or small-business label and an available private proposal, with no conflicting category. Batch rule application, not individual human review. See provenance/private_entity_rule_v1.json.",https://api.usaspending.gov/api/v2/awards/CONT_AWD_70CMSW26C00000007_7012_-NONE-_-NONE-/,,2026-09-25,approved_rule,private,,private_entity_strong_labels_v1,92aa9850c1768dce24ff4881d78e72c610c5ebc54c2a2ee602d0c906a67d38b4
uei:CWKDD6F5D6K9,CWKDD6F5D6K9,NATIONAL CYBER-FORENSICS AND TRAINING ALLIANCE LIMITED,unresolved,false,pending,API proposal only: available; award evidence: available,https://api.usaspending.gov/api/v2/awards/CONT_AWD_70CMSD21P00000166_7012_-NONE-_-NONE-/,,,api_proposal,other_public_nonprofit,,,
uei:CWLDWJHLQ3T5,CWLDWJHLQ3T5,"GOTENNA, INC.",private,false,rule_approved,"Kevin-approved rule private_entity_strong_labels_v1: exact UEI and award identities match; every checked award has a stronger private-form or small-business label and an available private proposal, with no conflicting category. Batch rule application, not individual human review. See provenance/private_entity_rule_v1.json.",https://api.usaspending.gov/api/v2/awards/CONT_AWD_70CMSW25P00000033_7012_-NONE-_-NONE-/,,2026-09-25,approved_rule,private,,private_entity_strong_labels_v1,96793929ea06d5dbec198af135c6562a85ca396b8c3c10cef64aa2e2f017ee8e
uei:CYD1SSRL8EM8,CYD1SSRL8EM8,"KCORP RELIANCE COMPANY, INC.",private,false,reviewed,Official recipient business categories support private entity; not in the approved selected detention contractor list. This is not a finding of no detention role.,https://api.usaspending.gov/api/v2/awards/CONT_AWD_70CMSW23C00000001_7012_-NONE-_-NONE-/,,2026-09-23,chart_2_review,,,,
uei:D1JARVWENN16,D1JARVWENN16,INCADENCE STRATEGIC SOLUTIONS LLC,private,false,rule_approved,"Kevin-approved rule private_entity_strong_labels_v1: exact UEI and award identities match; every checked award has a stronger private-form or small-business label and an available private proposal, with no conflicting category. Batch rule application, not individual human review. See provenance/private_entity_rule_v1.json.",https://api.usaspending.gov/api/v2/awards/CONT_AWD_70CMSD23P00000160_7012_-NONE-_-NONE-/,,2026-09-25,approved_rule,private,,private_entity_strong_labels_v1,af71b852461a6dc2138e9754b15d9380648ecfe2a711d05bb2505c95ce601cb1
uei:D3JYAN52KQ27,D3JYAN52KQ27,"TLI CONSTRUCTION, INC.",private,false,rule_approved,"Kevin-approved rule private_entity_strong_labels_v1: exact UEI and award identities match; every checked award has a stronger private-form or small-business label and an available private proposal, with no conflicting category. Batch rule application, not individual human review. See provenance/private_entity_rule_v1.json.",https://api.usaspending.gov/api/v2/awards/CONT_AWD_70CMSW24C00000028_7012_-NONE-_-NONE-/,,2026-09-25,approved_rule,private,,private_entity_strong_labels_v1,e176b81e561034ba6c99d50351d58ecf5dd8d83e8372ec4c245c2728ae9554fc
uei:D3LHU66KBLD5,D3LHU66KBLD5,UNIVERSITY OF NORTH CAROLINA AT CHAPEL HILL,other_public_nonprofit,false,reviewed,"Official recipient categories: Nonprofit Organization, Higher Education (Public). Public hospitals/universities are separated from general state/local government.",https://api.usaspending.gov/api/v2/awards/CONT_AWD_70CMSW26FR0000048_7012_47QRAA18D00CA_4732/,,2026-09-23,chart_2_review,,,,
uei:D3U7NJHKKEW3,D3U7NJHKKEW3,GREAT FALLS PAPER COMPANY,private,false,reviewed,Official recipient business categories support private entity; not in the approved selected detention contractor list. This is not a finding of no detention role.,https://api.usaspending.gov/api/v2/awards/CONT_AWD_70CMSW25FR0000076_7012_GS02F0197V_4730/,,2026-09-23,chart_2_review,,,,
uei:D48HBAGAUJX1,D48HBAGAUJX1,AD & RESOURCES LLC,private,false,rule_approved,"Kevin-approved rule private_entity_strong_labels_v1: exact UEI and award identities match; every checked award has a stronger private-form or small-business label and an available private proposal, with no conflicting category. Batch rule application, not individual human review. See provenance/private_entity_rule_v1.json.",https://api.usaspending.gov/api/v2/awards/CONT_AWD_70CMSW25FR0000093_7012_47QRCA25DS014_4732/,,2026-09-25,approved_rule,private,,private_entity_strong_labels_v1,d7dbfede5e74a4d8910906a755d8efdb3ef59859c44ff29813933d0972e45fd8
uei:D5V3NDR6NKB1,D5V3NDR6NKB1,EMPOWER VIRTUAL CONNECT LLC,private,false,rule_approved,"Kevin-approved rule private_entity_strong_labels_v1: exact UEI and award identities match; every checked award has a stronger private-form or small-business label and an available private proposal, with no conflicting category. Batch rule application, not individual human review. See provenance/private_entity_rule_v1.json.",https://api.usaspending.gov/api/v2/awards/CONT_AWD_70CMSD24P00000047_7012_-NONE-_-NONE-/,,2026-09-25,approved_rule,private,,private_entity_strong_labels_v1,206027a9e6c893824f0a0f2ea2ff713373e3353cc7381e4d16fd24778a8affb5
uei:D5YGBJ26T1A8,D5YGBJ26T1A8,"ABM FEDERAL SALES, INC.",private,false,rule_approved,"Kevin-approved rule private_entity_strong_labels_v1: exact UEI and award identities match; every checked award has a stronger private-form or small-business label and an available private proposal, with no conflicting category. Batch rule application, not individual human review. See provenance/private_entity_rule_v1.json.",https://api.usaspending.gov/api/v2/awards/CONT_AWD_70CMSD24FR0000146_7012_GS03F110DA_4732/,,2026-09-25,approved_rule,private,,private_entity_strong_labels_v1,effceac713874109636e7487337d13ec85023d86890d5cc194de6d4380ad9de0
uei:D6MTSKS115L9,D6MTSKS115L9,"HENRY SCHEIN, INC.",private,false,reviewed,Official recipient business categories support private entity; not in the approved selected detention contractor list. This is not a finding of no detention role.,https://api.usaspending.gov/api/v2/awards/CONT_AWD_70CTD024P00000003_7012_-NONE-_-NONE-/,,2026-09-23,chart_2_review,,,,
uei:D84JK2RNL7V4,D84JK2RNL7V4,"GOVCIO, LLC",private,false,rule_approved,"Kevin-approved rule private_entity_strong_labels_v1: exact UEI and award identities match; every checked award has a stronger private-form or small-business label and an available private proposal, with no conflicting category. Batch rule application, not individual human review. See provenance/private_entity_rule_v1.json.",https://api.usaspending.gov/api/v2/awards/CONT_AWD_70CTD020FR0000211_7012_75N98118D00026_7529/,,2026-09-25,approved_rule,private,,private_entity_strong_labels_v1,be3d5e5130f26346de53a759b185645f230425595b1a3c016d3721d837b02dac
uei:D9A9DHAJ9WE6,D9A9DHAJ9WE6,STATE INDUSTRIAL PRODUCTS CORP,private,false,reviewed,Official recipient business categories support private entity; not in the approved selected detention contractor list. This is not a finding of no detention role.,https://api.usaspending.gov/api/v2/awards/CONT_AWD_70CDCR21P00000062_7012_-NONE-_-NONE-/,,2026-09-23,chart_2_review,,,,
uei:DANKJTLAL4M1,DANKJTLAL4M1,"ABM INDUSTRY GROUPS, LLC",private,false,rule_approved,"Kevin-approved rule private_entity_strong_labels_v1: exact UEI and award identities match; every checked award has a stronger private-form or small-business label and an available private proposal, with no conflicting category. Batch rule application, not individual human review. See provenance/private_entity_rule_v1.json.",https://api.usaspending.gov/api/v2/awards/CONT_AWD_70CDCR23P00000025_7012_-NONE-_-NONE-/,,2026-09-25,approved_rule,private,,private_entity_strong_labels_v1,026d4b6523d89e2a5ab2fcd660bf3590a59110845696259eb4fc558959bed95e
uei:DAPPVA5PKG43,DAPPVA5PKG43,"ZAYO PROFESSIONAL SERVICES, LLC",private,false,rule_approved,"Kevin-approved rule private_entity_strong_labels_v1: exact UEI and award identities match; every checked award has a stronger private-form or small-business label and an available private proposal, with no conflicting category. Batch rule application, not individual human review. See provenance/private_entity_rule_v1.json.",https://api.usaspending.gov/api/v2/awards/CONT_AWD_70CMSD26P00000045_7012_-NONE-_-NONE-/,,2026-09-25,approved_rule,private,,private_entity_strong_labels_v1,2498ffaea5e076f87bd8f17ff113862f3a5986e6d31a93561b9a4e59dede49c7
uei:DBSSZDEJKKS8,DBSSZDEJKKS8,WARNING LITES OF MINNESOTA INC,private,false,reviewed,Official recipient business categories support private entity; not in the approved selected detention contractor list. This is not a finding of no detention role.,https://api.usaspending.gov/api/v2/awards/CONT_AWD_70CMSW26P00000016_7012_-NONE-_-NONE-/,,2026-09-23,chart_2_review,,,,
uei:DCX7G2RG1TL4,DCX7G2RG1TL4,INTEGRAL BLUE LLC,private,false,rule_approved,"Kevin-approved rule private_entity_strong_labels_v1: exact UEI and award identities match; every checked award has a stronger private-form or small-business label and an available private proposal, with no conflicting category. Batch rule application, not individual human review. See provenance/private_entity_rule_v1.json.",https://api.usaspending.gov/api/v2/awards/CONT_AWD_70CMSD24P00000159_7012_-NONE-_-NONE-/,,2026-09-25,approved_rule,private,,private_entity_strong_labels_v1,dcc3be72a58e20a412362bebcd06cc817867340f3a45669f18ac95cf02944c59
uei:DDDTTA5TK265,DDDTTA5TK265,CLARKE ELECTRIC LLC,private,false,reviewed,Official recipient business categories support private entity; not in the approved selected detention contractor list. This is not a finding of no detention role.,https://api.usaspending.gov/api/v2/awards/CONT_AWD_70CMSD24P00000032_7012_-NONE-_-NONE-/,,2026-09-23,chart_2_review,,,,
uei:DDNJR9SNQDU4,DDNJR9SNQDU4,AMERICAN INSTITUTE IN TAIWAN,unresolved,false,pending,API proposal only: available; award evidence: available|available,https://api.usaspending.gov/api/v2/awards/CONT_AWD_70CMSD25C00000003_7012_-NONE-_-NONE-/,,,api_proposal,other_public_nonprofit,,,
uei:DF6SC8ZMKCG3,DF6SC8ZMKCG3,"LEADSONLINE, LLC",private,false,rule_approved,"Kevin-approved rule private_entity_strong_labels_v1: exact UEI and award identities match; every checked award has a stronger private-form or small-business label and an available private proposal, with no conflicting category. Batch rule application, not individual human review. See provenance/private_entity_rule_v1.json.",https://api.usaspending.gov/api/v2/awards/CONT_AWD_70CMSD25P00000064_7012_-NONE-_-NONE-/,,2026-09-25,approved_rule,private,,private_entity_strong_labels_v1,da9a91d502625bc395f91386282feaae88dec50df63248690a4be15170e5b9d8
uei:DJACUETFQUL8,DJACUETFQUL8,"GOVSMART, INC.",private,false,reviewed,Official recipient business categories support private entity; not in the approved selected detention contractor list. This is not a finding of no detention role.,https://api.usaspending.gov/api/v2/awards/CONT_AWD_70CMSW25FR0000094_7012_NNG15SD11B_8000/,,2026-09-23,chart_2_review,,,,
uei:DKFGF41MVR41,DKFGF41MVR41,SEVERANCE SECURITY SERVICES LLC,private,false,rule_approved,"Kevin-approved rule private_entity_strong_labels_v1: exact UEI and award identities match; every checked award has a stronger private-form or small-business label and an available private proposal, with no conflicting category. Batch rule application, not individual human review. See provenance/private_entity_rule_v1.json.",https://api.usaspending.gov/api/v2/awards/CONT_AWD_70CDCR26FR0000095_7012_70CDCR26D00000044_7012/,,2026-09-25,approved_rule,private,,private_entity_strong_labels_v1,c0d34236125eb1228e19be02727656e87b8da47e0bbad85aed6f8de8fd352809
uei:DKJ1R5ABCN48,DKJ1R5ABCN48,SERCO INC,private,false,rule_approved,"Kevin-approved rule private_entity_strong_labels_v1: exact UEI and award identities match; every checked award has a stronger private-form or small-business label and an available private proposal, with no conflicting category. Batch rule application, not individual human review. See provenance/private_entity_rule_v1.json.",https://api.usaspending.gov/api/v2/awards/CONT_AWD_70CDCR25FR0000119_7012_GS02Q16DCR0029_4732/,,2026-09-25,approved_rule,private,,private_entity_strong_labels_v1,5823342cf58afb9bd31e97a0e65e3b8a249c8747d08645dd286de9da2c652281
uei:DL1VNK64YL14,DL1VNK64YL14,"AMI EXPEDITIONARY HEALTHCARE, LLC",private,false,reviewed,Official recipient business categories support private entity; not in the approved selected detention contractor list. This is not a finding of no detention role.,https://api.usaspending.gov/api/v2/awards/CONT_AWD_70CDCR25FR0000051_7012_70CDCR25D00000042_7012/,,2026-09-23,chart_2_review,,,,
uei:DLD3TZDSFMD5,DLD3TZDSFMD5,DAY MANAGEMENT CORP.,private,false,reviewed,Official recipient business categories support private entity; not in the approved selected detention contractor list. This is not a finding of no detention role.,https://api.usaspending.gov/api/v2/awards/CONT_AWD_70CMSD22P00000049_7012_-NONE-_-NONE-/,,2026-09-23,chart_2_review,,,,
uei:DMHDNDCPWUD1,DMHDNDCPWUD1,THE MITRE CORPORATION,unresolved,false,pending,API proposal only: available; award evidence: available|available,https://api.usaspending.gov/api/v2/awards/CONT_AWD_70CMSD24FR0000192_7012_70RSAT20D00000001_7001/,,,api_proposal,other_public_nonprofit,,,
uei:DP7KERAZ7LY3,DP7KERAZ7LY3,"GENERAC POWER SYSTEMS, INC.",private,false,reviewed,Official recipient business categories support private entity; not in the approved selected detention contractor list. This is not a finding of no detention role.,https://api.usaspending.gov/api/v2/awards/CONT_AWD_70CMSW23FR0000108_7012_GS07F0407X_4732/,,2026-09-23,chart_2_review,,,,
uei:DPQEDJ6CXZM5,DPQEDJ6CXZM5,"PANAMERICA COMPUTERS, INC.",private,false,rule_approved,"Kevin-approved rule private_entity_strong_labels_v1: exact UEI and award identities match; every checked award has a stronger private-form or small-business label and an available private proposal, with no conflicting category. Batch rule application, not individual human review. See provenance/private_entity_rule_v1.json.",https://api.usaspending.gov/api/v2/awards/CONT_AWD_70CMSD25FR0000113_7012_NNG15SD02B_8000/,,2026-09-25,approved_rule,private,,private_entity_strong_labels_v1,f7d955038aba453a06f30ee0a43cb3ed7f50d1e155e82832aaf58fa8b6e979cd
uei:DR6MQ56MGFA5,DR6MQ56MGFA5,CAPGEMINI GOVERNMENT SOLUTIONS LLC,unresolved,false,pending,API proposal only: available; award evidence: available|available,https://api.usaspending.gov/api/v2/awards/CONT_AWD_70CTD021FR0000248_7012_47QTCA18D00A2_4732/,,,api_proposal,private,,,
uei:DRB4CPKGSA45,DRB4CPKGSA45,SUMMOME NATIVE VENTURES LLC,private,false,rule_approved,"Kevin-approved rule private_entity_strong_labels_v1: exact UEI and award identities match; every checked award has a stronger private-form or small-business label and an available private proposal, with no conflicting category. Batch rule application, not individual human review. See provenance/private_entity_rule_v1.json.",https://api.usaspending.gov/api/v2/awards/CONT_AWD_70CMSW23P00000014_7012_-NONE-_-NONE-/,,2026-09-25,approved_rule,private,,private_entity_strong_labels_v1,01249127d1f7839c7d4d1cf29660926c808a2b6dcb613b73e5b8044acaa4c72e
uei:DSRXJKH21B53,DSRXJKH21B53,TOWN OF ISLIP,unresolved,false,pending,API proposal only: conflict; award evidence: conflict,https://api.usaspending.gov/api/v2/awards/CONT_AWD_70CDCR21P00000029_7012_-NONE-_-NONE-/,,,api_proposal,unresolved,,,
uei:DT8KJHZXVJH5,DT8KJHZXVJH5,CARAHSOFT TECHNOLOGY CORP,private,false,rule_approved,"Kevin-approved rule private_entity_strong_labels_v1: exact UEI and award identities match; every checked award has a stronger private-form or small-business label and an available private proposal, with no conflicting category. Batch rule application, not individual human review. See provenance/private_entity_rule_v1.json.",https://api.usaspending.gov/api/v2/awards/CONT_AWD_70CMSD25P00000076_7012_-NONE-_-NONE-/,,2026-09-25,approved_rule,private,,private_entity_strong_labels_v1,5d1c644989a0a270dae9082d2a1d70ff1b4c60d379939b2df28dff41457eace1
uei:DTQLFAEKKCP5,DTQLFAEKKCP5,"CANON U.S.A., INC.",private,false,rule_approved,"Kevin-approved rule private_entity_strong_labels_v1: exact UEI and award identities match; every checked award has a stronger private-form or small-business label and an available private proposal, with no conflicting category. Batch rule application, not individual human review. See provenance/private_entity_rule_v1.json.",https://api.usaspending.gov/api/v2/awards/CONT_AWD_70CMSD22FR0000105_7012_GS03F046DA_4732/,,2026-09-25,approved_rule,private,,private_entity_strong_labels_v1,242b9b5c79c40f31c306b3a896c80e478135e3467694e2bdcb014ccb02bd6510
uei:DV9FJK9Y3MD3,DV9FJK9Y3MD3,CAPITAL BRAND GROUP LLC,private,false,rule_approved,"Kevin-approved rule private_entity_strong_labels_v1: exact UEI and award identities match; every checked award has a stronger private-form or small-business label and an available private proposal, with no conflicting category. Batch rule application, not individual human review. See provenance/private_entity_rule_v1.json.",https://api.usaspending.gov/api/v2/awards/CONT_AWD_70CDCR21P00000055_7012_-NONE-_-NONE-/,,2026-09-25,approved_rule,private,,private_entity_strong_labels_v1,b4e765afadd89eedea512241c20079d0387597b1d4b67410501769d407bf1f96
uei:DVEMSDNAYKC9,DVEMSDNAYKC9,CROSSROADS COURIER INC,private,false,rule_approved,"Kevin-approved rule private_entity_strong_labels_v1: exact UEI and award identities match; every checked award has a stronger private-form or small-business label and an available private proposal, with no conflicting category. Batch rule application, not individual human review. See provenance/private_entity_rule_v1.json.",https://api.usaspending.gov/api/v2/awards/CONT_AWD_70CDCR22P00000033_7012_-NONE-_-NONE-/,,2026-09-25,approved_rule,private,,private_entity_strong_labels_v1,bd906410542f45c90794b39b84e1127bd4e430f61126c0b340c9eec3282e11ad
uei:DZK7BKZMHDH1,DZK7BKZMHDH1,AMERITEL COMMUNICATIONS CORPORATION,private,false,rule_approved,"Kevin-approved rule private_entity_strong_labels_v1: exact UEI and award identities match; every checked award has a stronger private-form or small-business label and an available private proposal, with no conflicting category. Batch rule application, not individual human review. See provenance/private_entity_rule_v1.json.",https://api.usaspending.gov/api/v2/awards/CONT_AWD_70CMSD25FC0000024_7012_70CMSD24A00000002_7012/,,2026-09-25,approved_rule,private,,private_entity_strong_labels_v1,229fa07280783faade361012278b70a8b066391805cbdf5284283417a5f4e8f4
uei:E3G6AA4C4US6,E3G6AA4C4US6,ABM INDUSTRIES INC,private,false,rule_approved,"Kevin-approved rule private_entity_strong_labels_v1: exact UEI and award identities match; every checked award has a stronger private-form or small-business label and an available private proposal, with no conflicting category. Batch rule application, not individual human review. See provenance/private_entity_rule_v1.json.",https://api.usaspending.gov/api/v2/awards/CONT_AWD_70CMSD25P00000013_7012_-NONE-_-NONE-/,,2026-09-25,approved_rule,private,,private_entity_strong_labels_v1,aaa587f2f7e8fe0774e480e24f8bc9e29df5a3bf4bb49e70543f35619ff6c967
uei:E5KCB1AL71J7,E5KCB1AL71J7,"SPECIALIZED TESTING AND CONSTRUCTION, INC.",private,false,rule_approved,"Kevin-approved rule private_entity_strong_labels_v1: exact UEI and award identities match; every checked award has a stronger private-form or small-business label and an available private proposal, with no conflicting category. Batch rule application, not individual human review. See provenance/private_entity_rule_v1.json.",https://api.usaspending.gov/api/v2/awards/CONT_AWD_70CMSW25C00000022_7012_-NONE-_-NONE-/,,2026-09-25,approved_rule,private,,private_entity_strong_labels_v1,8701997b7408cb7ac654b90879b4628cc624acf43cb8d5c3e4e60cfcf1996291
uei:E6KBKQAPJUZ1,E6KBKQAPJUZ1,"STRATEGIC RESOURCES, INCORPORATED",private,false,rule_approved,"Kevin-approved rule private_entity_strong_labels_v1: exact UEI and award identities match; every checked award has a stronger private-form or small-business label and an available private proposal, with no conflicting category. Batch rule application, not individual human review. See provenance/private_entity_rule_v1.json.",https://api.usaspending.gov/api/v2/awards/CONT_AWD_70CMSD23FC0000027_7012_70CMSD21A00000010_7012/,,2026-09-25,approved_rule,private,,private_entity_strong_labels_v1,6eafd8751ecb10c8de08f33c5c9f4f6653f7c3b5365c9013d973f3f41a755bbc
uei:EA4VD72SB1W3,EA4VD72SB1W3,SALUS WORLDWIDE SOLUTIONS CORP.,private,false,rule_approved,"Kevin-approved rule private_entity_strong_labels_v1: exact UEI and award identities match; every checked award has a stronger private-form or small-business label and an available private proposal, with no conflicting category. Batch rule application, not individual human review. See provenance/private_entity_rule_v1.json.",https://api.usaspending.gov/api/v2/awards/CONT_IDV_70RDA225D00000005_7001/,,2026-09-25,approved_rule,private,,private_entity_strong_labels_v1,f197fcf7ab6d3d7d05dc93ee45196b4f2cf4e7fad209db12457a4f4e87468f1b
uei:EBHPGDLGQLB5,EBHPGDLGQLB5,DEV TECHNOLOGY GROUP INC,private,false,rule_approved,"Kevin-approved rule private_entity_strong_labels_v1: exact UEI and award identities match; every checked award has a stronger private-form or small-business label and an available private proposal, with no conflicting category. Batch rule application, not individual human review. See provenance/private_entity_rule_v1.json.",https://api.usaspending.gov/api/v2/awards/CONT_AWD_70CTD021FR0000103_7012_47QTCA19D00JT_4732/,,2026-09-25,approved_rule,private,,private_entity_strong_labels_v1,30361595284adee8ded8ceb70a8e2e924a10e410d1bf5d195fc7e999df8633a3
uei:ECK4MLJ3WDE6,ECK4MLJ3WDE6,"THE KACE COMPANY, LLC.",private,false,rule_approved,"Kevin-approved rule private_entity_strong_labels_v1: exact UEI and award identities match; every checked award has a stronger private-form or small-business label and an available private proposal, with no conflicting category. Batch rule application, not individual human review. See provenance/private_entity_rule_v1.json.",https://api.usaspending.gov/api/v2/awards/CONT_AWD_70CMSD25FR0000101_7012_47QRAA20D008Q_4732/,,2026-09-25,approved_rule,private,,private_entity_strong_labels_v1,43aa49a713132475cd162f7aef69e83edc78e9555614ac682cd27842f7c0cb18
uei:ECMMFNMSLXM7,ECMMFNMSLXM7,ERNST & YOUNG LLP,private,false,reviewed,Official recipient business categories support private entity; not in the approved selected detention contractor list. This is not a finding of no detention role.,https://api.usaspending.gov/api/v2/awards/CONT_AWD_70CDCR26FR0000009_7012_47QRCA25DU131_4732/,,2026-09-23,chart_2_review,,,,
uei:ECZDVB6YZ2E4,ECZDVB6YZ2E4,AZ-TECH FIRE AND SECURITY LLC,private,false,rule_approved,"Kevin-approved rule private_entity_strong_labels_v1: exact UEI and award identities match; every checked award has a stronger private-form or small-business label and an available private proposal, with no conflicting category. Batch rule application, not individual human review. See provenance/private_entity_rule_v1.json.",https://api.usaspending.gov/api/v2/awards/CONT_AWD_70CMSD25P00000035_7012_-NONE-_-NONE-/,,2026-09-25,approved_rule,private,,private_entity_strong_labels_v1,a452910c0cc4bd2ec595d9bba62ad5438071b0694d0fdf89cc161e3c28daef46
uei:ED6KVBY8V2S6,ED6KVBY8V2S6,"INTERNATIONAL SATELLITE SERVICES, INC.",private,false,rule_approved,"Kevin-approved rule private_entity_strong_labels_v1: exact UEI and award identities match; every checked award has a stronger private-form or small-business label and an available private proposal, with no conflicting category. Batch rule application, not individual human review. See provenance/private_entity_rule_v1.json.",https://api.usaspending.gov/api/v2/awards/CONT_AWD_70CMSD25P00000036_7012_-NONE-_-NONE-/,,2026-09-25,approved_rule,private,,private_entity_strong_labels_v1,7628d02dd1b45850241464abf4c5be7529c19b1359505513e39c08cffd9dd972
uei:EDPVJKD8R338,EDPVJKD8R338,ESCARPMENT ARMS INC,private,false,rule_approved,"Kevin-approved rule private_entity_strong_labels_v1: exact UEI and award identities match; every checked award has a stronger private-form or small-business label and an available private proposal, with no conflicting category. Batch rule application, not individual human review. See provenance/private_entity_rule_v1.json.",https://api.usaspending.gov/api/v2/awards/CONT_AWD_70CDCR22P00000009_7012_-NONE-_-NONE-/,,2026-09-25,approved_rule,private,,private_entity_strong_labels_v1,cb5ff7a5a0e6a842247185ada8cfd4e85d21f47d7ca0a30cc333f2923ac761c8
uei:EEANN2A3SSQ4,EEANN2A3SSQ4,"INTERNATIONAL SOS GOVERNMENT MEDICAL SERVICES, INC.",private,false,reviewed,Official recipient business categories support private entity; not in the approved selected detention contractor list. This is not a finding of no detention role.,https://api.usaspending.gov/api/v2/awards/CONT_AWD_70CDCR25FR0000081_7012_70CDCR25D00000049_7012/,,2026-09-23,chart_2_review,,,,
uei:EFJ6LJK6S386,EFJ6LJK6S386,"THE NAKAMOTO GROUP, INC.",private,false,rule_approved,"Kevin-approved rule private_entity_strong_labels_v1: exact UEI and award identities match; every checked award has a stronger private-form or small-business label and an available private proposal, with no conflicting category. Batch rule application, not individual human review. See provenance/private_entity_rule_v1.json.",https://api.usaspending.gov/api/v2/awards/CONT_AWD_70CDCR25FR0000025_7012_GS00F051CA_4732/,,2026-09-25,approved_rule,private,,private_entity_strong_labels_v1,aea8e71cd9f24c0d6a9af41e09fa99bec3440335b94d65d1c4e3b5526f7d081b
uei:EFMFNAELHYR5,EFMFNAELHYR5,XEROX CORPORATION,private,false,rule_approved,"Kevin-approved rule private_entity_strong_labels_v1: exact UEI and award identities match; every checked award has a stronger private-form or small-business label and an available private proposal, with no conflicting category. Batch rule application, not individual human review. See provenance/private_entity_rule_v1.json.",https://api.usaspending.gov/api/v2/awards/CONT_AWD_70CMSD25FR0000103_7012_GS03F137DA_4732/,,2026-09-25,approved_rule,private,,private_entity_strong_labels_v1,25231987047572b3d6344ed35ee382bfec0a8705a02a6ae506553befc4176d6f
uei:EGZ1QM1L2NN1,EGZ1QM1L2NN1,ALPINE ARMORING INC.,private,false,reviewed,Official recipient business categories support private entity; not in the approved selected detention contractor list. This is not a finding of no detention role.,https://api.usaspending.gov/api/v2/awards/CONT_AWD_70CMSD25P00000038_7012_-NONE-_-NONE-/,,2026-09-23,chart_2_review,,,,
uei:EJVWRH7GWKM3,EJVWRH7GWKM3,"WESTERN DOOR FEDERAL, LLC",private,false,reviewed,Official recipient business categories support private entity; not in the approved selected detention contractor list. This is not a finding of no detention role.,https://api.usaspending.gov/api/v2/awards/CONT_AWD_70CMSW24FR0000044_7012_47QTCB21D0207_4732/,,2026-09-23,chart_2_review,,,,
uei:EKCMJWXN6HZ5,EKCMJWXN6HZ5,BLUESTONE ANALYTICS LLC,private,false,rule_approved,"Kevin-approved rule private_entity_strong_labels_v1: exact UEI and award identities match; every checked award has a stronger private-form or small-business label and an available private proposal, with no conflicting category. Batch rule application, not individual human review. See provenance/private_entity_rule_v1.json.",https://api.usaspending.gov/api/v2/awards/CONT_AWD_70CMSD23FR0000232_7012_70CMSD20D00000003_7012/,,2026-09-25,approved_rule,private,,private_entity_strong_labels_v1,6a681d89c227d525473197152d463bacebc597504b546555a1a6ab57f05e1c7d
uei:ELA6K9ERGLF8,ELA6K9ERGLF8,THOMAS J. MORRIS III,private,false,reviewed,Official recipient business categories support private entity; not in the approved selected detention contractor list. This is not a finding of no detention role.,https://api.usaspending.gov/api/v2/awards/CONT_AWD_70CMSW26P00000010_7012_-NONE-_-NONE-/,,2026-09-23,chart_2_review,,,,
uei:EM7LMJJCF6B7,EM7LMJJCF6B7,FEDERAL EXPRESS CORPORATION,private,false,rule_approved,"Kevin-approved rule private_entity_strong_labels_v1: exact UEI and award identities match; every checked award has a stronger private-form or small-business label and an available private proposal, with no conflicting category. Batch rule application, not individual human review. See provenance/private_entity_rule_v1.json.",https://api.usaspending.gov/api/v2/awards/CONT_AWD_70CMSW25FR0000006_7012_HTC71123DC023_9700/,,2026-09-25,approved_rule,private,,private_entity_strong_labels_v1,baf30acdff559a0be7fb6d7d9b12ccb8ddca1766fc034cbb3cc075e39771ede2
uei:EMFSYRQHWLM4,EMFSYRQHWLM4,"CHENEGA DEFENSE & AEROSPACE SOLUTIONS, LLC",private,false,rule_approved,"Kevin-approved rule private_entity_strong_labels_v1: exact UEI and award identities match; every checked award has a stronger private-form or small-business label and an available private proposal, with no conflicting category. Batch rule application, not individual human review. See provenance/private_entity_rule_v1.json.",https://api.usaspending.gov/api/v2/awards/CONT_AWD_70CMSD26C00000001_7012_-NONE-_-NONE-/,,2026-09-25,approved_rule,private,,private_entity_strong_labels_v1,627a865e89d799d0f6ab7fce20c29c5b9c761e8f7168a4c3c791a7f37eb0b990
uei:EMJ7NFQSNK93,EMJ7NFQSNK93,MONTGOMERY COUNTY FIRE ACADEMY,state_local_government,false,reviewed,Official recipient categories identify state/local government; exclude hospitals and universities into the separate public/nonprofit type.,https://api.usaspending.gov/api/v2/awards/CONT_AWD_70CMSD23P00000144_7012_-NONE-_-NONE-/,,2026-09-23,chart_2_review,,,,
uei:EMNSGMGP3CP8,EMNSGMGP3CP8,GSS - GOVERNMENT SUPPORT SERVICES LLC,private,false,rule_approved,"Kevin-approved rule private_entity_strong_labels_v1: exact UEI and award identities match; every checked award has a stronger private-form or small-business label and an available private proposal, with no conflicting category. Batch rule application, not individual human review. See provenance/private_entity_rule_v1.json.",https://api.usaspending.gov/api/v2/awards/CONT_AWD_70CDCR26FR0000018_7012_70CDCR26D00000019_7012/,,2026-09-25,approved_rule,private,,private_entity_strong_labels_v1,183c53cda56f3e9553594d59c52baaaca6dd4d465657c6470bed543c0edc3cca
uei:EMXGWG6VCU39,EMXGWG6VCU39,MACQUEEN MICHAEL C,private,false,rule_approved,"Kevin-approved rule private_entity_strong_labels_v1: exact UEI and award identities match; every checked award has a stronger private-form or small-business label and an available private proposal, with no conflicting category. Batch rule application, not individual human review. See provenance/private_entity_rule_v1.json.",https://api.usaspending.gov/api/v2/awards/CONT_AWD_70CMSD24FC0000029_7012_70CMSD23A00000002_7012/,,2026-09-25,approved_rule,private,,private_entity_strong_labels_v1,a41c9e0dd012ba300fa1d29f25426546780cb5ae534d32b5a92f83779a38f5db
uei:ENPZJ7ZDKMY9,ENPZJ7ZDKMY9,"LONE STAR ARMORY, INC",private,false,rule_approved,"Kevin-approved rule private_entity_strong_labels_v1: exact UEI and award identities match; every checked award has a stronger private-form or small-business label and an available private proposal, with no conflicting category. Batch rule application, not individual human review. See provenance/private_entity_rule_v1.json.",https://api.usaspending.gov/api/v2/awards/CONT_AWD_70CMSW21P00000017_7012_-NONE-_-NONE-/,,2026-09-25,approved_rule,private,,private_entity_strong_labels_v1,1111074a50a494485b808dd34defd5e071de6afce7c9f546ca5f1013952d6d4c
uei:EPUXNLX5EYC4,EPUXNLX5EYC4,"AECOM TECHNICAL SERVICES, INC.",private,false,rule_approved,"Kevin-approved rule private_entity_strong_labels_v1: exact UEI and award identities match; every checked award has a stronger private-form or small-business label and an available private proposal, with no conflicting category. Batch rule application, not individual human review. See provenance/private_entity_rule_v1.json.",https://api.usaspending.gov/api/v2/awards/CONT_AWD_70CMSW24FR0000094_7012_70Z05018DAECOMT06_7008/,,2026-09-25,approved_rule,private,,private_entity_strong_labels_v1,22bb61af3812f2e3edc1c0239dee59627ed1c798ec15296a87a420d0ea980547
uei:ETD2JE46L235,ETD2JE46L235,"COLONIAL PARKING, INC",private,false,rule_approved,"Kevin-approved rule private_entity_strong_labels_v1: exact UEI and award identities match; every checked award has a stronger private-form or small-business label and an available private proposal, with no conflicting category. Batch rule application, not individual human review. See provenance/private_entity_rule_v1.json.",https://api.usaspending.gov/api/v2/awards/CONT_AWD_70CMSW25C00000028_7012_-NONE-_-NONE-/,,2026-09-25,approved_rule,private,,private_entity_strong_labels_v1,a2cd56d9f22905bba86d189d1375bbc944c2a53dd7a93f9c28c6c0483ac216fa
uei:ETLYL61GAVY6,ETLYL61GAVY6,PATH CONSULTING LLC,private,false,rule_approved,"Kevin-approved rule private_entity_strong_labels_v1: exact UEI and award identities match; every checked award has a stronger private-form or small-business label and an available private proposal, with no conflicting category. Batch rule application, not individual human review. See provenance/private_entity_rule_v1.json.",https://api.usaspending.gov/api/v2/awards/CONT_AWD_70CMSD25P00000057_7012_-NONE-_-NONE-/,,2026-09-25,approved_rule,private,,private_entity_strong_labels_v1,daed4831d65152c65a94761847324546f2cfaeda03a371429a4f1af857a0d655
uei:EZEEYT9FDDD5,EZEEYT9FDDD5,EDGE OPS LLC,private,false,rule_approved,"Kevin-approved rule private_entity_strong_labels_v1: exact UEI and award identities match; every checked award has a stronger private-form or small-business label and an available private proposal, with no conflicting category. Batch rule application, not individual human review. See provenance/private_entity_rule_v1.json.",https://api.usaspending.gov/api/v2/awards/CONT_AWD_70CMSD26C00000003_7012_-NONE-_-NONE-/,,2026-09-25,approved_rule,private,,private_entity_strong_labels_v1,e9c484baefc559056934c48aed651dcc88f0841e79845a7f22a74f03032ca220
uei:F125YU6SWK59,F125YU6SWK59,BATTELLE MEMORIAL INSTITUTE,unresolved,false,pending,API proposal only: available; award evidence: available,https://api.usaspending.gov/api/v2/awards/CONT_AWD_70CMSD23P00000006_7012_-NONE-_-NONE-/,,,api_proposal,other_public_nonprofit,,,
uei:F1MAV7RP8152,F1MAV7RP8152,"PUERTO RICO TELEPHONE CO, INC",private,false,rule_approved,"Kevin-approved rule private_entity_strong_labels_v1: exact UEI and award identities match; every checked award has a stronger private-form or small-business label and an available private proposal, with no conflicting category. Batch rule application, not individual human review. See provenance/private_entity_rule_v1.json.",https://api.usaspending.gov/api/v2/awards/CONT_AWD_70CMSD20P00000179_7012_-NONE-_-NONE-/,,2026-09-25,approved_rule,private,,private_entity_strong_labels_v1,9fadda18befbd9b4f4b898c8617ed88e434c705c2cb2e54232d9f90d6034b59c
uei:F1PMZXNJ7NM5,F1PMZXNJ7NM5,"SLSCO, LTD.",private,false,reviewed,Official recipient business categories support private entity; not in the approved selected detention contractor list. This is not a finding of no detention role.,https://api.usaspending.gov/api/v2/awards/CONT_AWD_70CDCR25FR0000047_7012_70CDCR25D00000050_7012/,,2026-09-23,chart_2_review,,,,
uei:F4EQF8UKA2K5,F4EQF8UKA2K5,"ALETHIX, LLC",private,false,rule_approved,"Kevin-approved rule private_entity_strong_labels_v1: exact UEI and award identities match; every checked award has a stronger private-form or small-business label and an available private proposal, with no conflicting category. Batch rule application, not individual human review. See provenance/private_entity_rule_v1.json.",https://api.usaspending.gov/api/v2/awards/CONT_AWD_70CTD021FR0000235_7012_GS35F443CA_4732/,,2026-09-25,approved_rule,private,,private_entity_strong_labels_v1,0dd42f820d3faaff2fe219379fa1928a2fe0b6362d07fe62568fca61be9d83ce
uei:F4K1JJ16G5B3,F4K1JJ16G5B3,"CAPITAL REPORTING COMPANY, LLC",private,false,rule_approved,"Kevin-approved rule private_entity_strong_labels_v1: exact UEI and award identities match; every checked award has a stronger private-form or small-business label and an available private proposal, with no conflicting category. Batch rule application, not individual human review. See provenance/private_entity_rule_v1.json.",https://api.usaspending.gov/api/v2/awards/CONT_AWD_70CMSD23P00000104_7012_-NONE-_-NONE-/,,2026-09-25,approved_rule,private,,private_entity_strong_labels_v1,2e092a3dca7a79d67f69a392f2687173941d2cc51f4bf87d5ddcd5469bb9f437
uei:F4PFMHQVJ5B9,F4PFMHQVJ5B9,"SPRY METHODS, INC.",private,false,rule_approved,"Kevin-approved rule private_entity_strong_labels_v1: exact UEI and award identities match; every checked award has a stronger private-form or small-business label and an available private proposal, with no conflicting category. Batch rule application, not individual human review. See provenance/private_entity_rule_v1.json.",https://api.usaspending.gov/api/v2/awards/CONT_AWD_70CTD025FR0000032_7012_75N98120D00079_7529/,,2026-09-25,approved_rule,private,,private_entity_strong_labels_v1,11502b0b1c7e4abe6ee1664e2ba843b319538955028f1b7e6a9ef49c3ba1e1ae
uei:F4W8LKWUTGJ8,F4W8LKWUTGJ8,"LIFE FITNESS SALES, INC.",private,false,rule_approved,"Kevin-approved rule private_entity_strong_labels_v1: exact UEI and award identities match; every checked award has a stronger private-form or small-business label and an available private proposal, with no conflicting category. Batch rule application, not individual human review. See provenance/private_entity_rule_v1.json.",https://api.usaspending.gov/api/v2/awards/CONT_AWD_70CMSD25FR0000150_7012_GS03F120DA_4732/,,2026-09-25,approved_rule,private,,private_entity_strong_labels_v1,397d9414bd0697740c462ecf18eb78079faa9a48c7e8754af3e7c0a2d3c76349
uei:F54PKUREBN41,F54PKUREBN41,EAS SYSTEMS INC,private,false,rule_approved,"Kevin-approved rule private_entity_strong_labels_v1: exact UEI and award identities match; every checked award has a stronger private-form or small-business label and an available private proposal, with no conflicting category. Batch rule application, not individual human review. See provenance/private_entity_rule_v1.json.",https://api.usaspending.gov/api/v2/awards/CONT_AWD_70CMSW25P00000020_7012_-NONE-_-NONE-/,,2026-09-25,approved_rule,private,,private_entity_strong_labels_v1,5a932380bb65791b45994388af2c352e205ecc084dc48170be4eff2a5d8dc567
uei:F5JZUL8JTEK3,F5JZUL8JTEK3,"GLOBAL PRECISION SYSTEMS, LLC",private,false,reviewed,Official recipient business categories support private entity; not in the approved selected detention contractor list. This is not a finding of no detention role.,https://api.usaspending.gov/api/v2/awards/CONT_AWD_70CMSW20FR0000034_7012_GS06Q17BQDS208_4732/,,2026-09-23,chart_2_review,,,,
uei:F6FDTGCVN3U4,F6FDTGCVN3U4,TRANS UNION LLC,private,false,reviewed,Official recipient business categories support private entity; not in the approved selected detention contractor list. This is not a finding of no detention role.,https://api.usaspending.gov/api/v2/awards/CONT_AWD_70CMSD23P00000140_7012_-NONE-_-NONE-/,,2026-09-23,chart_2_review,,,,
uei:F75LMLT8CGM5,F75LMLT8CGM5,ACTION TARGET INC,private,false,rule_approved,"Kevin-approved rule private_entity_strong_labels_v1: exact UEI and award identities match; every checked award has a stronger private-form or small-business label and an available private proposal, with no conflicting category. Batch rule application, not individual human review. See provenance/private_entity_rule_v1.json.",https://api.usaspending.gov/api/v2/awards/CONT_AWD_70CDCR24P00000026_7012_-NONE-_-NONE-/,,2026-09-25,approved_rule,private,,private_entity_strong_labels_v1,254c4d3e4820531edd6269fcc6c1e58c97c1ca22f36f2b64572c4e3b4bf742c7
uei:FA2LMHPH2EF5,FA2LMHPH2EF5,FIRST AMERICAN TITLE INSURANCE COMPANY,private,false,rule_approved,"Kevin-approved rule private_entity_strong_labels_v1: exact UEI and award identities match; every checked award has a stronger private-form or small-business label and an available private proposal, with no conflicting category. Batch rule application, not individual human review. See provenance/private_entity_rule_v1.json.",https://api.usaspending.gov/api/v2/awards/CONT_AWD_70CMSW26P00000027_7012_-NONE-_-NONE-/,,2026-09-25,approved_rule,private,,private_entity_strong_labels_v1,c78f9842023e251dda0a138ac1c2195c31ac2702ad73594dd2df0b51afa35641
uei:FAQYB9J9EA36,FAQYB9J9EA36,CONTINUITY GLOBAL SOLUTIONS LLC,private,false,rule_approved,"Kevin-approved rule private_entity_strong_labels_v1: exact UEI and award identities match; every checked award has a stronger private-form or small-business label and an available private proposal, with no conflicting category. Batch rule application, not individual human review. See provenance/private_entity_rule_v1.json.",https://api.usaspending.gov/api/v2/awards/CONT_AWD_70CDCR26FR0000085_7012_70CDCR26D00000034_7012/,,2026-09-25,approved_rule,private,,private_entity_strong_labels_v1,7a43f97b75f2fb83402200dabb49e01470eedb9569c5c1c8a06345b86ce806dd
uei:FBMJWJUTP7Z2,FBMJWJUTP7Z2,TRADE CENTER MANAGEMENT ASSOCIATES L.L.C.,private,false,rule_approved,"Kevin-approved rule private_entity_strong_labels_v1: exact UEI and award identities match; every checked award has a stronger private-form or small-business label and an available private proposal, with no conflicting category. Batch rule application, not individual human review. See provenance/private_entity_rule_v1.json.",https://api.usaspending.gov/api/v2/awards/CONT_AWD_70CDCR25P00000009_7012_-NONE-_-NONE-/,,2026-09-25,approved_rule,private,,private_entity_strong_labels_v1,d513d31420671a1405ce5fad9a0d4f225f18ce8839c28d76963035d723d08cda
uei:FCJYHNPMDK55,FCJYHNPMDK55,STRATEGIC OPERATIONAL SOLUTIONS INC,private,false,rule_approved,"Kevin-approved rule private_entity_strong_labels_v1: exact UEI and award identities match; every checked award has a stronger private-form or small-business label and an available private proposal, with no conflicting category. Batch rule application, not individual human review. See provenance/private_entity_rule_v1.json.",https://api.usaspending.gov/api/v2/awards/CONT_AWD_70CTD021FR0000052_7012_75N98119D00004_7529/,,2026-09-25,approved_rule,private,,private_entity_strong_labels_v1,adc75939bfddf15cbe5ac8d5bc2c6c90b1ece893053d9b33ee4bd9cf41fcd6af
uei:FEHXJNVE4TG7,FEHXJNVE4TG7,"ERAD GROUP, INC.",private,false,rule_approved,"Kevin-approved rule private_entity_strong_labels_v1: exact UEI and award identities match; every checked award has a stronger private-form or small-business label and an available private proposal, with no conflicting category. Batch rule application, not individual human review. See provenance/private_entity_rule_v1.json.",https://api.usaspending.gov/api/v2/awards/CONT_AWD_70CMSD24P00000075_7012_-NONE-_-NONE-/,,2026-09-25,approved_rule,private,,private_entity_strong_labels_v1,a1de4f53f37d3af140eb13fb7bd6656491b106cf249e816c33a7501ab2717bd4
uei:FFKBZ86EXD93,FFKBZ86EXD93,"PHERSON ASSOCIATES, LLC",private,false,rule_approved,"Kevin-approved rule private_entity_strong_labels_v1: exact UEI and award identities match; every checked award has a stronger private-form or small-business label and an available private proposal, with no conflicting category. Batch rule application, not individual human review. See provenance/private_entity_rule_v1.json.",https://api.usaspending.gov/api/v2/awards/CONT_AWD_70CMSD23FR0000160_7012_GS02Q16DCR0078_4732/,,2026-09-25,approved_rule,private,,private_entity_strong_labels_v1,a2a82d4c68543f90c3cbb98e6fdb51254ec1bffbec92891422b9ee248264db8f
uei:FG7CGCHSNML9,FG7CGCHSNML9,"LEIDOS SECURITY DETECTION & AUTOMATION, INC.",private,false,rule_approved,"Kevin-approved rule private_entity_strong_labels_v1: exact UEI and award identities match; every checked award has a stronger private-form or small-business label and an available private proposal, with no conflicting category. Batch rule application, not individual human review. See provenance/private_entity_rule_v1.json.",https://api.usaspending.gov/api/v2/awards/CONT_AWD_70CDCR26P00000017_7012_-NONE-_-NONE-/,,2026-09-25,approved_rule,private,,private_entity_strong_labels_v1,624c92581b967f772e68e9f1536c852ac3e44e5b8892b1e45502efdba22ae3e3
uei:FHKLJV1NP651,FHKLJV1NP651,SMITHS DETECTION INC.,private,false,rule_approved,"Kevin-approved rule private_entity_strong_labels_v1: exact UEI and award identities match; every checked award has a stronger private-form or small-business label and an available private proposal, with no conflicting category. Batch rule application, not individual human review. See provenance/private_entity_rule_v1.json.",https://api.usaspending.gov/api/v2/awards/CONT_AWD_70CMSD25FR0000048_7012_GS07F081DA_4732/,,2026-09-25,approved_rule,private,,private_entity_strong_labels_v1,3acf0b960fa2c4d1e30c0af32877931cef3baaf0048aa48b529c17e4f10f5151
uei:FJLMN2N34M93,FJLMN2N34M93,GARDAWORLD FEDERAL SERVICES LLC,private,true,reviewed,Approved selected recipient; official ICE detention/services relationship. Company-level classification only.,https://api.usaspending.gov/api/v2/awards/CONT_AWD_70CDCR26FR0000043_7012_N0002325D0032_9700/,https://www.usaspending.gov/award/CONT_AWD_70CDCR26FR0000043_7012_N0002325D0032_9700,2026-09-23,chart_2_review,,,,
uei:FKM2V8CMA8N3,FKM2V8CMA8N3,"CREATIVE CORRECTIONS, LLC",private,false,rule_approved,"Kevin-approved rule private_entity_strong_labels_v1: exact UEI and award identities match; every checked award has a stronger private-form or small-business label and an available private proposal, with no conflicting category. Batch rule application, not individual human review. See provenance/private_entity_rule_v1.json.",https://api.usaspending.gov/api/v2/awards/CONT_AWD_70CDCR21FR0000019_7012_GS00F013AA_4732/,,2026-09-25,approved_rule,private,,private_entity_strong_labels_v1,1dfe7c13ce372ed5ea7beb2e4cb0ee59f56ffdaf0db80dcbb6dcddc122edafd0
uei:FNABQRNFRHW1,FNABQRNFRHW1,PACER SERVICE CENTER,unresolved,false,pending,API proposal only: available; award evidence: available|available,https://api.usaspending.gov/api/v2/awards/CONT_AWD_70CMSD22P00000042_7012_-NONE-_-NONE-/,,,api_proposal,federal_entity,,,
uei:FRAYUVFEU2K9,FRAYUVFEU2K9,RIO GRANDE VALLEY COMMUNICATIONS GROUP,state_local_government,false,reviewed,Official recipient categories identify state/local government; exclude hospitals and universities into the separate public/nonprofit type.,https://api.usaspending.gov/api/v2/awards/CONT_AWD_70CMSD23P00000073_7012_-NONE-_-NONE-/,,2026-09-23,chart_2_review,,,,
uei:FRHDEAQDVG16,FRHDEAQDVG16,A&A HARRIS ENTERPRISES,private,false,reviewed,Official recipient business categories support private entity; not in the approved selected detention contractor list. This is not a finding of no detention role.,https://api.usaspending.gov/api/v2/awards/CONT_AWD_70CMSD26FR0000030_7012_GS07F0172V_4730/,,2026-09-23,chart_2_review,,,,
uei:FSY4LVSBGWB7,FSY4LVSBGWB7,PALANTIR TECHNOLOGIES INC.,private,false,reviewed,Official recipient business categories support private entity; not in the approved selected detention contractor list. This is not a finding of no detention role.,https://api.usaspending.gov/api/v2/awards/CONT_AWD_70CTD026FC0000012_7012_70RTAC26A00000001_7001/,,2026-09-23,chart_2_review,,,,
uei:FT7ER6XRHNU1,FT7ER6XRHNU1,CORRECTIONS CONSULTING SERVICES LLC,private,false,rule_approved,"Kevin-approved rule private_entity_strong_labels_v1: exact UEI and award identities match; every checked award has a stronger private-form or small-business label and an available private proposal, with no conflicting category. Batch rule application, not individual human review. See provenance/private_entity_rule_v1.json.",https://api.usaspending.gov/api/v2/awards/CONT_AWD_70CDCR25FR0000093_7012_47QRAA21D0068_4732/,,2026-09-25,approved_rule,private,,private_entity_strong_labels_v1,0adee0ac3ba813b1cb0ccbe3cce728e6e227cf63849ad7d39c37b57ac3140941
uei:FUENZZ7CP922,FUENZZ7CP922,"SNAP, INC",private,false,rule_approved,"Kevin-approved rule private_entity_strong_labels_v1: exact UEI and award identities match; every checked award has a stronger private-form or small-business label and an available private proposal, with no conflicting category. Batch rule application, not individual human review. See provenance/private_entity_rule_v1.json.",https://api.usaspending.gov/api/v2/awards/CONT_AWD_70CMSD24FR0000174_7012_HSHQDC13D00025_7001/,,2026-09-25,approved_rule,private,,private_entity_strong_labels_v1,f7834848768d23502cb7aea97fc1691a19d3fa70e7154ac5e715758cccb5b9e9
uei:FVJMNPLMEEJ2,FVJMNPLMEEJ2,REGENTS OF UNIVERSITY OF MINNESOTA,other_public_nonprofit,false,reviewed,"Official recipient categories: Government, Higher Education (Public). Public hospitals/universities are separated from general state/local government.",https://api.usaspending.gov/api/v2/awards/CONT_AWD_70CDCR24P00000013_7012_-NONE-_-NONE-/,,2026-09-23,chart_2_review,,,,
uei:FYAVUWB5C8K9,FYAVUWB5C8K9,"STELLA JV, LLC",private,false,rule_approved,"Kevin-approved rule private_entity_strong_labels_v1: exact UEI and award identities match; every checked award has a stronger private-form or small-business label and an available private proposal, with no conflicting category. Batch rule application, not individual human review. See provenance/private_entity_rule_v1.json.",https://api.usaspending.gov/api/v2/awards/CONT_AWD_70CMSD26FR0000001_7012_70CTD022D00000014_7012/,,2026-09-25,approved_rule,private,,private_entity_strong_labels_v1,70b750778784ced2f36195ec8d775478083f1f187aee1d702cbe7abcc8d7036a
uei:FZ69K4JMMWA3,FZ69K4JMMWA3,COHO CONSTRUCTION MANAGEMENT LLC,private,false,rule_approved,"Kevin-approved rule private_entity_strong_labels_v1: exact UEI and award identities match; every checked award has a stronger private-form or small-business label and an available private proposal, with no conflicting category. Batch rule application, not individual human review. See provenance/private_entity_rule_v1.json.",https://api.usaspending.gov/api/v2/awards/CONT_AWD_70CMSW26C00000003_7012_-NONE-_-NONE-/,,2026-09-25,approved_rule,private,,private_entity_strong_labels_v1,ad3c026d5cb82c68be41e5b754262a3459f6b64ab0e8dfb7434ec103590f48fe
uei:FZNCSKF4X6D9,FZNCSKF4X6D9,CREDENCE MANAGEMENT SOLUTIONS LIMITED LIABILITY COMPANY,private,false,rule_approved,"Kevin-approved rule private_entity_strong_labels_v1: exact UEI and award identities match; every checked award has a stronger private-form or small-business label and an available private proposal, with no conflicting category. Batch rule application, not individual human review. See provenance/private_entity_rule_v1.json.",https://api.usaspending.gov/api/v2/awards/CONT_AWD_70CTD024FR0000012_7012_75N98119D00015_7529/,,2026-09-25,approved_rule,private,,private_entity_strong_labels_v1,080f7a1a64f4d7f00fb6bb371014a4d5c36a19a90e9ea10de0283f1036dedc0b
uei:G2D4Q7UKR5P5,G2D4Q7UKR5P5,"CTG FEDERAL, LLC",private,false,rule_approved,"Kevin-approved rule private_entity_strong_labels_v1: exact UEI and award identities match; every checked award has a stronger private-form or small-business label and an available private proposal, with no conflicting category. Batch rule application, not individual human review. See provenance/private_entity_rule_v1.json.",https://api.usaspending.gov/api/v2/awards/CONT_AWD_70CMSD26FR0000035_7012_NNG15SD12B_8000/,,2026-09-25,approved_rule,private,,private_entity_strong_labels_v1,d36c7e6133d12311c0ab8846b8a8d88bee80b0a632a1f26614afcdee5e062975
uei:G4LQY2879ZT5,G4LQY2879ZT5,HIBLER NEIL S PHD ABBP,private,false,rule_approved,"Kevin-approved rule private_entity_strong_labels_v1: exact UEI and award identities match; every checked award has a stronger private-form or small-business label and an available private proposal, with no conflicting category. Batch rule application, not individual human review. See provenance/private_entity_rule_v1.json.",https://api.usaspending.gov/api/v2/awards/CONT_AWD_70CMSD24P00000067_7012_-NONE-_-NONE-/,,2026-09-25,approved_rule,private,,private_entity_strong_labels_v1,b990caa54fc08f040c29686ce2b4b4961539301a15a71124b41451495ff09fa6
uei:G4PJEQGKU5S7,G4PJEQGKU5S7,"TLI CONSTRUCTION, INC.",private,false,rule_approved,"Kevin-approved rule private_entity_strong_labels_v1: exact UEI and award identities match; every checked award has a stronger private-form or small-business label and an available private proposal, with no conflicting category. Batch rule application, not individual human review. See provenance/private_entity_rule_v1.json.",https://api.usaspending.gov/api/v2/awards/CONT_AWD_70CMSW25C00000011_7012_-NONE-_-NONE-/,,2026-09-25,approved_rule,private,,private_entity_strong_labels_v1,792308696a99049af1c6d2407974378c7f69250208545e683ce720158609346a
uei:G51QUU5YNKU9,G51QUU5YNKU9,ON POINT STRATEGY LLC,private,false,rule_approved,"Kevin-approved rule private_entity_strong_labels_v1: exact UEI and award identities match; every checked award has a stronger private-form or small-business label and an available private proposal, with no conflicting category. Batch rule application, not individual human review. See provenance/private_entity_rule_v1.json.",https://api.usaspending.gov/api/v2/awards/CONT_AWD_70CMSD23C00000002_7012_-NONE-_-NONE-/,,2026-09-25,approved_rule,private,,private_entity_strong_labels_v1,0aa0ee95c17bd5a423d2c25e7d35ab0bd4b8915278e0cf7095afb0075f6bd050
uei:G58ZEJ7HJGM1,G58ZEJ7HJGM1,MANAGEMENT & TRAINING CORPORATION,private,true,reviewed,Approved selected recipient; official ICE detention/services relationship. Company-level classification only.,https://api.usaspending.gov/api/v2/awards/CONT_AWD_70CDCR26FR0000010_7012_70CDCR20D00000006_7012/,https://www.usaspending.gov/award/CONT_AWD_70CDCR26FR0000010_7012_70CDCR20D00000006_7012,2026-09-23,chart_2_review,,,,
uei:G5CPENQNTPK1,G5CPENQNTPK1,"PUBLIC SAFETY & CORRECTIONAL SERVICES, MARYLAND DEPT OF",state_local_government,false,reviewed,Official recipient categories identify state/local government; exclude hospitals and universities into the separate public/nonprofit type.,https://api.usaspending.gov/api/v2/awards/CONT_AWD_HSCECR16P00001_7012_-NONE-_-NONE-/,,2026-09-23,chart_2_review,,,,
uei:G6CGLEPPSC85,G6CGLEPPSC85,"O2X HUMAN PERFORMANCE, LLC",private,false,rule_approved,"Kevin-approved rule private_entity_strong_labels_v1: exact UEI and award identities match; every checked award has a stronger private-form or small-business label and an available private proposal, with no conflicting category. Batch rule application, not individual human review. See provenance/private_entity_rule_v1.json.",https://api.usaspending.gov/api/v2/awards/CONT_AWD_70CMSD26P00000025_7012_-NONE-_-NONE-/,,2026-09-25,approved_rule,private,,private_entity_strong_labels_v1,fdbdfff276315cadf0b8e776b57df78a51cf0de1db0c4e1fddc5e53a57981d91
uei:G6QNJGS2FL98,G6QNJGS2FL98,CERIFI LLC,private,false,rule_approved,"Kevin-approved rule private_entity_strong_labels_v1: exact UEI and award identities match; every checked award has a stronger private-form or small-business label and an available private proposal, with no conflicting category. Batch rule application, not individual human review. See provenance/private_entity_rule_v1.json.",https://api.usaspending.gov/api/v2/awards/CONT_AWD_70CMSD25P00000136_7012_-NONE-_-NONE-/,,2026-09-25,approved_rule,private,,private_entity_strong_labels_v1,0a4e220bd2a2aa0e7031ef8802edabbf3f1f05b97ff62fc4365a4fb46628400d
uei:G9F7J6E7JC66,G9F7J6E7JC66,CROSSTOWN COURIER SERVICE INC,private,false,rule_approved,"Kevin-approved rule private_entity_strong_labels_v1: exact UEI and award identities match; every checked award has a stronger private-form or small-business label and an available private proposal, with no conflicting category. Batch rule application, not individual human review. See provenance/private_entity_rule_v1.json.",https://api.usaspending.gov/api/v2/awards/CONT_AWD_70CDCR22P00000028_7012_-NONE-_-NONE-/,,2026-09-25,approved_rule,private,,private_entity_strong_labels_v1,8d4309d945cd99ab2c3c1f085a328422bc27ea9fb4f3e39adfd5003a568f1f56
uei:G9NEBUJJYE13,G9NEBUJJYE13,THERMO SCIENTIFIC PORTABLE ANALYTICAL INSTRUMENTS INC.,private,false,rule_approved,"Kevin-approved rule private_entity_strong_labels_v1: exact UEI and award identities match; every checked award has a stronger private-form or small-business label and an available private proposal, with no conflicting category. Batch rule application, not individual human review. See provenance/private_entity_rule_v1.json.",https://api.usaspending.gov/api/v2/awards/CONT_AWD_70CMSD24FR0000049_7012_GS07F6099R_4730/,,2026-09-25,approved_rule,private,,private_entity_strong_labels_v1,0e351880ae65c19b42d86e28586a138799bc0d3cdbb7f6d62da8b5bd92ab8902
uei:G9UZV1FA25D6,G9UZV1FA25D6,ELECTRONIC DATA CARRIERS INC,private,false,rule_approved,"Kevin-approved rule private_entity_strong_labels_v1: exact UEI and award identities match; every checked award has a stronger private-form or small-business label and an available private proposal, with no conflicting category. Batch rule application, not individual human review. See provenance/private_entity_rule_v1.json.",https://api.usaspending.gov/api/v2/awards/CONT_AWD_70CMSD26P00000031_7012_-NONE-_-NONE-/,,2026-09-25,approved_rule,private,,private_entity_strong_labels_v1,e05d59f4507b650cf0213d6f18fb0dbe5b4ebc775a8f4b11d033c4902a249620
uei:GA2DPN5PSSP9,GA2DPN5PSSP9,YERKES SOUTH INC.,private,false,rule_approved,"Kevin-approved rule private_entity_strong_labels_v1: exact UEI and award identities match; every checked award has a stronger private-form or small-business label and an available private proposal, with no conflicting category. Batch rule application, not individual human review. See provenance/private_entity_rule_v1.json.",https://api.usaspending.gov/api/v2/awards/CONT_AWD_70CMSW25C00000019_7012_-NONE-_-NONE-/,,2026-09-25,approved_rule,private,,private_entity_strong_labels_v1,361131c5845ee6d315b2b79a9e7f3163f6aaf0672897f1299e5f0c42fde6fb90
uei:GAE3BQFCPWM5,GAE3BQFCPWM5,"AXIS GLOBAL ENTERPRISES, INC.",private,false,reviewed,Official recipient business categories support private entity; not in the approved selected detention contractor list. This is not a finding of no detention role.,https://api.usaspending.gov/api/v2/awards/CONT_AWD_70CMSW22P00000027_7012_-NONE-_-NONE-/,,2026-09-23,chart_2_review,,,,
uei:GAM2KTWKMFP8,GAM2KTWKMFP8,"GEE WHIZ SOFTWARE, LLC",private,false,rule_approved,"Kevin-approved rule private_entity_strong_labels_v1: exact UEI and award identities match; every checked award has a stronger private-form or small-business label and an available private proposal, with no conflicting category. Batch rule application, not individual human review. See provenance/private_entity_rule_v1.json.",https://api.usaspending.gov/api/v2/awards/CONT_AWD_70CMSD26P00000029_7012_-NONE-_-NONE-/,,2026-09-25,approved_rule,private,,private_entity_strong_labels_v1,dcd3d9cc3ef9a55da279d0b6f358fec541b424088589f206a8ba7ddb00aed1a2
uei:GANMVB95A695,GANMVB95A695,"CRESSTON CO, L.L.C. THE",private,false,rule_approved,"Kevin-approved rule private_entity_strong_labels_v1: exact UEI and award identities match; every checked award has a stronger private-form or small-business label and an available private proposal, with no conflicting category. Batch rule application, not individual human review. See provenance/private_entity_rule_v1.json.",https://api.usaspending.gov/api/v2/awards/CONT_AWD_70CMSD23FR0000024_7012_GS10F0185S_4730/,,2026-09-25,approved_rule,private,,private_entity_strong_labels_v1,c3c4e93778da128c375a974f73f1c1ae3c9f57a84d4c5ca2588243a5094d5dcf
uei:GCPTKFRJSPJ9,GCPTKFRJSPJ9,ACEPEX MANAGEMENT CORPORATION,private,false,reviewed,Official recipient business categories support private entity; not in the approved selected detention contractor list. This is not a finding of no detention role.,https://api.usaspending.gov/api/v2/awards/CONT_AWD_70CMSW19FR0000030_7012_GS06Q17BQDS201_4732/,,2026-09-23,chart_2_review,,,,
uei:GD67JZM12S72,GD67JZM12S72,COBWEBS AMERICA INC,private,false,rule_approved,"Kevin-approved rule private_entity_strong_labels_v1: exact UEI and award identities match; every checked award has a stronger private-form or small-business label and an available private proposal, with no conflicting category. Batch rule application, not individual human review. See provenance/private_entity_rule_v1.json.",https://api.usaspending.gov/api/v2/awards/CONT_AWD_70CMSD23P00000145_7012_-NONE-_-NONE-/,,2026-09-25,approved_rule,private,,private_entity_strong_labels_v1,af888634925f77c32375aec1c1a533e3a856718e7d624f09e1e8c4f87f89f9a6
uei:GEGMCJMMZ634,GEGMCJMMZ634,"THE BAPTISTE GROUP, LLC",private,false,rule_approved,"Kevin-approved rule private_entity_strong_labels_v1: exact UEI and award identities match; every checked award has a stronger private-form or small-business label and an available private proposal, with no conflicting category. Batch rule application, not individual human review. See provenance/private_entity_rule_v1.json.",https://api.usaspending.gov/api/v2/awards/CONT_AWD_70CDCR26FR0000098_7012_70CDCR26D00000047_7012/,,2026-09-25,approved_rule,private,,private_entity_strong_labels_v1,558a0971e8c523e3ccfc7a0cdc73e35ca50ceb63a804da5d9b63e238f4ceac89
uei:GFM3CRFKMQN1,GFM3CRFKMQN1,"AMAR HEALTH IT, LLC",private,false,rule_approved,"Kevin-approved rule private_entity_strong_labels_v1: exact UEI and award identities match; every checked award has a stronger private-form or small-business label and an available private proposal, with no conflicting category. Batch rule application, not individual human review. See provenance/private_entity_rule_v1.json.",https://api.usaspending.gov/api/v2/awards/CONT_AWD_70CTD026FR0000002_7012_HHSN316201200115W_7529/,,2026-09-25,approved_rule,private,,private_entity_strong_labels_v1,c19dfea6d0ea9cfc1625283f64aff58b6e274e71dca837326998511945b04408
uei:GFTGQRJ8F959,GFTGQRJ8F959,DEPLOYED RESOURCES LLC,private,false,reviewed,Official recipient business categories support private entity; not in the approved selected detention contractor list. This is not a finding of no detention role.,https://api.usaspending.gov/api/v2/awards/CONT_AWD_70CDCR25FR0000064_7012_70CDCR25D00000051_7012/,,2026-09-23,chart_2_review,,,,
uei:GG6NL8GD86D5,GG6NL8GD86D5,"KOOLER ICE, INC",private,false,rule_approved,"Kevin-approved rule private_entity_strong_labels_v1: exact UEI and award identities match; every checked award has a stronger private-form or small-business label and an available private proposal, with no conflicting category. Batch rule application, not individual human review. See provenance/private_entity_rule_v1.json.",https://api.usaspending.gov/api/v2/awards/CONT_AWD_70CMSW24P00000008_7012_-NONE-_-NONE-/,,2026-09-25,approved_rule,private,,private_entity_strong_labels_v1,d45382f3e8c785a1b36e535ac9fac20da59336f990efda87fd5a6c2bf04327d8
uei:GH6TKBJ1YMA4,GH6TKBJ1YMA4,"MINUTEMAN SECURITY TECHNOLOGIES, INC.",private,false,rule_approved,"Kevin-approved rule private_entity_strong_labels_v1: exact UEI and award identities match; every checked award has a stronger private-form or small-business label and an available private proposal, with no conflicting category. Batch rule application, not individual human review. See provenance/private_entity_rule_v1.json.",https://api.usaspending.gov/api/v2/awards/CONT_AWD_70CDCR22P00000035_7012_-NONE-_-NONE-/,,2026-09-25,approved_rule,private,,private_entity_strong_labels_v1,2dab398161964221aa54a100aed2663b6b7658a734320b10c9b046c783463529
uei:GJMSFBCNMSK3,GJMSFBCNMSK3,"ATLANTIC DIVING SUPPLY, INC.",private,false,reviewed,Official recipient business categories support private entity; not in the approved selected detention contractor list. This is not a finding of no detention role.,https://api.usaspending.gov/api/v2/awards/CONT_AWD_70CMSW25FC0000104_7012_70CMSW21A00000003_7012/,,2026-09-23,chart_2_review,,,,
uei:GJPTAMFL4894,GJPTAMFL4894,CHEVIN FLEET SOLUTIONS LLC,private,false,rule_approved,"Kevin-approved rule private_entity_strong_labels_v1: exact UEI and award identities match; every checked award has a stronger private-form or small-business label and an available private proposal, with no conflicting category. Batch rule application, not individual human review. See provenance/private_entity_rule_v1.json.",https://api.usaspending.gov/api/v2/awards/CONT_AWD_70CMSW25FR0000106_7012_47QTCA25D00DR_4732/,,2026-09-25,approved_rule,private,,private_entity_strong_labels_v1,0517f7a5e158c24775fbac81f1a006e1c50ca0b6139472d5e62a1baf1588192d
uei:GJWMUMK6MNN1,GJWMUMK6MNN1,HARTFORD PARKING AUTHORITY,unresolved,false,pending,API proposal only: conflict; award evidence: conflict,https://api.usaspending.gov/api/v2/awards/CONT_AWD_70CDCR21P00000033_7012_-NONE-_-NONE-/,,,api_proposal,unresolved,,,
uei:GK9HUFKC3LA4,GK9HUFKC3LA4,MIND YOUR BUSINESS INC,private,false,rule_approved,"Kevin-approved rule private_entity_strong_labels_v1: exact UEI and award identities match; every checked award has a stronger private-form or small-business label and an available private proposal, with no conflicting category. Batch rule application, not individual human review. See provenance/private_entity_rule_v1.json.",https://api.usaspending.gov/api/v2/awards/CONT_AWD_70CMSD23FC0000018_7012_70CMSD22A00000007_7012/,,2026-09-25,approved_rule,private,,private_entity_strong_labels_v1,37a33891cfd65b5a09f111ba40026f9fd6a461917f9fedcb9bc04973dcd4664c
uei:GKKLSBK2X567,GKKLSBK2X567,INSTRUMENTATION SERVICES INC,private,false,rule_approved,"Kevin-approved rule private_entity_strong_labels_v1: exact UEI and award identities match; every checked award has a stronger private-form or small-business label and an available private proposal, with no conflicting category. Batch rule application, not individual human review. See provenance/private_entity_rule_v1.json.",https://api.usaspending.gov/api/v2/awards/CONT_AWD_70CMSD24P00000156_7012_-NONE-_-NONE-/,,2026-09-25,approved_rule,private,,private_entity_strong_labels_v1,91f20ba07a3b291399510918c14ae02961eacadaff8e794cf48efee8c970e81a
uei:GL3LT4MQCMK7,GL3LT4MQCMK7,"CONCEPT PLUS, LLC",private,false,rule_approved,"Kevin-approved rule private_entity_strong_labels_v1: exact UEI and award identities match; every checked award has a stronger private-form or small-business label and an available private proposal, with no conflicting category. Batch rule application, not individual human review. See provenance/private_entity_rule_v1.json.",https://api.usaspending.gov/api/v2/awards/CONT_AWD_70CTD021FR0000128_7012_HHSN316201200156W_7529/,,2026-09-25,approved_rule,private,,private_entity_strong_labels_v1,8c37071200401120d16aa21cc4df16ab81eb4addc61626fc0378e7a4afba8fd7
uei:GLCNQTN6DU73,GLCNQTN6DU73,"CONVERGEONE SYSTEMS INTEGRATION, INC.",private,false,rule_approved,"Kevin-approved rule private_entity_strong_labels_v1: exact UEI and award identities match; every checked award has a stronger private-form or small-business label and an available private proposal, with no conflicting category. Batch rule application, not individual human review. See provenance/private_entity_rule_v1.json.",https://api.usaspending.gov/api/v2/awards/CONT_AWD_70CMSD22FC0000003_7012_70CTD019A00000002_7012/,,2026-09-25,approved_rule,private,,private_entity_strong_labels_v1,797445d13cb55f9c1be7709834a30fde843cc3f83cea7185a1a0929ecbb11551
uei:GR2RF6CLZJJ9,GR2RF6CLZJJ9,BARBARICUM LLC,private,false,rule_approved,"Kevin-approved rule private_entity_strong_labels_v1: exact UEI and award identities match; every checked award has a stronger private-form or small-business label and an available private proposal, with no conflicting category. Batch rule application, not individual human review. See provenance/private_entity_rule_v1.json.",https://api.usaspending.gov/api/v2/awards/CONT_AWD_70CMSW20C00000001_7012_-NONE-_-NONE-/,,2026-09-25,approved_rule,private,,private_entity_strong_labels_v1,60c9667a73fdcad8c9239c179d892e6dcc80e35ad263fc768a080a7f7e6f0e0c
uei:GS59ABNVD6N7,GS59ABNVD6N7,"CACI NSS, LLC",private,false,rule_approved,"Kevin-approved rule private_entity_strong_labels_v1: exact UEI and award identities match; every checked award has a stronger private-form or small-business label and an available private proposal, with no conflicting category. Batch rule application, not individual human review. See provenance/private_entity_rule_v1.json.",https://api.usaspending.gov/api/v2/awards/CONT_AWD_70CMSD20FR0000219_7012_GS00Q14OADU121_4732/,,2026-09-25,approved_rule,private,,private_entity_strong_labels_v1,ec6ae3536afb7b94940f322c3473ef3b3161d28922716d46132b6f1f5f855bb2
uei:GS9LV7EPJQ74,GS9LV7EPJQ74,SECURITY INSIGHTS LLC,private,false,rule_approved,"Kevin-approved rule private_entity_strong_labels_v1: exact UEI and award identities match; every checked award has a stronger private-form or small-business label and an available private proposal, with no conflicting category. Batch rule application, not individual human review. See provenance/private_entity_rule_v1.json.",https://api.usaspending.gov/api/v2/awards/CONT_AWD_70CDCR26FR0000093_7012_70CDCR26D00000042_7012/,,2026-09-25,approved_rule,private,,private_entity_strong_labels_v1,5c3c057a210e8894ea46fc8b61cf54683ceb0fc829c606bd93d2ab59091c7581
uei:GT24F8ALANS5,GT24F8ALANS5,FULCRUM CONTRACTING GROUP LLC,private,false,rule_approved,"Kevin-approved rule private_entity_strong_labels_v1: exact UEI and award identities match; every checked award has a stronger private-form or small-business label and an available private proposal, with no conflicting category. Batch rule application, not individual human review. See provenance/private_entity_rule_v1.json.",https://api.usaspending.gov/api/v2/awards/CONT_AWD_70CMSW25C00000026_7012_-NONE-_-NONE-/,,2026-09-25,approved_rule,private,,private_entity_strong_labels_v1,775ed6d6b7cb1316120cfa683ecb3d5d3933ea98c7068006b7a3eb163411b0b2
uei:GX7VU27CC847,GX7VU27CC847,FEDERAL LOCK & SAFE INC,private,false,reviewed,Official recipient business categories support private entity; not in the approved selected detention contractor list. This is not a finding of no detention role.,https://api.usaspending.gov/api/v2/awards/CONT_AWD_70CMSD24P00000149_7012_-NONE-_-NONE-/,,2026-09-23,chart_2_review,,,,
uei:GXKHMEJ96NP5,GXKHMEJ96NP5,"ANGELES SHOOTING RANGES, INCORPORATED",private,false,rule_approved,"Kevin-approved rule private_entity_strong_labels_v1: exact UEI and award identities match; every checked award has a stronger private-form or small-business label and an available private proposal, with no conflicting category. Batch rule application, not individual human review. See provenance/private_entity_rule_v1.json.",https://api.usaspending.gov/api/v2/awards/CONT_AWD_70CDCR24P00000001_7012_-NONE-_-NONE-/,,2026-09-25,approved_rule,private,,private_entity_strong_labels_v1,0e38b206561e506c37ca6f2865252494a3bf8f5606a204c791944be3b3d4e8d3
uei:GZMHL3R9LGZ3,GZMHL3R9LGZ3,"OAK GROVE TECHNOLOGIES, LLC",private,false,rule_approved,"Kevin-approved rule private_entity_strong_labels_v1: exact UEI and award identities match; every checked award has a stronger private-form or small-business label and an available private proposal, with no conflicting category. Batch rule application, not individual human review. See provenance/private_entity_rule_v1.json.",https://api.usaspending.gov/api/v2/awards/CONT_AWD_70CMSW21P00000044_7012_-NONE-_-NONE-/,,2026-09-25,approved_rule,private,,private_entity_strong_labels_v1,4db428dca07288f463ab12c8b6f6666f7d35b41d647886d8e864d22f6e234f38
uei:H1KHJPJH9R51,H1KHJPJH9R51,"FOUR POINTS TECHNOLOGY, L.L.C.",private,false,reviewed,Official recipient business categories support private entity; not in the approved selected detention contractor list. This is not a finding of no detention role.,https://api.usaspending.gov/api/v2/awards/CONT_AWD_70CTD024FR0000007_7012_70RDAD23D00000008_7001/,,2026-09-23,chart_2_review,,,,
uei:H2N5CDZKJ1F6,H2N5CDZKJ1F6,MAINSCAPE INC,private,false,reviewed,Official recipient business categories support private entity; not in the approved selected detention contractor list. This is not a finding of no detention role.,https://api.usaspending.gov/api/v2/awards/CONT_AWD_70CMSW19P00000022_7012_-NONE-_-NONE-/,,2026-09-23,chart_2_review,,,,
uei:H3UEVKGGU2A4,H3UEVKGGU2A4,CHEVO LLC,private,false,rule_approved,"Kevin-approved rule private_entity_strong_labels_v1: exact UEI and award identities match; every checked award has a stronger private-form or small-business label and an available private proposal, with no conflicting category. Batch rule application, not individual human review. See provenance/private_entity_rule_v1.json.",https://api.usaspending.gov/api/v2/awards/CONT_AWD_70CMSD20FR0000218_7012_GS00Q14OADS111_4732/,,2026-09-25,approved_rule,private,,private_entity_strong_labels_v1,ed4ed1d16da2501a3ca81dc7bc59d5434d26956145da370c1c99dad2579e4ad8
uei:H4H3J7SJCT76,H4H3J7SJCT76,"CENTERRA GROUP, LLC",private,false,reviewed,Official recipient business categories support private entity; not in the approved selected detention contractor list. This is not a finding of no detention role.,https://api.usaspending.gov/api/v2/awards/CONT_AWD_70CDCR25FR0000056_7012_70CDCR25D00000039_7012/,,2026-09-23,chart_2_review,,,,
uei:H4WHPLHWHYQ4,H4WHPLHWHYQ4,SK2 LLC,private,false,rule_approved,"Kevin-approved rule private_entity_strong_labels_v1: exact UEI and award identities match; every checked award has a stronger private-form or small-business label and an available private proposal, with no conflicting category. Batch rule application, not individual human review. See provenance/private_entity_rule_v1.json.",https://api.usaspending.gov/api/v2/awards/CONT_AWD_70CMSW26C00000002_7012_-NONE-_-NONE-/,,2026-09-25,approved_rule,private,,private_entity_strong_labels_v1,98a0bb145554dacd39b651ee8cac9679462904a15d1c5c4fe167aca5eb8532c0
uei:H5AKPL6N4L96,H5AKPL6N4L96,LEXISNEXIS SPECIAL SERVICES INC,private,false,rule_approved,"Kevin-approved rule private_entity_strong_labels_v1: exact UEI and award identities match; every checked award has a stronger private-form or small-business label and an available private proposal, with no conflicting category. Batch rule application, not individual human review. See provenance/private_entity_rule_v1.json.",https://api.usaspending.gov/api/v2/awards/CONT_AWD_70CMSD25FC0000019_7012_70CMSD20A00000001_7012/,,2026-09-25,approved_rule,private,,private_entity_strong_labels_v1,33548806e4a86d1ed7a3498d581b285d3334bf6cfd002db4eec69b1cfd87b99a
uei:H5M2KCZCA9M3,H5M2KCZCA9M3,G4S SECURE SOLUTIONS (USA) INC.,private,false,reviewed,Official recipient business categories support private entity; not in the approved selected detention contractor list. This is not a finding of no detention role.,https://api.usaspending.gov/api/v2/awards/CONT_AWD_70CDCR25FR0000014_7012_70CDCR20D00000017_7012/,,2026-09-23,chart_2_review,,,,
uei:H6NCLMPBP565,H6NCLMPBP565,"ROCKWELL AMERICAN SERVICES, LTD.",private,false,reviewed,Official recipient business categories support private entity; not in the approved selected detention contractor list. This is not a finding of no detention role.,https://api.usaspending.gov/api/v2/awards/CONT_AWD_70CDCR25FR0000076_7012_70CDCR25D00000021_7012/,,2026-09-23,chart_2_review,,,,
uei:H8YFF5F9TM53,H8YFF5F9TM53,THE HIGHLANDS RANCH LAW ENFORCEMENT TRAINING FOUNDATION,other_public_nonprofit,false,reviewed,Official recipient categories: Nonprofit Organization. Public hospitals/universities are separated from general state/local government.,https://api.usaspending.gov/api/v2/awards/CONT_AWD_70CMSW24P00000004_7012_-NONE-_-NONE-/,,2026-09-23,chart_2_review,,,,
uei:HALBTG7CMJV4,HALBTG7CMJV4,"K & M PRECISION RIFLE TRAINING, LLC",private,false,rule_approved,"Kevin-approved rule private_entity_strong_labels_v1: exact UEI and award identities match; every checked award has a stronger private-form or small-business label and an available private proposal, with no conflicting category. Batch rule application, not individual human review. See provenance/private_entity_rule_v1.json.",https://api.usaspending.gov/api/v2/awards/CONT_AWD_70CMSW24P00000017_7012_-NONE-_-NONE-/,,2026-09-25,approved_rule,private,,private_entity_strong_labels_v1,8e3acdb7a60e9480bcd92e0815e73a0517399f1dcdcb4bd2dc98c246047e94f4
uei:HAS1GMP1XMP8,HAS1GMP1XMP8,MANAGER TOOLS LLC,private,false,rule_approved,"Kevin-approved rule private_entity_strong_labels_v1: exact UEI and award identities match; every checked award has a stronger private-form or small-business label and an available private proposal, with no conflicting category. Batch rule application, not individual human review. See provenance/private_entity_rule_v1.json.",https://api.usaspending.gov/api/v2/awards/CONT_AWD_70CMSD24P00000134_7012_-NONE-_-NONE-/,,2026-09-25,approved_rule,private,,private_entity_strong_labels_v1,2f28c6e5f68eb7c36c92a3ccc32f41b360b4b3cf31268fb9dc138ad8602d57b3
uei:HB6GKZYMMW89,HB6GKZYMMW89,"LUKOS, LLC",private,false,rule_approved,"Kevin-approved rule private_entity_strong_labels_v1: exact UEI and award identities match; every checked award has a stronger private-form or small-business label and an available private proposal, with no conflicting category. Batch rule application, not individual human review. See provenance/private_entity_rule_v1.json.",https://api.usaspending.gov/api/v2/awards/CONT_AWD_70CDCR22FR0000048_7012_47QRAD20D1155_4732/,,2026-09-25,approved_rule,private,,private_entity_strong_labels_v1,ed2b9da4becdfd88ee140858ffd5f01c2cd8df04e8ea19e083bb4eb3fa0944b5
uei:HCBJCK2G9EM1,HCBJCK2G9EM1,DV UNITED LLC,private,false,rule_approved,"Kevin-approved rule private_entity_strong_labels_v1: exact UEI and award identities match; every checked award has a stronger private-form or small-business label and an available private proposal, with no conflicting category. Batch rule application, not individual human review. See provenance/private_entity_rule_v1.json.",https://api.usaspending.gov/api/v2/awards/CONT_AWD_70CTD023FR0000046_7012_HHSN316201200193W_7529/,,2026-09-25,approved_rule,private,,private_entity_strong_labels_v1,e533f9096f5c5f71bce867ad64b0dd9d4261c4409f4a76beb59411a1d40a4804
uei:HE7NJQGP4ED6,HE7NJQGP4ED6,FISHER SCIENTIFIC COMPANY L.L.C.,private,false,reviewed,Official recipient business categories support private entity; not in the approved selected detention contractor list. This is not a finding of no detention role.,https://api.usaspending.gov/api/v2/awards/CONT_AWD_70CMSD25FR0000142_7012_GS07F161BA_4732/,,2026-09-23,chart_2_review,,,,
uei:HEH2GKYLFLB9,HEH2GKYLFLB9,"RUSSO'S DOWNTOWN AUTO SERVICE, INC",private,false,rule_approved,"Kevin-approved rule private_entity_strong_labels_v1: exact UEI and award identities match; every checked award has a stronger private-form or small-business label and an available private proposal, with no conflicting category. Batch rule application, not individual human review. See provenance/private_entity_rule_v1.json.",https://api.usaspending.gov/api/v2/awards/CONT_AWD_70CMSD26P00000007_7012_-NONE-_-NONE-/,,2026-09-25,approved_rule,private,,private_entity_strong_labels_v1,fa114f102d11c6f781ca7535a28e4dd5a0be4a0a06a824711a1be7eeb927a6a4
uei:HEMNJRKKMSB1,HEMNJRKKMSB1,NATIONAL TACTICAL OFFICERS ASSOCIATION,unresolved,false,pending,API proposal only: available; award evidence: available,https://api.usaspending.gov/api/v2/awards/CONT_AWD_70CMSW24P00000003_7012_-NONE-_-NONE-/,,,api_proposal,other_public_nonprofit,,,
uei:HERXJEEWZFL7,HERXJEEWZFL7,KVG LLC,private,true,reviewed,Approved selected recipient; official ICE detention/services relationship. Company-level classification only.,https://api.usaspending.gov/api/v2/awards/CONT_AWD_70CDCR26FR0000035_7012_N0002325D0048_9700/,https://www.usaspending.gov/award/CONT_AWD_70CDCR26FR0000035_7012_N0002325D0048_9700,2026-09-23,chart_2_review,,,,
uei:HFK9V1G2B513,HFK9V1G2B513,"MOTOROLA SOLUTIONS, INC.",private,false,rule_approved,"Kevin-approved rule private_entity_strong_labels_v1: exact UEI and award identities match; every checked award has a stronger private-form or small-business label and an available private proposal, with no conflicting category. Batch rule application, not individual human review. See provenance/private_entity_rule_v1.json.",https://api.usaspending.gov/api/v2/awards/CONT_AWD_70CMSD25P00000107_7012_-NONE-_-NONE-/,,2026-09-25,approved_rule,private,,private_entity_strong_labels_v1,75681af7972df27fa67d9784717fa7822d358b822aff01a88f13fa2fcfaade2b
uei:HH2TV6FXKD46,HH2TV6FXKD46,CITY OF HAVRE DE GRACE,state_local_government,false,reviewed,Official recipient categories identify state/local government; exclude hospitals and universities into the separate public/nonprofit type.,https://api.usaspending.gov/api/v2/awards/CONT_AWD_70CMSD19P00000101_7012_-NONE-_-NONE-/,,2026-09-23,chart_2_review,,,,
uei:HHUFRJAABEJ8,HHUFRJAABEJ8,SIRINA PROTECTION SYSTEMS CORP,private,false,rule_approved,"Kevin-approved rule private_entity_strong_labels_v1: exact UEI and award identities match; every checked award has a stronger private-form or small-business label and an available private proposal, with no conflicting category. Batch rule application, not individual human review. See provenance/private_entity_rule_v1.json.",https://api.usaspending.gov/api/v2/awards/CONT_AWD_70CMSD22P00000087_7012_-NONE-_-NONE-/,,2026-09-25,approved_rule,private,,private_entity_strong_labels_v1,5af4ff84ec148d27a41877d5bf749b694da84a841db72062452d2dfebb81dbd3
uei:HHZZRGNWPL44,HHZZRGNWPL44,SAVVY PROFESSOR LLC,private,false,rule_approved,"Kevin-approved rule private_entity_strong_labels_v1: exact UEI and award identities match; every checked award has a stronger private-form or small-business label and an available private proposal, with no conflicting category. Batch rule application, not individual human review. See provenance/private_entity_rule_v1.json.",https://api.usaspending.gov/api/v2/awards/CONT_AWD_70CDCR26FR0000096_7012_70CDCR26D00000045_7012/,,2026-09-25,approved_rule,private,,private_entity_strong_labels_v1,4a1f7d753aff74666a2759e07a53b236dcc62a90925fb327a0069c579dc966ed
uei:HJGMJN1JKL46,HJGMJN1JKL46,"CORECIVIC, INC.",private,true,reviewed,Approved selected recipient; official ICE detention/services relationship. Company-level classification only.,https://api.usaspending.gov/api/v2/awards/CONT_AWD_70CDCR25FR0000122_7012_70CDCR25D00000010_7012/,https://www.usaspending.gov/award/CONT_AWD_70CDCR25FR0000122_7012_70CDCR25D00000010_7012,2026-09-23,chart_2_review,,,,
uei:HK6RKYDJ5SZ5,HK6RKYDJ5SZ5,"COXCOM, LLC",private,false,reviewed,Official recipient business categories support private entity; not in the approved selected detention contractor list. This is not a finding of no detention role.,https://api.usaspending.gov/api/v2/awards/CONT_AWD_70CMSD23P00000110_7012_-NONE-_-NONE-/,,2026-09-23,chart_2_review,,,,
uei:HKV5SEGCT3L6,HKV5SEGCT3L6,"VOUND COLORADO, LTD.",private,false,reviewed,Official recipient business categories support private entity; not in the approved selected detention contractor list. This is not a finding of no detention role.,https://api.usaspending.gov/api/v2/awards/CONT_AWD_70CMSD25P00000154_7012_-NONE-_-NONE-/,,2026-09-23,chart_2_review,,,,
uei:HKV6HSM1JVA6,HKV6HSM1JVA6,MOUNTAIN HORSE LLC,private,false,rule_approved,"Kevin-approved rule private_entity_strong_labels_v1: exact UEI and award identities match; every checked award has a stronger private-form or small-business label and an available private proposal, with no conflicting category. Batch rule application, not individual human review. See provenance/private_entity_rule_v1.json.",https://api.usaspending.gov/api/v2/awards/CONT_AWD_70CMSD24FR0000080_7012_47QSWA23D007V_4732/,,2026-09-25,approved_rule,private,,private_entity_strong_labels_v1,faf50967ab873a1c020b4f68e4c454324af9dbecb13ad6272014340e38d19b31
uei:HL38C2CWLAD1,HL38C2CWLAD1,RICHARD TERRY TIFT,private,false,reviewed,Official recipient business categories support private entity; not in the approved selected detention contractor list. This is not a finding of no detention role.,https://api.usaspending.gov/api/v2/awards/CONT_AWD_70CMSD20P00000061_7012_-NONE-_-NONE-/,,2026-09-23,chart_2_review,,,,
uei:HM9KTBAGDTJ7,HM9KTBAGDTJ7,SILVER EAGLE GROUP NORTHERN VIRGINIA LLC,private,false,rule_approved,"Kevin-approved rule private_entity_strong_labels_v1: exact UEI and award identities match; every checked award has a stronger private-form or small-business label and an available private proposal, with no conflicting category. Batch rule application, not individual human review. See provenance/private_entity_rule_v1.json.",https://api.usaspending.gov/api/v2/awards/CONT_AWD_70CDCR23P00000018_7012_-NONE-_-NONE-/,,2026-09-25,approved_rule,private,,private_entity_strong_labels_v1,4a6043c660adff3ae5d05dddeb187e5558e7b19542b25a5f1f14dc6acd8a78fa
uei:HMJ4CBSCDNY4,HMJ4CBSCDNY4,"ASSET PROTECTION & SECURITY SERVICES, L.P.",private,true,reviewed,Approved selected recipient; official ICE detention/services relationship. Company-level classification only.,https://api.usaspending.gov/api/v2/awards/CONT_AWD_70CDCR25FR0000067_7012_70CDCR25D00000035_7012/,https://www.usaspending.gov/award/CONT_AWD_70CDCR25FR0000067_7012_70CDCR25D00000035_7012,2026-09-23,chart_2_review,,,,
uei:HMJLN75ES426,HMJLN75ES426,"COSTAR REALTY INFORMATION, INC.",private,false,rule_approved,"Kevin-approved rule private_entity_strong_labels_v1: exact UEI and award identities match; every checked award has a stronger private-form or small-business label and an available private proposal, with no conflicting category. Batch rule application, not individual human review. See provenance/private_entity_rule_v1.json.",https://api.usaspending.gov/api/v2/awards/CONT_AWD_70CMSW26P00000005_7012_-NONE-_-NONE-/,,2026-09-25,approved_rule,private,,private_entity_strong_labels_v1,eeb2d1b8f1e3745bf4e7ed0e25ebe35df9dac064ef42408729ac222e6060d479
uei:HMLMDNW88ND7,HMLMDNW88ND7,AEEC-ARGENTYS LLC,private,false,rule_approved,"Kevin-approved rule private_entity_strong_labels_v1: exact UEI and award identities match; every checked award has a stronger private-form or small-business label and an available private proposal, with no conflicting category. Batch rule application, not individual human review. See provenance/private_entity_rule_v1.json.",https://api.usaspending.gov/api/v2/awards/CONT_AWD_70CTD026FR0000012_7012_HHSN316201200112W_7529/,,2026-09-25,approved_rule,private,,private_entity_strong_labels_v1,b91795a7939ac04045a7f88a5d0d62b367417602b9a79799d084eef59920a9be
uei:HNETQXJ3WAL7,HNETQXJ3WAL7,"SYNOVIX, INC.",private,false,rule_approved,"Kevin-approved rule private_entity_strong_labels_v1: exact UEI and award identities match; every checked award has a stronger private-form or small-business label and an available private proposal, with no conflicting category. Batch rule application, not individual human review. See provenance/private_entity_rule_v1.json.",https://api.usaspending.gov/api/v2/awards/CONT_AWD_70CMSW24P00000016_7012_-NONE-_-NONE-/,,2026-09-25,approved_rule,private,,private_entity_strong_labels_v1,7abead3ec3fefce69849b2af9a6e8ed5f4aab3f55e7f574702fec12b0da90b1c
uei:HP25SQ2BMJ13,HP25SQ2BMJ13,BIALEK CORPORATION OF MARYLAND,private,false,reviewed,Official recipient business categories support private entity; not in the approved selected detention contractor list. This is not a finding of no detention role.,https://api.usaspending.gov/api/v2/awards/CONT_AWD_70CMSW25FC0000101_7012_70RDAD22A00000003_7001/,,2026-09-23,chart_2_review,,,,
uei:HPTRHHN839A8,HPTRHHN839A8,"THE LANGUAGE DOCTORS, INC",private,false,rule_approved,"Kevin-approved rule private_entity_strong_labels_v1: exact UEI and award identities match; every checked award has a stronger private-form or small-business label and an available private proposal, with no conflicting category. Batch rule application, not individual human review. See provenance/private_entity_rule_v1.json.",https://api.usaspending.gov/api/v2/awards/CONT_AWD_70CMSD20FR0000193_7012_47QRAA19D00BX_4732/,,2026-09-25,approved_rule,private,,private_entity_strong_labels_v1,d67454e4c7c027ae230775a39dbd19189c4e9ec3a47b52506d70435c6d09bc4c
uei:HT74GJ837NF8,HT74GJ837NF8,"RECANA SOLUTIONS, L.L.C.",private,false,reviewed,Official recipient business categories support private entity; not in the approved selected detention contractor list. This is not a finding of no detention role.,https://api.usaspending.gov/api/v2/awards/CONT_AWD_70CDCR25FR0000071_7012_70CDCR25D00000025_7012/,,2026-09-23,chart_2_review,,,,
uei:HT8LMKTJ2UT6,HT8LMKTJ2UT6,INSTAFF SOLUTIONS LLC,private,false,rule_approved,"Kevin-approved rule private_entity_strong_labels_v1: exact UEI and award identities match; every checked award has a stronger private-form or small-business label and an available private proposal, with no conflicting category. Batch rule application, not individual human review. See provenance/private_entity_rule_v1.json.",https://api.usaspending.gov/api/v2/awards/CONT_AWD_70CMSW25C00000009_7012_-NONE-_-NONE-/,,2026-09-25,approved_rule,private,,private_entity_strong_labels_v1,863e8946cff8ad01f9da8ec2b674971071cca3b04fede079b3d5c76284cfbb27
uei:HVR7BYAMSL27,HVR7BYAMSL27,GOTHAMS LLC,private,false,reviewed,Official recipient business categories support private entity; not in the approved selected detention contractor list. This is not a finding of no detention role.,https://api.usaspending.gov/api/v2/awards/CONT_AWD_70CDCR25FR0000070_7012_70CDCR25D00000032_7012/,,2026-09-23,chart_2_review,,,,
uei:HVS7JBEK3KG7,HVS7JBEK3KG7,"FORA PATHWAYS, INC.",unresolved,false,pending,API proposal only: available; award evidence: available|available,https://api.usaspending.gov/api/v2/awards/CONT_AWD_70CMSW21C00000001_7012_-NONE-_-NONE-/,,,api_proposal,other_public_nonprofit,,,
uei:HWW3D6C5Y7X7,HWW3D6C5Y7X7,IMPERIAL COUNTY,state_local_government,false,reviewed,Official recipient categories identify state/local government; exclude hospitals and universities into the separate public/nonprofit type.,https://api.usaspending.gov/api/v2/awards/CONT_AWD_70CMSD18P00000133_7012_-NONE-_-NONE-/,,2026-09-23,chart_2_review,,,,
uei:HXM9UNZWHD34,HXM9UNZWHD34,PATHFINDER LABS LIMITED,unresolved,false,pending,API proposal only: available; award evidence: available,https://api.usaspending.gov/api/v2/awards/CONT_AWD_70CMSD23P00000150_7012_-NONE-_-NONE-/,,,api_proposal,private,,,
uei:HZ4EUKDD7AB4,HZ4EUKDD7AB4,COUNTY OF OAKLAND,state_local_government,false,reviewed,Official recipient categories identify state/local government; exclude hospitals and universities into the separate public/nonprofit type.,https://api.usaspending.gov/api/v2/awards/CONT_AWD_70CDCR24P00000004_7012_-NONE-_-NONE-/,,2026-09-23,chart_2_review,,,,
uei:J1RFEVPBPU43,J1RFEVPBPU43,PROQUEST LLC,private,false,rule_approved,"Kevin-approved rule private_entity_strong_labels_v1: exact UEI and award identities match; every checked award has a stronger private-form or small-business label and an available private proposal, with no conflicting category. Batch rule application, not individual human review. See provenance/private_entity_rule_v1.json.",https://api.usaspending.gov/api/v2/awards/CONT_AWD_70CMSD25P00000108_7012_-NONE-_-NONE-/,,2026-09-25,approved_rule,private,,private_entity_strong_labels_v1,fc9971d84ce5cd7ffa37575476abe809fa158ecb159a4786d1558422f62596c8
uei:J1YEMGLZFLC4,J1YEMGLZFLC4,REGUPOL ZEBRA ATHLETICS LLC,private,false,rule_approved,"Kevin-approved rule private_entity_strong_labels_v1: exact UEI and award identities match; every checked award has a stronger private-form or small-business label and an available private proposal, with no conflicting category. Batch rule application, not individual human review. See provenance/private_entity_rule_v1.json.",https://api.usaspending.gov/api/v2/awards/CONT_AWD_70CMSW24FR0000145_7012_47QSMA22D08Q6_4732/,,2026-09-25,approved_rule,private,,private_entity_strong_labels_v1,103421d7aa941227c7a467d5dcef305ae6e48e9d5e41131144cafb937a4e163d
uei:J3M5EM9GLUW5,J3M5EM9GLUW5,"GOVERNMENT SALES, LLC",private,false,rule_approved,"Kevin-approved rule private_entity_strong_labels_v1: exact UEI and award identities match; every checked award has a stronger private-form or small-business label and an available private proposal, with no conflicting category. Batch rule application, not individual human review. See provenance/private_entity_rule_v1.json.",https://api.usaspending.gov/api/v2/awards/CONT_AWD_70CMSW25FR0000145_7012_GS07F0518T_4730/,,2026-09-25,approved_rule,private,,private_entity_strong_labels_v1,a71066efb401564e1947fd4683f5796f3d40fe0aefeecc1c306dc316db9b4e78
uei:J49CN39QTNW3,J49CN39QTNW3,GOVERNMENT SCIENTIFIC SOURCE INC,private,false,rule_approved,"Kevin-approved rule private_entity_strong_labels_v1: exact UEI and award identities match; every checked award has a stronger private-form or small-business label and an available private proposal, with no conflicting category. Batch rule application, not individual human review. See provenance/private_entity_rule_v1.json.",https://api.usaspending.gov/api/v2/awards/CONT_AWD_70CMSD25P00000081_7012_-NONE-_-NONE-/,,2026-09-25,approved_rule,private,,private_entity_strong_labels_v1,3be9741426fc1e294d719eaad922a3fe305c8c9a474ea44d4ce73a2c1a2dd76f
uei:J76AEWGPFZT1,J76AEWGPFZT1,LASALLE CORRECTIONS V LLC,private,true,reviewed,Approved selected recipient; official ICE detention/services relationship. Company-level classification only.,https://api.usaspending.gov/api/v2/awards/CONT_AWD_70CDCR25FR0000049_7012_70CDCR25D00000040_7012/,https://www.usaspending.gov/award/CONT_AWD_70CDCR25FR0000049_7012_70CDCR25D00000040_7012,2026-09-23,chart_2_review,,,,
uei:J7LHKL7E7JJ8,J7LHKL7E7JJ8,"HOLITNA CONSTRUCTION, LLC",unresolved,false,pending,API proposal only: conflict; award evidence: available|available,https://api.usaspending.gov/api/v2/awards/CONT_AWD_70CMSW25FR0000052_7012_70CMSW22D00000004_7012/,,,api_proposal,unresolved,,,
uei:J848JJLBQFY1,J848JJLBQFY1,SP PLUS LLC,private,false,rule_approved,"Kevin-approved rule private_entity_strong_labels_v1: exact UEI and award identities match; every checked award has a stronger private-form or small-business label and an available private proposal, with no conflicting category. Batch rule application, not individual human review. See provenance/private_entity_rule_v1.json.",https://api.usaspending.gov/api/v2/awards/CONT_AWD_70CMSD24P00000022_7012_-NONE-_-NONE-/,,2026-09-25,approved_rule,private,,private_entity_strong_labels_v1,2d6ea3b4c64e88566577834adb9623ac25465f4bd7632b09bcb199c12613b641
uei:J8EZJJDGSGK1,J8EZJJDGSGK1,SATELLITE SERVICES INC,private,false,rule_approved,"Kevin-approved rule private_entity_strong_labels_v1: exact UEI and award identities match; every checked award has a stronger private-form or small-business label and an available private proposal, with no conflicting category. Batch rule application, not individual human review. See provenance/private_entity_rule_v1.json.",https://api.usaspending.gov/api/v2/awards/CONT_AWD_70CMSW19FR0000044_7012_GS21F015CA_4732/,,2026-09-25,approved_rule,private,,private_entity_strong_labels_v1,86a3ecafb6ee44a02b42eeddfc2a3be7b02827962d704f92c8314a90918a9e5a
uei:JCBMLGPE6Z71,JCBMLGPE6Z71,BOOZ ALLEN HAMILTON INC,private,false,reviewed,Official recipient business categories support private entity; not in the approved selected detention contractor list. This is not a finding of no detention role.,https://api.usaspending.gov/api/v2/awards/CONT_AWD_70CTD022FR0000002_7012_GS35F386DA_4732/,,2026-09-23,chart_2_review,,,,
uei:JCWBXRQCL8K7,JCWBXRQCL8K7,CENTRAL LAKE ARMOR EXPRESS INC,private,false,reviewed,Official recipient business categories support private entity; not in the approved selected detention contractor list. This is not a finding of no detention role.,https://api.usaspending.gov/api/v2/awards/CONT_AWD_70CMSW23FR0000093_7012_HSBP1017D00003_7014/,,2026-09-23,chart_2_review,,,,
uei:JD21AMFZVKH1,JD21AMFZVKH1,"SOUTH BAY FENCE, INC.",private,false,reviewed,Official recipient business categories support private entity; not in the approved selected detention contractor list. This is not a finding of no detention role.,https://api.usaspending.gov/api/v2/awards/CONT_AWD_70CMSD24P00000154_7012_-NONE-_-NONE-/,,2026-09-23,chart_2_review,,,,
uei:JEANDJTZ8HJ3,JEANDJTZ8HJ3,"FCN, INC.",private,false,rule_approved,"Kevin-approved rule private_entity_strong_labels_v1: exact UEI and award identities match; every checked award has a stronger private-form or small-business label and an available private proposal, with no conflicting category. Batch rule application, not individual human review. See provenance/private_entity_rule_v1.json.",https://api.usaspending.gov/api/v2/awards/CONT_AWD_70CTD026FR0000030_7012_NNG15SC71B_8000/,,2026-09-25,approved_rule,private,,private_entity_strong_labels_v1,583f02d93d3363da60b6301bb104290cb341fd490ab54e90e68ecd9d1f4183a4
uei:JF9KZLKWG4S3,JF9KZLKWG4S3,"DNI TREND JOINT VENTURES, LLC",private,false,rule_approved,"Kevin-approved rule private_entity_strong_labels_v1: exact UEI and award identities match; every checked award has a stronger private-form or small-business label and an available private proposal, with no conflicting category. Batch rule application, not individual human review. See provenance/private_entity_rule_v1.json.",https://api.usaspending.gov/api/v2/awards/CONT_AWD_70CMSW24C00000031_7012_-NONE-_-NONE-/,,2026-09-25,approved_rule,private,,private_entity_strong_labels_v1,b2ffb40dd645e4edf7620c7a916afe4315ffb1b7bb917d60587719617dd8e9dd
uei:JH21H3GAZGH1,JH21H3GAZGH1,KINRO MANUFACTURING LLC,private,false,rule_approved,"Kevin-approved rule private_entity_strong_labels_v1: exact UEI and award identities match; every checked award has a stronger private-form or small-business label and an available private proposal, with no conflicting category. Batch rule application, not individual human review. See provenance/private_entity_rule_v1.json.",https://api.usaspending.gov/api/v2/awards/CONT_AWD_70CDCR25P00000037_7012_-NONE-_-NONE-/,,2026-09-25,approved_rule,private,,private_entity_strong_labels_v1,eef90f79c7d7244711e5f9e9e601fe74b6cb3e8cf323d45da2c580bea2662f24
uei:JHVSG1RZWFW6,JHVSG1RZWFW6,"LAKOTA SOFTWARE SOLUTIONS, INC",private,false,rule_approved,"Kevin-approved rule private_entity_strong_labels_v1: exact UEI and award identities match; every checked award has a stronger private-form or small-business label and an available private proposal, with no conflicting category. Batch rule application, not individual human review. See provenance/private_entity_rule_v1.json.",https://api.usaspending.gov/api/v2/awards/CONT_AWD_70CMSD25P00000083_7012_-NONE-_-NONE-/,,2026-09-25,approved_rule,private,,private_entity_strong_labels_v1,7db3af39e92aa3a854f1195c2a81af8636cb1d8a1a73fc21a30ddb976160573d
uei:JHXKTYRL8JB9,JHXKTYRL8JB9,"DYNAMIS, INC.",private,false,rule_approved,"Kevin-approved rule private_entity_strong_labels_v1: exact UEI and award identities match; every checked award has a stronger private-form or small-business label and an available private proposal, with no conflicting category. Batch rule application, not individual human review. See provenance/private_entity_rule_v1.json.",https://api.usaspending.gov/api/v2/awards/CONT_AWD_70CMSD25FR0000132_7012_47QRCA25DS004_4732/,,2026-09-25,approved_rule,private,,private_entity_strong_labels_v1,8d26ab3b0523d6d935759dd31107e5d690003046090e178988f8d0eb6d9444b1
uei:JHYDEGZ72RH3,JHYDEGZ72RH3,"HEALTHEQUITY, INC.",private,false,rule_approved,"Kevin-approved rule private_entity_strong_labels_v1: exact UEI and award identities match; every checked award has a stronger private-form or small-business label and an available private proposal, with no conflicting category. Batch rule application, not individual human review. See provenance/private_entity_rule_v1.json.",https://api.usaspending.gov/api/v2/awards/CONT_AWD_70CMSW25FR0000023_7012_24361820D0002_2400/,,2026-09-25,approved_rule,private,,private_entity_strong_labels_v1,41a7fd1c1f05823173bf22827592f3daaf28047b250bf56531804101e4cdbcec
uei:JJ7CTZM3UJ17,JJ7CTZM3UJ17,ACO REMODELING & CONSTRUCTION INC.,private,false,rule_approved,"Kevin-approved rule private_entity_strong_labels_v1: exact UEI and award identities match; every checked award has a stronger private-form or small-business label and an available private proposal, with no conflicting category. Batch rule application, not individual human review. See provenance/private_entity_rule_v1.json.",https://api.usaspending.gov/api/v2/awards/CONT_AWD_70CMSW24C00000032_7012_-NONE-_-NONE-/,,2026-09-25,approved_rule,private,,private_entity_strong_labels_v1,c4c4e3ffb410f2dd0fe1ac68f198967e308ab3ae125d5d80a99eee9234340b70
uei:JKRDYNDWLNB8,JKRDYNDWLNB8,"MAGNET FORENSICS, LLC",private,false,rule_approved,"Kevin-approved rule private_entity_strong_labels_v1: exact UEI and award identities match; every checked award has a stronger private-form or small-business label and an available private proposal, with no conflicting category. Batch rule application, not individual human review. See provenance/private_entity_rule_v1.json.",https://api.usaspending.gov/api/v2/awards/CONT_AWD_70CMSD25P00000047_7012_-NONE-_-NONE-/,,2026-09-25,approved_rule,private,,private_entity_strong_labels_v1,ff25f923473e61cc73b4760d11c7541bc53fc94936d8db80ed7b63b180b07bd9
uei:JMLELBFBDZP9,JMLELBFBDZP9,LIVEVIEW TECHNOLOGIES INC,private,false,rule_approved,"Kevin-approved rule private_entity_strong_labels_v1: exact UEI and award identities match; every checked award has a stronger private-form or small-business label and an available private proposal, with no conflicting category. Batch rule application, not individual human review. See provenance/private_entity_rule_v1.json.",https://api.usaspending.gov/api/v2/awards/CONT_AWD_70CMSW26FR0000040_7012_47QTCA23D00DN_4732/,,2026-09-25,approved_rule,private,,private_entity_strong_labels_v1,8b8076da5c38ff1df963ea1ecb4dfda80dd0aca73ca9af0f65e2a37201731708
uei:JMLKZZ1NL2Z6,JMLKZZ1NL2Z6,"THE GEO GROUP, INC.",private,true,reviewed,Approved selected recipient; official ICE detention/services relationship. Company-level classification only.,https://api.usaspending.gov/api/v2/awards/CONT_AWD_70CDCR26FR0000108_7012_70CDCR26D00000001_7012/,https://www.usaspending.gov/award/CONT_AWD_70CDCR26FR0000108_7012_70CDCR26D00000001_7012,2026-09-23,chart_2_review,,,,
uei:JP1AJYKRSMC4,JP1AJYKRSMC4,"ITC FEDERAL, LLC",private,false,rule_approved,"Kevin-approved rule private_entity_strong_labels_v1: exact UEI and award identities match; every checked award has a stronger private-form or small-business label and an available private proposal, with no conflicting category. Batch rule application, not individual human review. See provenance/private_entity_rule_v1.json.",https://api.usaspending.gov/api/v2/awards/CONT_AWD_70CTD022FR0000019_7012_47QTCH18D0027_4732/,,2026-09-25,approved_rule,private,,private_entity_strong_labels_v1,b71055c2b12d1d5725ab107922a94b0a3cba2d600dcf0c74754640483796c48c
uei:JPADBCHCTML3,JPADBCHCTML3,THE GLOCOMS GROUP INC,private,false,rule_approved,"Kevin-approved rule private_entity_strong_labels_v1: exact UEI and award identities match; every checked award has a stronger private-form or small-business label and an available private proposal, with no conflicting category. Batch rule application, not individual human review. See provenance/private_entity_rule_v1.json.",https://api.usaspending.gov/api/v2/awards/CONT_AWD_70CMSD21P00000114_7012_-NONE-_-NONE-/,,2026-09-25,approved_rule,private,,private_entity_strong_labels_v1,25ce473b41e73a7677370d98adc3a4e20c1d2f8b6c0637c095f6f7308da78cd2
uei:JPTVGBDD3EK4,JPTVGBDD3EK4,HURON VALLEY GUNS,private,false,reviewed,Official recipient business categories support private entity; not in the approved selected detention contractor list. This is not a finding of no detention role.,https://api.usaspending.gov/api/v2/awards/CONT_AWD_70CMSD21P00000075_7012_-NONE-_-NONE-/,,2026-09-23,chart_2_review,,,,
uei:JTKZNB24MRU7,JTKZNB24MRU7,OFFICE CONCEPTS ARIZONA LLC,private,false,reviewed,Official recipient business categories support private entity; not in the approved selected detention contractor list. This is not a finding of no detention role.,https://api.usaspending.gov/api/v2/awards/CONT_AWD_70CMSW25P00000058_7012_-NONE-_-NONE-/,,2026-09-23,chart_2_review,,,,
uei:JTU8T1K96G66,JTU8T1K96G66,ACE VEDO LLC,private,false,rule_approved,"Kevin-approved rule private_entity_strong_labels_v1: exact UEI and award identities match; every checked award has a stronger private-form or small-business label and an available private proposal, with no conflicting category. Batch rule application, not individual human review. See provenance/private_entity_rule_v1.json.",https://api.usaspending.gov/api/v2/awards/CONT_AWD_70CMSD25P00000127_7012_-NONE-_-NONE-/,,2026-09-25,approved_rule,private,,private_entity_strong_labels_v1,a20f5a19a933dae3b6c0552e7ad98e063f376d87a98aefdd8a6dfa1472eeb406
uei:JUHQFKK16M15,JUHQFKK16M15,B & H INTERNATIONAL LLC,private,false,rule_approved,"Kevin-approved rule private_entity_strong_labels_v1: exact UEI and award identities match; every checked award has a stronger private-form or small-business label and an available private proposal, with no conflicting category. Batch rule application, not individual human review. See provenance/private_entity_rule_v1.json.",https://api.usaspending.gov/api/v2/awards/CONT_AWD_70CDCR20P00000001_7012_-NONE-_-NONE-/,,2026-09-25,approved_rule,private,,private_entity_strong_labels_v1,a297bdbf2d2407efa1226a2f76f074b1fa15f2baf090655a4f909e748558325e
uei:JWM8K8HUPMQ1,JWM8K8HUPMQ1,BURKE COURT REPORTING LLC,private,false,reviewed,Official recipient business categories support private entity; not in the approved selected detention contractor list. This is not a finding of no detention role.,https://api.usaspending.gov/api/v2/awards/CONT_AWD_70CMSD24FR0000057_7012_47QREA21D000R_4732/,,2026-09-23,chart_2_review,,,,
uei:JZ2AJ2KAZE17,JZ2AJ2KAZE17,VITAL GROUP SOLUTIONS LLC,private,false,rule_approved,"Kevin-approved rule private_entity_strong_labels_v1: exact UEI and award identities match; every checked award has a stronger private-form or small-business label and an available private proposal, with no conflicting category. Batch rule application, not individual human review. See provenance/private_entity_rule_v1.json.",https://api.usaspending.gov/api/v2/awards/CONT_AWD_70CMSW25P00000027_7012_-NONE-_-NONE-/,,2026-09-25,approved_rule,private,,private_entity_strong_labels_v1,2ccb701806f5de9aab9de3cc5cd8287165ac81365ed1071e51105e39cea5951f
uei:JZDMDG543QU1,JZDMDG543QU1,"EXPERIAN INFORMATION SOLUTIONS, INC.",private,false,rule_approved,"Kevin-approved rule private_entity_strong_labels_v1: exact UEI and award identities match; every checked award has a stronger private-form or small-business label and an available private proposal, with no conflicting category. Batch rule application, not individual human review. See provenance/private_entity_rule_v1.json.",https://api.usaspending.gov/api/v2/awards/CONT_AWD_70CMSD23P00000139_7012_-NONE-_-NONE-/,,2026-09-25,approved_rule,private,,private_entity_strong_labels_v1,69fb9b34dfbbdd8190e6432c3b09a287937a24f5879bb8c42cb6a7e3cfc6edf2
uei:K12SLFS1W1R8,K12SLFS1W1R8,CAROLINA CARPORTS INC,private,false,rule_approved,"Kevin-approved rule private_entity_strong_labels_v1: exact UEI and award identities match; every checked award has a stronger private-form or small-business label and an available private proposal, with no conflicting category. Batch rule application, not individual human review. See provenance/private_entity_rule_v1.json.",https://api.usaspending.gov/api/v2/awards/CONT_AWD_70CDCR25P00000019_7012_-NONE-_-NONE-/,,2026-09-25,approved_rule,private,,private_entity_strong_labels_v1,9ceff2056e50ba1c9a8e92d4f7036614bb19ba4545dfdb8507eb0412e8825a04
uei:K18HRGF7HW21,K18HRGF7HW21,INSERSO CORPORATION,private,false,reviewed,Official recipient business categories support private entity; not in the approved selected detention contractor list. This is not a finding of no detention role.,https://api.usaspending.gov/api/v2/awards/CONT_AWD_70CTD022FR0000018_7012_75N98120D00162_7529/,,2026-09-23,chart_2_review,,,,
uei:K1B6MGA23WL3,K1B6MGA23WL3,RAPID DEPLOYMENT INC,private,false,reviewed,Official recipient business categories support private entity; not in the approved selected detention contractor list. This is not a finding of no detention role.,https://api.usaspending.gov/api/v2/awards/CONT_AWD_70CDCR25FR0000069_7012_70CDCR25D00000019_7012/,,2026-09-23,chart_2_review,,,,
uei:K45PLHZ5MMS3,K45PLHZ5MMS3,"HIGH PRAIRIE SERVICES, LLC",private,false,reviewed,Official recipient business categories support private entity; not in the approved selected detention contractor list. This is not a finding of no detention role.,https://api.usaspending.gov/api/v2/awards/CONT_AWD_70CTD020FR0000276_7012_47QTCH18D0004_4732/,,2026-09-23,chart_2_review,,,,
uei:K4V5LZ9H16G5,K4V5LZ9H16G5,CELERITY GOVERNMENT SOLUTIONS LLC,private,false,rule_approved,"Kevin-approved rule private_entity_strong_labels_v1: exact UEI and award identities match; every checked award has a stronger private-form or small-business label and an available private proposal, with no conflicting category. Batch rule application, not individual human review. See provenance/private_entity_rule_v1.json.",https://api.usaspending.gov/api/v2/awards/CONT_AWD_70CMSD25FC0000011_7012_70CMSD21A00000006_7012/,,2026-09-25,approved_rule,private,,private_entity_strong_labels_v1,1b7b30366ba8724d8318ee171cd96312b2212c617415932be56bbd6c1e125b5f
uei:K4W1LMDTLUB5,K4W1LMDTLUB5,MORRIS BRADLEY L,private,false,reviewed,Official recipient business categories support private entity; not in the approved selected detention contractor list. This is not a finding of no detention role.,https://api.usaspending.gov/api/v2/awards/CONT_AWD_70CDCR20P00000040_7012_-NONE-_-NONE-/,,2026-09-23,chart_2_review,,,,
uei:K5WASFGRFAG5,K5WASFGRFAG5,DATA SYSTEMS ANALYSTS INC,private,false,rule_approved,"Kevin-approved rule private_entity_strong_labels_v1: exact UEI and award identities match; every checked award has a stronger private-form or small-business label and an available private proposal, with no conflicting category. Batch rule application, not individual human review. See provenance/private_entity_rule_v1.json.",https://api.usaspending.gov/api/v2/awards/CONT_AWD_70CTD024FR0000031_7012_HHSN316201200041W_7529/,,2026-09-25,approved_rule,private,,private_entity_strong_labels_v1,01c0552bd43e3d9bb64cbdfac26ade95171d8b11ede01f63b44be9a649267ccd
uei:K72BN7KDZUN4,K72BN7KDZUN4,"LEGAL INTERPRETING SERVICES, INC.",private,false,rule_approved,"Kevin-approved rule private_entity_strong_labels_v1: exact UEI and award identities match; every checked award has a stronger private-form or small-business label and an available private proposal, with no conflicting category. Batch rule application, not individual human review. See provenance/private_entity_rule_v1.json.",https://api.usaspending.gov/api/v2/awards/CONT_AWD_70CMSD21FR0000014_7012_GS10F0256S_4730/,,2026-09-25,approved_rule,private,,private_entity_strong_labels_v1,14dd1be2b55d1d994268da0062f168f31bd7293ac6625eba829828b98c645b8d
uei:K72DZ8LG8JA7,K72DZ8LG8JA7,"TSC MANAGEMENT, LLC",private,false,rule_approved,"Kevin-approved rule private_entity_strong_labels_v1: exact UEI and award identities match; every checked award has a stronger private-form or small-business label and an available private proposal, with no conflicting category. Batch rule application, not individual human review. See provenance/private_entity_rule_v1.json.",https://api.usaspending.gov/api/v2/awards/CONT_AWD_70CMSD24C00000006_7012_-NONE-_-NONE-/,,2026-09-25,approved_rule,private,,private_entity_strong_labels_v1,eb851319a15c8285fa628c40994d61403b04c8099b5d475e1608e138d4e4540e
uei:K731EFENGDU4,K731EFENGDU4,"PRIME MASONRY, LLC",private,false,rule_approved,"Kevin-approved rule private_entity_strong_labels_v1: exact UEI and award identities match; every checked award has a stronger private-form or small-business label and an available private proposal, with no conflicting category. Batch rule application, not individual human review. See provenance/private_entity_rule_v1.json.",https://api.usaspending.gov/api/v2/awards/CONT_AWD_70CMSW25C00000017_7012_-NONE-_-NONE-/,,2026-09-25,approved_rule,private,,private_entity_strong_labels_v1,40b97af8366ba3d760d780ef80d826e93439485ba0fa674d66db14aeff74f722
uei:K7MPSQUS6XC3,K7MPSQUS6XC3,"EAGLE HEALTH, LLC",private,false,reviewed,Official recipient business categories support private entity; not in the approved selected detention contractor list. This is not a finding of no detention role.,https://api.usaspending.gov/api/v2/awards/CONT_AWD_70CMSW22C00000012_7012_-NONE-_-NONE-/,,2026-09-23,chart_2_review,,,,
uei:K87GBMDQNEX8,K87GBMDQNEX8,OMNIPLEX WORLD SERVICES CORPORATION,private,false,rule_approved,"Kevin-approved rule private_entity_strong_labels_v1: exact UEI and award identities match; every checked award has a stronger private-form or small-business label and an available private proposal, with no conflicting category. Batch rule application, not individual human review. See provenance/private_entity_rule_v1.json.",https://api.usaspending.gov/api/v2/awards/CONT_AWD_70CMSD25FC0000009_7012_70CMSD21A00000003_7012/,,2026-09-25,approved_rule,private,,private_entity_strong_labels_v1,c08f64c10e52935dc5ca27035c6225484296e25e28401847d1e9bd1693ffab55
uei:K8CYADQX1HF3,K8CYADQX1HF3,MAXIMINO RIVERA,private,false,rule_approved,"Kevin-approved rule private_entity_strong_labels_v1: exact UEI and award identities match; every checked award has a stronger private-form or small-business label and an available private proposal, with no conflicting category. Batch rule application, not individual human review. See provenance/private_entity_rule_v1.json.",https://api.usaspending.gov/api/v2/awards/CONT_AWD_70CMSD24P00000028_7012_-NONE-_-NONE-/,,2026-09-25,approved_rule,private,,private_entity_strong_labels_v1,f90d81b8d5ceb27ed3243a3dc060635e339782d0bb57a779b6cc0072bc4d4dfa
uei:K8NNV2MH8AE6,K8NNV2MH8AE6,RICOH USA INC,private,false,rule_approved,"Kevin-approved rule private_entity_strong_labels_v1: exact UEI and award identities match; every checked award has a stronger private-form or small-business label and an available private proposal, with no conflicting category. Batch rule application, not individual human review. See provenance/private_entity_rule_v1.json.",https://api.usaspending.gov/api/v2/awards/CONT_AWD_70CMSD22FR0000135_7012_GS03F0085U_4730/,,2026-09-25,approved_rule,private,,private_entity_strong_labels_v1,098482d82941ed5e83f0e63f6448ebb3f7c5873b363d9a352150786817af7d89
uei:K8RNMK1CCQW3,K8RNMK1CCQW3,PARAGON PROFESSIONAL SERVICES LLC,private,true,reviewed,Approved selected recipient; official ICE detention/services relationship. Company-level classification only.,https://api.usaspending.gov/api/v2/awards/CONT_AWD_70CDCR25FR0000112_7012_70CDCR22D00000012_7012/,https://www.usaspending.gov/award/CONT_AWD_70CDCR25FR0000112_7012_70CDCR22D00000012_7012,2026-09-23,chart_2_review,,,,
uei:K954JM7NEL44,K954JM7NEL44,GLENNIE REPORTING SERVICES LLC,private,false,rule_approved,"Kevin-approved rule private_entity_strong_labels_v1: exact UEI and award identities match; every checked award has a stronger private-form or small-business label and an available private proposal, with no conflicting category. Batch rule application, not individual human review. See provenance/private_entity_rule_v1.json.",https://api.usaspending.gov/api/v2/awards/CONT_AWD_70CDCR24FR0000017_7012_47QREA20D000W_4732/,,2026-09-25,approved_rule,private,,private_entity_strong_labels_v1,1bd22e18753c6fd0e0803eca10653ecd962e67d43d6457589da94ec0b1058495
uei:KABJZBBJ4B54,KABJZBBJ4B54,REGENTS OF THE UNIVERSITY OF MINNESOTA,other_public_nonprofit,false,reviewed,"Official recipient categories: Nonprofit Organization, Higher Education (Public). Public hospitals/universities are separated from general state/local government.",https://api.usaspending.gov/api/v2/awards/CONT_AWD_70CDCR23P00000017_7012_-NONE-_-NONE-/,,2026-09-23,chart_2_review,,,,
uei:KBETVELWWR23,KBETVELWWR23,COUNTY OF IMPERIAL,state_local_government,false,reviewed,Official recipient categories identify state/local government; exclude hospitals and universities into the separate public/nonprofit type.,https://api.usaspending.gov/api/v2/awards/CONT_AWD_70CMSD23P00000069_7012_-NONE-_-NONE-/,,2026-09-23,chart_2_review,,,,
uei:KCJVUZCD13K3,KCJVUZCD13K3,"TEAM CARNEY, INC.",private,false,rule_approved,"Kevin-approved rule private_entity_strong_labels_v1: exact UEI and award identities match; every checked award has a stronger private-form or small-business label and an available private proposal, with no conflicting category. Batch rule application, not individual human review. See provenance/private_entity_rule_v1.json.",https://api.usaspending.gov/api/v2/awards/CONT_AWD_70CMSD25FC0000014_7012_70CMSD23A00000003_7012/,,2026-09-25,approved_rule,private,,private_entity_strong_labels_v1,8254f70f98360fdd2c56faa32f40ec023099441b1a3a12648d1a3ad7c4552cfc
uei:KEA9KRV8GPG3,KEA9KRV8GPG3,WORCESTER COUNTY,state_local_government,false,reviewed,Official recipient categories identify state/local government; exclude hospitals and universities into the separate public/nonprofit type.,https://api.usaspending.gov/api/v2/awards/CONT_AWD_70CMSW22P00000011_7012_-NONE-_-NONE-/,,2026-09-23,chart_2_review,,,,
uei:KENPNNMH2AU4,KENPNNMH2AU4,RETICENCE GROUP LLC,private,false,rule_approved,"Kevin-approved rule private_entity_strong_labels_v1: exact UEI and award identities match; every checked award has a stronger private-form or small-business label and an available private proposal, with no conflicting category. Batch rule application, not individual human review. See provenance/private_entity_rule_v1.json.",https://api.usaspending.gov/api/v2/awards/CONT_AWD_70CMSW25P00000031_7012_-NONE-_-NONE-/,,2026-09-25,approved_rule,private,,private_entity_strong_labels_v1,6a0e150f03bc20fdf8122721581b84df505c5eebed2beae937691e3087e01ad4
uei:KHFLCLB4BW91,KHFLCLB4BW91,"FEDERAL PRISON INDUSTRIES, INC",federal_entity,false,reviewed,"Official recipient categories identify national government, not state/local government.",https://api.usaspending.gov/api/v2/awards/CONT_AWD_70CMSW23P00000022_7012_-NONE-_-NONE-/,,2026-09-23,chart_2_review,,,,
uei:KHVGX8MWAZJ7,KHVGX8MWAZJ7,AVMEDICAL LLC,private,false,rule_approved,"Kevin-approved rule private_entity_strong_labels_v1: exact UEI and award identities match; every checked award has a stronger private-form or small-business label and an available private proposal, with no conflicting category. Batch rule application, not individual human review. See provenance/private_entity_rule_v1.json.",https://api.usaspending.gov/api/v2/awards/CONT_AWD_70CMSW26FC0000028_7012_70B03C23A00000027_7014/,,2026-09-25,approved_rule,private,,private_entity_strong_labels_v1,4e0086e9d2bed6fbc18cd65c11d0445ef4bd2459d19838fcf513bd7298bdbfcf
uei:KJB1WJG4NXS7,KJB1WJG4NXS7,IRON MOUNTAIN INFORMATION MANAGEMENT LLC,private,false,reviewed,Official recipient business categories support private entity; not in the approved selected detention contractor list. This is not a finding of no detention role.,https://api.usaspending.gov/api/v2/awards/CONT_AWD_70CDCR24FC0000010_7012_70RTAC23A00000001_7001/,,2026-09-23,chart_2_review,,,,
uei:KL5NHJFK1KT6,KL5NHJFK1KT6,INDEV LLC,private,false,rule_approved,"Kevin-approved rule private_entity_strong_labels_v1: exact UEI and award identities match; every checked award has a stronger private-form or small-business label and an available private proposal, with no conflicting category. Batch rule application, not individual human review. See provenance/private_entity_rule_v1.json.",https://api.usaspending.gov/api/v2/awards/CONT_AWD_70CTD026FR0000028_7012_70CTD022D00000017_7012/,,2026-09-25,approved_rule,private,,private_entity_strong_labels_v1,0ee071132d0b5e8c8c43c4934a6b45ff3afac97ad30660e9e04b543246b44ec1
uei:KMKUAFKECJ83,KMKUAFKECJ83,"EXCELLA, LLC",private,false,rule_approved,"Kevin-approved rule private_entity_strong_labels_v1: exact UEI and award identities match; every checked award has a stronger private-form or small-business label and an available private proposal, with no conflicting category. Batch rule application, not individual human review. See provenance/private_entity_rule_v1.json.",https://api.usaspending.gov/api/v2/awards/CONT_AWD_70CTD021FR0000255_7012_75N98120D00227_7529/,,2026-09-25,approved_rule,private,,private_entity_strong_labels_v1,f342a5a732ee2e79a51d0300d40896bc75e3a6f1aafcea04ccea05d14d12f522
uei:KMPML32GXV33,KMPML32GXV33,TEXAS BEB INVESTMENTS CORP,private,false,reviewed,Official recipient business categories support private entity; not in the approved selected detention contractor list. This is not a finding of no detention role.,https://api.usaspending.gov/api/v2/awards/CONT_AWD_70CMSD25P00000102_7012_-NONE-_-NONE-/,,2026-09-23,chart_2_review,,,,
uei:KMXSSRURLT43,KMXSSRURLT43,THE AMERICAN CORRECTIONAL ASSOCIATION,other_public_nonprofit,false,reviewed,Official recipient categories: Nonprofit Organization. Public hospitals/universities are separated from general state/local government.,https://api.usaspending.gov/api/v2/awards/CONT_AWD_70CDCR25P00000014_7012_-NONE-_-NONE-/,,2026-09-23,chart_2_review,,,,
uei:KNYFTL68DM54,KNYFTL68DM54,"MERRIMAC PETROLEUM, INC",private,false,reviewed,Official recipient business categories support private entity; not in the approved selected detention contractor list. This is not a finding of no detention role.,https://api.usaspending.gov/api/v2/awards/CONT_AWD_70CDCR21P00000049_7012_-NONE-_-NONE-/,,2026-09-23,chart_2_review,,,,
uei:KPGEH1F7E1M4,KPGEH1F7E1M4,"PROCENTRIX, LLC",private,false,rule_approved,"Kevin-approved rule private_entity_strong_labels_v1: exact UEI and award identities match; every checked award has a stronger private-form or small-business label and an available private proposal, with no conflicting category. Batch rule application, not individual human review. See provenance/private_entity_rule_v1.json.",https://api.usaspending.gov/api/v2/awards/CONT_AWD_70CTD023FR0000033_7012_70CTD022D00000011_7012/,,2026-09-25,approved_rule,private,,private_entity_strong_labels_v1,3bf0146f88b345ff1c35e349674595e7b16b4c87a5779f97741c9b5f65ffc739
uei:KSE1ME58AQ17,KSE1ME58AQ17,FRANKLIN COVEY CLIENT SALES INC,unresolved,false,pending,Official categories not sufficient for a reviewed type.,https://api.usaspending.gov/api/v2/awards/CONT_AWD_70CMSD19FR0000096_7012_GS02F0095T_4730/,,2026-09-23,chart_2_review,,,,
uei:KVMTJANNET58,KVMTJANNET58,GREENBRIER GOVERNMENT SOLUTIONS INC,private,false,reviewed,Official recipient business categories support private entity; not in the approved selected detention contractor list. This is not a finding of no detention role.,https://api.usaspending.gov/api/v2/awards/CONT_AWD_70CTD024FR0000071_7012_NNG15SE09B_8000/,,2026-09-23,chart_2_review,,,,
uei:KWHGJH1NUNW4,KWHGJH1NUNW4,"TMG 1953 GALLOWS ROAD, L.L.C.",private,false,rule_approved,"Kevin-approved rule private_entity_strong_labels_v1: exact UEI and award identities match; every checked award has a stronger private-form or small-business label and an available private proposal, with no conflicting category. Batch rule application, not individual human review. See provenance/private_entity_rule_v1.json.",https://api.usaspending.gov/api/v2/awards/CONT_AWD_70CMSD22P00000067_7012_-NONE-_-NONE-/,,2026-09-25,approved_rule,private,,private_entity_strong_labels_v1,5e45c2bdf665449fbb2719925f1442e65043d56bf235b63d38490c14fb6f4d3a
uei:KWNTRZVMFXP6,KWNTRZVMFXP6,"SUPREME SECURITY SYSTEMS, INC.",private,false,rule_approved,"Kevin-approved rule private_entity_strong_labels_v1: exact UEI and award identities match; every checked award has a stronger private-form or small-business label and an available private proposal, with no conflicting category. Batch rule application, not individual human review. See provenance/private_entity_rule_v1.json.",https://api.usaspending.gov/api/v2/awards/CONT_AWD_70CMSD21P00000069_7012_-NONE-_-NONE-/,,2026-09-25,approved_rule,private,,private_entity_strong_labels_v1,d9109c6d723e59fee7ec6ab6ae172c59a8962ba85bb304110315dddf304cb04e
uei:KYL2BBZKUYC3,KYL2BBZKUYC3,"RANGE 54, LLC",private,false,rule_approved,"Kevin-approved rule private_entity_strong_labels_v1: exact UEI and award identities match; every checked award has a stronger private-form or small-business label and an available private proposal, with no conflicting category. Batch rule application, not individual human review. See provenance/private_entity_rule_v1.json.",https://api.usaspending.gov/api/v2/awards/CONT_AWD_70CDCR24P00000009_7012_-NONE-_-NONE-/,,2026-09-25,approved_rule,private,,private_entity_strong_labels_v1,737f95221cc4587152ee6318df8a324d1ad3b480b3078287fe34ccb511a87e5c
uei:L2B7QQDWRGB7,L2B7QQDWRGB7,OLD HARBOR SOLUTIONS LLC,private,false,rule_approved,"Kevin-approved rule private_entity_strong_labels_v1: exact UEI and award identities match; every checked award has a stronger private-form or small-business label and an available private proposal, with no conflicting category. Batch rule application, not individual human review. See provenance/private_entity_rule_v1.json.",https://api.usaspending.gov/api/v2/awards/CONT_AWD_70CMSW23C00000029_7012_-NONE-_-NONE-/,,2026-09-25,approved_rule,private,,private_entity_strong_labels_v1,b22b1e7fac45eb15f078ed07d3594fe4e73f4d44d23f461b8035230e78b4622a
uei:L2KXFPRKVCK4,L2KXFPRKVCK4,"ADVANCED BUSINESS SOFTWARE CONSULTING, LLC",private,false,rule_approved,"Kevin-approved rule private_entity_strong_labels_v1: exact UEI and award identities match; every checked award has a stronger private-form or small-business label and an available private proposal, with no conflicting category. Batch rule application, not individual human review. See provenance/private_entity_rule_v1.json.",https://api.usaspending.gov/api/v2/awards/CONT_AWD_70CMSD24P00000112_7012_-NONE-_-NONE-/,,2026-09-25,approved_rule,private,,private_entity_strong_labels_v1,ee5aee63e24c26bd27f815781dd9ea6a7649493070eefec227abfa78c649f9e7
uei:L3P3MXXX2W59,L3P3MXXX2W59,"GLOBAL ENTERPRISE, INC",private,false,rule_approved,"Kevin-approved rule private_entity_strong_labels_v1: exact UEI and award identities match; every checked award has a stronger private-form or small-business label and an available private proposal, with no conflicting category. Batch rule application, not individual human review. See provenance/private_entity_rule_v1.json.",https://api.usaspending.gov/api/v2/awards/CONT_AWD_70CMSW24FR0000151_7012_GS30F040BA_4732/,,2026-09-25,approved_rule,private,,private_entity_strong_labels_v1,bcb3dae47e6fff58805c048f994b9e8a30c9cbe4d4649e8deaf528d487a11d80
uei:L3VCKMD7J585,L3VCKMD7J585,SOS INTERNATIONAL LLC,private,false,reviewed,Official recipient business categories support private entity; not in the approved selected detention contractor list. This is not a finding of no detention role.,https://api.usaspending.gov/api/v2/awards/CONT_AWD_70CDCR25FR0000065_7012_70CDCR25D00000037_7012/,,2026-09-23,chart_2_review,,,,
uei:L41JMCZK3GW6,L41JMCZK3GW6,"ACUITY INTERNATIONAL, LLC",private,false,reviewed,Official recipient business categories support private entity; not in the approved selected detention contractor list. This is not a finding of no detention role.,https://api.usaspending.gov/api/v2/awards/CONT_AWD_70CDCR25FR0000061_7012_70CDCR25D00000028_7012/,,2026-09-23,chart_2_review,,,,
uei:L41KVW5HYLA7,L41KVW5HYLA7,SUVI GLOBAL SERVICES LLC,private,false,rule_approved,"Kevin-approved rule private_entity_strong_labels_v1: exact UEI and award identities match; every checked award has a stronger private-form or small-business label and an available private proposal, with no conflicting category. Batch rule application, not individual human review. See provenance/private_entity_rule_v1.json.",https://api.usaspending.gov/api/v2/awards/CONT_AWD_70CTD023FR0000012_7012_47QTCB22D0275_4732/,,2026-09-25,approved_rule,private,,private_entity_strong_labels_v1,22de12e66cc401adacd713b6e46e2ced2e359164da7ce5b5cb781238baf8d956
uei:L8B6G753K3Y5,L8B6G753K3Y5,ARC - IMPERIAL VALLEY,other_public_nonprofit,false,reviewed,Official recipient categories: Nonprofit Organization. Public hospitals/universities are separated from general state/local government.,https://api.usaspending.gov/api/v2/awards/CONT_AWD_70CMSW20C00000003_7012_-NONE-_-NONE-/,,2026-09-23,chart_2_review,,,,
uei:L8BNTYVF45P7,L8BNTYVF45P7,"BERING STRAITS PROFESSIONAL SERVICES, LLC",private,false,reviewed,Official recipient business categories support private entity; not in the approved selected detention contractor list. This is not a finding of no detention role.,https://api.usaspending.gov/api/v2/awards/CONT_AWD_70CDCR25FR0000052_7012_70CDCR25D00000026_7012/,,2026-09-23,chart_2_review,,,,
uei:L8KJCAW6D9D4,L8KJCAW6D9D4,VETS2 SYNERGY LLC,private,false,rule_approved,"Kevin-approved rule private_entity_strong_labels_v1: exact UEI and award identities match; every checked award has a stronger private-form or small-business label and an available private proposal, with no conflicting category. Batch rule application, not individual human review. See provenance/private_entity_rule_v1.json.",https://api.usaspending.gov/api/v2/awards/CONT_AWD_70CMSD25FR0000112_7012_47QTCH18D0068_4732/,,2026-09-25,approved_rule,private,,private_entity_strong_labels_v1,6b0ca51ece35cdf31dd0edf7380e181cd312e4db1ab49a4eb0d9026fdd503a39
uei:L997DB4PEJL8,L997DB4PEJL8,WEST PUBLISHING CORPORATION,private,false,rule_approved,"Kevin-approved rule private_entity_strong_labels_v1: exact UEI and award identities match; every checked award has a stronger private-form or small-business label and an available private proposal, with no conflicting category. Batch rule application, not individual human review. See provenance/private_entity_rule_v1.json.",https://api.usaspending.gov/api/v2/awards/CONT_AWD_70CMSD24FR0000178_7012_GS02F026DA_4732/,,2026-09-25,approved_rule,private,,private_entity_strong_labels_v1,28f5b8147d69cb93b2db698eeaa4dd9bbef9d5f0fc3ff81def05116c5b6456f0
uei:LA83MCFN1ST3,LA83MCFN1ST3,AMERICAN PUBLIC TRAINING LLC,private,false,rule_approved,"Kevin-approved rule private_entity_strong_labels_v1: exact UEI and award identities match; every checked award has a stronger private-form or small-business label and an available private proposal, with no conflicting category. Batch rule application, not individual human review. See provenance/private_entity_rule_v1.json.",https://api.usaspending.gov/api/v2/awards/CONT_AWD_70CDCR24P00000017_7012_-NONE-_-NONE-/,,2026-09-25,approved_rule,private,,private_entity_strong_labels_v1,c9381e5781d72db9a9a87b3d85731757d954f3b7974f7289ba76d0103faddd07
uei:LA85SNBHHRK5,LA85SNBHHRK5,ECONOMY CAR RENTALS LLC,private,false,rule_approved,"Kevin-approved rule private_entity_strong_labels_v1: exact UEI and award identities match; every checked award has a stronger private-form or small-business label and an available private proposal, with no conflicting category. Batch rule application, not individual human review. See provenance/private_entity_rule_v1.json.",https://api.usaspending.gov/api/v2/awards/CONT_AWD_70CMSW25P00000001_7012_-NONE-_-NONE-/,,2026-09-25,approved_rule,private,,private_entity_strong_labels_v1,1ab95dcb962bd67b2aa253765b969238f6030920660b3f30f089464ada4723c5
uei:LB2PEHVPDGB2,LB2PEHVPDGB2,COMPASS UNITED,unresolved,false,pending,API proposal only: available; award evidence: available,https://api.usaspending.gov/api/v2/awards/CONT_AWD_70CDCR26FR0000084_7012_70CDCR26D00000033_7012/,,,api_proposal,other_public_nonprofit,,,
uei:LBP9NHTYELK3,LBP9NHTYELK3,"INFORMATION TECHNOLOGY STRATEGIES, INC.",private,false,rule_approved,"Kevin-approved rule private_entity_strong_labels_v1: exact UEI and award identities match; every checked award has a stronger private-form or small-business label and an available private proposal, with no conflicting category. Batch rule application, not individual human review. See provenance/private_entity_rule_v1.json.",https://api.usaspending.gov/api/v2/awards/CONT_AWD_70CTD021FR0000245_7012_75N98120D00122_7529/,,2026-09-25,approved_rule,private,,private_entity_strong_labels_v1,80fdeabc9394df5cf9d97a724d8b3fb791d521fb4ab11f11b7a14748ed0cee8c
uei:LC1TJNRE6KX7,LC1TJNRE6KX7,FOSTER & FREEMAN USA INC,private,false,reviewed,Official recipient business categories support private entity; not in the approved selected detention contractor list. This is not a finding of no detention role.,https://api.usaspending.gov/api/v2/awards/CONT_AWD_70CMSD25P00000087_7012_-NONE-_-NONE-/,,2026-09-23,chart_2_review,,,,
uei:LCJ3MDABAV97,LCJ3MDABAV97,"MAVAGI ENTERPRISES, INC.",other_public_nonprofit,false,reviewed,Official recipient categories: Nonprofit Organization. Public hospitals/universities are separated from general state/local government.,https://api.usaspending.gov/api/v2/awards/CONT_AWD_70CMSW18C00000006_7012_-NONE-_-NONE-/,,2026-09-23,chart_2_review,,,,
uei:LCVMT6JYMPM5,LCVMT6JYMPM5,"COLT SERVICES, INC",private,false,rule_approved,"Kevin-approved rule private_entity_strong_labels_v1: exact UEI and award identities match; every checked award has a stronger private-form or small-business label and an available private proposal, with no conflicting category. Batch rule application, not individual human review. See provenance/private_entity_rule_v1.json.",https://api.usaspending.gov/api/v2/awards/CONT_AWD_70CDCR24P00000028_7012_-NONE-_-NONE-/,,2026-09-25,approved_rule,private,,private_entity_strong_labels_v1,3ca3c0c97a09a1b883b22518ab04eca4dd05af7b3316f93ca8b3dfd7c6b28297
uei:LDN5TKHEWBK7,LDN5TKHEWBK7,"VERATO, INC.",private,false,rule_approved,"Kevin-approved rule private_entity_strong_labels_v1: exact UEI and award identities match; every checked award has a stronger private-form or small-business label and an available private proposal, with no conflicting category. Batch rule application, not individual human review. See provenance/private_entity_rule_v1.json.",https://api.usaspending.gov/api/v2/awards/CONT_AWD_70CMSD26FC0000026_7012_70CMSD25A00000001_7012/,,2026-09-25,approved_rule,private,,private_entity_strong_labels_v1,097a1b5ee103d109f1ebb8a9e75ffe78af59fb029638a13dfee48ebad55d81f8
uei:LF2CZQCKXTL7,LF2CZQCKXTL7,POTOMAC CENTER NORTH INC,unresolved,false,pending,API proposal only: available; award evidence: available,https://api.usaspending.gov/api/v2/awards/CONT_AWD_70CMSW24C00000009_7012_-NONE-_-NONE-/,,,api_proposal,other_public_nonprofit,,,
uei:LF9ELQ358QD8,LF9ELQ358QD8,STERICYCLE INC,private,false,rule_approved,"Kevin-approved rule private_entity_strong_labels_v1: exact UEI and award identities match; every checked award has a stronger private-form or small-business label and an available private proposal, with no conflicting category. Batch rule application, not individual human review. See provenance/private_entity_rule_v1.json.",https://api.usaspending.gov/api/v2/awards/CONT_AWD_70CMSD24P00000060_7012_-NONE-_-NONE-/,,2026-09-25,approved_rule,private,,private_entity_strong_labels_v1,3d130d85f7819a2d3242ff6fb0e3c0ca3a48c884af58346642e8f5c2316edbec
uei:LFDFJPULHSF5,LFDFJPULHSF5,"PKH ENTERPRISES, LLC",private,false,rule_approved,"Kevin-approved rule private_entity_strong_labels_v1: exact UEI and award identities match; every checked award has a stronger private-form or small-business label and an available private proposal, with no conflicting category. Batch rule application, not individual human review. See provenance/private_entity_rule_v1.json.",https://api.usaspending.gov/api/v2/awards/CONT_AWD_70CMSW25C00000008_7012_-NONE-_-NONE-/,,2026-09-25,approved_rule,private,,private_entity_strong_labels_v1,1958f8e96c281d48823cab745dabfc6069ea11a839741a1b9c1fba0c2477a02d
uei:LFGVWV3W91H8,LFGVWV3W91H8,NAR TRAINING LLC,private,false,rule_approved,"Kevin-approved rule private_entity_strong_labels_v1: exact UEI and award identities match; every checked award has a stronger private-form or small-business label and an available private proposal, with no conflicting category. Batch rule application, not individual human review. See provenance/private_entity_rule_v1.json.",https://api.usaspending.gov/api/v2/awards/CONT_AWD_70CMSW25P00000005_7012_-NONE-_-NONE-/,,2026-09-25,approved_rule,private,,private_entity_strong_labels_v1,505afb1c52ff172e4c80200606e79c141880939eed244187c65885ee4ef53865
uei:LG4AXJ2HMHN3,LG4AXJ2HMHN3,CHUGACH TECHNICAL SOLUTIONS LLC,private,false,reviewed,Official recipient business categories support private entity; not in the approved selected detention contractor list. This is not a finding of no detention role.,https://api.usaspending.gov/api/v2/awards/CONT_AWD_70CMSD21FR0000161_7012_47QRAD20D1144_4732/,,2026-09-23,chart_2_review,,,,
uei:LG7SDLNKUQ27,LG7SDLNKUQ27,TRANSOURCE SERVICES CORP.,private,false,rule_approved,"Kevin-approved rule private_entity_strong_labels_v1: exact UEI and award identities match; every checked award has a stronger private-form or small-business label and an available private proposal, with no conflicting category. Batch rule application, not individual human review. See provenance/private_entity_rule_v1.json.",https://api.usaspending.gov/api/v2/awards/CONT_AWD_70CMSD25FR0000161_7012_NNG15SD93B_8000/,,2026-09-25,approved_rule,private,,private_entity_strong_labels_v1,03e394cd15dc2f0dfa1eccffca8f4916fc538d598115fdbe1defacb687b56cb4
uei:LGVKCEF1UYB9,LGVKCEF1UYB9,"VITAL RECORDS HOLDINGS, LLC",private,false,rule_approved,"Kevin-approved rule private_entity_strong_labels_v1: exact UEI and award identities match; every checked award has a stronger private-form or small-business label and an available private proposal, with no conflicting category. Batch rule application, not individual human review. See provenance/private_entity_rule_v1.json.",https://api.usaspending.gov/api/v2/awards/CONT_AWD_70CMSD25P00000113_7012_-NONE-_-NONE-/,,2026-09-25,approved_rule,private,,private_entity_strong_labels_v1,a04798f2ca5ee77fdb281107eb7e0dcde3308eae568b073c3ea4437cf6083fba
uei:LJDYMQACQ837,LJDYMQACQ837,"STRATASYS, INC",private,false,rule_approved,"Kevin-approved rule private_entity_strong_labels_v1: exact UEI and award identities match; every checked award has a stronger private-form or small-business label and an available private proposal, with no conflicting category. Batch rule application, not individual human review. See provenance/private_entity_rule_v1.json.",https://api.usaspending.gov/api/v2/awards/CONT_AWD_70CMSD24P00000041_7012_-NONE-_-NONE-/,,2026-09-25,approved_rule,private,,private_entity_strong_labels_v1,9705a99c12e0fb8b53628000e72ccafcf60e495c32f2af530c8a6ad2727a3e8c
uei:LKAAJG8KK4U1,LKAAJG8KK4U1,RELX INC.,private,false,rule_approved,"Kevin-approved rule private_entity_strong_labels_v1: exact UEI and award identities match; every checked award has a stronger private-form or small-business label and an available private proposal, with no conflicting category. Batch rule application, not individual human review. See provenance/private_entity_rule_v1.json.",https://api.usaspending.gov/api/v2/awards/CONT_AWD_70CDCR23P00000003_7012_-NONE-_-NONE-/,,2026-09-25,approved_rule,private,,private_entity_strong_labels_v1,a5eb58192ca6d25e8d9443301c883902ba495b0a181b0bc8a9538dbea7b7f907
uei:LKDKNKF56SS8,LKDKNKF56SS8,SECURADYNE SYSTEMS INTERMEDIATE LLC,private,false,rule_approved,"Kevin-approved rule private_entity_strong_labels_v1: exact UEI and award identities match; every checked award has a stronger private-form or small-business label and an available private proposal, with no conflicting category. Batch rule application, not individual human review. See provenance/private_entity_rule_v1.json.",https://api.usaspending.gov/api/v2/awards/CONT_AWD_70CMSD20P00000112_7012_-NONE-_-NONE-/,,2026-09-25,approved_rule,private,,private_entity_strong_labels_v1,c0dd954c2059850cbc971cccfee5e2683613221e1702d43913646b4c7ae46c35
uei:LKVWVNBXBE65,LKVWVNBXBE65,JOHANN ESPINO,private,false,rule_approved,"Kevin-approved rule private_entity_strong_labels_v1: exact UEI and award identities match; every checked award has a stronger private-form or small-business label and an available private proposal, with no conflicting category. Batch rule application, not individual human review. See provenance/private_entity_rule_v1.json.",https://api.usaspending.gov/api/v2/awards/CONT_AWD_70CMSD25P00000058_7012_-NONE-_-NONE-/,,2026-09-25,approved_rule,private,,private_entity_strong_labels_v1,d4c05d5f5b0426dce8b1439690d2a7c24222751b0ea3438aa96fb56631ffaf18
uei:LLMHPD1Q3X51,LLMHPD1Q3X51,"TARGET LOGISTICS MANAGEMENT, LLC",private,false,reviewed,Official recipient business categories support private entity; not in the approved selected detention contractor list. This is not a finding of no detention role.,https://api.usaspending.gov/api/v2/awards/CONT_AWD_70CDCR25FR0000066_7012_70CDCR25D00000054_7012/,,2026-09-23,chart_2_review,,,,
uei:LM8XTH7YPP45,LM8XTH7YPP45,"LVC COMPANIES, INC.",private,false,rule_approved,"Kevin-approved rule private_entity_strong_labels_v1: exact UEI and award identities match; every checked award has a stronger private-form or small-business label and an available private proposal, with no conflicting category. Batch rule application, not individual human review. See provenance/private_entity_rule_v1.json.",https://api.usaspending.gov/api/v2/awards/CONT_AWD_70CMSD26P00000019_7012_-NONE-_-NONE-/,,2026-09-25,approved_rule,private,,private_entity_strong_labels_v1,5359d87c4b71573c922ac55e032f0008a7e8ed0afccb52bedd97fc412bb2fbdd
uei:LNGDKXU4TCJ7,LNGDKXU4TCJ7,CUBE ROOT CORPORATION,private,false,rule_approved,"Kevin-approved rule private_entity_strong_labels_v1: exact UEI and award identities match; every checked award has a stronger private-form or small-business label and an available private proposal, with no conflicting category. Batch rule application, not individual human review. See provenance/private_entity_rule_v1.json.",https://api.usaspending.gov/api/v2/awards/CONT_AWD_70CMSW23C00000025_7012_-NONE-_-NONE-/,,2026-09-25,approved_rule,private,,private_entity_strong_labels_v1,3246f69378d7bd410014cf7248f646d7d5b89b774650f7832f46b92cf8e4af8e
uei:LNSLDXNFCF81,LNSLDXNFCF81,PELLERIN MILNOR CORPORATION,private,false,rule_approved,"Kevin-approved rule private_entity_strong_labels_v1: exact UEI and award identities match; every checked award has a stronger private-form or small-business label and an available private proposal, with no conflicting category. Batch rule application, not individual human review. See provenance/private_entity_rule_v1.json.",https://api.usaspending.gov/api/v2/awards/CONT_AWD_70CMSW26FR0000039_7012_47QSWA18D009F_4732/,,2026-09-25,approved_rule,private,,private_entity_strong_labels_v1,776a624b65d7ae61ca8dbd4a94e499d8915a17f71121e8e2298029c99d0b15da
uei:LP4YHJRNVQ73,LP4YHJRNVQ73,DNA LABS INTERNATIONAL INC,private,false,rule_approved,"Kevin-approved rule private_entity_strong_labels_v1: exact UEI and award identities match; every checked award has a stronger private-form or small-business label and an available private proposal, with no conflicting category. Batch rule application, not individual human review. See provenance/private_entity_rule_v1.json.",https://api.usaspending.gov/api/v2/awards/CONT_AWD_70CMSD25P00000151_7012_-NONE-_-NONE-/,,2026-09-25,approved_rule,private,,private_entity_strong_labels_v1,253db944c98ce06336b1b630433c0d9a32fabe6750da66113d8c196bf9f3e4ae
uei:LQKTFZMD19B3,LQKTFZMD19B3,ARAYNA TECHNOLOGY SOLUTIONS LLC,private,false,rule_approved,"Kevin-approved rule private_entity_strong_labels_v1: exact UEI and award identities match; every checked award has a stronger private-form or small-business label and an available private proposal, with no conflicting category. Batch rule application, not individual human review. See provenance/private_entity_rule_v1.json.",https://api.usaspending.gov/api/v2/awards/CONT_AWD_70CTD024P00000014_7012_-NONE-_-NONE-/,,2026-09-25,approved_rule,private,,private_entity_strong_labels_v1,5c1f13fdcc3a83d975b9a1c07b5ec56861bf87723fa5bc5869f9cdefa4a7da89
uei:LT1AZYC3CXK5,LT1AZYC3CXK5,"DIGNARI, LLC",private,false,rule_approved,"Kevin-approved rule private_entity_strong_labels_v1: exact UEI and award identities match; every checked award has a stronger private-form or small-business label and an available private proposal, with no conflicting category. Batch rule application, not individual human review. See provenance/private_entity_rule_v1.json.",https://api.usaspending.gov/api/v2/awards/CONT_AWD_70CDCR23FC0000007_7012_70RDAD21A00000010_7001/,,2026-09-25,approved_rule,private,,private_entity_strong_labels_v1,f5af8e9fd5445ba626738690a81cc54b91cf4dbdd0f1edc37bd60edf18556249
uei:LTKEUHNL1DV3,LTKEUHNL1DV3,"CORNERSTONE DETENTION PRODUCTS, INC",private,false,rule_approved,"Kevin-approved rule private_entity_strong_labels_v1: exact UEI and award identities match; every checked award has a stronger private-form or small-business label and an available private proposal, with no conflicting category. Batch rule application, not individual human review. See provenance/private_entity_rule_v1.json.",https://api.usaspending.gov/api/v2/awards/CONT_AWD_70CMSW22C00000016_7012_-NONE-_-NONE-/,,2026-09-25,approved_rule,private,,private_entity_strong_labels_v1,2f518e95914421ef0fedd57fed1a50e63c169908b0a194ab9bc29cbedd67ca49
uei:LTNMH66H9T45,LTNMH66H9T45,ANSI NATIONAL ACCREDITATION BOARD LLC,unresolved,false,pending,API proposal only: available; award evidence: available,https://api.usaspending.gov/api/v2/awards/CONT_AWD_70CMSD24P00000005_7012_-NONE-_-NONE-/,,,api_proposal,other_public_nonprofit,,,
uei:LTZPLD2SJKW3,LTZPLD2SJKW3,"A-ACTION FACILITY SERVICES, INC.",private,false,reviewed,Official recipient business categories support private entity; not in the approved selected detention contractor list. This is not a finding of no detention role.,https://api.usaspending.gov/api/v2/awards/CONT_AWD_70CMSW22C00000006_7012_-NONE-_-NONE-/,,2026-09-23,chart_2_review,,,,
uei:LU7FQ36N2QU3,LU7FQ36N2QU3,MK2 TECHNOLOGIES LLC,private,false,rule_approved,"Kevin-approved rule private_entity_strong_labels_v1: exact UEI and award identities match; every checked award has a stronger private-form or small-business label and an available private proposal, with no conflicting category. Batch rule application, not individual human review. See provenance/private_entity_rule_v1.json.",https://api.usaspending.gov/api/v2/awards/CONT_AWD_70CMSW24FR0000082_7012_47QTCB21D0109_4732/,,2026-09-25,approved_rule,private,,private_entity_strong_labels_v1,62bd829edf1b5097df91ebe71775a4c56f44ddff13d5d00d01a2f6e0678d6fb6
uei:LUDNH5K4XQU9,LUDNH5K4XQU9,"AKIMA GLOBAL SERVICES, LLC",private,true,reviewed,Approved selected recipient; official ICE detention/services relationship. Company-level classification only.,https://api.usaspending.gov/api/v2/awards/CONT_AWD_70CDCR23FR0000036_7012_70CDCR23D00000004_7012/,https://www.usaspending.gov/award/CONT_AWD_70CDCR23FR0000036_7012_70CDCR23D00000004_7012,2026-09-23,chart_2_review,,,,
uei:LV48TMKCY627,LV48TMKCY627,HEARTLAND ENERGY PARTNERS LLC,private,false,rule_approved,"Kevin-approved rule private_entity_strong_labels_v1: exact UEI and award identities match; every checked award has a stronger private-form or small-business label and an available private proposal, with no conflicting category. Batch rule application, not individual human review. See provenance/private_entity_rule_v1.json.",https://api.usaspending.gov/api/v2/awards/CONT_AWD_70CMSD21FR0000046_7012_47QRAD20D1201_4732/,,2026-09-25,approved_rule,private,,private_entity_strong_labels_v1,b54c6891a41673ea0378887adb182c13b45c4a98943ebb4c963ae2c83c14ff6b
uei:LWJKU2122JT1,LWJKU2122JT1,"PHOENIX GENERAL CONTRACTORS, LLC",private,false,rule_approved,"Kevin-approved rule private_entity_strong_labels_v1: exact UEI and award identities match; every checked award has a stronger private-form or small-business label and an available private proposal, with no conflicting category. Batch rule application, not individual human review. See provenance/private_entity_rule_v1.json.",https://api.usaspending.gov/api/v2/awards/CONT_AWD_70CMSW23C00000019_7012_-NONE-_-NONE-/,,2026-09-25,approved_rule,private,,private_entity_strong_labels_v1,03af75713dff2044834f49d7a307c7363cc48afb613b66458645bbe80592eadd
uei:M2G6MRHG39A5,M2G6MRHG39A5,"STAHLA SERVICES, LLC",private,false,rule_approved,"Kevin-approved rule private_entity_strong_labels_v1: exact UEI and award identities match; every checked award has a stronger private-form or small-business label and an available private proposal, with no conflicting category. Batch rule application, not individual human review. See provenance/private_entity_rule_v1.json.",https://api.usaspending.gov/api/v2/awards/CONT_AWD_70CDCR25P00000031_7012_-NONE-_-NONE-/,,2026-09-25,approved_rule,private,,private_entity_strong_labels_v1,031f25cac63e427d93e8e9ba45f579117915362ef741df33e3c69bc1afb758cf
uei:M6F7EMK12F83,M6F7EMK12F83,"H. M. PITT LABS, INC.",private,false,reviewed,Official recipient business categories support private entity; not in the approved selected detention contractor list. This is not a finding of no detention role.,https://api.usaspending.gov/api/v2/awards/CONT_AWD_70CMSW20P00000014_7012_-NONE-_-NONE-/,,2026-09-23,chart_2_review,,,,
uei:M82PBCZG99E5,M82PBCZG99E5,SQUARE ONE ARMORING SERVICES CO.,private,false,rule_approved,"Kevin-approved rule private_entity_strong_labels_v1: exact UEI and award identities match; every checked award has a stronger private-form or small-business label and an available private proposal, with no conflicting category. Batch rule application, not individual human review. See provenance/private_entity_rule_v1.json.",https://api.usaspending.gov/api/v2/awards/CONT_AWD_70CMSD25P00000056_7012_-NONE-_-NONE-/,,2026-09-25,approved_rule,private,,private_entity_strong_labels_v1,cbf8fd1ab4ea3d8c5eb70e009563fd3c952e8f505707bde4252be96d7ae79fb3
uei:M9S6A9ZTVB11,M9S6A9ZTVB11,CITY OF ARLINGTON,state_local_government,false,reviewed,Official recipient categories identify state/local government; exclude hospitals and universities into the separate public/nonprofit type.,https://api.usaspending.gov/api/v2/awards/CONT_AWD_70CMSD25P00000077_7012_-NONE-_-NONE-/,,2026-09-23,chart_2_review,,,,
uei:MASMNFMUFRV3,MASMNFMUFRV3,"OMNI BUSINESS SYSTEMS, INC",private,false,rule_approved,"Kevin-approved rule private_entity_strong_labels_v1: exact UEI and award identities match; every checked award has a stronger private-form or small-business label and an available private proposal, with no conflicting category. Batch rule application, not individual human review. See provenance/private_entity_rule_v1.json.",https://api.usaspending.gov/api/v2/awards/CONT_AWD_70CMSD26FC0000021_7012_70CMSD24A00000004_7012/,,2026-09-25,approved_rule,private,,private_entity_strong_labels_v1,0f449df848f84d879af0d9048107d1881c798cab9957c8d78ad0c82feeabf728
uei:MBBKMVW4UQN7,MBBKMVW4UQN7,CELLEBRITE INC,private,false,rule_approved,"Kevin-approved rule private_entity_strong_labels_v1: exact UEI and award identities match; every checked award has a stronger private-form or small-business label and an available private proposal, with no conflicting category. Batch rule application, not individual human review. See provenance/private_entity_rule_v1.json.",https://api.usaspending.gov/api/v2/awards/CONT_AWD_70CMSD24FR0000139_7012_70CMSD19D00000002_7012/,,2026-09-25,approved_rule,private,,private_entity_strong_labels_v1,3a3f51eacc3bcf8ec6754e60914cf31a9f0204a08473032fdcd07265671ce5c1
uei:MCMGH44PNB95,MCMGH44PNB95,AQUILA FITNESS CONSULTING SYSTEMS LTD,private,false,rule_approved,"Kevin-approved rule private_entity_strong_labels_v1: exact UEI and award identities match; every checked award has a stronger private-form or small-business label and an available private proposal, with no conflicting category. Batch rule application, not individual human review. See provenance/private_entity_rule_v1.json.",https://api.usaspending.gov/api/v2/awards/CONT_AWD_70CMSW19FR0000025_7012_GS03F047CA_4732/,,2026-09-25,approved_rule,private,,private_entity_strong_labels_v1,fd0190c502db7db8e386ab6abacd5d4f8ac5060a7678ec00031752aa544a96db
uei:MDC5LDZKQAM4,MDC5LDZKQAM4,BLUE TECH INC.,private,false,rule_approved,"Kevin-approved rule private_entity_strong_labels_v1: exact UEI and award identities match; every checked award has a stronger private-form or small-business label and an available private proposal, with no conflicting category. Batch rule application, not individual human review. See provenance/private_entity_rule_v1.json.",https://api.usaspending.gov/api/v2/awards/CONT_AWD_70CMSD24FR0000144_7012_HSHQDC12D00012_7001/,,2026-09-25,approved_rule,private,,private_entity_strong_labels_v1,986580c78b87a0418c2d508d0ecd7ccb59562996c3d5e24dcaedda51f3035be5
uei:MG75EJJPLFZ7,MG75EJJPLFZ7,RED CARROT INC,private,false,rule_approved,"Kevin-approved rule private_entity_strong_labels_v1: exact UEI and award identities match; every checked award has a stronger private-form or small-business label and an available private proposal, with no conflicting category. Batch rule application, not individual human review. See provenance/private_entity_rule_v1.json.",https://api.usaspending.gov/api/v2/awards/CONT_AWD_70CMSW26FC0000055_7012_70CMSW22A00000002_7012/,,2026-09-25,approved_rule,private,,private_entity_strong_labels_v1,77dde85cd364107c0af07a851ebc8794515df4bacab98fd21d41292b5250e47a
uei:MGE1M55J4RM3,MGE1M55J4RM3,"PER-GEESH TEKSOL JV, LLC",private,false,rule_approved,"Kevin-approved rule private_entity_strong_labels_v1: exact UEI and award identities match; every checked award has a stronger private-form or small-business label and an available private proposal, with no conflicting category. Batch rule application, not individual human review. See provenance/private_entity_rule_v1.json.",https://api.usaspending.gov/api/v2/awards/CONT_AWD_70CMSW25C00000012_7012_-NONE-_-NONE-/,,2026-09-25,approved_rule,private,,private_entity_strong_labels_v1,344909e369599e84ae4997fe611caacf7c663b5f31811ea40f5b9cfcdcb93072
uei:MHXKXRN26WW5,MHXKXRN26WW5,RB & SON GENERAL CONTRACTORS INC,private,false,rule_approved,"Kevin-approved rule private_entity_strong_labels_v1: exact UEI and award identities match; every checked award has a stronger private-form or small-business label and an available private proposal, with no conflicting category. Batch rule application, not individual human review. See provenance/private_entity_rule_v1.json.",https://api.usaspending.gov/api/v2/awards/CONT_AWD_70CMSD23P00000052_7012_-NONE-_-NONE-/,,2026-09-25,approved_rule,private,,private_entity_strong_labels_v1,22d3f83be2534246ca18fd0961b35e01895525aa8ebc05f36dc5bee8a56caeb5
uei:MJAKA6Q9ADF8,MJAKA6Q9ADF8,PAPERLESS INNOVATIONS INC,private,false,rule_approved,"Kevin-approved rule private_entity_strong_labels_v1: exact UEI and award identities match; every checked award has a stronger private-form or small-business label and an available private proposal, with no conflicting category. Batch rule application, not individual human review. See provenance/private_entity_rule_v1.json.",https://api.usaspending.gov/api/v2/awards/CONT_AWD_70CMSD21P00000126_7012_-NONE-_-NONE-/,,2026-09-25,approved_rule,private,,private_entity_strong_labels_v1,54bad09f205794802b6d931f1d0a8c393fa8b07409d60a98dc72e1740d34790c
uei:MJNJZE4LAHP6,MJNJZE4LAHP6,CHENEGA FACILITIES MANAGEMENT LLC,private,false,reviewed,Official recipient business categories support private entity; not in the approved selected detention contractor list. This is not a finding of no detention role.,https://api.usaspending.gov/api/v2/awards/CONT_AWD_70CMSW18FR0000002_7012_GS06Q16BQDS105_4732/,,2026-09-23,chart_2_review,,,,
uei:MKJGBYTR5MM4,MKJGBYTR5MM4,WIDEPOINT INTEGRATED SOLUTIONS CORP,private,false,rule_approved,"Kevin-approved rule private_entity_strong_labels_v1: exact UEI and award identities match; every checked award has a stronger private-form or small-business label and an available private proposal, with no conflicting category. Batch rule application, not individual human review. See provenance/private_entity_rule_v1.json.",https://api.usaspending.gov/api/v2/awards/CONT_AWD_70CMSD21FR0000058_7012_70RTAC21D00000001_7001/,,2026-09-25,approved_rule,private,,private_entity_strong_labels_v1,daa1346897ff8494c76557c870ff361cfb41299dbd76b325b8632cb674a4ea84
uei:MLBYE6TCRT59,MLBYE6TCRT59,PAUL LEE,private,false,reviewed,Official recipient business categories support private entity; not in the approved selected detention contractor list. This is not a finding of no detention role.,https://api.usaspending.gov/api/v2/awards/CONT_AWD_70CMSW23C00000021_7012_-NONE-_-NONE-/,,2026-09-23,chart_2_review,,,,
uei:MLK4CUNSR5K5,MLK4CUNSR5K5,JROGERS CONSULTING LLC,private,false,rule_approved,"Kevin-approved rule private_entity_strong_labels_v1: exact UEI and award identities match; every checked award has a stronger private-form or small-business label and an available private proposal, with no conflicting category. Batch rule application, not individual human review. See provenance/private_entity_rule_v1.json.",https://api.usaspending.gov/api/v2/awards/CONT_AWD_70CMSD23FR0000197_7012_GS00F135CA_4732/,,2026-09-25,approved_rule,private,,private_entity_strong_labels_v1,23b42b035cc815149784227c2a9d0af0fc351d1d3a6a326a2940870fd52dca26
uei:MLLGWJ8ZZ2S3,MLLGWJ8ZZ2S3,"DISASTER MANAGEMENT GROUP, LLC",private,false,reviewed,Official recipient business categories support private entity; not in the approved selected detention contractor list. This is not a finding of no detention role.,https://api.usaspending.gov/api/v2/awards/CONT_AWD_70CDCR25FR0000058_7012_70CDCR25D00000055_7012/,,2026-09-23,chart_2_review,,,,
uei:MLM7BJXXQXA9,MLM7BJXXQXA9,"BI2 TECHNOLOGIES, LLC",private,false,rule_approved,"Kevin-approved rule private_entity_strong_labels_v1: exact UEI and award identities match; every checked award has a stronger private-form or small-business label and an available private proposal, with no conflicting category. Batch rule application, not individual human review. See provenance/private_entity_rule_v1.json.",https://api.usaspending.gov/api/v2/awards/CONT_AWD_70CTD025C00000001_7012_-NONE-_-NONE-/,,2026-09-25,approved_rule,private,,private_entity_strong_labels_v1,347bc9801a56fbc08f6e89aa2c68108b08fc3ad46b77a7c4d13f4f48f4946f20
uei:MMSKCFU39JJ4,MMSKCFU39JJ4,LOGISTICS APPLICATIONS INC.,private,false,rule_approved,"Kevin-approved rule private_entity_strong_labels_v1: exact UEI and award identities match; every checked award has a stronger private-form or small-business label and an available private proposal, with no conflicting category. Batch rule application, not individual human review. See provenance/private_entity_rule_v1.json.",https://api.usaspending.gov/api/v2/awards/CONT_AWD_70CMSW23FR0000012_7012_GS10F0345T_4730/,,2026-09-25,approved_rule,private,,private_entity_strong_labels_v1,d1bb63cb0fd94295e77e3f5422af88964096a28c2a493ce8430a85b4a398462d
uei:MMT4LGM4H9Z5,MMT4LGM4H9Z5,DENVER HEALTH AND HOSPITAL AUTHORITY,other_public_nonprofit,false,reviewed,"Official recipient categories: Government, Hospital. Public hospitals/universities are separated from general state/local government.",https://api.usaspending.gov/api/v2/awards/CONT_AWD_70CDCR23P00000029_7012_-NONE-_-NONE-/,,2026-09-23,chart_2_review,,,,
uei:MNA3EF2HHKE5,MNA3EF2HHKE5,VISION QUEST SOLUTIONS INC,private,false,reviewed,Official recipient business categories support private entity; not in the approved selected detention contractor list. This is not a finding of no detention role.,https://api.usaspending.gov/api/v2/awards/CONT_AWD_70CDCR25FR0000084_7012_70CDCR25D00000029_7012/,,2026-09-23,chart_2_review,,,,
uei:MNKVKE1GA1N5,MNKVKE1GA1N5,"NORD/ATLANTIC TRADING, INC.",private,false,reviewed,Official recipient business categories support private entity; not in the approved selected detention contractor list. This is not a finding of no detention role.,https://api.usaspending.gov/api/v2/awards/CONT_AWD_70CMSW25FR0000138_7012_GS07F0235U_4730/,,2026-09-23,chart_2_review,,,,
uei:MQ1AWV9512Z6,MQ1AWV9512Z6,SAF ENG ASSOCIATES INC,private,false,rule_approved,"Kevin-approved rule private_entity_strong_labels_v1: exact UEI and award identities match; every checked award has a stronger private-form or small-business label and an available private proposal, with no conflicting category. Batch rule application, not individual human review. See provenance/private_entity_rule_v1.json.",https://api.usaspending.gov/api/v2/awards/CONT_AWD_70CMSW22P00000034_7012_-NONE-_-NONE-/,,2026-09-25,approved_rule,private,,private_entity_strong_labels_v1,14d104ef0d39c896e8f9c765c9618c7533c24700cae1f4fc8d78eca564484868
uei:MR6KFJ75SVE8,MR6KFJ75SVE8,SIGNALSCAPE INC,private,false,rule_approved,"Kevin-approved rule private_entity_strong_labels_v1: exact UEI and award identities match; every checked award has a stronger private-form or small-business label and an available private proposal, with no conflicting category. Batch rule application, not individual human review. See provenance/private_entity_rule_v1.json.",https://api.usaspending.gov/api/v2/awards/CONT_AWD_70CMSD26FR0000054_7012_47QTCA22D005M_4732/,,2026-09-25,approved_rule,private,,private_entity_strong_labels_v1,a93c3497315455bdea8a47a37d708932f9e3af2ea3ce08dba2d4b9afdefe1862
uei:MS1BCDHRWS67,MS1BCDHRWS67,"AVANI SERVICES, LLC",private,false,rule_approved,"Kevin-approved rule private_entity_strong_labels_v1: exact UEI and award identities match; every checked award has a stronger private-form or small-business label and an available private proposal, with no conflicting category. Batch rule application, not individual human review. See provenance/private_entity_rule_v1.json.",https://api.usaspending.gov/api/v2/awards/CONT_AWD_70CMSD23FR0000216_7012_47QREB20D0001_4732/,,2026-09-25,approved_rule,private,,private_entity_strong_labels_v1,769f0fbc424185c36afbbbc311a6352dbe89cded060fdf074eb90dbc87361061
uei:MT3CJK6XGNF8,MT3CJK6XGNF8,"LUKE & ASSOCIATES, INC.",private,false,reviewed,Official recipient business categories support private entity; not in the approved selected detention contractor list. This is not a finding of no detention role.,https://api.usaspending.gov/api/v2/awards/CONT_AWD_70CDCR25FR0000063_7012_70CDCR25D00000059_7012/,,2026-09-23,chart_2_review,,,,
uei:MUFDFLWLFDT5,MUFDFLWLFDT5,INTERNATIONAL ASSOCIATION OF CHIEFS OF POLICE,unresolved,false,pending,API proposal only: available; award evidence: available,https://api.usaspending.gov/api/v2/awards/CONT_AWD_70CMSD24P00000023_7012_-NONE-_-NONE-/,,,api_proposal,other_public_nonprofit,,,
uei:MVBQJL4JQ6G1,MVBQJL4JQ6G1,"LAFAYETTE INSTRUMENT COMPANY, LLC",private,false,reviewed,Official recipient business categories support private entity; not in the approved selected detention contractor list. This is not a finding of no detention role.,https://api.usaspending.gov/api/v2/awards/CONT_AWD_70CMSD25P00000129_7012_-NONE-_-NONE-/,,2026-09-23,chart_2_review,,,,
uei:MWF1NF9E9375,MWF1NF9E9375,"HOMELAND SECURITY AND MANAGEMENT SOLUTIONS, INC.",private,false,rule_approved,"Kevin-approved rule private_entity_strong_labels_v1: exact UEI and award identities match; every checked award has a stronger private-form or small-business label and an available private proposal, with no conflicting category. Batch rule application, not individual human review. See provenance/private_entity_rule_v1.json.",https://api.usaspending.gov/api/v2/awards/CONT_AWD_70CDCR25P00000039_7012_-NONE-_-NONE-/,,2026-09-25,approved_rule,private,,private_entity_strong_labels_v1,a3bacc53324f4a0dad2fb5a4b41efd6cdee213c8c0a06179f365332614720fed
uei:MX16CA896HK5,MX16CA896HK5,CHARTER COMMUNICATIONS OPERATING LLC,private,false,rule_approved,"Kevin-approved rule private_entity_strong_labels_v1: exact UEI and award identities match; every checked award has a stronger private-form or small-business label and an available private proposal, with no conflicting category. Batch rule application, not individual human review. See provenance/private_entity_rule_v1.json.",https://api.usaspending.gov/api/v2/awards/CONT_AWD_70CMSD26P00000003_7012_-NONE-_-NONE-/,,2026-09-25,approved_rule,private,,private_entity_strong_labels_v1,1af3d70e3f90906973998163af6e364935052226b62f31b588c211a939e138c2
uei:MX89BGD5FK75,MX89BGD5FK75,"AT&T ENTERPRISES, LLC",private,false,reviewed,Official recipient business categories support private entity; not in the approved selected detention contractor list. This is not a finding of no detention role.,https://api.usaspending.gov/api/v2/awards/CONT_AWD_70CTD021FR0000018_7012_GS00Q17NSD3000_4732/,,2026-09-23,chart_2_review,,,,
uei:MXB2U9UM7TL5,MXB2U9UM7TL5,OLIN WINCHESTER LLC,private,false,reviewed,Official recipient business categories support private entity; not in the approved selected detention contractor list. This is not a finding of no detention role.,https://api.usaspending.gov/api/v2/awards/CONT_AWD_70CMSW25FR0000129_7012_70CMSW25D00000002_7012/,,2026-09-23,chart_2_review,,,,
uei:MYGPN68SCYJ3,MYGPN68SCYJ3,"CHARTER COMMUNICATIONS OPERATING, LLC",private,false,rule_approved,"Kevin-approved rule private_entity_strong_labels_v1: exact UEI and award identities match; every checked award has a stronger private-form or small-business label and an available private proposal, with no conflicting category. Batch rule application, not individual human review. See provenance/private_entity_rule_v1.json.",https://api.usaspending.gov/api/v2/awards/CONT_AWD_70CMSD22P00000006_7012_-NONE-_-NONE-/,,2026-09-25,approved_rule,private,,private_entity_strong_labels_v1,9866f22dadd54736c85c55f559ccdeedf6dc491b5811a0412050fe2cb4c7c444
uei:MZFTVMLKHXS8,MZFTVMLKHXS8,ETS-LINDGREN INC,private,false,rule_approved,"Kevin-approved rule private_entity_strong_labels_v1: exact UEI and award identities match; every checked award has a stronger private-form or small-business label and an available private proposal, with no conflicting category. Batch rule application, not individual human review. See provenance/private_entity_rule_v1.json.",https://api.usaspending.gov/api/v2/awards/CONT_AWD_70CMSW25C00000015_7012_-NONE-_-NONE-/,,2026-09-25,approved_rule,private,,private_entity_strong_labels_v1,62aab35feb6ecc7ae5290a32cad58a98ac3a8d1345a5f63212ee51b24d2d833f
uei:N1YFMHQ2BD64,N1YFMHQ2BD64,"INTRANET COMMUNICATIONS GROUP, INC.",private,false,rule_approved,"Kevin-approved rule private_entity_strong_labels_v1: exact UEI and award identities match; every checked award has a stronger private-form or small-business label and an available private proposal, with no conflicting category. Batch rule application, not individual human review. See provenance/private_entity_rule_v1.json.",https://api.usaspending.gov/api/v2/awards/CONT_AWD_70CMSW22P00000044_7012_-NONE-_-NONE-/,,2026-09-25,approved_rule,private,,private_entity_strong_labels_v1,6df180e892d82c12fc75c4d0ddaceaf527074b46f712387e8692552cc3094854
uei:N3PBJAVNKF61,N3PBJAVNKF61,"CACI, INC. - FEDERAL",private,false,rule_approved,"Kevin-approved rule private_entity_strong_labels_v1: exact UEI and award identities match; every checked award has a stronger private-form or small-business label and an available private proposal, with no conflicting category. Batch rule application, not individual human review. See provenance/private_entity_rule_v1.json.",https://api.usaspending.gov/api/v2/awards/CONT_AWD_70CMSD25FC0000007_7012_70CMSD21A00000002_7012/,,2026-09-25,approved_rule,private,,private_entity_strong_labels_v1,16222aebb2db1b2c7c417444fee3af40c39a9cf74d9277517330a1c705ca6c02
uei:N419ZSMPVKE9,N419ZSMPVKE9,GARCIAS JANITORIAL,private,false,rule_approved,"Kevin-approved rule private_entity_strong_labels_v1: exact UEI and award identities match; every checked award has a stronger private-form or small-business label and an available private proposal, with no conflicting category. Batch rule application, not individual human review. See provenance/private_entity_rule_v1.json.",https://api.usaspending.gov/api/v2/awards/CONT_AWD_70CMSD23P00000109_7012_-NONE-_-NONE-/,,2026-09-25,approved_rule,private,,private_entity_strong_labels_v1,b9998d5e509d69ad0c45e77f0fb554c95744fe4be1d2628b87c78f489c6c4085
uei:N4Z2K2LQEKT7,N4Z2K2LQEKT7,REDISHRED ACQUISITION INC,private,false,rule_approved,"Kevin-approved rule private_entity_strong_labels_v1: exact UEI and award identities match; every checked award has a stronger private-form or small-business label and an available private proposal, with no conflicting category. Batch rule application, not individual human review. See provenance/private_entity_rule_v1.json.",https://api.usaspending.gov/api/v2/awards/CONT_AWD_70CMSD24P00000040_7012_-NONE-_-NONE-/,,2026-09-25,approved_rule,private,,private_entity_strong_labels_v1,446408d09489031f56e0462e62abbc8f3fe18358d51f91bc76c741d9420afb12
uei:N5DKHL8Z31K4,N5DKHL8Z31K4,PBCI-PKS JV LLC,private,false,rule_approved,"Kevin-approved rule private_entity_strong_labels_v1: exact UEI and award identities match; every checked award has a stronger private-form or small-business label and an available private proposal, with no conflicting category. Batch rule application, not individual human review. See provenance/private_entity_rule_v1.json.",https://api.usaspending.gov/api/v2/awards/CONT_AWD_70CMSW25C00000020_7012_-NONE-_-NONE-/,,2026-09-25,approved_rule,private,,private_entity_strong_labels_v1,e268f1864bbfe62d7b3c9ee311e22a94c233d866a8ebbf7b4727997e45cced8d
uei:N5JVW8YNMMC1,N5JVW8YNMMC1,KORE 125 JOHN CARPENTER LLC,private,false,rule_approved,"Kevin-approved rule private_entity_strong_labels_v1: exact UEI and award identities match; every checked award has a stronger private-form or small-business label and an available private proposal, with no conflicting category. Batch rule application, not individual human review. See provenance/private_entity_rule_v1.json.",https://api.usaspending.gov/api/v2/awards/CONT_AWD_70CMSD24P00000020_7012_-NONE-_-NONE-/,,2026-09-25,approved_rule,private,,private_entity_strong_labels_v1,65c98eb088f7c6e3c40501404722b12b5af5e9b19d104d05fad8751da48109ff
uei:N65FNAJ6BTZ3,N65FNAJ6BTZ3,METRO MAIL SERVICES INC,private,false,rule_approved,"Kevin-approved rule private_entity_strong_labels_v1: exact UEI and award identities match; every checked award has a stronger private-form or small-business label and an available private proposal, with no conflicting category. Batch rule application, not individual human review. See provenance/private_entity_rule_v1.json.",https://api.usaspending.gov/api/v2/awards/CONT_AWD_70CMSW23C00000015_7012_-NONE-_-NONE-/,,2026-09-25,approved_rule,private,,private_entity_strong_labels_v1,37fee58238242a2e8336197edbda74ca4421ec7db43da33f0561ebaaa3569ee1
uei:N6C7L5NLCCJ6,N6C7L5NLCCJ6,MOVE & STORE LLC,private,false,rule_approved,"Kevin-approved rule private_entity_strong_labels_v1: exact UEI and award identities match; every checked award has a stronger private-form or small-business label and an available private proposal, with no conflicting category. Batch rule application, not individual human review. See provenance/private_entity_rule_v1.json.",https://api.usaspending.gov/api/v2/awards/CONT_AWD_70CMSW25P00000003_7012_-NONE-_-NONE-/,,2026-09-25,approved_rule,private,,private_entity_strong_labels_v1,d069d54d5b15720b28693568c80034273a437ae1faf87c02ad3fe8d7cede5a0f
uei:N6CHEPD34G29,N6CHEPD34G29,DETECTACHEM INC.,private,false,rule_approved,"Kevin-approved rule private_entity_strong_labels_v1: exact UEI and award identities match; every checked award has a stronger private-form or small-business label and an available private proposal, with no conflicting category. Batch rule application, not individual human review. See provenance/private_entity_rule_v1.json.",https://api.usaspending.gov/api/v2/awards/CONT_AWD_70CMSD24P00000108_7012_-NONE-_-NONE-/,,2026-09-25,approved_rule,private,,private_entity_strong_labels_v1,9a0757aeca80ee2f5880c4bb0a9e7597078b13dd364998f06b0f086135b9b935
uei:N7GNTMBL69K5,N7GNTMBL69K5,"INDUSTRIAL TENT SYSTEMS, LLC",private,false,reviewed,Official recipient business categories support private entity; not in the approved selected detention contractor list. This is not a finding of no detention role.,https://api.usaspending.gov/api/v2/awards/CONT_AWD_70CDCR25FR0000079_7012_70CDCR25D00000044_7012/,,2026-09-23,chart_2_review,,,,
uei:N8MAWLN45HN5,N8MAWLN45HN5,ENVISAGE TECHNOLOGIES LLC,private,false,rule_approved,"Kevin-approved rule private_entity_strong_labels_v1: exact UEI and award identities match; every checked award has a stronger private-form or small-business label and an available private proposal, with no conflicting category. Batch rule application, not individual human review. See provenance/private_entity_rule_v1.json.",https://api.usaspending.gov/api/v2/awards/CONT_AWD_70CMSD25FR0000010_7012_47QTCA22D00CR_4732/,,2026-09-25,approved_rule,private,,private_entity_strong_labels_v1,24896cae84fc65f3f69e83115189200672a8cba80098e48eaa6b22625795d308
uei:N9NJK877QJK9,N9NJK877QJK9,GUIDEHOUSE INC.,private,false,rule_approved,"Kevin-approved rule private_entity_strong_labels_v1: exact UEI and award identities match; every checked award has a stronger private-form or small-business label and an available private proposal, with no conflicting category. Batch rule application, not individual human review. See provenance/private_entity_rule_v1.json.",https://api.usaspending.gov/api/v2/awards/CONT_AWD_70CMSW24FR0000089_7012_FA701420D0004_9700/,,2026-09-25,approved_rule,private,,private_entity_strong_labels_v1,5b239b364240b7d814bb8b27c72dce41ae0e855cb3d1ed5a7e2e2480c34ff415
uei:NA1GP1BK4DS5,NA1GP1BK4DS5,DIGITAL BARRIERS USA INC,private,false,rule_approved,"Kevin-approved rule private_entity_strong_labels_v1: exact UEI and award identities match; every checked award has a stronger private-form or small-business label and an available private proposal, with no conflicting category. Batch rule application, not individual human review. See provenance/private_entity_rule_v1.json.",https://api.usaspending.gov/api/v2/awards/CONT_AWD_70CMSD22P00000041_7012_-NONE-_-NONE-/,,2026-09-25,approved_rule,private,,private_entity_strong_labels_v1,a6ca3a03bc8144e23de3aa5921b09a780f947d37a85f8473341eb26b17c8b749
uei:NAQUNHC61KN9,NAQUNHC61KN9,TECHSUR SOLUTIONS LLC,private,false,rule_approved,"Kevin-approved rule private_entity_strong_labels_v1: exact UEI and award identities match; every checked award has a stronger private-form or small-business label and an available private proposal, with no conflicting category. Batch rule application, not individual human review. See provenance/private_entity_rule_v1.json.",https://api.usaspending.gov/api/v2/awards/CONT_AWD_70CMSD22P00000141_7012_-NONE-_-NONE-/,,2026-09-25,approved_rule,private,,private_entity_strong_labels_v1,09b7de439499b78a7eb0b8f33949228df6bca45fb3c8f2d14e349995ad442013
uei:NBLJXNCZYR17,NBLJXNCZYR17,LIONBRIDGE GLOBAL SOLUTIONS II INC.,private,false,rule_approved,"Kevin-approved rule private_entity_strong_labels_v1: exact UEI and award identities match; every checked award has a stronger private-form or small-business label and an available private proposal, with no conflicting category. Batch rule application, not individual human review. See provenance/private_entity_rule_v1.json.",https://api.usaspending.gov/api/v2/awards/CONT_AWD_70CDCR25FR0000031_7012_47QRAA19D007V_4732/,,2026-09-25,approved_rule,private,,private_entity_strong_labels_v1,e143cfa0d6259738877a7fef0bf8a1a929bde546af9965cb5fc30378e187a861
uei:NE4LCFKM1T44,NE4LCFKM1T44,"QUIET PROFESSIONALS, LLC",private,false,rule_approved,"Kevin-approved rule private_entity_strong_labels_v1: exact UEI and award identities match; every checked award has a stronger private-form or small-business label and an available private proposal, with no conflicting category. Batch rule application, not individual human review. See provenance/private_entity_rule_v1.json.",https://api.usaspending.gov/api/v2/awards/CONT_AWD_70CMSD21FC0000050_7012_70RTAC19A00000007_7001/,,2026-09-25,approved_rule,private,,private_entity_strong_labels_v1,c8d6b64aff663a7fbbd115b43237ae9d57abe9d1d67f877f64d06e0f8d952878
uei:NEH3SL8X3D83,NEH3SL8X3D83,"HR ANEW, INC.",private,false,rule_approved,"Kevin-approved rule private_entity_strong_labels_v1: exact UEI and award identities match; every checked award has a stronger private-form or small-business label and an available private proposal, with no conflicting category. Batch rule application, not individual human review. See provenance/private_entity_rule_v1.json.",https://api.usaspending.gov/api/v2/awards/CONT_AWD_70CMSD24FR0000099_7012_GS02F0097Y_4732/,,2026-09-25,approved_rule,private,,private_entity_strong_labels_v1,45e2cf96f49b464a154780eb6f053e4dc1376e41a5e4a798175e41df386cef09
uei:NEHLAVCEZFE9,NEHLAVCEZFE9,DSI DISTRIBUTING INC,private,false,rule_approved,"Kevin-approved rule private_entity_strong_labels_v1: exact UEI and award identities match; every checked award has a stronger private-form or small-business label and an available private proposal, with no conflicting category. Batch rule application, not individual human review. See provenance/private_entity_rule_v1.json.",https://api.usaspending.gov/api/v2/awards/CONT_AWD_70CDCR23P00000040_7012_-NONE-_-NONE-/,,2026-09-25,approved_rule,private,,private_entity_strong_labels_v1,c3c6fd10256809a0c1be9eb49d21a58e455b347a0311effa9f8369da492e7d05
uei:NENAMR865QN6,NENAMR865QN6,"DOCOMO PACIFIC, INC.",private,false,reviewed,Official recipient business categories support private entity; not in the approved selected detention contractor list. This is not a finding of no detention role.,https://api.usaspending.gov/api/v2/awards/CONT_AWD_70CMSD22P00000035_7012_-NONE-_-NONE-/,,2026-09-23,chart_2_review,,,,
uei:NF34JCA2PME3,NF34JCA2PME3,ALPHA OMEGA INTEGRATION LLC,private,false,rule_approved,"Kevin-approved rule private_entity_strong_labels_v1: exact UEI and award identities match; every checked award has a stronger private-form or small-business label and an available private proposal, with no conflicting category. Batch rule application, not individual human review. See provenance/private_entity_rule_v1.json.",https://api.usaspending.gov/api/v2/awards/CONT_AWD_70CTD026FR0000016_7012_HHSN316201200182W_7529/,,2026-09-25,approved_rule,private,,private_entity_strong_labels_v1,11a66220b8a6183b81999896d47152455ee595fbfbbbff5cbb3545746005f559
uei:NFBTN3MAAR54,NFBTN3MAAR54,"SIMON WIESENTHAL CENTER, INC.",unresolved,false,pending,API proposal only: available; award evidence: available|available,https://api.usaspending.gov/api/v2/awards/CONT_AWD_70CMSD22P00000140_7012_-NONE-_-NONE-/,,,api_proposal,other_public_nonprofit,,,
uei:NGC3MAHV4MW8,NGC3MAHV4MW8,ALTA LANGUAGE SERVICES INC,private,false,rule_approved,"Kevin-approved rule private_entity_strong_labels_v1: exact UEI and award identities match; every checked award has a stronger private-form or small-business label and an available private proposal, with no conflicting category. Batch rule application, not individual human review. See provenance/private_entity_rule_v1.json.",https://api.usaspending.gov/api/v2/awards/CONT_AWD_70CMSD20FR0000171_7012_GS10F0238T_4730/,,2026-09-25,approved_rule,private,,private_entity_strong_labels_v1,adccfdf68580e3a5176ab8497c26fbd298885c472acacee9d1c23b696fd361de
uei:NJG4REFBHCR5,NJG4REFBHCR5,"SWANK MOTION PICTURES, INC.",private,false,rule_approved,"Kevin-approved rule private_entity_strong_labels_v1: exact UEI and award identities match; every checked award has a stronger private-form or small-business label and an available private proposal, with no conflicting category. Batch rule application, not individual human review. See provenance/private_entity_rule_v1.json.",https://api.usaspending.gov/api/v2/awards/CONT_AWD_70CDCR21P00000050_7012_-NONE-_-NONE-/,,2026-09-25,approved_rule,private,,private_entity_strong_labels_v1,a3004b2b6bdc8e239009ad93a9eb92a72e3c4ccd65057d4b38d6a7c946a80c22
uei:NL2DK4ZCGLP3,NL2DK4ZCGLP3,PRADO FAMILY SHOOTING RANGE,private,false,rule_approved,"Kevin-approved rule private_entity_strong_labels_v1: exact UEI and award identities match; every checked award has a stronger private-form or small-business label and an available private proposal, with no conflicting category. Batch rule application, not individual human review. See provenance/private_entity_rule_v1.json.",https://api.usaspending.gov/api/v2/awards/CONT_AWD_70CDCR23P00000031_7012_-NONE-_-NONE-/,,2026-09-25,approved_rule,private,,private_entity_strong_labels_v1,e35056aec1f29b348b0ad8ad51a6557e0171beec04417e54c1b5a83dd7fb69fe
uei:NMBCAG1JBKL7,NMBCAG1JBKL7,PARSONS GOVERNMENT SERVICES INC.,private,false,rule_approved,"Kevin-approved rule private_entity_strong_labels_v1: exact UEI and award identities match; every checked award has a stronger private-form or small-business label and an available private proposal, with no conflicting category. Batch rule application, not individual human review. See provenance/private_entity_rule_v1.json.",https://api.usaspending.gov/api/v2/awards/CONT_AWD_70CMSD26P00000021_7012_-NONE-_-NONE-/,,2026-09-25,approved_rule,private,,private_entity_strong_labels_v1,a5d49d1d5b48137e87c4691f1274b579b03647f0ee11d9e1767c64c330ff87d0
uei:NMTSJTG4Z233,NMTSJTG4Z233,"SHINE SYSTEMS, LLC",private,false,rule_approved,"Kevin-approved rule private_entity_strong_labels_v1: exact UEI and award identities match; every checked award has a stronger private-form or small-business label and an available private proposal, with no conflicting category. Batch rule application, not individual human review. See provenance/private_entity_rule_v1.json.",https://api.usaspending.gov/api/v2/awards/CONT_AWD_70CTD019FR0000138_7012_GS35F035AA_4732/,,2026-09-25,approved_rule,private,,private_entity_strong_labels_v1,c6aea6a4e6be793b483bcf338d2d36fd888788958b5cf83316696ea4afc1fe2a
uei:NMX3DMNLQHU5,NMX3DMNLQHU5,OHIO DEPARTMENT OF ADMINISTRATIVE SERVICES,state_local_government,false,reviewed,Official recipient categories identify state/local government; exclude hospitals and universities into the separate public/nonprofit type.,https://api.usaspending.gov/api/v2/awards/CONT_AWD_70CDCR21P00000019_7012_-NONE-_-NONE-/,,2026-09-23,chart_2_review,,,,
uei:NNEZFF43JBT1,NNEZFF43JBT1,"FREEDMAN OFFICE FURNITURE, LLC",private,false,rule_approved,"Kevin-approved rule private_entity_strong_labels_v1: exact UEI and award identities match; every checked award has a stronger private-form or small-business label and an available private proposal, with no conflicting category. Batch rule application, not individual human review. See provenance/private_entity_rule_v1.json.",https://api.usaspending.gov/api/v2/awards/CONT_AWD_70CMSW26P00000008_7012_-NONE-_-NONE-/,,2026-09-25,approved_rule,private,,private_entity_strong_labels_v1,c340b273e1419f155083674257d20d20dc1aa2aa2ee0082e3c657b43549daf11
uei:NNJLM56SMES7,NNJLM56SMES7,BULFINCH UNIT A OWNER LLC,private,false,rule_approved,"Kevin-approved rule private_entity_strong_labels_v1: exact UEI and award identities match; every checked award has a stronger private-form or small-business label and an available private proposal, with no conflicting category. Batch rule application, not individual human review. See provenance/private_entity_rule_v1.json.",https://api.usaspending.gov/api/v2/awards/CONT_AWD_70CMSW25P00000075_7012_-NONE-_-NONE-/,,2026-09-25,approved_rule,private,,private_entity_strong_labels_v1,583f88d2848878d874001375df57a9c24f1f0a6b925b5c5d5812c438e34474ec
uei:NNK9K1JVKNU1,NNK9K1JVKNU1,ADC LTD NM,private,false,rule_approved,"Kevin-approved rule private_entity_strong_labels_v1: exact UEI and award identities match; every checked award has a stronger private-form or small-business label and an available private proposal, with no conflicting category. Batch rule application, not individual human review. See provenance/private_entity_rule_v1.json.",https://api.usaspending.gov/api/v2/awards/CONT_AWD_70CMSD25FC0000008_7012_70CMSD21A00000001_7012/,,2026-09-25,approved_rule,private,,private_entity_strong_labels_v1,b362bb2f9354597d8aaa9e2e493ec49b732ecf44caad6187c3fd065ef5cd6eab
uei:NNM3XP3L44G1,NNM3XP3L44G1,"GOLD TYPE BUSINESS MACHINES, INC.",private,false,rule_approved,"Kevin-approved rule private_entity_strong_labels_v1: exact UEI and award identities match; every checked award has a stronger private-form or small-business label and an available private proposal, with no conflicting category. Batch rule application, not individual human review. See provenance/private_entity_rule_v1.json.",https://api.usaspending.gov/api/v2/awards/CONT_AWD_70CDCR25P00000028_7012_-NONE-_-NONE-/,,2026-09-25,approved_rule,private,,private_entity_strong_labels_v1,dcc66fa57a698c1b582d0eb5342d2927b59819bcd1e03c42ed22169ae44cffdf
uei:NPJ9GV7K4CL1,NPJ9GV7K4CL1,"NOBLIS, INC.",unresolved,false,pending,API proposal only: available; award evidence: available,https://api.usaspending.gov/api/v2/awards/CONT_AWD_70CMSD21FR0000149_7012_GS35F0590W_4730/,,,api_proposal,other_public_nonprofit,,,
uei:NPT2KUKPST38,NPT2KUKPST38,"XL ASSOCIATES, INC.",private,false,rule_approved,"Kevin-approved rule private_entity_strong_labels_v1: exact UEI and award identities match; every checked award has a stronger private-form or small-business label and an available private proposal, with no conflicting category. Batch rule application, not individual human review. See provenance/private_entity_rule_v1.json.",https://api.usaspending.gov/api/v2/awards/CONT_AWD_70CMSW18FC0000104_7012_HSCEMS14A00011_7012/,,2026-09-25,approved_rule,private,,private_entity_strong_labels_v1,a6393f0d8daa5fd8904beb37e5e3c934f16dfbaf421b4c727663c726e1d44983
uei:NQFJGDLJDLN1,NQFJGDLJDLN1,"HAMILTON ENTERPRISES, LLC",private,false,reviewed,Official recipient business categories support private entity; not in the approved selected detention contractor list. This is not a finding of no detention role.,https://api.usaspending.gov/api/v2/awards/CONT_AWD_70CMSW23FR0000007_7012_GS00Q14OADS206_4732/,,2026-09-23,chart_2_review,,,,
uei:NRRRALJ1H919,NRRRALJ1H919,DALLAS CHILDRENS ADVOCACY CENTER,other_public_nonprofit,false,reviewed,Official recipient categories: Nonprofit Organization. Public hospitals/universities are separated from general state/local government.,https://api.usaspending.gov/api/v2/awards/CONT_AWD_70CMSD24P00000137_7012_-NONE-_-NONE-/,,2026-09-23,chart_2_review,,,,
uei:NV46ALUKKSL5,NV46ALUKKSL5,"VISTRA COMMUNICATIONS, LLC",private,false,rule_approved,"Kevin-approved rule private_entity_strong_labels_v1: exact UEI and award identities match; every checked award has a stronger private-form or small-business label and an available private proposal, with no conflicting category. Batch rule application, not individual human review. See provenance/private_entity_rule_v1.json.",https://api.usaspending.gov/api/v2/awards/CONT_AWD_70CMSW25P00000016_7012_-NONE-_-NONE-/,,2026-09-25,approved_rule,private,,private_entity_strong_labels_v1,a3a3638cf4a74b1ceb78ef9de8a9994f058626868d148c704fc37344946e8655
uei:NVD1LDF22BG1,NVD1LDF22BG1,"ITSC SECURE SOLUTIONS, LLC",private,false,rule_approved,"Kevin-approved rule private_entity_strong_labels_v1: exact UEI and award identities match; every checked award has a stronger private-form or small-business label and an available private proposal, with no conflicting category. Batch rule application, not individual human review. See provenance/private_entity_rule_v1.json.",https://api.usaspending.gov/api/v2/awards/CONT_AWD_70CMSD24FR0000042_7012_47QRAD20D1059_4732/,,2026-09-25,approved_rule,private,,private_entity_strong_labels_v1,4ccfb8712bec3dffde091acb8ca4da07a4559e9b09e071b18562f8ded05bbdc9
uei:NW6STGAALU25,NW6STGAALU25,RELIANCE CONTRACTORS INC,private,false,rule_approved,"Kevin-approved rule private_entity_strong_labels_v1: exact UEI and award identities match; every checked award has a stronger private-form or small-business label and an available private proposal, with no conflicting category. Batch rule application, not individual human review. See provenance/private_entity_rule_v1.json.",https://api.usaspending.gov/api/v2/awards/CONT_AWD_70CDCR26P00000005_7012_-NONE-_-NONE-/,,2026-09-25,approved_rule,private,,private_entity_strong_labels_v1,81293ec4e61f09d07da6fbebe8469d1c6e63989717fc28b4199d819b4dc1f812
uei:P178MN65VCZ6,P178MN65VCZ6,BURGMEIERS HAULING INC,private,false,rule_approved,"Kevin-approved rule private_entity_strong_labels_v1: exact UEI and award identities match; every checked award has a stronger private-form or small-business label and an available private proposal, with no conflicting category. Batch rule application, not individual human review. See provenance/private_entity_rule_v1.json.",https://api.usaspending.gov/api/v2/awards/CONT_AWD_70CMSW20P00000060_7012_-NONE-_-NONE-/,,2026-09-25,approved_rule,private,,private_entity_strong_labels_v1,5d1d00d318302431bcc116d676a51c8b77836375343fd79353c3f89c53065058
uei:P23LD5VQSVE6,P23LD5VQSVE6,THE TRAINING CONNECTION INC,private,false,rule_approved,"Kevin-approved rule private_entity_strong_labels_v1: exact UEI and award identities match; every checked award has a stronger private-form or small-business label and an available private proposal, with no conflicting category. Batch rule application, not individual human review. See provenance/private_entity_rule_v1.json.",https://api.usaspending.gov/api/v2/awards/CONT_AWD_70CMSW18FR0000092_7012_GS02F0120R_4730/,,2026-09-25,approved_rule,private,,private_entity_strong_labels_v1,81e6cc2638d3c11f6042a7a6b7567bb11f2b7c91f22b0838f4cde7695fc719e6
uei:P33MHG98ZU64,P33MHG98ZU64,UTAH COMMUNICATIONS AUTHORITY,state_local_government,false,reviewed,Official recipient categories identify state/local government; exclude hospitals and universities into the separate public/nonprofit type.,https://api.usaspending.gov/api/v2/awards/CONT_AWD_70CDCR20P00000044_7012_-NONE-_-NONE-/,,2026-09-23,chart_2_review,,,,
uei:P4XNSMKPNGM5,P4XNSMKPNGM5,PRICE MODERN LLC,private,false,rule_approved,"Kevin-approved rule private_entity_strong_labels_v1: exact UEI and award identities match; every checked award has a stronger private-form or small-business label and an available private proposal, with no conflicting category. Batch rule application, not individual human review. See provenance/private_entity_rule_v1.json.",https://api.usaspending.gov/api/v2/awards/CONT_AWD_70CMSW26FC0000019_7012_70RDAD22A00000001_7001/,,2026-09-25,approved_rule,private,,private_entity_strong_labels_v1,77fbed0909f2975642bf210b90e234d597c1e90909b8c5d6bc03a37e6bb5e896
uei:P78LRLNYPUF4,P78LRLNYPUF4,PERATON RISK DECISION INC.,private,false,rule_approved,"Kevin-approved rule private_entity_strong_labels_v1: exact UEI and award identities match; every checked award has a stronger private-form or small-business label and an available private proposal, with no conflicting category. Batch rule application, not individual human review. See provenance/private_entity_rule_v1.json.",https://api.usaspending.gov/api/v2/awards/CONT_AWD_70CMSD25FC0000010_7012_70CMSD21A00000005_7012/,,2026-09-25,approved_rule,private,,private_entity_strong_labels_v1,b2370cb3e282dd66a6a18abc817c1ddad158ee567496a76528b03fd89a591283
uei:P7HULKXXD154,P7HULKXXD154,DLK INC,private,false,reviewed,Official recipient business categories support private entity; not in the approved selected detention contractor list. This is not a finding of no detention role.,https://api.usaspending.gov/api/v2/awards/CONT_AWD_70CMSD24P00000153_7012_-NONE-_-NONE-/,,2026-09-23,chart_2_review,,,,
uei:P8P1LNPBERT1,P8P1LNPBERT1,RIVERTECH LLC,private,false,rule_approved,"Kevin-approved rule private_entity_strong_labels_v1: exact UEI and award identities match; every checked award has a stronger private-form or small-business label and an available private proposal, with no conflicting category. Batch rule application, not individual human review. See provenance/private_entity_rule_v1.json.",https://api.usaspending.gov/api/v2/awards/CONT_AWD_70CDCR25FR0000007_7012_GS00Q14OADS119_4732/,,2026-09-25,approved_rule,private,,private_entity_strong_labels_v1,5268698c9440539643ac57bfd1fe77addaec8d19b9fa264ae6d9277a1303af8b
uei:PBDJM17TBKH3,PBDJM17TBKH3,"CIH EQUIPMENT CO., INC.",private,false,rule_approved,"Kevin-approved rule private_entity_strong_labels_v1: exact UEI and award identities match; every checked award has a stronger private-form or small-business label and an available private proposal, with no conflicting category. Batch rule application, not individual human review. See provenance/private_entity_rule_v1.json.",https://api.usaspending.gov/api/v2/awards/CONT_AWD_70CMSW25P00000049_7012_-NONE-_-NONE-/,,2026-09-25,approved_rule,private,,private_entity_strong_labels_v1,0fdccaa4a846898072951cd29695fd45712c487d4c5a4b55e6f01ec6b0816a03
uei:PBE4DGM6VYF9,PBE4DGM6VYF9,TARGET DOWN GROUP INC,private,false,rule_approved,"Kevin-approved rule private_entity_strong_labels_v1: exact UEI and award identities match; every checked award has a stronger private-form or small-business label and an available private proposal, with no conflicting category. Batch rule application, not individual human review. See provenance/private_entity_rule_v1.json.",https://api.usaspending.gov/api/v2/awards/CONT_AWD_70CMSD25P00000122_7012_-NONE-_-NONE-/,,2026-09-25,approved_rule,private,,private_entity_strong_labels_v1,b686e93425289c0ba58c6cdf10050e9dd974a6b7ef70daf9ce00df13cf8bf732
uei:PC8MDM9DDWT6,PC8MDM9DDWT6,INGENESIS INC,private,false,reviewed,Official recipient business categories support private entity; not in the approved selected detention contractor list. This is not a finding of no detention role.,https://api.usaspending.gov/api/v2/awards/CONT_AWD_70CDCR25FR0000080_7012_70CDCR25D00000047_7012/,,2026-09-23,chart_2_review,,,,
uei:PEJJL9DNRUN5,PEJJL9DNRUN5,ALLWORLD LANGUAGE CONSULTANTS INC,unresolved,false,pending,API proposal only: available; award evidence: available,https://api.usaspending.gov/api/v2/awards/CONT_AWD_70CMSD19FC0000013_7012_70CMSD19A00000004_7012/,,,api_proposal,private,,,
uei:PEPKCY3L2565,PEPKCY3L2565,XTREME LOGISTIX LLC,private,false,rule_approved,"Kevin-approved rule private_entity_strong_labels_v1: exact UEI and award identities match; every checked award has a stronger private-form or small-business label and an available private proposal, with no conflicting category. Batch rule application, not individual human review. See provenance/private_entity_rule_v1.json.",https://api.usaspending.gov/api/v2/awards/CONT_AWD_70CDCR24P00000021_7012_-NONE-_-NONE-/,,2026-09-25,approved_rule,private,,private_entity_strong_labels_v1,56c2de77abc2a75f15bdcd3ff0a486ef34ee0cdebad6cfd73f28c6a948a10742
uei:PG5HJM2QQBK1,PG5HJM2QQBK1,HARMONBK LLC,private,false,rule_approved,"Kevin-approved rule private_entity_strong_labels_v1: exact UEI and award identities match; every checked award has a stronger private-form or small-business label and an available private proposal, with no conflicting category. Batch rule application, not individual human review. See provenance/private_entity_rule_v1.json.",https://api.usaspending.gov/api/v2/awards/CONT_AWD_70CMSW25P00000045_7012_-NONE-_-NONE-/,,2026-09-25,approved_rule,private,,private_entity_strong_labels_v1,117a729c0d266520df17c752acd30fd77ddbb4a2907feddd0c66af4c6c0a9160
uei:PHL4PNDLMJD3,PHL4PNDLMJD3,"ORLANDO FREIGHTLINER, INC.",private,false,rule_approved,"Kevin-approved rule private_entity_strong_labels_v1: exact UEI and award identities match; every checked award has a stronger private-form or small-business label and an available private proposal, with no conflicting category. Batch rule application, not individual human review. See provenance/private_entity_rule_v1.json.",https://api.usaspending.gov/api/v2/awards/CONT_AWD_70CMSD24P00000088_7012_-NONE-_-NONE-/,,2026-09-25,approved_rule,private,,private_entity_strong_labels_v1,48a7596047df90222e2754c9485aedaae5c49e1069ff992dc4b9ce1464aabc3c
uei:PKZRJ5LZN7J1,PKZRJ5LZN7J1,"AMERICAN ALARM & COMMUNICATIONS, INC.",private,false,rule_approved,"Kevin-approved rule private_entity_strong_labels_v1: exact UEI and award identities match; every checked award has a stronger private-form or small-business label and an available private proposal, with no conflicting category. Batch rule application, not individual human review. See provenance/private_entity_rule_v1.json.",https://api.usaspending.gov/api/v2/awards/CONT_AWD_70CMSD25C00000010_7012_-NONE-_-NONE-/,,2026-09-25,approved_rule,private,,private_entity_strong_labels_v1,28fe953522b330bf513afaeedc4927a3ae34ca84d75db81ab4846969b21ad0fe
uei:PMWJHM3WMZK3,PMWJHM3WMZK3,ARCTIC PEAK LLC,private,false,rule_approved,"Kevin-approved rule private_entity_strong_labels_v1: exact UEI and award identities match; every checked award has a stronger private-form or small-business label and an available private proposal, with no conflicting category. Batch rule application, not individual human review. See provenance/private_entity_rule_v1.json.",https://api.usaspending.gov/api/v2/awards/CONT_AWD_70CMSW25C00000025_7012_-NONE-_-NONE-/,,2026-09-25,approved_rule,private,,private_entity_strong_labels_v1,41bcf90a5a7d4529c42a3f553fcf1489d32bcd03677451f7c8a06a033b3bc545
uei:PSJHFXBF4GJ9,PSJHFXBF4GJ9,"ETHIC TECH, LLC",private,false,rule_approved,"Kevin-approved rule private_entity_strong_labels_v1: exact UEI and award identities match; every checked award has a stronger private-form or small-business label and an available private proposal, with no conflicting category. Batch rule application, not individual human review. See provenance/private_entity_rule_v1.json.",https://api.usaspending.gov/api/v2/awards/CONT_AWD_70CMSD23P00000151_7012_-NONE-_-NONE-/,,2026-09-25,approved_rule,private,,private_entity_strong_labels_v1,00a19e68d91583485ae1ca26d13bce1328460ae2c8c2b0de49b7ee963a753ee2
uei:PUH4LGL9L1G9,PUH4LGL9L1G9,CITY OF COTTAGE GROVE,state_local_government,false,reviewed,Official recipient categories identify state/local government; exclude hospitals and universities into the separate public/nonprofit type.,https://api.usaspending.gov/api/v2/awards/CONT_AWD_70CDCR25P00000021_7012_-NONE-_-NONE-/,,2026-09-23,chart_2_review,,,,
uei:PVD5WE3DAG18,PVD5WE3DAG18,"WORD SYSTEMS, LLC",private,false,rule_approved,"Kevin-approved rule private_entity_strong_labels_v1: exact UEI and award identities match; every checked award has a stronger private-form or small-business label and an available private proposal, with no conflicting category. Batch rule application, not individual human review. See provenance/private_entity_rule_v1.json.",https://api.usaspending.gov/api/v2/awards/CONT_AWD_70CMSD24P00000163_7012_-NONE-_-NONE-/,,2026-09-25,approved_rule,private,,private_entity_strong_labels_v1,f7a2953c52f6633f5ad57883ecdabc7440e794ce71d74750e6e603545af2335f
uei:PVFKXDGJJQZ2,PVFKXDGJJQZ2,TALTON COMMUNICATIONS INC,private,false,rule_approved,"Kevin-approved rule private_entity_strong_labels_v1: exact UEI and award identities match; every checked award has a stronger private-form or small-business label and an available private proposal, with no conflicting category. Batch rule application, not individual human review. See provenance/private_entity_rule_v1.json.",https://api.usaspending.gov/api/v2/awards/CONT_AWD_70CDCR25FR0000105_7012_70CDCR23D00000005_7012/,,2026-09-25,approved_rule,private,,private_entity_strong_labels_v1,40a1101229bf302997bbf6891f816c288173f612ad37ab73bcee720b39a55fcc
uei:PWRPE8N61E47,PWRPE8N61E47,"METROTEC, INC.",private,false,rule_approved,"Kevin-approved rule private_entity_strong_labels_v1: exact UEI and award identities match; every checked award has a stronger private-form or small-business label and an available private proposal, with no conflicting category. Batch rule application, not individual human review. See provenance/private_entity_rule_v1.json.",https://api.usaspending.gov/api/v2/awards/CONT_AWD_70CMSW26P00000004_7012_-NONE-_-NONE-/,,2026-09-25,approved_rule,private,,private_entity_strong_labels_v1,4aab88d5c9fc5321596c9adce3c2c8d3cf87b322d1c314e6a1a837dd53299f6a
uei:PXB2X38X4V11,PXB2X38X4V11,CONVERGINT TECHNOLOGIES LLC,private,false,rule_approved,"Kevin-approved rule private_entity_strong_labels_v1: exact UEI and award identities match; every checked award has a stronger private-form or small-business label and an available private proposal, with no conflicting category. Batch rule application, not individual human review. See provenance/private_entity_rule_v1.json.",https://api.usaspending.gov/api/v2/awards/CONT_AWD_70CMSD23P00000115_7012_-NONE-_-NONE-/,,2026-09-25,approved_rule,private,,private_entity_strong_labels_v1,e97cebcec7154f7655af60174a0961784eda0eb19cae3835782d03e3505d299c
uei:PZEZU58AG263,PZEZU58AG263,"MARRIOTT INTERNATIONAL, INC.",private,false,rule_approved,"Kevin-approved rule private_entity_strong_labels_v1: exact UEI and award identities match; every checked award has a stronger private-form or small-business label and an available private proposal, with no conflicting category. Batch rule application, not individual human review. See provenance/private_entity_rule_v1.json.",https://api.usaspending.gov/api/v2/awards/CONT_AWD_70CMSD25P00000084_7012_-NONE-_-NONE-/,,2026-09-25,approved_rule,private,,private_entity_strong_labels_v1,df765cc0eb9bee121cce612b1881566cb717ec1bf5e61666164d3d0c03397e29
uei:Q5LJNF15T2R5,Q5LJNF15T2R5,"SALIENT CRGT, INC.",private,false,rule_approved,"Kevin-approved rule private_entity_strong_labels_v1: exact UEI and award identities match; every checked award has a stronger private-form or small-business label and an available private proposal, with no conflicting category. Batch rule application, not individual human review. See provenance/private_entity_rule_v1.json.",https://api.usaspending.gov/api/v2/awards/CONT_AWD_70CDCR24FR0000059_7012_47QRAD20DU127_4732/,,2026-09-25,approved_rule,private,,private_entity_strong_labels_v1,2031f98ebbcf8e6ace86357e947293dc16d5e79ae9be7df5a3d39f0613e4b47d
uei:Q6E8KHWNKTA5,Q6E8KHWNKTA5,"STOCKTON FORD, INC.",private,false,reviewed,Official recipient business categories support private entity; not in the approved selected detention contractor list. This is not a finding of no detention role.,https://api.usaspending.gov/api/v2/awards/CONT_AWD_70CMSD25P00000118_7012_-NONE-_-NONE-/,,2026-09-23,chart_2_review,,,,
uei:Q6ULESYWUAG6,Q6ULESYWUAG6,"SCHATZ PUBLISHING GROUP, LLC",private,false,rule_approved,"Kevin-approved rule private_entity_strong_labels_v1: exact UEI and award identities match; every checked award has a stronger private-form or small-business label and an available private proposal, with no conflicting category. Batch rule application, not individual human review. See provenance/private_entity_rule_v1.json.",https://api.usaspending.gov/api/v2/awards/CONT_AWD_70CMSW24FR0000104_7012_47QRAA24D0054_4732/,,2026-09-25,approved_rule,private,,private_entity_strong_labels_v1,6cf2d3dd45a8877f064b800139802726f21f03c6abd8877172e0053e4567e7e2
uei:Q75KA2PDMP88,Q75KA2PDMP88,ONEIDA-STANTEC JV LLC,private,false,reviewed,Official recipient business categories support private entity; not in the approved selected detention contractor list. This is not a finding of no detention role.,https://api.usaspending.gov/api/v2/awards/CONT_AWD_70CMSW26C00000001_7012_-NONE-_-NONE-/,,2026-09-23,chart_2_review,,,,
uei:Q7FKZBWULKA2,Q7FKZBWULKA2,AG TRANSFER AGENCY LLC,private,false,rule_approved,"Kevin-approved rule private_entity_strong_labels_v1: exact UEI and award identities match; every checked award has a stronger private-form or small-business label and an available private proposal, with no conflicting category. Batch rule application, not individual human review. See provenance/private_entity_rule_v1.json.",https://api.usaspending.gov/api/v2/awards/CONT_AWD_70CMSW26P00000028_7012_-NONE-_-NONE-/,,2026-09-25,approved_rule,private,,private_entity_strong_labels_v1,d5a321d742485787983a4309905e0af323a5790f16dad735d8ed952bef7e0a85
uei:Q8MKHJWV2EZ2,Q8MKHJWV2EZ2,SOLUTIONS & MANAGEMENTS SERVICES LLC,private,false,rule_approved,"Kevin-approved rule private_entity_strong_labels_v1: exact UEI and award identities match; every checked award has a stronger private-form or small-business label and an available private proposal, with no conflicting category. Batch rule application, not individual human review. See provenance/private_entity_rule_v1.json.",https://api.usaspending.gov/api/v2/awards/CONT_AWD_70CMSW25C00000006_7012_-NONE-_-NONE-/,,2026-09-25,approved_rule,private,,private_entity_strong_labels_v1,c857b3a1602209b3e56b130369c9f07310bc278aa820b1ee7c9f50a38164ab11
uei:Q9F1H8XLKHB8,Q9F1H8XLKHB8,BRISTOL BUILDING CONSTRUCTORS LLC,private,false,reviewed,Official recipient business categories support private entity; not in the approved selected detention contractor list. This is not a finding of no detention role.,https://api.usaspending.gov/api/v2/awards/CONT_AWD_70CMSW25C00000023_7012_-NONE-_-NONE-/,,2026-09-23,chart_2_review,,,,
uei:QC1FRENYMH26,QC1FRENYMH26,"FRONTLINE MOBILE TECH, LLC",private,false,reviewed,Official recipient business categories support private entity; not in the approved selected detention contractor list. This is not a finding of no detention role.,https://api.usaspending.gov/api/v2/awards/CONT_AWD_70CMSD25P00000073_7012_-NONE-_-NONE-/,,2026-09-23,chart_2_review,,,,
uei:QDH4ECM28DM1,QDH4ECM28DM1,JSI TELECOM INC.,private,false,rule_approved,"Kevin-approved rule private_entity_strong_labels_v1: exact UEI and award identities match; every checked award has a stronger private-form or small-business label and an available private proposal, with no conflicting category. Batch rule application, not individual human review. See provenance/private_entity_rule_v1.json.",https://api.usaspending.gov/api/v2/awards/CONT_AWD_70CMSD25P00000018_7012_-NONE-_-NONE-/,,2026-09-25,approved_rule,private,,private_entity_strong_labels_v1,4002fd9e5b73812835e6c9342e4c50d3bdbb5a9a73904e98a15d45779fd3eb20
uei:QEMLRQA7PLG4,QEMLRQA7PLG4,"AMENTUM SERVICES, INC.",private,true,reviewed,Approved selected recipient; official ICE detention/services relationship. Company-level classification only.,https://api.usaspending.gov/api/v2/awards/CONT_AWD_70CDCR26C00000016_7012_-NONE-_-NONE-/,https://www.usaspending.gov/award/CONT_AWD_70CDCR26C00000016_7012_-NONE-_-NONE-,2026-09-23,chart_2_review,,,,
uei:QFG7EC12DQK4,QFG7EC12DQK4,"UNITED RENTALS (NORTH AMERICA), INC.",private,false,rule_approved,"Kevin-approved rule private_entity_strong_labels_v1: exact UEI and award identities match; every checked award has a stronger private-form or small-business label and an available private proposal, with no conflicting category. Batch rule application, not individual human review. See provenance/private_entity_rule_v1.json.",https://api.usaspending.gov/api/v2/awards/CONT_AWD_70CMSD26P00000032_7012_-NONE-_-NONE-/,,2026-09-25,approved_rule,private,,private_entity_strong_labels_v1,d3f90d40ddecd38f04f7dbf5e7836305708aa800ff1c7945f553e8ab746fca91
uei:QG75FKGALSB6,QG75FKGALSB6,GLOBAL MIRACLE SOLUTIONS LLC,private,false,rule_approved,"Kevin-approved rule private_entity_strong_labels_v1: exact UEI and award identities match; every checked award has a stronger private-form or small-business label and an available private proposal, with no conflicting category. Batch rule application, not individual human review. See provenance/private_entity_rule_v1.json.",https://api.usaspending.gov/api/v2/awards/CONT_AWD_70CMSW21FR0000108_7012_47QRAD20D1047_4732/,,2026-09-25,approved_rule,private,,private_entity_strong_labels_v1,ec2ac5ef857f54f226ed465bd081d0b94e611251f6c4879c187efa8822f45ba2
uei:QGAAEMCMJXQ7,QGAAEMCMJXQ7,"REDHAWK IT SOLUTIONS, LLC",private,false,rule_approved,"Kevin-approved rule private_entity_strong_labels_v1: exact UEI and award identities match; every checked award has a stronger private-form or small-business label and an available private proposal, with no conflicting category. Batch rule application, not individual human review. See provenance/private_entity_rule_v1.json.",https://api.usaspending.gov/api/v2/awards/CONT_AWD_70CTD026FR0000041_7012_70RTAC26D00000001_7001/,,2026-09-25,approved_rule,private,,private_entity_strong_labels_v1,0355da9fcd3a992703859834a8faee4a188368478acd7717ff4d2a096cbb4668
uei:QH91XWR7Q538,QH91XWR7Q538,"AGILITECH, LLC",private,false,rule_approved,"Kevin-approved rule private_entity_strong_labels_v1: exact UEI and award identities match; every checked award has a stronger private-form or small-business label and an available private proposal, with no conflicting category. Batch rule application, not individual human review. See provenance/private_entity_rule_v1.json.",https://api.usaspending.gov/api/v2/awards/CONT_AWD_70CTD022FR0000168_7012_47QTCB21D0441_4732/,,2026-09-25,approved_rule,private,,private_entity_strong_labels_v1,82b87ee3f4f0fd7fbc96870131188bdf4719f15b771a7815d4ceeafbf00f211d
uei:QHBLBNKKV4U3,QHBLBNKKV4U3,"ICF INCORPORATED, L.L.C.",private,false,rule_approved,"Kevin-approved rule private_entity_strong_labels_v1: exact UEI and award identities match; every checked award has a stronger private-form or small-business label and an available private proposal, with no conflicting category. Batch rule application, not individual human review. See provenance/private_entity_rule_v1.json.",https://api.usaspending.gov/api/v2/awards/CONT_AWD_70CMSD24FR0000160_7012_GS00Q14OADU119_4732/,,2026-09-25,approved_rule,private,,private_entity_strong_labels_v1,d3c333702b88885f2df6add0ea052831be46db28be94db4d07dcd9207a58ae41
uei:QHF1FV2KBGH8,QHF1FV2KBGH8,"COPPER RIVER ENTERPRISE SERVICES, LLC",private,false,reviewed,Official recipient business categories support private entity; not in the approved selected detention contractor list. This is not a finding of no detention role.,https://api.usaspending.gov/api/v2/awards/CONT_AWD_70CTD020FC0000078_7012_70CTD019A00000004_7012/,,2026-09-23,chart_2_review,,,,
uei:QJX7PQ1P6BD5,QJX7PQ1P6BD5,ORION OIL LLC,private,false,rule_approved,"Kevin-approved rule private_entity_strong_labels_v1: exact UEI and award identities match; every checked award has a stronger private-form or small-business label and an available private proposal, with no conflicting category. Batch rule application, not individual human review. See provenance/private_entity_rule_v1.json.",https://api.usaspending.gov/api/v2/awards/CONT_AWD_70CDCR23P00000042_7012_-NONE-_-NONE-/,,2026-09-25,approved_rule,private,,private_entity_strong_labels_v1,10eaa92a4d9b23b66f2cb08cde9a09ab9804e0e991b860c48f60e4a07fe171ea
uei:QKYFZQL5VZ32,QKYFZQL5VZ32,"KONICA MINOLTA BUSINESS SOLUTIONS U.S.A, INC.",private,false,rule_approved,"Kevin-approved rule private_entity_strong_labels_v1: exact UEI and award identities match; every checked award has a stronger private-form or small-business label and an available private proposal, with no conflicting category. Batch rule application, not individual human review. See provenance/private_entity_rule_v1.json.",https://api.usaspending.gov/api/v2/awards/CONT_AWD_70CMSD20FR0000083_7012_GS03F135DA_4732/,,2026-09-25,approved_rule,private,,private_entity_strong_labels_v1,6fd88ac18e926f63edae52353b2ff69812c5319d7687285fa706221a224b0bdf
uei:QNDUMY6NRQS1,QNDUMY6NRQS1,THE MOUNT VERNON LADIES' ASSOCIATION OF THE UNION,other_public_nonprofit,false,reviewed,Official recipient categories: Nonprofit Organization. Public hospitals/universities are separated from general state/local government.,https://api.usaspending.gov/api/v2/awards/CONT_AWD_70CMSD24P00000124_7012_-NONE-_-NONE-/,,2026-09-23,chart_2_review,,,,
uei:QPBSPAXS1LY5,QPBSPAXS1LY5,EEG ENTERPRISES INC,private,false,rule_approved,"Kevin-approved rule private_entity_strong_labels_v1: exact UEI and award identities match; every checked award has a stronger private-form or small-business label and an available private proposal, with no conflicting category. Batch rule application, not individual human review. See provenance/private_entity_rule_v1.json.",https://api.usaspending.gov/api/v2/awards/CONT_AWD_70CMSD21P00000109_7012_-NONE-_-NONE-/,,2026-09-25,approved_rule,private,,private_entity_strong_labels_v1,eaab064c59f80b3be47395e81fc1ba1163ab79586a925ed81250d6ffecd3ff3a
uei:QPLRBVZTTLM9,QPLRBVZTTLM9,"UNITED TACTICAL SYSTEMS, LLC",private,false,rule_approved,"Kevin-approved rule private_entity_strong_labels_v1: exact UEI and award identities match; every checked award has a stronger private-form or small-business label and an available private proposal, with no conflicting category. Batch rule application, not individual human review. See provenance/private_entity_rule_v1.json.",https://api.usaspending.gov/api/v2/awards/CONT_AWD_70CMSD26P00000020_7012_-NONE-_-NONE-/,,2026-09-25,approved_rule,private,,private_entity_strong_labels_v1,0931c8beb2a9abdb9733e63a9806f5ef5c2fcc2f72bb7e09ea0474c44dd47212
uei:QRM5TFUJ1735,QRM5TFUJ1735,"ASSOCIATION OF CERTIFIED ANTI-MONEY LAUNDERING SPECIALISTS, LLC",private,false,rule_approved,"Kevin-approved rule private_entity_strong_labels_v1: exact UEI and award identities match; every checked award has a stronger private-form or small-business label and an available private proposal, with no conflicting category. Batch rule application, not individual human review. See provenance/private_entity_rule_v1.json.",https://api.usaspending.gov/api/v2/awards/CONT_AWD_70CMSD24P00000136_7012_-NONE-_-NONE-/,,2026-09-25,approved_rule,private,,private_entity_strong_labels_v1,0197903260fd03f63af7249c674a0d7a00210ee77d1188ac663b11b1f76430aa
uei:QVZKF2EPMLT7,QVZKF2EPMLT7,BANISTER FORD OF MARLOW HEIGHTS LLC,private,false,reviewed,Official recipient business categories support private entity; not in the approved selected detention contractor list. This is not a finding of no detention role.,https://api.usaspending.gov/api/v2/awards/CONT_AWD_70CMSW25P00000046_7012_-NONE-_-NONE-/,,2026-09-23,chart_2_review,,,,
uei:QWQDFDCNJ2H3,QWQDFDCNJ2H3,IMPERIAL VALLEY RIFLE & PISTOL ASSOCIATION INC,other_public_nonprofit,false,reviewed,Official recipient categories: Nonprofit Organization. Public hospitals/universities are separated from general state/local government.,https://api.usaspending.gov/api/v2/awards/CONT_AWD_70CDCR25P00000007_7012_-NONE-_-NONE-/,,2026-09-23,chart_2_review,,,,
uei:QZ8JHPAH38J3,QZ8JHPAH38J3,"TECHNICAL AND PROJECT ENGINEERING, LLC",private,false,rule_approved,"Kevin-approved rule private_entity_strong_labels_v1: exact UEI and award identities match; every checked award has a stronger private-form or small-business label and an available private proposal, with no conflicting category. Batch rule application, not individual human review. See provenance/private_entity_rule_v1.json.",https://api.usaspending.gov/api/v2/awards/CONT_AWD_70CTD020FR0000190_7012_47QTCH18D0061_4732/,,2026-09-25,approved_rule,private,,private_entity_strong_labels_v1,a17ac1da9ddbaab2cbaba4dd213b70b211b3ac71d9fe25e66a5c8ae7c82dac6f
uei:QZNYYTQ4BBM5,QZNYYTQ4BBM5,ADVENTURES BY DAWN L.L.C,private,false,rule_approved,"Kevin-approved rule private_entity_strong_labels_v1: exact UEI and award identities match; every checked award has a stronger private-form or small-business label and an available private proposal, with no conflicting category. Batch rule application, not individual human review. See provenance/private_entity_rule_v1.json.",https://api.usaspending.gov/api/v2/awards/CONT_AWD_70CMSW20FC0000010_7012_70RDAD19A00000001_7001/,,2026-09-25,approved_rule,private,,private_entity_strong_labels_v1,654a2a6ee4cdcbcec5bb2250f5d86b5f7581973e5aea5596fc3bef3c8b825f9a
uei:R64SJRYFDKM7,R64SJRYFDKM7,SAFE AMERICA MEDIA LLC,unresolved,false,pending,API proposal only: available; award evidence: available,https://api.usaspending.gov/api/v2/awards/CONT_AWD_70CMSW25FR0000082_7012_70RDA225D00000004_7001/,,,api_proposal,private,,,
uei:R6CWKSV1QZC9,R6CWKSV1QZC9,"MRM EEO SERVICES, INC",private,false,rule_approved,"Kevin-approved rule private_entity_strong_labels_v1: exact UEI and award identities match; every checked award has a stronger private-form or small-business label and an available private proposal, with no conflicting category. Batch rule application, not individual human review. See provenance/private_entity_rule_v1.json.",https://api.usaspending.gov/api/v2/awards/CONT_AWD_70CMSD24FR0000096_7012_GS02F0132W_4730/,,2026-09-25,approved_rule,private,,private_entity_strong_labels_v1,4ae4e70d9e72de36254662903d633fa5e31ecd26ffaddcf6125c80355e5ae4c3
uei:R815LJ31L4N9,R815LJ31L4N9,NETCHANNELS MARKETING,private,false,rule_approved,"Kevin-approved rule private_entity_strong_labels_v1: exact UEI and award identities match; every checked award has a stronger private-form or small-business label and an available private proposal, with no conflicting category. Batch rule application, not individual human review. See provenance/private_entity_rule_v1.json.",https://api.usaspending.gov/api/v2/awards/CONT_AWD_70CMSD26FR0000064_7012_47QRAA26D0050_4732/,,2026-09-25,approved_rule,private,,private_entity_strong_labels_v1,d2871677e56e693e0f04417a836a2c21536d5484fbf7fff48cc5b1c38ba69b4c
uei:R83NBN53FNK5,R83NBN53FNK5,INTERNATIONAL ORGANIZATION FOR MIGRATION,unresolved,false,pending,API proposal only: available; award evidence: available,https://api.usaspending.gov/api/v2/awards/CONT_AWD_70RDAD21C00000011_7012_-NONE-_-NONE-/,,,api_proposal,other_public_nonprofit,,,
uei:R8JUHEXBCZB9,R8JUHEXBCZB9,ALPHA RECOVERY LLC,private,false,rule_approved,"Kevin-approved rule private_entity_strong_labels_v1: exact UEI and award identities match; every checked award has a stronger private-form or small-business label and an available private proposal, with no conflicting category. Batch rule application, not individual human review. See provenance/private_entity_rule_v1.json.",https://api.usaspending.gov/api/v2/awards/CONT_AWD_70CDCR26FR0000081_7012_70CDCR26D00000030_7012/,,2026-09-25,approved_rule,private,,private_entity_strong_labels_v1,ab2d3427075d1147064f662ec71ab877072bd013f0b537232ac31130d32cd5a3
uei:R97BRQABKME1,R97BRQABKME1,API GROUP LIFE SAFETY USA LLC,private,false,rule_approved,"Kevin-approved rule private_entity_strong_labels_v1: exact UEI and award identities match; every checked award has a stronger private-form or small-business label and an available private proposal, with no conflicting category. Batch rule application, not individual human review. See provenance/private_entity_rule_v1.json.",https://api.usaspending.gov/api/v2/awards/CONT_AWD_70CMSW24C00000025_7012_-NONE-_-NONE-/,,2026-09-25,approved_rule,private,,private_entity_strong_labels_v1,f288ff75d717243b3f55b588a14b0ac9352c38e14c9f87633fc9cadcf5724cd2
uei:RC1HK8H3NHJ5,RC1HK8H3NHJ5,"AJAX OFFICE FURNITURE, INC",private,false,rule_approved,"Kevin-approved rule private_entity_strong_labels_v1: exact UEI and award identities match; every checked award has a stronger private-form or small-business label and an available private proposal, with no conflicting category. Batch rule application, not individual human review. See provenance/private_entity_rule_v1.json.",https://api.usaspending.gov/api/v2/awards/CONT_AWD_70CMSW25P00000037_7012_-NONE-_-NONE-/,,2026-09-25,approved_rule,private,,private_entity_strong_labels_v1,1c919a5b350f4b788a1f4a1260a6b0e7cf4c9001459ae45d54acab0336b44daf
uei:RC9UZLCMK267,RC9UZLCMK267,"ACADEMY LOCK & KEY, INC.",private,false,rule_approved,"Kevin-approved rule private_entity_strong_labels_v1: exact UEI and award identities match; every checked award has a stronger private-form or small-business label and an available private proposal, with no conflicting category. Batch rule application, not individual human review. See provenance/private_entity_rule_v1.json.",https://api.usaspending.gov/api/v2/awards/CONT_AWD_70CMSW26P00000021_7012_-NONE-_-NONE-/,,2026-09-25,approved_rule,private,,private_entity_strong_labels_v1,cc47cc13838a0a515a4acb4fe225422ecc171a424a534b6c58ed3328d4c5166a
uei:RD9WPWL52MM7,RD9WPWL52MM7,SP PLUS CORPORATION,private,false,rule_approved,"Kevin-approved rule private_entity_strong_labels_v1: exact UEI and award identities match; every checked award has a stronger private-form or small-business label and an available private proposal, with no conflicting category. Batch rule application, not individual human review. See provenance/private_entity_rule_v1.json.",https://api.usaspending.gov/api/v2/awards/CONT_AWD_70CMSD21P00000024_7012_-NONE-_-NONE-/,,2026-09-25,approved_rule,private,,private_entity_strong_labels_v1,3f49591c3bc1765d5989dad10f8a9b2e4bcb8b936f273eef1a7b6bf97cb4972f
uei:RDWHWEJZ9ME6,RDWHWEJZ9ME6,"INNOVATIVE CONSULTING & MANAGEMENT SERVICES, LLC",private,false,rule_approved,"Kevin-approved rule private_entity_strong_labels_v1: exact UEI and award identities match; every checked award has a stronger private-form or small-business label and an available private proposal, with no conflicting category. Batch rule application, not individual human review. See provenance/private_entity_rule_v1.json.",https://api.usaspending.gov/api/v2/awards/CONT_AWD_70CMSW22FR0000127_7012_GS21F0164W_4730/,,2026-09-25,approved_rule,private,,private_entity_strong_labels_v1,48c039a7e5ca98e21108ce0d5dea6ef706ab074254df9c62b2f1d476fe90c650
uei:RG1VD6RNMXB5,RG1VD6RNMXB5,PARAGON SYSTEMS INC,private,false,rule_approved,"Kevin-approved rule private_entity_strong_labels_v1: exact UEI and award identities match; every checked award has a stronger private-form or small-business label and an available private proposal, with no conflicting category. Batch rule application, not individual human review. See provenance/private_entity_rule_v1.json.",https://api.usaspending.gov/api/v2/awards/CONT_AWD_70CMSD22FC0000032_7012_70CMSD21A00000004_7012/,,2026-09-25,approved_rule,private,,private_entity_strong_labels_v1,869692b2b5f5cee92481da3ef3eb5d02b2ac2d3c26db422d7ab7828aaffd01d1
uei:RGE5K38NEKT3,RGE5K38NEKT3,SECURE ON-SITE SHREDDING INC,private,false,rule_approved,"Kevin-approved rule private_entity_strong_labels_v1: exact UEI and award identities match; every checked award has a stronger private-form or small-business label and an available private proposal, with no conflicting category. Batch rule application, not individual human review. See provenance/private_entity_rule_v1.json.",https://api.usaspending.gov/api/v2/awards/CONT_AWD_70CMSD25P00000041_7012_-NONE-_-NONE-/,,2026-09-25,approved_rule,private,,private_entity_strong_labels_v1,0c13843cf148b038c9a25332bb47cb62200d1c2deacd76474b9a76e65f0460ca
uei:RKF9M2VP5JS6,RKF9M2VP5JS6,"OURISMAN DODGE, INC.",private,false,reviewed,Official recipient business categories support private entity; not in the approved selected detention contractor list. This is not a finding of no detention role.,https://api.usaspending.gov/api/v2/awards/CONT_AWD_70CMSD24P00000118_7012_-NONE-_-NONE-/,,2026-09-23,chart_2_review,,,,
uei:RNH9WSW3PYT7,RNH9WSW3PYT7,COAST2COAST SHREDDING LLC,private,false,rule_approved,"Kevin-approved rule private_entity_strong_labels_v1: exact UEI and award identities match; every checked award has a stronger private-form or small-business label and an available private proposal, with no conflicting category. Batch rule application, not individual human review. See provenance/private_entity_rule_v1.json.",https://api.usaspending.gov/api/v2/awards/CONT_AWD_70CDCR25FR0000124_7012_47QSMS25D006R_4732/,,2026-09-25,approved_rule,private,,private_entity_strong_labels_v1,0a7eaac446a06b82590294c10a443be2c59bd9a99934511a156591b01404a84a
uei:RRFJZGASZJ41,RRFJZGASZJ41,V2X SYSTEMS LLC,private,false,reviewed,Official recipient business categories support private entity; not in the approved selected detention contractor list. This is not a finding of no detention role.,https://api.usaspending.gov/api/v2/awards/CONT_AWD_70CDCR25FR0000085_7012_70CDCR25D00000018_7012/,,2026-09-23,chart_2_review,,,,
uei:RW46YPUKDTV5,RW46YPUKDTV5,"CHESAPEAKE SYSTEMS INTERNATIONAL, LLC",private,false,reviewed,Official recipient business categories support private entity; not in the approved selected detention contractor list. This is not a finding of no detention role.,https://api.usaspending.gov/api/v2/awards/CONT_AWD_70CTD025P00000001_7012_-NONE-_-NONE-/,,2026-09-23,chart_2_review,,,,
uei:RW9CJ1Z2M9H1,RW9CJ1Z2M9H1,TOMAHAWK STRATEGIC SOLUTIONS LLC,private,false,reviewed,Official recipient business categories support private entity; not in the approved selected detention contractor list. This is not a finding of no detention role.,https://api.usaspending.gov/api/v2/awards/CONT_AWD_70CMSW26FR0000036_7012_47QSWA20D002T_4732/,,2026-09-23,chart_2_review,,,,
uei:RX9JLN13KYH6,RX9JLN13KYH6,"LONG BEACH, CITY OF",state_local_government,false,reviewed,Official recipient categories identify state/local government; exclude hospitals and universities into the separate public/nonprofit type.,https://api.usaspending.gov/api/v2/awards/CONT_AWD_70CDCR20P00000045_7012_-NONE-_-NONE-/,,2026-09-23,chart_2_review,,,,
uei:S4JLWYQYLG98,S4JLWYQYLG98,"PEOPLE, TECHNOLOGY AND PROCESSES, LLC",private,false,rule_approved,"Kevin-approved rule private_entity_strong_labels_v1: exact UEI and award identities match; every checked award has a stronger private-form or small-business label and an available private proposal, with no conflicting category. Batch rule application, not individual human review. See provenance/private_entity_rule_v1.json.",https://api.usaspending.gov/api/v2/awards/CONT_AWD_70CMSD22FR0000024_7012_47QRAD20D1133_4732/,,2026-09-25,approved_rule,private,,private_entity_strong_labels_v1,4454f0fa91d3b2ae440381205654259c82b1845207c3c05d58d66c6e70e8af2c
uei:S4L3MKALDM23,S4L3MKALDM23,CHATTAHOOCHEE TRAILER LLC,private,false,reviewed,Official recipient business categories support private entity; not in the approved selected detention contractor list. This is not a finding of no detention role.,https://api.usaspending.gov/api/v2/awards/CONT_AWD_70CMSW25P00000073_7012_-NONE-_-NONE-/,,2026-09-23,chart_2_review,,,,
uei:S8NPX3Q8MQH3,S8NPX3Q8MQH3,RED ORANGE NORTH AMERICA INC.,private,false,reviewed,Official recipient business categories support private entity; not in the approved selected detention contractor list. This is not a finding of no detention role.,https://api.usaspending.gov/api/v2/awards/CONT_AWD_70CMSD20P00000171_7012_-NONE-_-NONE-/,,2026-09-23,chart_2_review,,,,
uei:S9PQZM9ZTKT7,S9PQZM9ZTKT7,PEGASUS SUPPORT SERVICES LLC,private,false,rule_approved,"Kevin-approved rule private_entity_strong_labels_v1: exact UEI and award identities match; every checked award has a stronger private-form or small-business label and an available private proposal, with no conflicting category. Batch rule application, not individual human review. See provenance/private_entity_rule_v1.json.",https://api.usaspending.gov/api/v2/awards/CONT_AWD_70CMSW24FR0000071_7012_47QSHA18D001Z_4732/,,2026-09-25,approved_rule,private,,private_entity_strong_labels_v1,29a5e4880f4ac0fc3aa33e490cd930a37fdb4b8a8c9b6b1491cf35d7caf173e8
uei:SFKFN7RQHNV3,SFKFN7RQHNV3,"CHENEGA TRI-SERVICES, LLC",private,false,reviewed,Official recipient business categories support private entity; not in the approved selected detention contractor list. This is not a finding of no detention role.,https://api.usaspending.gov/api/v2/awards/CONT_AWD_70CMSW19C00000001_7012_-NONE-_-NONE-/,,2026-09-23,chart_2_review,,,,
uei:SG98APEZBLZ6,SG98APEZBLZ6,"SAN DIEGO, COUNTY OF",state_local_government,false,reviewed,Official recipient categories identify state/local government; exclude hospitals and universities into the separate public/nonprofit type.,https://api.usaspending.gov/api/v2/awards/CONT_AWD_70CDCR21P00000009_7012_-NONE-_-NONE-/,,2026-09-23,chart_2_review,,,,
uei:SHBNTMHAJAB3,SHBNTMHAJAB3,"PRO PARK, LLC",private,false,reviewed,Official recipient business categories support private entity; not in the approved selected detention contractor list. This is not a finding of no detention role.,https://api.usaspending.gov/api/v2/awards/CONT_AWD_70CMSW26P00000024_7012_-NONE-_-NONE-/,,2026-09-23,chart_2_review,,,,
uei:SJHANNQ8XZT6,SJHANNQ8XZT6,"HARMONIA HOLDINGS GROUP, LLC",private,false,rule_approved,"Kevin-approved rule private_entity_strong_labels_v1: exact UEI and award identities match; every checked award has a stronger private-form or small-business label and an available private proposal, with no conflicting category. Batch rule application, not individual human review. See provenance/private_entity_rule_v1.json.",https://api.usaspending.gov/api/v2/awards/CONT_AWD_70CTD021FR0000226_7012_W52P1J18DA062_9700/,,2026-09-25,approved_rule,private,,private_entity_strong_labels_v1,bfef387e0d2852f2b9d2776cc6760e66b576fb5713dc2b6fa5b28857d1a29cdf
uei:SKDNFVJ9K8U3,SKDNFVJ9K8U3,APPLIED INTELLECT LLC,private,false,rule_approved,"Kevin-approved rule private_entity_strong_labels_v1: exact UEI and award identities match; every checked award has a stronger private-form or small-business label and an available private proposal, with no conflicting category. Batch rule application, not individual human review. See provenance/private_entity_rule_v1.json.",https://api.usaspending.gov/api/v2/awards/CONT_AWD_70CDCR26FR0000082_7012_70CDCR26D00000031_7012/,,2026-09-25,approved_rule,private,,private_entity_strong_labels_v1,9c9020db024f2c71d196724a4f767da2ba8a7ad1b8a1ffcd9a2ef45fa82dffe1
uei:SL5DUHMP9163,SL5DUHMP9163,"SEPTIMO SOLUTIONS, LLC",private,false,rule_approved,"Kevin-approved rule private_entity_strong_labels_v1: exact UEI and award identities match; every checked award has a stronger private-form or small-business label and an available private proposal, with no conflicting category. Batch rule application, not individual human review. See provenance/private_entity_rule_v1.json.",https://api.usaspending.gov/api/v2/awards/CONT_AWD_70CDCR26FR0000094_7012_70CDCR26D00000043_7012/,,2026-09-25,approved_rule,private,,private_entity_strong_labels_v1,73463d5b22a088ec33e11096d0faa9b8d65fe54dec0af0fd6cdffe844d1d11ef
uei:SLVERBJAVNS4,SLVERBJAVNS4,"L3HARRIS TECHNOLOGIES, INC.",private,false,rule_approved,"Kevin-approved rule private_entity_strong_labels_v1: exact UEI and award identities match; every checked award has a stronger private-form or small-business label and an available private proposal, with no conflicting category. Batch rule application, not individual human review. See provenance/private_entity_rule_v1.json.",https://api.usaspending.gov/api/v2/awards/CONT_AWD_70CMSD22FR0000167_7012_70B04C19D00000012_7014/,,2026-09-25,approved_rule,private,,private_entity_strong_labels_v1,dafddac031f3d1844bcd55cd8b3ba6513c972b2a13773939f6626899385a9adc
uei:SMMBY2DM3PC4,SMMBY2DM3PC4,"BRANCHFIRE, INC.",private,false,rule_approved,"Kevin-approved rule private_entity_strong_labels_v1: exact UEI and award identities match; every checked award has a stronger private-form or small-business label and an available private proposal, with no conflicting category. Batch rule application, not individual human review. See provenance/private_entity_rule_v1.json.",https://api.usaspending.gov/api/v2/awards/CONT_AWD_70CTD026P00000004_7012_-NONE-_-NONE-/,,2026-09-25,approved_rule,private,,private_entity_strong_labels_v1,3d691b2d641ec59ee7a24952ef1d7a39d7983e4a2a5ab682be136ce08cafcbd7
uei:SMNWM6HN79X5,SMNWM6HN79X5,"GENERAL DYNAMICS INFORMATION TECHNOLOGY, INC.",private,false,rule_approved,"Kevin-approved rule private_entity_strong_labels_v1: exact UEI and award identities match; every checked award has a stronger private-form or small-business label and an available private proposal, with no conflicting category. Batch rule application, not individual human review. See provenance/private_entity_rule_v1.json.",https://api.usaspending.gov/api/v2/awards/CONT_AWD_70CMSD24FR0000050_7012_GS00Q14OADU116_4732/,,2026-09-25,approved_rule,private,,private_entity_strong_labels_v1,75299aa4c78d32073ffe7b42609d72877e5b40a9cb0287c4b4a45805562a81a1
uei:SQLVDBFQ4SD8,SQLVDBFQ4SD8,"WORKWEAR OUTFITTERS, LLC",private,false,rule_approved,"Kevin-approved rule private_entity_strong_labels_v1: exact UEI and award identities match; every checked award has a stronger private-form or small-business label and an available private proposal, with no conflicting category. Batch rule application, not individual human review. See provenance/private_entity_rule_v1.json.",https://api.usaspending.gov/api/v2/awards/CONT_AWD_70CDCR26FR0000033_7012_70B01C20D00000004_7014/,,2026-09-25,approved_rule,private,,private_entity_strong_labels_v1,1dbfd592bd1b4e4735f0d1fd66712c332818489e247865092950871558e3e100
uei:SRBCX24F2M53,SRBCX24F2M53,RAYSECUR INC,private,false,rule_approved,"Kevin-approved rule private_entity_strong_labels_v1: exact UEI and award identities match; every checked award has a stronger private-form or small-business label and an available private proposal, with no conflicting category. Batch rule application, not individual human review. See provenance/private_entity_rule_v1.json.",https://api.usaspending.gov/api/v2/awards/CONT_AWD_70CDCR24FR0000016_7012_47QSWA20D00A9_4732/,,2026-09-25,approved_rule,private,,private_entity_strong_labels_v1,11b2e3635b44a4deee7e57ab1c1b281bb44f4108ab21b5348507443bcf69312a
uei:SVC5U6D9JNQ5,SVC5U6D9JNQ5,KASTEL ENTERPRISES MK LLC,private,false,reviewed,Official recipient business categories support private entity; not in the approved selected detention contractor list. This is not a finding of no detention role.,https://api.usaspending.gov/api/v2/awards/CONT_AWD_70CDCR25FR0000050_7012_70CDCR25D00000030_7012/,,2026-09-23,chart_2_review,,,,
uei:SW56UKW28L15,SW56UKW28L15,EAGLEGRACE GLOBAL LLC,private,false,rule_approved,"Kevin-approved rule private_entity_strong_labels_v1: exact UEI and award identities match; every checked award has a stronger private-form or small-business label and an available private proposal, with no conflicting category. Batch rule application, not individual human review. See provenance/private_entity_rule_v1.json.",https://api.usaspending.gov/api/v2/awards/CONT_AWD_70CDCR26FR0000088_7012_70CDCR26D00000037_7012/,,2026-09-25,approved_rule,private,,private_entity_strong_labels_v1,7909636bd9a26de494aa55679846d00774a8fb30441f7c38e50bd683e8a2c7f7
uei:SXFFDJ5JVDD8,SXFFDJ5JVDD8,PERGRAVIS LLC,private,false,rule_approved,"Kevin-approved rule private_entity_strong_labels_v1: exact UEI and award identities match; every checked award has a stronger private-form or small-business label and an available private proposal, with no conflicting category. Batch rule application, not individual human review. See provenance/private_entity_rule_v1.json.",https://api.usaspending.gov/api/v2/awards/CONT_AWD_70CDCR25P00000005_7012_-NONE-_-NONE-/,,2026-09-25,approved_rule,private,,private_entity_strong_labels_v1,48666298bf26f4d1f080083b1e8b8cf6201652d323ae4114e6274db3c10898cf
uei:T3NKFUYR8KB1,T3NKFUYR8KB1,TRI-STATE CAMERA EXCH. INC.,private,false,reviewed,Official recipient business categories support private entity; not in the approved selected detention contractor list. This is not a finding of no detention role.,https://api.usaspending.gov/api/v2/awards/CONT_AWD_70CMSD24FR0000196_7012_GS02F0151U_4730/,,2026-09-23,chart_2_review,,,,
uei:T4WYLHF3JR49,T4WYLHF3JR49,"MOTOR VEHICLES, NEW YORK STATE DEPARTMENT OF",state_local_government,false,reviewed,Official recipient categories identify state/local government; exclude hospitals and universities into the separate public/nonprofit type.,https://api.usaspending.gov/api/v2/awards/CONT_AWD_70CMSD19P00000020_7012_-NONE-_-NONE-/,,2026-09-23,chart_2_review,,,,
uei:T7E2MNUEEEF7,T7E2MNUEEEF7,KALAKOA PAINTING LLC,private,false,rule_approved,"Kevin-approved rule private_entity_strong_labels_v1: exact UEI and award identities match; every checked award has a stronger private-form or small-business label and an available private proposal, with no conflicting category. Batch rule application, not individual human review. See provenance/private_entity_rule_v1.json.",https://api.usaspending.gov/api/v2/awards/CONT_AWD_70CMSW24C00000030_7012_-NONE-_-NONE-/,,2026-09-25,approved_rule,private,,private_entity_strong_labels_v1,1bb80c58701ff55ac3946fff2f64367d6c9f7484d6838dea19fcafd1d2eb0677
uei:T91KCP2KDZ52,T91KCP2KDZ52,APPLIED FUNDAMENTALS CONSULTING LLC,private,false,rule_approved,"Kevin-approved rule private_entity_strong_labels_v1: exact UEI and award identities match; every checked award has a stronger private-form or small-business label and an available private proposal, with no conflicting category. Batch rule application, not individual human review. See provenance/private_entity_rule_v1.json.",https://api.usaspending.gov/api/v2/awards/CONT_AWD_70CMSD23P00000158_7012_-NONE-_-NONE-/,,2026-09-25,approved_rule,private,,private_entity_strong_labels_v1,1a202ff008e9dae3567bbc0066e912740c37f6cea5713c3d02deb96b44a0173d
uei:TASECLDB7R59,TASECLDB7R59,"GERALD HANSON & ASSOCIATES, INC.",private,false,reviewed,Official recipient business categories support private entity; not in the approved selected detention contractor list. This is not a finding of no detention role.,https://api.usaspending.gov/api/v2/awards/CONT_AWD_70CMSD25P00000012_7012_-NONE-_-NONE-/,,2026-09-23,chart_2_review,,,,
uei:TBW7MGPYURM7,TBW7MGPYURM7,"AXON ENTERPRISE, INC.",private,false,rule_approved,"Kevin-approved rule private_entity_strong_labels_v1: exact UEI and award identities match; every checked award has a stronger private-form or small-business label and an available private proposal, with no conflicting category. Batch rule application, not individual human review. See provenance/private_entity_rule_v1.json.",https://api.usaspending.gov/api/v2/awards/CONT_AWD_70CMSW26FR0000045_7012_70B03C23D00000006_7014/,,2026-09-25,approved_rule,private,,private_entity_strong_labels_v1,05f04f03d778a22222e8694f830d796ae5a4a64c0ede0b31af5bb54cf918da31
uei:TDJ4QPRJKSY4,TDJ4QPRJKSY4,BROADPOINT FEDERAL INC,private,false,rule_approved,"Kevin-approved rule private_entity_strong_labels_v1: exact UEI and award identities match; every checked award has a stronger private-form or small-business label and an available private proposal, with no conflicting category. Batch rule application, not individual human review. See provenance/private_entity_rule_v1.json.",https://api.usaspending.gov/api/v2/awards/CONT_AWD_70CMSW21FR0000146_7012_75N98120D00183_7529/,,2026-09-25,approved_rule,private,,private_entity_strong_labels_v1,acbf40f24654ebeb87809178e571ed7796bc6d3f9efc8713a9ff00b0db9b6165
uei:TDYECJNG1NM7,TDYECJNG1NM7,CUSTOM COURIER INC,private,false,rule_approved,"Kevin-approved rule private_entity_strong_labels_v1: exact UEI and award identities match; every checked award has a stronger private-form or small-business label and an available private proposal, with no conflicting category. Batch rule application, not individual human review. See provenance/private_entity_rule_v1.json.",https://api.usaspending.gov/api/v2/awards/CONT_AWD_70CMSW24P00000033_7012_-NONE-_-NONE-/,,2026-09-25,approved_rule,private,,private_entity_strong_labels_v1,d5cdff7dd754358aa0f833bf83c2114b7662738b7a659934a415c36c59ac9e2d
uei:TJBZQMW6NGC8,TJBZQMW6NGC8,"THE MEDALCRAFT MINT, INC.",private,false,rule_approved,"Kevin-approved rule private_entity_strong_labels_v1: exact UEI and award identities match; every checked award has a stronger private-form or small-business label and an available private proposal, with no conflicting category. Batch rule application, not individual human review. See provenance/private_entity_rule_v1.json.",https://api.usaspending.gov/api/v2/awards/CONT_AWD_70CMSW24P00000021_7012_-NONE-_-NONE-/,,2026-09-25,approved_rule,private,,private_entity_strong_labels_v1,b87d59596d49984d0bae35e7b2c9048da5cda2d4a78d693f2c176a89f4c04808
uei:TPVDK79FMUH9,TPVDK79FMUH9,"SUSTAINABLE SECURITY SOLUTIONS, INC.",private,false,rule_approved,"Kevin-approved rule private_entity_strong_labels_v1: exact UEI and award identities match; every checked award has a stronger private-form or small-business label and an available private proposal, with no conflicting category. Batch rule application, not individual human review. See provenance/private_entity_rule_v1.json.",https://api.usaspending.gov/api/v2/awards/CONT_AWD_70CMSW25C00000002_7012_-NONE-_-NONE-/,,2026-09-25,approved_rule,private,,private_entity_strong_labels_v1,976c517b624813693b4efdf96987db1a1f8c2d0d2f2c4d02eaf750e4e854b704
uei:TQ83J2WXDLL3,TQ83J2WXDLL3,MASHIMA ELECTRIC LLC,private,false,rule_approved,"Kevin-approved rule private_entity_strong_labels_v1: exact UEI and award identities match; every checked award has a stronger private-form or small-business label and an available private proposal, with no conflicting category. Batch rule application, not individual human review. See provenance/private_entity_rule_v1.json.",https://api.usaspending.gov/api/v2/awards/CONT_AWD_70CMSW24C00000014_7012_-NONE-_-NONE-/,,2026-09-25,approved_rule,private,,private_entity_strong_labels_v1,cbf0b726c354eb1e252eb0b37a3cb2fbf6855241d1201a6bf78757152c006a88
uei:TR6FT4XBRGN8,TR6FT4XBRGN8,CINKA CONSTRUCTION & CONSULTING SERVICES LLC,private,false,rule_approved,"Kevin-approved rule private_entity_strong_labels_v1: exact UEI and award identities match; every checked award has a stronger private-form or small-business label and an available private proposal, with no conflicting category. Batch rule application, not individual human review. See provenance/private_entity_rule_v1.json.",https://api.usaspending.gov/api/v2/awards/CONT_AWD_70CMSW22C00000015_7012_-NONE-_-NONE-/,,2026-09-25,approved_rule,private,,private_entity_strong_labels_v1,d1488ee8b97048b5da75bddc1fb5aab14cffa54ba814c3aeef2c3b736d0875c8
uei:TRJ2YRVP4A26,TRJ2YRVP4A26,"PEN-LINK, LTD",private,false,rule_approved,"Kevin-approved rule private_entity_strong_labels_v1: exact UEI and award identities match; every checked award has a stronger private-form or small-business label and an available private proposal, with no conflicting category. Batch rule application, not individual human review. See provenance/private_entity_rule_v1.json.",https://api.usaspending.gov/api/v2/awards/CONT_AWD_70CMSD22C00000001_7012_-NONE-_-NONE-/,,2026-09-25,approved_rule,private,,private_entity_strong_labels_v1,1a2d30f79b531b3f639d2a19a1328596cc8423935f86e8ffae00b97b2a690467
uei:TRKEP1HEBNS5,TRKEP1HEBNS5,CGI FEDERAL INC.,private,false,rule_approved,"Kevin-approved rule private_entity_strong_labels_v1: exact UEI and award identities match; every checked award has a stronger private-form or small-business label and an available private proposal, with no conflicting category. Batch rule application, not individual human review. See provenance/private_entity_rule_v1.json.",https://api.usaspending.gov/api/v2/awards/CONT_AWD_70CMSW22FR0000037_7012_GS35F281DA_4732/,,2026-09-25,approved_rule,private,,private_entity_strong_labels_v1,95a5edc425c94266544564991483b92d376593adeef622b92203d11071405c9c
uei:TRT5JBUD3WM1,TRT5JBUD3WM1,ALTANA TECHNOLOGIES USG INC,private,false,rule_approved,"Kevin-approved rule private_entity_strong_labels_v1: exact UEI and award identities match; every checked award has a stronger private-form or small-business label and an available private proposal, with no conflicting category. Batch rule application, not individual human review. See provenance/private_entity_rule_v1.json.",https://api.usaspending.gov/api/v2/awards/CONT_AWD_70CMSD24P00000121_7012_-NONE-_-NONE-/,,2026-09-25,approved_rule,private,,private_entity_strong_labels_v1,9564b2c850132a7fa8d989e9a892f2e647533e9510427226d5ff3e3cce07f325
uei:TTLUYN248DA1,TTLUYN248DA1,GUARDIAN 6 SOLUTIONS LLC,private,false,reviewed,Official recipient business categories support private entity; not in the approved selected detention contractor list. This is not a finding of no detention role.,https://api.usaspending.gov/api/v2/awards/CONT_AWD_70CDCR25FR0000077_7012_70CDCR25D00000038_7012/,,2026-09-23,chart_2_review,,,,
uei:TWJJLKD99KB7,TWJJLKD99KB7,AMDEX CORPORATION,private,false,rule_approved,"Kevin-approved rule private_entity_strong_labels_v1: exact UEI and award identities match; every checked award has a stronger private-form or small-business label and an available private proposal, with no conflicting category. Batch rule application, not individual human review. See provenance/private_entity_rule_v1.json.",https://api.usaspending.gov/api/v2/awards/CONT_AWD_70CTD021FR0000045_7012_HHSN316201200116W_7529/,,2026-09-25,approved_rule,private,,private_entity_strong_labels_v1,5e9d63c7a5f9cb1bb3e0e337826df856cbe51ee4e5fd511ae9d3d8381adc6a7e
uei:TWM3HRKY3W75,TWM3HRKY3W75,"AMERICAN DEFENSE STRUCTURES, LLC",private,false,rule_approved,"Kevin-approved rule private_entity_strong_labels_v1: exact UEI and award identities match; every checked award has a stronger private-form or small-business label and an available private proposal, with no conflicting category. Batch rule application, not individual human review. See provenance/private_entity_rule_v1.json.",https://api.usaspending.gov/api/v2/awards/CONT_AWD_70CMSD25P00000085_7012_-NONE-_-NONE-/,,2026-09-25,approved_rule,private,,private_entity_strong_labels_v1,2d374f41377499e43b2a6a315bb4778204e68739fc1f73116b32f172913382b8
uei:U1AMUPN2TQP1,U1AMUPN2TQP1,"IRONCOMPANY.COM, LLC",private,false,rule_approved,"Kevin-approved rule private_entity_strong_labels_v1: exact UEI and award identities match; every checked award has a stronger private-form or small-business label and an available private proposal, with no conflicting category. Batch rule application, not individual human review. See provenance/private_entity_rule_v1.json.",https://api.usaspending.gov/api/v2/awards/CONT_AWD_70CMSW25FR0000002_7012_47QSMA22D08NN_4732/,,2026-09-25,approved_rule,private,,private_entity_strong_labels_v1,4f8cedccb03e21e5ac7af247d75f8a399c4ab8d4ccbc381b61a223bbcfb518cd
uei:U8BKKE6QD8S4,U8BKKE6QD8S4,NU BORDERS LLC,private,false,rule_approved,"Kevin-approved rule private_entity_strong_labels_v1: exact UEI and award identities match; every checked award has a stronger private-form or small-business label and an available private proposal, with no conflicting category. Batch rule application, not individual human review. See provenance/private_entity_rule_v1.json.",https://api.usaspending.gov/api/v2/awards/CONT_AWD_70CMSD19C00000004_7012_-NONE-_-NONE-/,,2026-09-25,approved_rule,private,,private_entity_strong_labels_v1,278e3cb32cfeb8e26c7cac1cef6cf0126492f1e7a428f16e7283a5870449d24d
uei:U8LTFJCZLK68,U8LTFJCZLK68,PHILADELPHIA PARKING AUTHORITY,state_local_government,false,reviewed,Official recipient categories identify state/local government; exclude hospitals and universities into the separate public/nonprofit type.,https://api.usaspending.gov/api/v2/awards/CONT_AWD_70CMSD25P00000116_7012_-NONE-_-NONE-/,,2026-09-23,chart_2_review,,,,
uei:UCMPFP9EH2R5,UCMPFP9EH2R5,"LRP PUBLICATIONS, INC.",private,false,rule_approved,"Kevin-approved rule private_entity_strong_labels_v1: exact UEI and award identities match; every checked award has a stronger private-form or small-business label and an available private proposal, with no conflicting category. Batch rule application, not individual human review. See provenance/private_entity_rule_v1.json.",https://api.usaspending.gov/api/v2/awards/CONT_AWD_70CMSD24FR0000142_7012_47QTCA20D002P_4732/,,2026-09-25,approved_rule,private,,private_entity_strong_labels_v1,b3242a8c473b16004111d3d9a42a4379df7b328c41fac1948010602ed6e6c3ac
uei:UER4AJLUB8D5,UER4AJLUB8D5,"THUNDERCAT TECHNOLOGY, LLC",private,false,rule_approved,"Kevin-approved rule private_entity_strong_labels_v1: exact UEI and award identities match; every checked award has a stronger private-form or small-business label and an available private proposal, with no conflicting category. Batch rule application, not individual human review. See provenance/private_entity_rule_v1.json.",https://api.usaspending.gov/api/v2/awards/CONT_AWD_70CMSD26FR0000045_7012_NNG15SD26B_8000/,,2026-09-25,approved_rule,private,,private_entity_strong_labels_v1,7d5fb2ae281422d0280d53c0c75006236df29ddfeb2846fa33494c99695df437
uei:UF3FMLEAWT13,UF3FMLEAWT13,ASPEN MEDICAL USA INC,private,false,reviewed,Official recipient business categories support private entity; not in the approved selected detention contractor list. This is not a finding of no detention role.,https://api.usaspending.gov/api/v2/awards/CONT_AWD_70CDCR25FR0000078_7012_70CDCR25D00000031_7012/,,2026-09-23,chart_2_review,,,,
uei:UJJ2MWZC6SJ9,UJJ2MWZC6SJ9,LEXISNEXIS RISK SOLUTIONS INC,private,false,rule_approved,"Kevin-approved rule private_entity_strong_labels_v1: exact UEI and award identities match; every checked award has a stronger private-form or small-business label and an available private proposal, with no conflicting category. Batch rule application, not individual human review. See provenance/private_entity_rule_v1.json.",https://api.usaspending.gov/api/v2/awards/CONT_AWD_70CMSD21C00000001_7012_-NONE-_-NONE-/,,2026-09-25,approved_rule,private,,private_entity_strong_labels_v1,6389f5c67cbe56de0f246d4091355ce262694c09a531584213e0f901a345f87d
uei:UKMYUL2G6Z54,UKMYUL2G6Z54,KYOCERA DOCUMENT SOLUTIONS AMERICA INC,private,false,rule_approved,"Kevin-approved rule private_entity_strong_labels_v1: exact UEI and award identities match; every checked award has a stronger private-form or small-business label and an available private proposal, with no conflicting category. Batch rule application, not individual human review. See provenance/private_entity_rule_v1.json.",https://api.usaspending.gov/api/v2/awards/CONT_AWD_70CMSD20FR0000077_7012_GS03F045DA_4732/,,2026-09-25,approved_rule,private,,private_entity_strong_labels_v1,5b8d0a649425b2ece2caae788cf621c470425e471bece3ca28aee22fb0961621
uei:UKQUPVHWM6V9,UKQUPVHWM6V9,UNIVERSAL STRATEGIC ADVISORS LLC,private,false,reviewed,Official recipient business categories support private entity; not in the approved selected detention contractor list. This is not a finding of no detention role.,https://api.usaspending.gov/api/v2/awards/CONT_AWD_70CDCR25FR0000059_7012_70CDCR25D00000057_7012/,,2026-09-23,chart_2_review,,,,
uei:ULLLNGPP57H3,ULLLNGPP57H3,REGULA FORENSICS INC,private,false,rule_approved,"Kevin-approved rule private_entity_strong_labels_v1: exact UEI and award identities match; every checked award has a stronger private-form or small-business label and an available private proposal, with no conflicting category. Batch rule application, not individual human review. See provenance/private_entity_rule_v1.json.",https://api.usaspending.gov/api/v2/awards/CONT_AWD_70CMSD25P00000040_7012_-NONE-_-NONE-/,,2026-09-25,approved_rule,private,,private_entity_strong_labels_v1,a282ad478e56a3373ad2f9f0c5196d8c26838c4f58b6cc58e7db85094b8f4a1d
uei:UNPMCYW8NK67,UNPMCYW8NK67,"WOLFLAND, INC.",private,false,rule_approved,"Kevin-approved rule private_entity_strong_labels_v1: exact UEI and award identities match; every checked award has a stronger private-form or small-business label and an available private proposal, with no conflicting category. Batch rule application, not individual human review. See provenance/private_entity_rule_v1.json.",https://api.usaspending.gov/api/v2/awards/CONT_AWD_70CDCR25P00000034_7012_-NONE-_-NONE-/,,2026-09-25,approved_rule,private,,private_entity_strong_labels_v1,83c8050f705970a0f406cd2cd46cd08f54db9c89e905f01ab1231dea42e73b6f
uei:UR5TFK3LAVL5,UR5TFK3LAVL5,"FEDERAL RESOURCES SUPPLY COMPANY, LLC",private,false,rule_approved,"Kevin-approved rule private_entity_strong_labels_v1: exact UEI and award identities match; every checked award has a stronger private-form or small-business label and an available private proposal, with no conflicting category. Batch rule application, not individual human review. See provenance/private_entity_rule_v1.json.",https://api.usaspending.gov/api/v2/awards/CONT_AWD_70CMSD24FR0000112_7012_GS07F9287S_4730/,,2026-09-25,approved_rule,private,,private_entity_strong_labels_v1,d9e078d36ea4a2a964654a40a137acbe7694074df42658a325c9aefe27c2f19a
uei:USNZM57HK7A5,USNZM57HK7A5,LOW KOUNTRY INK MOBILE NOTARY LLC,private,false,reviewed,Official recipient business categories support private entity; not in the approved selected detention contractor list. This is not a finding of no detention role.,https://api.usaspending.gov/api/v2/awards/CONT_AWD_70CDCR25FR0000098_7012_70CDCR23D00000013_7012/,,2026-09-23,chart_2_review,,,,
uei:UWTDWKT273H9,UWTDWKT273H9,COMM-FIT HOLDINGS LLC,private,false,rule_approved,"Kevin-approved rule private_entity_strong_labels_v1: exact UEI and award identities match; every checked award has a stronger private-form or small-business label and an available private proposal, with no conflicting category. Batch rule application, not individual human review. See provenance/private_entity_rule_v1.json.",https://api.usaspending.gov/api/v2/awards/CONT_AWD_70CMSD24P00000070_7012_-NONE-_-NONE-/,,2026-09-25,approved_rule,private,,private_entity_strong_labels_v1,2d8a8a4dde218566e569b5bf3a347cce09fd5dae07aa5147bcc431af76498b30
uei:UXXFRJVQHVB1,UXXFRJVQHVB1,OMNITECH SERVICES LLC,private,false,rule_approved,"Kevin-approved rule private_entity_strong_labels_v1: exact UEI and award identities match; every checked award has a stronger private-form or small-business label and an available private proposal, with no conflicting category. Batch rule application, not individual human review. See provenance/private_entity_rule_v1.json.",https://api.usaspending.gov/api/v2/awards/CONT_AWD_70CMSW25P00000011_7012_-NONE-_-NONE-/,,2026-09-25,approved_rule,private,,private_entity_strong_labels_v1,3d6c9c581c50f67886695bccc680f09e27360ce6718da2d9a9635fd7236b20a2
uei:UZA2MELMDZZ1,UZA2MELMDZZ1,COUNTY OF PALM BEACH,state_local_government,false,reviewed,Official recipient categories identify state/local government; exclude hospitals and universities into the separate public/nonprofit type.,https://api.usaspending.gov/api/v2/awards/CONT_AWD_70CMSD24P00000103_7012_-NONE-_-NONE-/,,2026-09-23,chart_2_review,,,,
uei:V29GA2J8MRT3,V29GA2J8MRT3,"HOTELES SHERATON, S. DE R.L. DE C.V.",private,false,rule_approved,"Kevin-approved rule private_entity_strong_labels_v1: exact UEI and award identities match; every checked award has a stronger private-form or small-business label and an available private proposal, with no conflicting category. Batch rule application, not individual human review. See provenance/private_entity_rule_v1.json.",https://api.usaspending.gov/api/v2/awards/CONT_AWD_70CMSD24P00000049_7012_-NONE-_-NONE-/,,2026-09-25,approved_rule,private,,private_entity_strong_labels_v1,e118639cfd1e6f027609abd856c6a62eafe2fb99e4155c32e99b96c22f3abc88
uei:V2ZBS5GE8GJ4,V2ZBS5GE8GJ4,"CHENEGA MISSION OPERATIONS, LLC",private,false,rule_approved,"Kevin-approved rule private_entity_strong_labels_v1: exact UEI and award identities match; every checked award has a stronger private-form or small-business label and an available private proposal, with no conflicting category. Batch rule application, not individual human review. See provenance/private_entity_rule_v1.json.",https://api.usaspending.gov/api/v2/awards/CONT_AWD_70CMSW24C00000001_7012_-NONE-_-NONE-/,,2026-09-25,approved_rule,private,,private_entity_strong_labels_v1,f905368960aa87f221c8de8384d61215b0ee4ea4fcd8c32ca98a76719e62d9ab
uei:V36CWGK7TWS1,V36CWGK7TWS1,EG&R ENGINEERING PC,private,false,rule_approved,"Kevin-approved rule private_entity_strong_labels_v1: exact UEI and award identities match; every checked award has a stronger private-form or small-business label and an available private proposal, with no conflicting category. Batch rule application, not individual human review. See provenance/private_entity_rule_v1.json.",https://api.usaspending.gov/api/v2/awards/CONT_AWD_70CMSW24C00000021_7012_-NONE-_-NONE-/,,2026-09-25,approved_rule,private,,private_entity_strong_labels_v1,b5516d389a0a3af8f59ee5f9e824c9ebc0860525632fcd87171c6bf673fde674
uei:V6FNW3MNWMR4,V6FNW3MNWMR4,"GETTYSBURG ADDRESSES, INC.",private,false,rule_approved,"Kevin-approved rule private_entity_strong_labels_v1: exact UEI and award identities match; every checked award has a stronger private-form or small-business label and an available private proposal, with no conflicting category. Batch rule application, not individual human review. See provenance/private_entity_rule_v1.json.",https://api.usaspending.gov/api/v2/awards/CONT_AWD_70CMSD21FR0000078_7012_70CMSD21D00000002_7012/,,2026-09-25,approved_rule,private,,private_entity_strong_labels_v1,321412f900e5a8e36f2bcc58f8ef7387c548c9c89dcd0904b9ea0d7e0b333e0b
uei:V6K4MNMJFWE6,V6K4MNMJFWE6,"SHRED N GO, INC.",private,false,rule_approved,"Kevin-approved rule private_entity_strong_labels_v1: exact UEI and award identities match; every checked award has a stronger private-form or small-business label and an available private proposal, with no conflicting category. Batch rule application, not individual human review. See provenance/private_entity_rule_v1.json.",https://api.usaspending.gov/api/v2/awards/CONT_AWD_70CMSD25P00000123_7012_-NONE-_-NONE-/,,2026-09-25,approved_rule,private,,private_entity_strong_labels_v1,2f9e65059b0543e386605b831d98b9655632a29bdcb585cb46fa4c0675c2ff2e
uei:V6M4L6NJE3E4,V6M4L6NJE3E4,EAST RIO HONDO WATER SUPPLY CORP,unresolved,false,pending,API proposal only: available; award evidence: available,https://api.usaspending.gov/api/v2/awards/CONT_AWD_70CMSW19P00000005_7012_-NONE-_-NONE-/,,,api_proposal,other_public_nonprofit,,,
uei:V7XLBKHB6DX4,V7XLBKHB6DX4,PETER KIRCHMER,private,false,rule_approved,"Kevin-approved rule private_entity_strong_labels_v1: exact UEI and award identities match; every checked award has a stronger private-form or small-business label and an available private proposal, with no conflicting category. Batch rule application, not individual human review. See provenance/private_entity_rule_v1.json.",https://api.usaspending.gov/api/v2/awards/CONT_AWD_70CDCR21P00000059_7012_-NONE-_-NONE-/,,2026-09-25,approved_rule,private,,private_entity_strong_labels_v1,89b6a70cbe2855d585a7afd6dc00ff361852d9277dbbecea55dcb0d123c9245f
uei:V84BBXQ5YXT8,V84BBXQ5YXT8,CALIFORNIA HIGHWAY PATROLMANS CLUB,other_public_nonprofit,false,reviewed,Official recipient categories: Nonprofit Organization. Public hospitals/universities are separated from general state/local government.,https://api.usaspending.gov/api/v2/awards/CONT_AWD_70CDCR25C00000003_7012_-NONE-_-NONE-/,,2026-09-23,chart_2_review,,,,
uei:VEK9L8TJ5HL7,VEK9L8TJ5HL7,XENTURIS LLC,private,false,rule_approved,"Kevin-approved rule private_entity_strong_labels_v1: exact UEI and award identities match; every checked award has a stronger private-form or small-business label and an available private proposal, with no conflicting category. Batch rule application, not individual human review. See provenance/private_entity_rule_v1.json.",https://api.usaspending.gov/api/v2/awards/CONT_AWD_70CMSD24P00000071_7012_-NONE-_-NONE-/,,2026-09-25,approved_rule,private,,private_entity_strong_labels_v1,51673c8a5dd9fa1b2adac007c5eba1e9376fcb6a3b06d28481c67c55e36b6991
uei:VHWPNQS1GVN7,VHWPNQS1GVN7,"GENESIS ONE THREE, LLC",private,false,rule_approved,"Kevin-approved rule private_entity_strong_labels_v1: exact UEI and award identities match; every checked award has a stronger private-form or small-business label and an available private proposal, with no conflicting category. Batch rule application, not individual human review. See provenance/private_entity_rule_v1.json.",https://api.usaspending.gov/api/v2/awards/CONT_AWD_70CMSD25P00000086_7012_-NONE-_-NONE-/,,2026-09-25,approved_rule,private,,private_entity_strong_labels_v1,d8280d81a4531aa82b76fb8db605bab726a4b5b6f60ea5d55b727d339365de2c
uei:VKFFM58F5EN5,VKFFM58F5EN5,SOURCEAMERICA,unresolved,false,pending,API proposal only: available; award evidence: available,https://api.usaspending.gov/api/v2/awards/CONT_AWD_70CMSD19P00000122_7012_-NONE-_-NONE-/,,,api_proposal,other_public_nonprofit,,,
uei:VKXTM4MPD3S7,VKXTM4MPD3S7,WYNNPRO LLC,private,false,rule_approved,"Kevin-approved rule private_entity_strong_labels_v1: exact UEI and award identities match; every checked award has a stronger private-form or small-business label and an available private proposal, with no conflicting category. Batch rule application, not individual human review. See provenance/private_entity_rule_v1.json.",https://api.usaspending.gov/api/v2/awards/CONT_AWD_70CDCR25FR0000016_7012_GS03F001HA_4732/,,2026-09-25,approved_rule,private,,private_entity_strong_labels_v1,f6de4085b2e052facf48769edba80efb22df66da423864c08ec37acf73ee40df
uei:VL96BQE72BP1,VL96BQE72BP1,"HHI SERVICES, INC.",unresolved,false,pending,API proposal only: available; award evidence: available,https://api.usaspending.gov/api/v2/awards/CONT_AWD_70CMSW23C00000002_7012_-NONE-_-NONE-/,,,api_proposal,other_public_nonprofit,,,
uei:VQK9LJAHKKD5,VQK9LJAHKKD5,JESUIT REFUGEE SERVICE USA,unresolved,false,pending,API proposal only: available; award evidence: available,https://api.usaspending.gov/api/v2/awards/CONT_AWD_70CDCR20P00000008_7012_-NONE-_-NONE-/,,,api_proposal,other_public_nonprofit,,,
uei:VSF3D5VZABZ5,VSF3D5VZABZ5,ORIGIN INVESTIGATIONS INC,private,false,rule_approved,"Kevin-approved rule private_entity_strong_labels_v1: exact UEI and award identities match; every checked award has a stronger private-form or small-business label and an available private proposal, with no conflicting category. Batch rule application, not individual human review. See provenance/private_entity_rule_v1.json.",https://api.usaspending.gov/api/v2/awards/CONT_AWD_70CDCR26FR0000091_7012_70CDCR26D00000040_7012/,,2026-09-25,approved_rule,private,,private_entity_strong_labels_v1,8e5460d5bd483ffaa7b823dbc1f9978c65c90d2442d828fb0e05d8bad0222571
uei:VYUMS7L1EGL1,VYUMS7L1EGL1,STARSIDE SECURITY & INVESTIGATION INC,private,false,reviewed,Official recipient business categories support private entity; not in the approved selected detention contractor list. This is not a finding of no detention role.,https://api.usaspending.gov/api/v2/awards/CONT_AWD_70CMSD24FR0000162_7012_47QSMS24D0063_4732/,,2026-09-23,chart_2_review,,,,
uei:VZ7AQ6ULC3B8,VZ7AQ6ULC3B8,"LUMIA ONE, INC.",private,false,rule_approved,"Kevin-approved rule private_entity_strong_labels_v1: exact UEI and award identities match; every checked award has a stronger private-form or small-business label and an available private proposal, with no conflicting category. Batch rule application, not individual human review. See provenance/private_entity_rule_v1.json.",https://api.usaspending.gov/api/v2/awards/CONT_AWD_70CMSW23C00000040_7012_-NONE-_-NONE-/,,2026-09-25,approved_rule,private,,private_entity_strong_labels_v1,248aa203a966e92cde177aa89d9b3e003eb169076064477888fb412472bb0d26
uei:VZRDF2C4KD11,VZRDF2C4KD11,"TYRRELLTECH, INC.",private,false,rule_approved,"Kevin-approved rule private_entity_strong_labels_v1: exact UEI and award identities match; every checked award has a stronger private-form or small-business label and an available private proposal, with no conflicting category. Batch rule application, not individual human review. See provenance/private_entity_rule_v1.json.",https://api.usaspending.gov/api/v2/awards/CONT_AWD_70CMSD24P00000102_7012_-NONE-_-NONE-/,,2026-09-25,approved_rule,private,,private_entity_strong_labels_v1,e7a988e4a4ad19c60d228b6da580371d4fd3c2bc71dbbb39ec7d9736e536ab6b
uei:W1KTDYYP2SD6,W1KTDYYP2SD6,"RECOVERY SOLUTIONS OF SOUTH CAROLINA, LLC",private,false,reviewed,"Official recipient categories identify a hospital organized as an LLC, with no government or nonprofit category. Hospital service type alone does not establish public or nonprofit status.",https://api.usaspending.gov/api/v2/awards/CONT_AWD_70CDCR26FR0000080_7012_15M40026DA3500012_1544/,,2026-09-23,chart_2_review,,,,
uei:W2KQFAVCKEM5,W2KQFAVCKEM5,"TORO DEFENSE CONTRACTING, LLC",private,false,rule_approved,"Kevin-approved rule private_entity_strong_labels_v1: exact UEI and award identities match; every checked award has a stronger private-form or small-business label and an available private proposal, with no conflicting category. Batch rule application, not individual human review. See provenance/private_entity_rule_v1.json.",https://api.usaspending.gov/api/v2/awards/CONT_AWD_70CDCR24P00000030_7012_-NONE-_-NONE-/,,2026-09-25,approved_rule,private,,private_entity_strong_labels_v1,2cfdb24718351fdd4e083e4fbf3384fc0e0a6a2a3a2411e92bd6d5253ed24943
uei:W32AQK4BCKG3,W32AQK4BCKG3,"CASTLE HILL PARTNERS, INC",private,false,reviewed,Official recipient business categories support private entity; not in the approved selected detention contractor list. This is not a finding of no detention role.,https://api.usaspending.gov/api/v2/awards/CONT_AWD_70CMSW25P00000057_7012_-NONE-_-NONE-/,,2026-09-23,chart_2_review,,,,
uei:W3HVB3149KQ9,W3HVB3149KQ9,TOWN OF LANCASTER,state_local_government,false,reviewed,Official recipient categories identify state/local government; exclude hospitals and universities into the separate public/nonprofit type.,https://api.usaspending.gov/api/v2/awards/CONT_AWD_70CDCR22P00000006_7012_-NONE-_-NONE-/,,2026-09-23,chart_2_review,,,,
uei:W3WWDTKBJUC1,W3WWDTKBJUC1,"LIFE SAFETY GROUP, LLC",private,false,rule_approved,"Kevin-approved rule private_entity_strong_labels_v1: exact UEI and award identities match; every checked award has a stronger private-form or small-business label and an available private proposal, with no conflicting category. Batch rule application, not individual human review. See provenance/private_entity_rule_v1.json.",https://api.usaspending.gov/api/v2/awards/CONT_AWD_70CMSD22P00000056_7012_-NONE-_-NONE-/,,2026-09-25,approved_rule,private,,private_entity_strong_labels_v1,4eecb3baf5f8aa917f6e69f2a03dd1bd82218fc1a431b55cd35db8514201d0d2
uei:W48BMV24MNB5,W48BMV24MNB5,"HAWAIIAN TELCOM SERVICES COMPANY, INC",private,false,rule_approved,"Kevin-approved rule private_entity_strong_labels_v1: exact UEI and award identities match; every checked award has a stronger private-form or small-business label and an available private proposal, with no conflicting category. Batch rule application, not individual human review. See provenance/private_entity_rule_v1.json.",https://api.usaspending.gov/api/v2/awards/CONT_AWD_70CMSD22P00000062_7012_-NONE-_-NONE-/,,2026-09-25,approved_rule,private,,private_entity_strong_labels_v1,b878fc1a3594d8d7cf125979abe91f07b2e4b91f15afd1465bf1175b406bd151
uei:W4AUG3SNRTL6,W4AUG3SNRTL6,"NATIONAL PROTECTIVE SERVICES, LLC",private,false,rule_approved,"Kevin-approved rule private_entity_strong_labels_v1: exact UEI and award identities match; every checked award has a stronger private-form or small-business label and an available private proposal, with no conflicting category. Batch rule application, not individual human review. See provenance/private_entity_rule_v1.json.",https://api.usaspending.gov/api/v2/awards/CONT_AWD_70CDCR26FR0000090_7012_70CDCR26D00000039_7012/,,2026-09-25,approved_rule,private,,private_entity_strong_labels_v1,6e3e2d18820b0de6ff9f03e09b6185e46ec2fe8f3a738af4bfd6ac432501eb2d
uei:W86KH2Y1PD35,W86KH2Y1PD35,KHALIDA HUSSAIN,private,false,rule_approved,"Kevin-approved rule private_entity_strong_labels_v1: exact UEI and award identities match; every checked award has a stronger private-form or small-business label and an available private proposal, with no conflicting category. Batch rule application, not individual human review. See provenance/private_entity_rule_v1.json.",https://api.usaspending.gov/api/v2/awards/CONT_AWD_70CDCR25P00000001_7012_-NONE-_-NONE-/,,2026-09-25,approved_rule,private,,private_entity_strong_labels_v1,cddfecd32128cfd7843bbe498cbda2e128d3bc7d905ecfa8857fd5e10d0c23a2
uei:WA9AY2GKXYG8,WA9AY2GKXYG8,"ARMADA, LTD.",private,false,rule_approved,"Kevin-approved rule private_entity_strong_labels_v1: exact UEI and award identities match; every checked award has a stronger private-form or small-business label and an available private proposal, with no conflicting category. Batch rule application, not individual human review. See provenance/private_entity_rule_v1.json.",https://api.usaspending.gov/api/v2/awards/CONT_AWD_70CMSD22FR0000108_7012_47QRAA19D004H_4732/,,2026-09-25,approved_rule,private,,private_entity_strong_labels_v1,7da0f3deb2bc75dc1bb79b46538945861cab20aadc257e8da2a2a83a520f62d5
uei:WC4EBR56YXL3,WC4EBR56YXL3,EOLA POWER LLC,private,false,reviewed,Official recipient business categories support private entity; not in the approved selected detention contractor list. This is not a finding of no detention role.,https://api.usaspending.gov/api/v2/awards/CONT_AWD_70CDCR24P00000027_7012_-NONE-_-NONE-/,,2026-09-23,chart_2_review,,,,
uei:WCMJHCRB1UH3,WCMJHCRB1UH3,AVER LLC,private,false,rule_approved,"Kevin-approved rule private_entity_strong_labels_v1: exact UEI and award identities match; every checked award has a stronger private-form or small-business label and an available private proposal, with no conflicting category. Batch rule application, not individual human review. See provenance/private_entity_rule_v1.json.",https://api.usaspending.gov/api/v2/awards/CONT_AWD_70CMSW22FR0000092_7012_47QRAD20D1162_4732/,,2026-09-25,approved_rule,private,,private_entity_strong_labels_v1,9275a13d128999cea46b978f2192f7269dbd849536ed3285c1de93d8f9f387d1
uei:WGN2KJJD27Q3,WGN2KJJD27Q3,AKIMA INFRASTRUCTURE PROTECTION LLC,private,true,reviewed,Approved selected recipient; official ICE detention/services relationship. Company-level classification only.,https://api.usaspending.gov/api/v2/awards/CONT_AWD_70CDCR24FR0000005_7012_70CDCR22D00000002_7012/,https://www.usaspending.gov/award/CONT_AWD_70CDCR24FR0000005_7012_70CDCR22D00000002_7012,2026-09-23,chart_2_review,,,,
uei:WJULS86QSZN8,WJULS86QSZN8,"SAFE RESTRAINTS, INC",private,false,rule_approved,"Kevin-approved rule private_entity_strong_labels_v1: exact UEI and award identities match; every checked award has a stronger private-form or small-business label and an available private proposal, with no conflicting category. Batch rule application, not individual human review. See provenance/private_entity_rule_v1.json.",https://api.usaspending.gov/api/v2/awards/CONT_AWD_70CMSW25P00000019_7012_-NONE-_-NONE-/,,2026-09-25,approved_rule,private,,private_entity_strong_labels_v1,db264b8b4019c927a18102dc62f65d7870b6709d4443f3b51574a9871636eb5d
uei:WLN9CANPQ155,WLN9CANPQ155,CIPHERTRACE INC,private,false,rule_approved,"Kevin-approved rule private_entity_strong_labels_v1: exact UEI and award identities match; every checked award has a stronger private-form or small-business label and an available private proposal, with no conflicting category. Batch rule application, not individual human review. See provenance/private_entity_rule_v1.json.",https://api.usaspending.gov/api/v2/awards/CONT_AWD_70CMSD23P00000036_7012_-NONE-_-NONE-/,,2026-09-25,approved_rule,private,,private_entity_strong_labels_v1,27b54a0aa7458779df5481e4cae60779dc5c4a27c7ecf32b26665468db36fac1
uei:WLZML2ZZKFU6,WLZML2ZZKFU6,"AT&T ENTERPRISES, LLC",private,false,rule_approved,"Kevin-approved rule private_entity_strong_labels_v1: exact UEI and award identities match; every checked award has a stronger private-form or small-business label and an available private proposal, with no conflicting category. Batch rule application, not individual human review. See provenance/private_entity_rule_v1.json.",https://api.usaspending.gov/api/v2/awards/CONT_AWD_70CMSD25C00000005_7012_-NONE-_-NONE-/,,2026-09-25,approved_rule,private,,private_entity_strong_labels_v1,3771ed03e9b4b66c67c0baeb58c5e0966d5e8fed6507dde248488693466585c7
uei:WNZ1K355EHK6,WNZ1K355EHK6,SUPERIOR REPORTING SERVICES LLC,private,false,rule_approved,"Kevin-approved rule private_entity_strong_labels_v1: exact UEI and award identities match; every checked award has a stronger private-form or small-business label and an available private proposal, with no conflicting category. Batch rule application, not individual human review. See provenance/private_entity_rule_v1.json.",https://api.usaspending.gov/api/v2/awards/CONT_AWD_70CDCR25P00000002_7012_-NONE-_-NONE-/,,2026-09-25,approved_rule,private,,private_entity_strong_labels_v1,e1fa3f7c54ba790f8a8b97770d1578839279c26e1b0bea7b83477f046c0e5ff6
uei:WR1SKUFJAPM3,WR1SKUFJAPM3,"DKAT GENERAL SERVICES, LLC",private,false,rule_approved,"Kevin-approved rule private_entity_strong_labels_v1: exact UEI and award identities match; every checked award has a stronger private-form or small-business label and an available private proposal, with no conflicting category. Batch rule application, not individual human review. See provenance/private_entity_rule_v1.json.",https://api.usaspending.gov/api/v2/awards/CONT_AWD_70CMSW25P00000004_7012_-NONE-_-NONE-/,,2026-09-25,approved_rule,private,,private_entity_strong_labels_v1,0dbcfeb3ea65bf9c05c9ee07c09732910f2df22e1b8ecc5394531e0c90971f83
uei:WT8REV5M46J8,WT8REV5M46J8,DISTRICT SOLUTIONS LC,private,false,rule_approved,"Kevin-approved rule private_entity_strong_labels_v1: exact UEI and award identities match; every checked award has a stronger private-form or small-business label and an available private proposal, with no conflicting category. Batch rule application, not individual human review. See provenance/private_entity_rule_v1.json.",https://api.usaspending.gov/api/v2/awards/CONT_AWD_70CMSD25P00000109_7012_-NONE-_-NONE-/,,2026-09-25,approved_rule,private,,private_entity_strong_labels_v1,8ee0a293f27fb90a2f4ed70adf2586afd272f984a064835ea1148c14185b2670
uei:WUVWJLHRU5A5,WUVWJLHRU5A5,LOCKHEED MARTIN CORPORATION,private,false,reviewed,Official recipient business categories support private entity; not in the approved selected detention contractor list. This is not a finding of no detention role.,https://api.usaspending.gov/api/v2/awards/CONT_AWD_70CMSD25P00000125_7012_-NONE-_-NONE-/,,2026-09-23,chart_2_review,,,,
uei:WYZXSVNJ3S87,WYZXSVNJ3S87,ACUITY INC,private,false,rule_approved,"Kevin-approved rule private_entity_strong_labels_v1: exact UEI and award identities match; every checked award has a stronger private-form or small-business label and an available private proposal, with no conflicting category. Batch rule application, not individual human review. See provenance/private_entity_rule_v1.json.",https://api.usaspending.gov/api/v2/awards/CONT_AWD_70CTD022FR0000009_7012_GS35F0560W_4730/,,2026-09-25,approved_rule,private,,private_entity_strong_labels_v1,875e0d7b7cbd740e07c840259b322d676b42fbf7db25a2c83000bd7fc7cb8124
uei:X2YBWXNFGC45,X2YBWXNFGC45,THOMSON REUTERS SPECIAL SERVICES LLC,unresolved,false,pending,API proposal only: available; award evidence: available|available,https://api.usaspending.gov/api/v2/awards/CONT_AWD_70CMSD21C00000002_7012_-NONE-_-NONE-/,,,api_proposal,private,,,
uei:X4HPMGMHP4M7,X4HPMGMHP4M7,"COMCAST CABLE COMMUNICATIONS, LLC",private,false,rule_approved,"Kevin-approved rule private_entity_strong_labels_v1: exact UEI and award identities match; every checked award has a stronger private-form or small-business label and an available private proposal, with no conflicting category. Batch rule application, not individual human review. See provenance/private_entity_rule_v1.json.",https://api.usaspending.gov/api/v2/awards/CONT_AWD_70CMSD21P00000055_7012_-NONE-_-NONE-/,,2026-09-25,approved_rule,private,,private_entity_strong_labels_v1,b645efe26eb2f2744b9a98d2ab7bdd128d8b4f8384a0d04dee1cc3a66acc900f
uei:X7TJV72PZDC8,X7TJV72PZDC8,BSK CONSULTING LLC,private,false,rule_approved,"Kevin-approved rule private_entity_strong_labels_v1: exact UEI and award identities match; every checked award has a stronger private-form or small-business label and an available private proposal, with no conflicting category. Batch rule application, not individual human review. See provenance/private_entity_rule_v1.json.",https://api.usaspending.gov/api/v2/awards/CONT_AWD_70CMSD25P00000008_7012_-NONE-_-NONE-/,,2026-09-25,approved_rule,private,,private_entity_strong_labels_v1,b5849ffc038932567dab38a4af2793b146c9a60b2c4a95bb814228e99fcf0401
uei:X9AFG394MCN7,X9AFG394MCN7,EQUIFAX INC,private,false,rule_approved,"Kevin-approved rule private_entity_strong_labels_v1: exact UEI and award identities match; every checked award has a stronger private-form or small-business label and an available private proposal, with no conflicting category. Batch rule application, not individual human review. See provenance/private_entity_rule_v1.json.",https://api.usaspending.gov/api/v2/awards/CONT_AWD_70CMSD23P00000133_7012_-NONE-_-NONE-/,,2026-09-25,approved_rule,private,,private_entity_strong_labels_v1,10020544c88ff8d12a99eb5e30b8ff3dc8f7018b410594ac850ddfb01fbb20b3
uei:XE68Z7CJJ323,XE68Z7CJJ323,"CMI MANAGEMENT, LLC",private,false,rule_approved,"Kevin-approved rule private_entity_strong_labels_v1: exact UEI and award identities match; every checked award has a stronger private-form or small-business label and an available private proposal, with no conflicting category. Batch rule application, not individual human review. See provenance/private_entity_rule_v1.json.",https://api.usaspending.gov/api/v2/awards/CONT_AWD_70CMSW26P00000006_7012_-NONE-_-NONE-/,,2026-09-25,approved_rule,private,,private_entity_strong_labels_v1,31dd6222a261f556331476a778c6cdb4009b6ece9eede4cd1b5af630bd65c644
uei:XF9FMJ4KJG67,XF9FMJ4KJG67,"ADVANTAGE TECHNOLOGIES, INC",private,false,rule_approved,"Kevin-approved rule private_entity_strong_labels_v1: exact UEI and award identities match; every checked award has a stronger private-form or small-business label and an available private proposal, with no conflicting category. Batch rule application, not individual human review. See provenance/private_entity_rule_v1.json.",https://api.usaspending.gov/api/v2/awards/CONT_AWD_70CTD022FR0000023_7012_GS35F0435Y_4732/,,2026-09-25,approved_rule,private,,private_entity_strong_labels_v1,9acf538c400fde0fbc93d06325d70040e326dece2c749ce0475cf0c572b351f9
uei:XK11LLUL61A7,XK11LLUL61A7,"NEW TECH SOLUTIONS, INC.",private,false,rule_approved,"Kevin-approved rule private_entity_strong_labels_v1: exact UEI and award identities match; every checked award has a stronger private-form or small-business label and an available private proposal, with no conflicting category. Batch rule application, not individual human review. See provenance/private_entity_rule_v1.json.",https://api.usaspending.gov/api/v2/awards/CONT_AWD_70CTD025FR0000036_7012_NNG15SC82B_8000/,,2026-09-25,approved_rule,private,,private_entity_strong_labels_v1,eb36081ac7ff8c6fb11be9535fb99f705633d76add1a5d9d4ccc1b123451a8d7
uei:XLG4KLKZBRY5,XLG4KLKZBRY5,AMAZE TECHNOLOGIES LLC,private,false,rule_approved,"Kevin-approved rule private_entity_strong_labels_v1: exact UEI and award identities match; every checked award has a stronger private-form or small-business label and an available private proposal, with no conflicting category. Batch rule application, not individual human review. See provenance/private_entity_rule_v1.json.",https://api.usaspending.gov/api/v2/awards/CONT_AWD_70CMSW22FR0000142_7012_47QRAD20D1003_4732/,,2026-09-25,approved_rule,private,,private_entity_strong_labels_v1,d8eeba642631181aeefe34a22094c8235063006688d986919cf1fa93235c870a
uei:XMF6E52MV4U6,XMF6E52MV4U6,AJCE CORPORATION,private,false,rule_approved,"Kevin-approved rule private_entity_strong_labels_v1: exact UEI and award identities match; every checked award has a stronger private-form or small-business label and an available private proposal, with no conflicting category. Batch rule application, not individual human review. See provenance/private_entity_rule_v1.json.",https://api.usaspending.gov/api/v2/awards/CONT_AWD_70CMSW24C00000029_7012_-NONE-_-NONE-/,,2026-09-25,approved_rule,private,,private_entity_strong_labels_v1,7c545653b2f3cd13656916df98dd417d8420b75d1ac11b556f06d8faab31c31d
uei:XR3HKXN6M1B3,XR3HKXN6M1B3,GO & ZALEZ INC,private,false,rule_approved,"Kevin-approved rule private_entity_strong_labels_v1: exact UEI and award identities match; every checked award has a stronger private-form or small-business label and an available private proposal, with no conflicting category. Batch rule application, not individual human review. See provenance/private_entity_rule_v1.json.",https://api.usaspending.gov/api/v2/awards/CONT_AWD_70CDCR22P00000024_7012_-NONE-_-NONE-/,,2026-09-25,approved_rule,private,,private_entity_strong_labels_v1,8650a5b7a2eb1d0e513d298e3e70423dc0d05482669965d4be0009d9f1194c7a
uei:XTZQPHGC2ZK4,XTZQPHGC2ZK4,VERSATERM PUBLIC SAFETY US INC,private,false,rule_approved,"Kevin-approved rule private_entity_strong_labels_v1: exact UEI and award identities match; every checked award has a stronger private-form or small-business label and an available private proposal, with no conflicting category. Batch rule application, not individual human review. See provenance/private_entity_rule_v1.json.",https://api.usaspending.gov/api/v2/awards/CONT_AWD_70CMSD22FR0000036_7012_47QTCA19D00JQ_4732/,,2026-09-25,approved_rule,private,,private_entity_strong_labels_v1,1dd47bddc1b7efecfab74addd4ca9aacee7d4fec9987063fa6e9f13993a6242c
uei:XVNBJ1QJY5N4,XVNBJ1QJY5N4,TRIBALCO LLC,private,false,rule_approved,"Kevin-approved rule private_entity_strong_labels_v1: exact UEI and award identities match; every checked award has a stronger private-form or small-business label and an available private proposal, with no conflicting category. Batch rule application, not individual human review. See provenance/private_entity_rule_v1.json.",https://api.usaspending.gov/api/v2/awards/CONT_AWD_70CMSD21FR0000209_7012_NNG15SC51B_8000/,,2026-09-25,approved_rule,private,,private_entity_strong_labels_v1,b60330d341c907d2ce3cbe024f527d6a43851bc04f7a2cb6d45ccae110501c75
uei:XXJXSMP4H4J1,XXJXSMP4H4J1,"ACTIVE DEPLOYMENT SYSTEMS, LLC",private,false,reviewed,Official recipient business categories support private entity; not in the approved selected detention contractor list. This is not a finding of no detention role.,https://api.usaspending.gov/api/v2/awards/CONT_AWD_70CDCR25FR0000060_7012_70CDCR25D00000022_7012/,,2026-09-23,chart_2_review,,,,
uei:XYHKU4ZSM7V8,XYHKU4ZSM7V8,WOODLAND PARK RANGE II LLC,private,false,reviewed,Official recipient business categories support private entity; not in the approved selected detention contractor list. This is not a finding of no detention role.,https://api.usaspending.gov/api/v2/awards/CONT_AWD_70CDCR22P00000016_7012_-NONE-_-NONE-/,,2026-09-23,chart_2_review,,,,
uei:XZ4ZUPC1LAK3,XZ4ZUPC1LAK3,"GRANITE TELECOMMUNICATIONS, LLC",private,false,reviewed,Official recipient business categories support private entity; not in the approved selected detention contractor list. This is not a finding of no detention role.,https://api.usaspending.gov/api/v2/awards/CONT_AWD_70CTD022FR0000092_7012_GS00Q17NSD3004_4732/,,2026-09-23,chart_2_review,,,,
uei:Y54FQAPG4TN5,Y54FQAPG4TN5,LOYAL SOURCE GOVERNMENT SERVICES LLC,private,false,reviewed,Official recipient business categories support private entity; not in the approved selected detention contractor list. This is not a finding of no detention role.,https://api.usaspending.gov/api/v2/awards/CONT_AWD_70CDCR25FR0000048_7012_70CDCR25D00000058_7012/,,2026-09-23,chart_2_review,,,,
uei:Y5U3BSK2G389,Y5U3BSK2G389,ACQUISITION LOGISTICS LLC,private,true,reviewed,Approved selected recipient; official ICE detention/services relationship. Company-level classification only.,https://api.usaspending.gov/api/v2/awards/CONT_AWD_70CDCR26FR0000001_7012_N0002325D0004_9700/,https://www.usaspending.gov/award/CONT_AWD_70CDCR26FR0000001_7012_N0002325D0004_9700,2026-09-23,chart_2_review,,,,
uei:Y7YJFTG997E7,Y7YJFTG997E7,"RMF ENGINEERING, INC., P.C.",private,false,rule_approved,"Kevin-approved rule private_entity_strong_labels_v1: exact UEI and award identities match; every checked award has a stronger private-form or small-business label and an available private proposal, with no conflicting category. Batch rule application, not individual human review. See provenance/private_entity_rule_v1.json.",https://api.usaspending.gov/api/v2/awards/CONT_AWD_70CMSW25FR0000028_7012_47QRAA21D007Y_4732/,,2026-09-25,approved_rule,private,,private_entity_strong_labels_v1,77ba1fa139a356d1e3ff91c305e7a87831277460f2683a86f1d19e056b8cc891
uei:Y879L3NDL3W7,Y879L3NDL3W7,"WILLIAM S. HEIN & CO., INC.",private,false,rule_approved,"Kevin-approved rule private_entity_strong_labels_v1: exact UEI and award identities match; every checked award has a stronger private-form or small-business label and an available private proposal, with no conflicting category. Batch rule application, not individual human review. See provenance/private_entity_rule_v1.json.",https://api.usaspending.gov/api/v2/awards/CONT_AWD_70CMSD25P00000131_7012_-NONE-_-NONE-/,,2026-09-25,approved_rule,private,,private_entity_strong_labels_v1,ab8147f5d9851f11b6aa1d0de5cf42f265a6954fe6e4e583fc0b1cfe241208e6
uei:YAA2G7MSDK57,YAA2G7MSDK57,"INTEGRATED SECURITY TECHNOLOGIES, INC",private,false,rule_approved,"Kevin-approved rule private_entity_strong_labels_v1: exact UEI and award identities match; every checked award has a stronger private-form or small-business label and an available private proposal, with no conflicting category. Batch rule application, not individual human review. See provenance/private_entity_rule_v1.json.",https://api.usaspending.gov/api/v2/awards/CONT_AWD_70CMSD24FR0000153_7012_GS07F9158S_4730/,,2026-09-25,approved_rule,private,,private_entity_strong_labels_v1,69753f224a1bd2f93a7a5ba836c6bd48098c7d57124bd736ddbde61d76ffdac4
uei:YDBAZKLDWMN4,YDBAZKLDWMN4,"EMERGENCY SERVICES AND PUBLIC PROTECTION, DEPARTMENT OF",unresolved,false,pending,API proposal only: conflict; award evidence: conflict|conflict,https://api.usaspending.gov/api/v2/awards/CONT_AWD_70CDCR25P00000015_7012_-NONE-_-NONE-/,,,api_proposal,unresolved,,,
uei:YF8QFWJLNBV8,YF8QFWJLNBV8,UNITED PARCEL SERVICE CO.,private,false,rule_approved,"Kevin-approved rule private_entity_strong_labels_v1: exact UEI and award identities match; every checked award has a stronger private-form or small-business label and an available private proposal, with no conflicting category. Batch rule application, not individual human review. See provenance/private_entity_rule_v1.json.",https://api.usaspending.gov/api/v2/awards/CONT_AWD_70CMSW23FR0000033_7012_HTC71123DC025_9700/,,2026-09-25,approved_rule,private,,private_entity_strong_labels_v1,b73759bde57252f2a15a8c564d982ad12da6dfcc868a457beb1bbff95e01d9bf
uei:YJQLS1GQ4BG9,YJQLS1GQ4BG9,KZF DESIGN INC,private,false,rule_approved,"Kevin-approved rule private_entity_strong_labels_v1: exact UEI and award identities match; every checked award has a stronger private-form or small-business label and an available private proposal, with no conflicting category. Batch rule application, not individual human review. See provenance/private_entity_rule_v1.json.",https://api.usaspending.gov/api/v2/awards/CONT_AWD_70CMSW22FR0000136_7012_70Z05018DKZFNPL08_7008/,,2026-09-25,approved_rule,private,,private_entity_strong_labels_v1,7e5c36be8e0f800cb0127b82ed4b60dcd0f5876f45d73aafe9289ce26837f7dc
uei:YK2VGW2UJVR8,YK2VGW2UJVR8,"COLD BOX EXPRESS, INC.",private,false,rule_approved,"Kevin-approved rule private_entity_strong_labels_v1: exact UEI and award identities match; every checked award has a stronger private-form or small-business label and an available private proposal, with no conflicting category. Batch rule application, not individual human review. See provenance/private_entity_rule_v1.json.",https://api.usaspending.gov/api/v2/awards/CONT_AWD_70CMSD20P00000111_7012_-NONE-_-NONE-/,,2026-09-25,approved_rule,private,,private_entity_strong_labels_v1,7ebdd21488fb65c0b5a18ab8fa13a95d46c6c4d181e3596417ceff72a6a85246
uei:YK3FFRM33G65,YK3FFRM33G65,THE BLACK DIAMOND GUN CLUB,unresolved,false,pending,API proposal only: available; award evidence: available,https://api.usaspending.gov/api/v2/awards/CONT_AWD_70CDCR23P00000021_7012_-NONE-_-NONE-/,,,api_proposal,other_public_nonprofit,,,
uei:YL6YLW3NKAY6,YL6YLW3NKAY6,ALLWAYS SHRED INC,private,false,rule_approved,"Kevin-approved rule private_entity_strong_labels_v1: exact UEI and award identities match; every checked award has a stronger private-form or small-business label and an available private proposal, with no conflicting category. Batch rule application, not individual human review. See provenance/private_entity_rule_v1.json.",https://api.usaspending.gov/api/v2/awards/CONT_AWD_70CDCR20FR0000015_7012_GS03F0050V_4730/,,2026-09-25,approved_rule,private,,private_entity_strong_labels_v1,278a1288fdcc9d756ca4167709f14a9a7c86c58851a3f9e3e9f6d48b9499e94b
uei:YLE5AAYNVPK6,YLE5AAYNVPK6,"NOBLE SUPPLY & LOGISTICS, LLC",private,false,reviewed,Official recipient business categories support private entity; not in the approved selected detention contractor list. This is not a finding of no detention role.,https://api.usaspending.gov/api/v2/awards/CONT_AWD_70CMSD24P00000174_7012_-NONE-_-NONE-/,,2026-09-23,chart_2_review,,,,
uei:YMJWCZNHVLN9,YMJWCZNHVLN9,"J.P. INDUSTRIES, INC.",unresolved,false,pending,API proposal only: available; award evidence: available,https://api.usaspending.gov/api/v2/awards/CONT_AWD_70CMSW19C00000007_7012_-NONE-_-NONE-/,,,api_proposal,other_public_nonprofit,,,
uei:YMMWDH6EKZM6,YMMWDH6EKZM6,RANSOM STODDARD ATLANTA LLC,private,false,reviewed,Official recipient business categories support private entity; not in the approved selected detention contractor list. This is not a finding of no detention role.,https://api.usaspending.gov/api/v2/awards/CONT_AWD_70CDCR26P00000011_7012_-NONE-_-NONE-/,,2026-09-23,chart_2_review,,,,
uei:YPABB25UK1L3,YPABB25UK1L3,DELTA POINT LLC,private,false,reviewed,Official recipient business categories support private entity; not in the approved selected detention contractor list. This is not a finding of no detention role.,https://api.usaspending.gov/api/v2/awards/CONT_AWD_70CDCR26FR0000087_7012_70CDCR26D00000036_7012/,,2026-09-23,chart_2_review,,,,
uei:YR7MHM8Q3KB3,YR7MHM8Q3KB3,"TACMED SIMULATION, INC",private,false,rule_approved,"Kevin-approved rule private_entity_strong_labels_v1: exact UEI and award identities match; every checked award has a stronger private-form or small-business label and an available private proposal, with no conflicting category. Batch rule application, not individual human review. See provenance/private_entity_rule_v1.json.",https://api.usaspending.gov/api/v2/awards/CONT_AWD_70CMSW24FR0000139_7012_GS07F063DA_4732/,,2026-09-25,approved_rule,private,,private_entity_strong_labels_v1,16c3a802a8f42f1f3103e821c5807ba09c63f0a9915a171acfaaa00dd8d504ba
uei:YUFVFMS2U598,YUFVFMS2U598,QUANTICO TACTICAL INCORPORATED,private,false,rule_approved,"Kevin-approved rule private_entity_strong_labels_v1: exact UEI and award identities match; every checked award has a stronger private-form or small-business label and an available private proposal, with no conflicting category. Batch rule application, not individual human review. See provenance/private_entity_rule_v1.json.",https://api.usaspending.gov/api/v2/awards/CONT_AWD_70CMSW26FC0000016_7012_70CMSW21A00000004_7012/,,2026-09-25,approved_rule,private,,private_entity_strong_labels_v1,cdbd2c1d54026c44c30c2093e77bac7eb2f74b8f993a9d2b9e754ab1f9c246cc
uei:YV2MG1WKYEQ3,YV2MG1WKYEQ3,JOHNSON CONTROLS SECURITY SOLUTIONS LLC,private,false,reviewed,Official recipient business categories support private entity; not in the approved selected detention contractor list. This is not a finding of no detention role.,https://api.usaspending.gov/api/v2/awards/CONT_AWD_70CDCR25FR0000034_7012_GS07F225CA_4732/,,2026-09-23,chart_2_review,,,,
uei:YWJJK1EQNDD7,YWJJK1EQNDD7,CITY OF KANSAS CITY,state_local_government,false,reviewed,Official recipient categories identify state/local government; exclude hospitals and universities into the separate public/nonprofit type.,https://api.usaspending.gov/api/v2/awards/CONT_AWD_70CMSD24P00000173_7012_-NONE-_-NONE-/,,2026-09-23,chart_2_review,,,,
uei:YY46Q97AEZA8,YY46Q97AEZA8,THE RAND CORPORATION,unresolved,false,pending,API proposal only: available; award evidence: available|available,https://api.usaspending.gov/api/v2/awards/CONT_AWD_70CMSW23FR0000096_7012_70RSAT22D00000001_7001/,,,api_proposal,other_public_nonprofit,,,
uei:YZTLALWM4UC7,YZTLALWM4UC7,STERLING COMPUTERS CORPORATION,private,false,reviewed,Official recipient business categories support private entity; not in the approved selected detention contractor list. This is not a finding of no detention role.,https://api.usaspending.gov/api/v2/awards/CONT_AWD_70CTD025FR0000079_7012_NNG15SC89B_8000/,,2026-09-23,chart_2_review,,,,
uei:YZZ2MKYNW468,YZZ2MKYNW468,"SAYARI ANALYTICS, LLC",private,false,rule_approved,"Kevin-approved rule private_entity_strong_labels_v1: exact UEI and award identities match; every checked award has a stronger private-form or small-business label and an available private proposal, with no conflicting category. Batch rule application, not individual human review. See provenance/private_entity_rule_v1.json.",https://api.usaspending.gov/api/v2/awards/CONT_AWD_70CMSD23P00000077_7012_-NONE-_-NONE-/,,2026-09-25,approved_rule,private,,private_entity_strong_labels_v1,b17d1c015bf50f1eed6d9b1d3cf48ae5b377cc520eab31af370b4e9b80d0fb90
uei:Z2HCDA277BT8,Z2HCDA277BT8,AMIVERO LLC,private,false,rule_approved,"Kevin-approved rule private_entity_strong_labels_v1: exact UEI and award identities match; every checked award has a stronger private-form or small-business label and an available private proposal, with no conflicting category. Batch rule application, not individual human review. See provenance/private_entity_rule_v1.json.",https://api.usaspending.gov/api/v2/awards/CONT_AWD_70CMSD25FR0000140_7012_47QRCA25DS654_4732/,,2026-09-25,approved_rule,private,,private_entity_strong_labels_v1,baf02c98aa000f4c0eb5ee40074d63a675470f3214bc23df0119e07cf63b52bb
uei:Z2JQKRJ7EWF6,Z2JQKRJ7EWF6,ENSURITY MOBILE CORP.,private,false,reviewed,Official recipient business categories support private entity; not in the approved selected detention contractor list. This is not a finding of no detention role.,https://api.usaspending.gov/api/v2/awards/CONT_AWD_70CMSD25P00000139_7012_-NONE-_-NONE-/,,2026-09-23,chart_2_review,,,,
uei:Z4QUWNNNLNC6,Z4QUWNNNLNC6,"BAYSHORE TRANSPORTATION SYSTEM, INC.",private,false,rule_approved,"Kevin-approved rule private_entity_strong_labels_v1: exact UEI and award identities match; every checked award has a stronger private-form or small-business label and an available private proposal, with no conflicting category. Batch rule application, not individual human review. See provenance/private_entity_rule_v1.json.",https://api.usaspending.gov/api/v2/awards/CONT_AWD_70CMSW26P00000015_7012_-NONE-_-NONE-/,,2026-09-25,approved_rule,private,,private_entity_strong_labels_v1,df573611dde39a6e73eda00bce0282bbd8f2688f901d680831f2fddca0459a1d
uei:Z4UXD1X1HL99,Z4UXD1X1HL99,"PEOPLE WHO THINK, L.L.C.",private,false,rule_approved,"Kevin-approved rule private_entity_strong_labels_v1: exact UEI and award identities match; every checked award has a stronger private-form or small-business label and an available private proposal, with no conflicting category. Batch rule application, not individual human review. See provenance/private_entity_rule_v1.json.",https://api.usaspending.gov/api/v2/awards/CONT_AWD_70CMSW25FR0000081_7012_70RDA225D00000003_7001/,,2026-09-25,approved_rule,private,,private_entity_strong_labels_v1,d2cb5f6ef4fe425fa8e3e357400024a5f1b362958899faef02f4ecde5ee29943
uei:Z5JLMFHLJF59,Z5JLMFHLJF59,"KIG TECHNICAL SERVICES, LLC",private,false,reviewed,Official recipient business categories support private entity; not in the approved selected detention contractor list. This is not a finding of no detention role.,https://api.usaspending.gov/api/v2/awards/CONT_AWD_70CDCR25FR0000053_7012_70CDCR25D00000036_7012/,,2026-09-23,chart_2_review,,,,
uei:Z5LLHNEXM9L8,Z5LLHNEXM9L8,"CARTRIDGE TECHNOLOGIES, LLC",private,false,rule_approved,"Kevin-approved rule private_entity_strong_labels_v1: exact UEI and award identities match; every checked award has a stronger private-form or small-business label and an available private proposal, with no conflicting category. Batch rule application, not individual human review. See provenance/private_entity_rule_v1.json.",https://api.usaspending.gov/api/v2/awards/CONT_AWD_70CMSD23FR0000038_7012_GS03F0151X_4732/,,2026-09-25,approved_rule,private,,private_entity_strong_labels_v1,976034b38ceaf156f89f6d48cabc5e6a7ffa3770cf333e07edf2a8f05930f288
uei:ZC8MF2WXT1V4,ZC8MF2WXT1V4,"CITISCO, LLC",private,false,rule_approved,"Kevin-approved rule private_entity_strong_labels_v1: exact UEI and award identities match; every checked award has a stronger private-form or small-business label and an available private proposal, with no conflicting category. Batch rule application, not individual human review. See provenance/private_entity_rule_v1.json.",https://api.usaspending.gov/api/v2/awards/CONT_AWD_70CMSW25FR0000001_7012_GS07F0356T_4730/,,2026-09-25,approved_rule,private,,private_entity_strong_labels_v1,a1b834fffdf3f0690bae620cbcdd78847f71b543893a1241b2004f698fa63c6e
uei:ZCGLJC6QC3M3,ZCGLJC6QC3M3,QOS LLC,private,false,rule_approved,"Kevin-approved rule private_entity_strong_labels_v1: exact UEI and award identities match; every checked award has a stronger private-form or small-business label and an available private proposal, with no conflicting category. Batch rule application, not individual human review. See provenance/private_entity_rule_v1.json.",https://api.usaspending.gov/api/v2/awards/CONT_AWD_70CMSW26P00000023_7012_-NONE-_-NONE-/,,2026-09-25,approved_rule,private,,private_entity_strong_labels_v1,d2301837cc35e22abbe4f2dd0f82040689f825739c2cd376a95d2cf9ad56d705
uei:ZD7ZTDMLKWR1,ZD7ZTDMLKWR1,"HRWORX, LLC",private,false,rule_approved,"Kevin-approved rule private_entity_strong_labels_v1: exact UEI and award identities match; every checked award has a stronger private-form or small-business label and an available private proposal, with no conflicting category. Batch rule application, not individual human review. See provenance/private_entity_rule_v1.json.",https://api.usaspending.gov/api/v2/awards/CONT_AWD_70CMSD25FR0000077_7012_GS35F255BA_4732/,,2026-09-25,approved_rule,private,,private_entity_strong_labels_v1,9a3e07f488b424b213da4f5bf59fbac58cfa00999a0c9771c192aa8f76dfcebc
uei:ZDN8V5GKJ959,ZDN8V5GKJ959,"CRITICAL RESPONSE STRATEGIES, LLC",private,false,rule_approved,"Kevin-approved rule private_entity_strong_labels_v1: exact UEI and award identities match; every checked award has a stronger private-form or small-business label and an available private proposal, with no conflicting category. Batch rule application, not individual human review. See provenance/private_entity_rule_v1.json.",https://api.usaspending.gov/api/v2/awards/CONT_AWD_70CDCR26FR0000086_7012_70CDCR26D00000035_7012/,,2026-09-25,approved_rule,private,,private_entity_strong_labels_v1,0e0e0b18c99e9b8798ae511f020c2e3983671b197f180afb4100e4eb705089d5
uei:ZE2JVFS8ML75,ZE2JVFS8ML75,"RESPONSE AI SOLUTIONS, LLC",private,false,reviewed,Official recipient business categories support private entity; not in the approved selected detention contractor list. This is not a finding of no detention role.,https://api.usaspending.gov/api/v2/awards/CONT_AWD_70CDCR25FR0000072_7012_70CDCR25D00000024_7012/,,2026-09-23,chart_2_review,,,,
uei:ZEYLYJQ1R287,ZEYLYJQ1R287,COMCAST GOVERNMENT SERVICES LLC,private,false,rule_approved,"Kevin-approved rule private_entity_strong_labels_v1: exact UEI and award identities match; every checked award has a stronger private-form or small-business label and an available private proposal, with no conflicting category. Batch rule application, not individual human review. See provenance/private_entity_rule_v1.json.",https://api.usaspending.gov/api/v2/awards/CONT_AWD_70CMSD25P00000071_7012_-NONE-_-NONE-/,,2026-09-25,approved_rule,private,,private_entity_strong_labels_v1,ac76456eb27c9f94b410780a604c55a10f070ae14ee3cd9f3af96876fa76bde4
uei:ZGK8GFKKMEJ8,ZGK8GFKKMEJ8,ALEXANDER ELECTRIC CO.,private,false,reviewed,Official recipient business categories support private entity; not in the approved selected detention contractor list. This is not a finding of no detention role.,https://api.usaspending.gov/api/v2/awards/CONT_AWD_70CMSW25P00000028_7012_-NONE-_-NONE-/,,2026-09-23,chart_2_review,,,,
uei:ZH8ACM4ZWDL7,ZH8ACM4ZWDL7,METAPHASE CONSULTING LLC,private,false,rule_approved,"Kevin-approved rule private_entity_strong_labels_v1: exact UEI and award identities match; every checked award has a stronger private-form or small-business label and an available private proposal, with no conflicting category. Batch rule application, not individual human review. See provenance/private_entity_rule_v1.json.",https://api.usaspending.gov/api/v2/awards/CONT_AWD_70CMSW23FR0000072_7012_47QRAD20D1149_4732/,,2026-09-25,approved_rule,private,,private_entity_strong_labels_v1,fc6f90a997df3d2ddb635b02c17cc1d4ecd3e46e2282cd1526d89bab57a2a26b
uei:ZHC3X5NPAHX5,ZHC3X5NPAHX5,INSTALLATION MORALE WELFARE RECREATION FUND,unresolved,false,pending,API proposal only: available; award evidence: available,https://api.usaspending.gov/api/v2/awards/CONT_AWD_70CDCR23P00000010_7012_-NONE-_-NONE-/,,,api_proposal,other_public_nonprofit,,,
uei:ZHJYA5NN32Z5,ZHJYA5NN32Z5,"MVM, INC.",private,false,reviewed,Official recipient business categories support private entity; not in the approved selected detention contractor list. This is not a finding of no detention role.,https://api.usaspending.gov/api/v2/awards/CONT_AWD_70CDCR23C00000001_7012_-NONE-_-NONE-/,,2026-09-23,chart_2_review,,,,
uei:ZHVAW86N4J44,ZHVAW86N4J44,"CYNWAVE SOLUTIONS, LLC",private,false,rule_approved,"Kevin-approved rule private_entity_strong_labels_v1: exact UEI and award identities match; every checked award has a stronger private-form or small-business label and an available private proposal, with no conflicting category. Batch rule application, not individual human review. See provenance/private_entity_rule_v1.json.",https://api.usaspending.gov/api/v2/awards/CONT_AWD_70CMSD23FR0000123_7012_47QMCB21D0008_4732/,,2026-09-25,approved_rule,private,,private_entity_strong_labels_v1,a9270c84df5ff6b8b7956bbc0de8cce454b341f4e2f84d4721872e74ed004f35
uei:ZJ9HA84KDTJ9,ZJ9HA84KDTJ9,"GUARDIAN CENTERS OF GEORGIA, LLC",private,false,reviewed,Official recipient business categories support private entity; not in the approved selected detention contractor list. This is not a finding of no detention role.,https://api.usaspending.gov/api/v2/awards/CONT_AWD_70CMSD23P00000023_7012_-NONE-_-NONE-/,,2026-09-23,chart_2_review,,,,
uei:ZJFDNMA46LT9,ZJFDNMA46LT9,XATOR LLC,private,false,reviewed,Official recipient business categories support private entity; not in the approved selected detention contractor list. This is not a finding of no detention role.,https://api.usaspending.gov/api/v2/awards/CONT_AWD_70CDCR25FR0000083_7012_70CDCR25D00000034_7012/,,2026-09-23,chart_2_review,,,,
uei:ZM94LNVYHRV3,ZM94LNVYHRV3,DC LANGUAGE CENTER LLC,unresolved,false,pending,API proposal only: available; award evidence: available,https://api.usaspending.gov/api/v2/awards/CONT_AWD_70CMSD25FR0000068_7012_47QRAA22D00AW_4732/,,,api_proposal,other_public_nonprofit,,,
uei:ZNP3WJKLFEW3,ZNP3WJKLFEW3,"HUMANGO SOLUTIONS, LLC",private,false,rule_approved,"Kevin-approved rule private_entity_strong_labels_v1: exact UEI and award identities match; every checked award has a stronger private-form or small-business label and an available private proposal, with no conflicting category. Batch rule application, not individual human review. See provenance/private_entity_rule_v1.json.",https://api.usaspending.gov/api/v2/awards/CONT_AWD_70CTD025FC0000030_7012_70CTD025A00000001_7012/,,2026-09-25,approved_rule,private,,private_entity_strong_labels_v1,4706a8ea223f050a10819b8eed5069447ce8c91bbd3b9ec15ffdd3dfb8636f54
uei:ZX23KR32ZH32,ZX23KR32ZH32,CADUCEUS INC.,private,false,reviewed,Official recipient business categories support private entity; not in the approved selected detention contractor list. This is not a finding of no detention role.,https://api.usaspending.gov/api/v2/awards/CONT_AWD_70CDCR25FR0000054_7012_70CDCR25D00000033_7012/,,2026-09-23,chart_2_review,,,,
uei:ZYJJM9AQ1VE6,ZYJJM9AQ1VE6,FIRELAKE CONSTRUCTION INC,private,false,rule_approved,"Kevin-approved rule private_entity_strong_labels_v1: exact UEI and award identities match; every checked award has a stronger private-form or small-business label and an available private proposal, with no conflicting category. Batch rule application, not individual human review. See provenance/private_entity_rule_v1.json.",https://api.usaspending.gov/api/v2/awards/CONT_AWD_70CMSW24C00000019_7012_-NONE-_-NONE-/,,2026-09-25,approved_rule,private,,private_entity_strong_labels_v1,66727d4d3e76e076f46e40ed52bd4d2e053e4389012f8b1b3a86b6b6ea6e318f
